step,time,pos_x,pos_y,pos_z,euler_z,euler_y,euler_x,vel_x,vel_y,vel_z,omega_x,omega_y,omega_z,target_x,target_y,target_z,target_dist,action_0,action_1,action_2,action_3,reward,cumulative_reward,terminated,truncated
0,0.0,0.5599396228790283,0.04859912395477295,4.247692584991455,3.068873167037964,3.0213510990142822,-3.047224998474121,0.9469161033630371,0.4715006351470947,-0.5695419907569885,0.0,0.0,0.0,0.0,0.0,5.0,0.9390743861888252,0.8402725458145142,-0.5642134547233582,0.8498526811599731,-0.9571415781974792,-0.048156626522541046,-0.048156626522541046,False,False
1,0.02,0.579174280166626,0.057758260518312454,4.236948013305664,3.071394681930542,3.0214836597442627,-3.047027111053467,0.9765487909317017,0.4444168210029602,-0.5049120187759399,-0.010433895513415337,0.010414628311991692,0.2504650354385376,0.0,0.0,5.0,0.9597016191831728,0.6480650901794434,-0.32707810401916504,0.7545398473739624,-0.9456269145011902,-0.04836753383278847,-0.09652416035532951,False,False
2,0.04,0.5989891886711121,0.06638861447572708,4.2273850440979,3.078450918197632,3.0226635932922363,-3.0494332313537598,1.0049309730529785,0.418737530708313,-0.45136886835098267,-0.31433209776878357,-0.06258481740951538,0.4580604135990143,0.0,0.0,5.0,0.9798619118837547,0.3608419895172119,-0.1505504846572876,0.42122554779052734,-0.910588800907135,-0.048842426389455795,-0.1453665867447853,False,False
3,0.06,0.6193209290504456,0.07456059008836746,4.218464374542236,3.088590383529663,3.02799129486084,-3.0589890480041504,1.028136968612671,0.3988153338432312,-0.44071686267852783,-0.758948802947998,-0.38030508160591125,0.5914446711540222,0.0,0.0,5.0,0.9999578134170913,0.11078488826751709,-0.16298270225524902,0.021222591400146484,-0.7839515209197998,-0.04962457716464996,-0.19499116390943527,False,False
4,0.08,0.6400365829467773,0.08241617679595947,4.209116458892822,3.1002860069274902,3.0412003993988037,-3.0755667686462402,1.0431658029556274,0.38716819882392883,-0.49406805634498596,-1.023878574371338,-0.8507164716720581,0.6654626727104187,0.0,0.0,5.0,1.020752677832431,-0.0601201057434082,-0.1207665205001831,-0.06471037864685059,-0.45609867572784424,-0.050708308815956116,-0.2456994727253914,False,False
5,0.1,0.6610174775123596,0.09007826447486877,4.198538780212402,3.1129133701324463,3.0627243518829346,-3.098433017730713,1.0545246601104736,0.3795467019081116,-0.5636462569236755,-1.3758153915405273,-1.2297587394714355,0.7075493335723877,0.0,0.0,5.0,1.0427839115229152,-0.07624375820159912,-0.08059573173522949,-0.11831074953079224,0.14572584629058838,-0.05126212164759636,-0.29696159437298775,False,False
6,0.12,0.6822385787963867,0.09759929031133652,4.187132835388184,3.1261377334594727,3.0858325958251953,-3.122053623199463,1.0669183731079102,0.3733203113079071,-0.5768764019012451,-1.075007677078247,-1.038743257522583,0.6833713054656982,0.0,0.0,5.0,1.0657054598581372,0.005179166793823242,0.05697429180145264,0.015430212020874023,-0.12792903184890747,-0.05219632387161255,-0.3491579182446003,False,False
7,0.14,0.7036718130111694,0.10503857582807541,4.175543308258057,3.139719009399414,3.1087093353271484,3.1381969451904297,1.0756990909576416,0.3713452219963074,-0.5820353627204895,-1.2786601781845093,-1.2377793788909912,0.6918962001800537,0.0,0.0,5.0,1.0889976856708588,0.6692535877227783,-0.3837584853172302,-0.7293415665626526,-0.8782320618629456,0.005376746878027916,-0.3437811713665724,False,False
8,0.16,0.7252164483070374,0.11247658729553223,4.163201808929443,0.01345012430101633,-0.005745140835642815,-0.017138248309493065,1.077993631362915,0.37277108430862427,-0.6521656513214111,-0.11676014214754105,-2.642190456390381,0.7899372577667236,0.0,0.0,5.0,1.113023401444767,-0.5268512964248657,0.5602788925170898,-0.8989992737770081,0.7184435129165649,0.005502513609826565,-0.3382786577567458,False,False
9,0.18,0.746731162071228,0.11997045576572418,4.150430679321289,0.02804468758404255,-0.05662069469690323,-0.017986761406064034,1.071595549583435,0.3766017556190491,-0.6249716281890869,0.07479904592037201,-2.4702818393707275,0.5777761936187744,0.0,0.0,5.0,1.137439391485704,-0.2500823140144348,0.28384625911712646,-0.8001358509063721,0.6992831230163574,0.005514547694474459,-0.33276411006227136,False,False
10,0.2,0.7680091261863708,0.12753450870513916,4.138154029846191,0.03874482214450836,-0.10404859483242035,-0.009957900270819664,1.0545016527175903,0.37946122884750366,-0.6028175950050354,0.8119484782218933,-2.287837505340576,0.41640493273735046,0.0,0.0,5.0,1.1614135977706537,-0.2716737985610962,0.35819149017333984,-0.35205864906311035,0.4954766035079956,0.0054576764814555645,-0.3273064335808158,False,False
11,0.22,0.7888447046279907,0.13512521982192993,4.126307487487793,0.045821063220500946,-0.14913468062877655,0.007862118072807789,1.0274789333343506,0.37888002395629883,-0.5819585919380188,1.057517170906067,-2.2223427295684814,0.27885115146636963,0.0,0.0,5.0,1.1848516360588948,-0.1618550419807434,0.43129289150238037,0.2339228391647339,0.41239500045776367,0.005868085660040379,-0.3214383479207754,False,False
12,0.24,0.8089388012886047,0.1426444798707962,4.115529537200928,0.050081975758075714,-0.18952761590480804,0.023845138028264046,0.9800769090652466,0.372146874666214,-0.49618175625801086,0.6117724776268005,-1.8099727630615234,0.2070091962814331,0.0,0.0,5.0,1.2070697707389826,0.2812018394470215,0.4354395866394043,0.43318653106689453,0.5368316173553467,0.005957366432994604,-0.3154809814877808,False,False
13,0.26,0.8278312683105469,0.14995361864566803,4.107187747955322,0.05306325480341911,-0.22305689752101898,0.034957997500896454,0.9072468876838684,0.357970267534256,-0.338432639837265,0.5603499412536621,-1.5329992771148682,0.18299901485443115,0.0,0.0,5.0,1.2267454560497333,0.28728604316711426,0.5975875854492188,0.6240015029907227,0.37639617919921875,0.006011187098920345,-0.30946979438886046,False,False
14,0.28,0.8451119661331177,0.1569249927997589,4.1021647453308105,0.055610861629247665,-0.2525688111782074,0.03952402248978615,0.8190469145774841,0.3387015461921692,-0.1643485724925995,-0.043773356825113297,-1.406775951385498,0.1771615743637085,0.0,0.0,5.0,1.242959304721388,0.418032169342041,0.5931382179260254,0.5849807262420654,0.416958212852478,0.005911639425903559,-0.3035581549629569,False,False
15,0.3,0.860490620136261,0.16349025070667267,4.100717067718506,0.0581766776740551,-0.2809208035469055,0.03426603972911835,0.7170402407646179,0.3179893493652344,0.019114384427666664,-0.4143611490726471,-1.4172700643539429,0.17650210857391357,0.0,0.0,5.0,1.2553417708781223,0.5053234100341797,0.6122329235076904,0.5371479988098145,0.40644001960754395,0.0056839557364583015,-0.2978741992264986,False,False
16,0.32,0.8737061619758606,0.1696581244468689,4.102954387664795,0.060979824513196945,-0.31125888228416443,0.02260460890829563,0.6025926470756531,0.29937246441841125,0.20404848456382751,-0.6699305772781372,-1.6076380014419556,0.1787179708480835,0.0,0.0,5.0,1.2636602261981902,0.48340654373168945,0.5629184246063232,0.5216395854949951,0.6800503730773926,0.005737639032304287,-0.2921365601941943,False,False
17,0.34,0.8844553232192993,0.17548644542694092,4.109028339385986,0.06400981545448303,-0.34178245067596436,0.009121288545429707,0.4702805280685425,0.2841978073120117,0.40270495414733887,-0.5812386870384216,-1.439750075340271,0.15656626224517822,0.0,0.0,5.0,1.2676305500092806,0.3978769779205322,0.437461256980896,0.3997385501861572,0.7003402709960938,0.00592005206272006,-0.28621650813147426,False,False
18,0.36,0.8925440907478333,0.1810615509748459,4.118747711181641,0.0669027715921402,-0.3677155375480652,-0.000646909000352025,0.3369944393634796,0.2737866938114166,0.5686688423156738,-0.29518699645996094,-1.152376651763916,0.12489307671785355,0.0,0.0,5.0,1.2672899572386307,0.03773391246795654,0.13601839542388916,0.09698271751403809,0.4582560062408447,0.006185506470501423,-0.28003100166097283,False,False
19,0.38,0.8983089923858643,0.18647702038288116,4.130651950836182,0.06918919831514359,-0.38660839200019836,-0.004518721252679825,0.23870190978050232,0.26785480976104736,0.6214103102684021,-0.00792189221829176,-0.7374617457389832,0.08210581541061401,0.0,0.0,5.0,1.2639219736665397,-0.16871869564056396,0.03724706172943115,-0.08632659912109375,0.10803651809692383,0.0062982263043522835,-0.27373277535662055,False,False
20,0.4,0.9023784399032593,0.19179381430149078,4.142833232879639,0.0706329271197319,-0.3996845483779907,-0.005350738298147917,0.16786783933639526,0.26380443572998047,0.5965310335159302,-0.020080287009477615,-0.5707921981811523,0.044833045452833176,0.0,0.0,5.0,1.2592881253558006,-0.10623174905776978,-0.007345139980316162,-0.1366536021232605,0.10126364231109619,0.0063370512798428535,-0.2673957240767777,False,False
21,0.42,0.9050253033638,0.1970292329788208,4.154472351074219,0.07132704555988312,-0.410246342420578,-0.004510448779910803,0.09652577340602875,0.25968730449676514,0.5672640800476074,0.13137413561344147,-0.48570284247398376,0.013474809937179089,0.0,0.0,5.0,1.2541165509931362,-0.09493386745452881,0.01028752326965332,-0.07953166961669922,0.03503096103668213,0.006380762904882431,-0.26101496117189527,False,False
22,0.44,0.9062207937240601,0.20217740535736084,4.165536880493164,0.07143041491508484,-0.419523149728775,-0.0018223010702058673,0.022777730599045753,0.2550313174724579,0.5390605926513672,0.1415559947490692,-0.44201546907424927,-0.006988245993852615,0.0,0.0,5.0,1.2483751551644962,-0.05362880229949951,-0.0028625130653381348,-0.038522958755493164,0.1226731538772583,0.006414573639631271,-0.254600387532264,False,False
23,0.46,0.9058640003204346,0.20722170174121857,4.176170349121094,0.07106124609708786,-0.4268331825733185,0.0023617951665073633,-0.058665961027145386,0.24925479292869568,0.5242437124252319,0.2616507112979889,-0.289020836353302,-0.02672303281724453,0.0,0.0,5.0,1.2418638067100303,-0.06661152839660645,0.02952265739440918,0.028710484504699707,0.03030097484588623,0.006473638582974672,-0.24812674894928932,False,False
24,0.48,0.9038695096969604,0.2121410369873047,4.186497211456299,0.07034932076931,-0.43156561255455017,0.006861689500510693,-0.14091531932353973,0.24253134429454803,0.5084118247032166,0.1586948186159134,-0.184524804353714,-0.035821717232465744,0.0,0.0,5.0,1.2344110729826796,-0.00552678108215332,-0.04403185844421387,-0.045598506927490234,0.16059577465057373,0.0064667086116969585,-0.24166004033759236,False,False
25,0.5,0.9002054929733276,0.21691566705703735,4.196543216705322,0.06937024742364883,-0.4334581196308136,0.013108329847455025,-0.2255353033542633,0.23474495112895966,0.49615028500556946,0.4249122440814972,-0.005614779889583588,-0.051434438675642014,0.0,0.0,5.0,1.2259547866117992,-0.07625687122344971,0.06741714477539062,0.11131548881530762,-0.04567593336105347,0.00654484611004591,-0.23511519422754645,False,False
26,0.52,0.8948516845703125,0.22152163088321686,4.206335067749023,0.0682641789317131,-0.43274518847465515,0.01879945397377014,-0.30981317162513733,0.22566697001457214,0.4830532670021057,0.09777364134788513,0.07527923583984375,-0.05019451305270195,0.0,0.0,5.0,1.2164437492183653,0.089591383934021,-0.11353951692581177,-0.08125662803649902,0.245377779006958,0.006460258737206459,-0.22865493549034,False,False
27,0.54,0.8877812623977661,0.22593295574188232,4.215939998626709,0.06712161004543304,-0.4291711449623108,0.026997867971658707,-0.3970985412597656,0.2152315229177475,0.47751402854919434,0.6743308901786804,0.27967339754104614,-0.061693381518125534,0.0,0.0,5.0,1.2057990529554747,-0.07382655143737793,0.10373520851135254,0.19608116149902344,-0.10782229900360107,0.006600835360586643,-0.22205410012975335,False,False
28,0.56,0.8789842128753662,0.23011760413646698,4.2254180908203125,0.06611750274896622,-0.42291349172592163,0.03566275164484978,-0.4823942184448242,0.20294544100761414,0.47039300203323364,0.15063418447971344,0.3429034650325775,-0.04993034526705742,0.0,0.0,5.0,1.1939616795551207,0.08747231960296631,-0.18232786655426025,-0.08699893951416016,0.2398461103439331,0.00647455221042037,-0.21557954791933298,False,False
29,0.58,0.8685191869735718,0.23404690623283386,4.234704971313477,0.06538477540016174,-0.41332828998565674,0.045468077063560486,-0.563805878162384,0.18971498310565948,0.4584636986255646,0.8001309633255005,0.6121506094932556,-0.05524153634905815,0.0,0.0,5.0,1.1810080496722712,-0.03979456424713135,0.06792724132537842,0.12233912944793701,-0.12257325649261475,0.006670125760138035,-0.20890942215919495,False,False
30,0.6,0.8564591407775879,0.23769152164459229,4.243734359741211,0.06500019878149033,-0.4013633728027344,0.05778976157307625,-0.6418066024780273,0.17436063289642334,0.44462329149246216,0.41674935817718506,0.5809486508369446,-0.04246840998530388,0.0,0.0,5.0,1.1670292361030385,0.023009061813354492,-0.14920520782470703,-0.0633385181427002,0.11536145210266113,0.0065954928286373615,-0.20231392933055758,False,False
31,0.62,0.8429012894630432,0.241017147898674,4.252403736114502,0.0650075301527977,-0.38778120279312134,0.06994378566741943,-0.7135723829269409,0.15786783397197723,0.42240285873413086,0.7989053726196289,0.7745817303657532,-0.04307226464152336,0.0,0.0,5.0,1.1521597211911323,-0.00975191593170166,-0.015602171421051025,0.05507302284240723,-0.0919157862663269,0.006736427545547485,-0.1955775017850101,False,False
32,0.64,0.8279311060905457,0.24398796260356903,4.260647773742676,0.06551311910152435,-0.37240856885910034,0.08420248329639435,-0.7829629778862,0.1387888491153717,0.40214893221855164,0.6456378698348999,0.761790931224823,-0.028842100873589516,0.0,0.0,5.0,1.1365041824821485,0.0016342401504516602,-0.12212252616882324,-0.023840248584747314,0.03641676902770996,0.006700470577925444,-0.18887703120708466,False,False
33,0.66,0.8116186857223511,0.24655739963054657,4.268454074859619,0.06658986210823059,-0.3557496964931488,0.09873715043067932,-0.8477625250816345,0.11774536967277527,0.3786027431488037,0.8461052775382996,0.9063674807548523,-0.02292991802096367,0.0,0.0,5.0,1.1201227088653052,-0.04139035940170288,-0.038670361042022705,0.06195342540740967,-0.039154887199401855,0.006777590606361628,-0.18209944060072303,False,False
34,0.68,0.7940268516540527,0.24867306649684906,4.275844573974609,0.06838006526231766,-0.33657580614089966,0.11392498761415482,-0.9108120203018188,0.09336479008197784,0.3605886399745941,0.7333239316940308,1.0181273221969604,-0.01376951765269041,0.0,0.0,5.0,1.1030494169304512,-0.01378321647644043,-0.12116950750350952,0.020318150520324707,-0.005556046962738037,0.006752802059054375,-0.17534663854166865,False,False
35,0.7000000000000001,0.7752321362495422,0.25028303265571594,4.282827377319336,0.07103049010038376,-0.31472891569137573,0.12863272428512573,-0.9679866433143616,0.06721553951501846,0.33774393796920776,0.822109043598175,1.1809697151184082,-0.0013622806873172522,0.0,0.0,5.0,1.0853400537306421,-0.037236690521240234,-0.08178538084030151,0.07228672504425049,-0.05910134315490723,0.0067905765026807785,-0.16855606203898787,False,False
36,0.72,0.755332887172699,0.25134196877479553,4.2893757820129395,0.07473441958427429,-0.2899215817451477,0.14302799105644226,-1.0211586952209473,0.038257431238889694,0.31721365451812744,0.7275213599205017,1.3248839378356934,0.015018360689282417,0.0,0.0,5.0,1.067092936393994,-0.03818398714065552,-0.14574092626571655,0.03195822238922119,-0.06206774711608887,0.00676939869299531,-0.16178666334599257,False,False
37,0.74,0.7344473600387573,0.25181514024734497,4.2954230308532715,0.07960669696331024,-0.2621375620365143,0.1563960611820221,-1.0665783882141113,0.008702990598976612,0.2876186966896057,0.7418597936630249,1.4924522638320923,0.03378685191273689,0.0,0.0,5.0,1.0484524285715973,-0.036088407039642334,-0.1468513011932373,-0.004314243793487549,-0.14958369731903076,0.006836242508143187,-0.15495042083784938,False,False
38,0.76,0.7127333879470825,0.251697301864624,4.300772666931152,0.08558545261621475,-0.23251792788505554,0.16938923299312592,-1.1039953231811523,-0.02080390229821205,0.24745330214500427,0.7035462856292725,1.5244193077087402,0.05762486904859543,0.0,0.0,5.0,1.0296889226222798,-0.05327564477920532,-0.06416016817092896,-0.047213971614837646,-0.19229656457901,0.007029656320810318,-0.14792076451703906,False,False
39,0.78,0.6903254389762878,0.25097453594207764,4.305307388305664,0.09209921956062317,-0.20402607321739197,0.18058088421821594,-1.1360013484954834,-0.05173484608530998,0.20616234838962555,0.556474506855011,1.3920414447784424,0.0721462219953537,0.0,0.0,5.0,1.0110070494966112,-0.11803025007247925,-0.0011948347091674805,-0.05587947368621826,-0.09222680330276489,0.007164204027503729,-0.14075656048953533,False,False
40,0.8,0.6673092842102051,0.24960117042064667,4.309108734130859,0.09862467646598816,-0.17721663415431976,0.1887967437505722,-1.1648257970809937,-0.0857907384634018,0.17397072911262512,0.38874703645706177,1.3609752655029297,0.06465242803096771,0.0,0.0,5.0,0.9924379911726257,-0.08481931686401367,0.03875911235809326,-0.06524187326431274,0.004227995872497559,0.007261152379214764,-0.13349540811032057,False,False
41,0.8200000000000001,0.643741250038147,0.24750454723834991,4.312423229217529,0.10496494919061661,-0.1508665680885315,0.19493821263313293,-1.191153645515442,-0.12400568276643753,0.1575685292482376,0.3290340006351471,1.344927430152893,0.04667861759662628,0.0,0.0,5.0,0.973870172879315,-0.010915517807006836,0.062126994132995605,-0.04840075969696045,0.019313931465148926,0.007380020339041948,-0.12611538777127862,False,False
42,0.84,0.6196821331977844,0.24460969865322113,4.315537929534912,0.1109219565987587,-0.12550503015518188,0.20063403248786926,-1.2138901948928833,-0.16559463739395142,0.15398700535297394,0.3226548433303833,1.2576993703842163,0.03357337415218353,0.0,0.0,5.0,0.9551587181118807,0.009234428405761719,0.08238744735717773,-0.013577580451965332,0.047014713287353516,0.007472646422684193,-0.11864274134859443,False,False
43,0.86,0.595210611820221,0.2408546358346939,4.31868314743042,0.1164482831954956,-0.10159935057163239,0.20632004737854004,-1.2324002981185913,-0.21002717316150665,0.16061660647392273,0.3086143136024475,1.194483995437622,0.021121008321642876,0.0,0.0,5.0,0.9362047220676596,0.042073607444763184,0.09805846214294434,0.02039158344268799,0.045433640480041504,0.0075699808076024055,-0.11107276054099202,False,False
44,0.88,0.5704149603843689,0.23618698120117188,4.322041034698486,0.1215982735157013,-0.07909192889928818,0.21168853342533112,-1.2463226318359375,-0.25684279203414917,0.17523193359375,0.27472206950187683,1.113685965538025,0.01357697881758213,0.0,0.0,5.0,0.9169437691330493,0.08448982238769531,0.09750044345855713,0.033730506896972656,0.0712517499923706,0.007654197048395872,-0.10341856349259615,False,False
45,0.9,0.5453874468803406,0.23055948317050934,4.325770854949951,0.12638796865940094,-0.05819389596581459,0.2171197533607483,-1.2556185722351074,-0.30601197481155396,0.19772741198539734,0.3012576103210449,1.0299290418624878,0.008872183039784431,0.0,0.0,5.0,0.8973238448461227,0.081717848777771,0.11697041988372803,0.06679308414459229,0.0628664493560791,0.007741555105894804,-0.09567700838670135,False,False
46,0.92,0.5202212929725647,0.22393286228179932,4.329989910125732,0.13086625933647156,-0.03885619342327118,0.22250057756900787,-1.260215163230896,-0.3567587733268738,0.22417815029621124,0.2585446238517761,0.9548407196998596,0.005955605302006006,0.0,0.0,5.0,0.8773195774659827,0.04534578323364258,0.12602102756500244,0.07744264602661133,0.0880582332611084,0.007805242668837309,-0.08787176571786404,False,False
47,0.9400000000000001,0.49500903487205505,0.21628348529338837,4.334745407104492,0.13514338433742523,-0.020309394225478172,0.22678214311599731,-1.260267972946167,-0.408250093460083,0.25136351585388184,0.1822933703660965,0.9484628438949585,-0.002544105052947998,0.0,0.0,5.0,0.8569575041880353,-0.0018415451049804688,0.15028119087219238,0.08391976356506348,0.06231367588043213,0.007869534194469452,-0.08000223152339458,False,False
48,0.96,0.46983951330184937,0.20761089026927948,4.340003490447998,0.13925692439079285,-0.00181528739631176,0.22849248349666595,-1.2559804916381836,-0.458982914686203,0.2744342088699341,-0.006653637625277042,0.9460553526878357,-0.014695870690047741,0.0,0.0,5.0,0.8363293864494702,0.024424195289611816,0.10303544998168945,0.028858423233032227,0.1072005033493042,0.007930070161819458,-0.07207216136157513,False,False
49,0.98,0.444797158241272,0.19793428480625153,4.345693111419678,0.14313437044620514,0.01680508442223072,0.22838710248470306,-1.2475640773773193,-0.508576512336731,0.29450923204421997,-0.006713796406984329,0.9554132223129272,-0.029309039935469627,0.0,0.0,5.0,0.8155611549877395,-0.0714879035949707,0.12524080276489258,0.04252064228057861,0.03686630725860596,0.007968256250023842,-0.06410390511155128,False,False
50,1.0,0.4199581742286682,0.1873009353876114,4.351658821105957,0.1467663198709488,0.03586488589644432,0.22614949941635132,-1.2356877326965332,-0.5545945167541504,0.3020985722541809,-0.22651620209217072,0.9833594560623169,-0.04709906131029129,0.0,0.0,5.0,0.7948539442867903,-0.008764207363128662,0.034763455390930176,-0.02187734842300415,0.0626523494720459,0.008040539920330048,-0.05606336519122124,False,False
51,1.02,0.39539146423339844,0.17577360570430756,4.357713222503662,0.15014180541038513,0.055433932691812515,0.22222447395324707,-1.2203483581542969,-0.5979098081588745,0.30336979031562805,-0.1813177466392517,0.9995561838150024,-0.059021808207035065,0.0,0.0,5.0,0.7744437197095438,-0.18247973918914795,0.005112648010253906,0.02379751205444336,-0.058430373668670654,0.007971673272550106,-0.04809169191867113,False,False
52,1.04,0.3711455166339874,0.1634511649608612,4.363526821136475,0.1535922735929489,0.07674161344766617,0.21589702367782593,-1.2036620378494263,-0.6340690851211548,0.27798834443092346,-0.4741465747356415,1.1551028490066528,-0.06883177906274796,0.0,0.0,5.0,0.7546942329561114,-0.04770052433013916,-0.17466473579406738,-0.12681573629379272,-0.07664239406585693,0.008039779961109161,-0.04005191195756197,False,False
53,1.06,0.34724634885787964,0.15046556293964386,4.368627071380615,0.15723425149917603,0.09980543702840805,0.2086711823940277,-1.185701608657837,-0.6642100214958191,0.2321723848581314,-0.28055599331855774,1.1759507656097412,-0.06168220192193985,0.0,0.0,5.0,0.736105758311461,-0.22475165128707886,-0.11241412162780762,0.12388896942138672,-0.33769726753234863,0.00783673394471407,-0.0322151780128479,False,False
54,1.08,0.32372403144836426,0.13691695034503937,4.372692108154297,0.16140583157539368,0.12433881312608719,0.19728954136371613,-1.1659963130950928,-0.6903131604194641,0.17430371046066284,-0.9044261574745178,1.3104578256607056,-0.029165301471948624,0.0,0.0,5.0,0.7190679321182859,0.42955780029296875,-0.2896517515182495,-0.2047971487045288,-0.11092597246170044,0.008228429593145847,-0.023986748419702053,False,False
55,1.1,0.3006858229637146,0.12280791997909546,4.375957489013672,0.16549378633499146,0.1452023983001709,0.18860068917274475,-1.137241005897522,-0.7201901078224182,0.15218091011047363,-0.01967611163854599,0.8147295117378235,0.029057085514068604,0.0,0.0,5.0,0.7035075016366774,-0.5408058762550354,0.30014336109161377,0.35210490226745605,-0.4313253164291382,0.007568128407001495,-0.016418620012700558,False,False
56,1.12,0.27823686599731445,0.10813659429550171,4.378679275512695,0.16929391026496887,0.16241154074668884,0.17155499756336212,-1.107240080833435,-0.7464459538459778,0.1200246512889862,-1.7430591583251953,0.9457209706306458,0.027501001954078674,0.0,0.0,5.0,0.6893103214831957,0.6799576282501221,-0.4078671932220459,-0.2887731194496155,0.32192814350128174,0.00828490499407053,-0.008133715018630028,False,False
57,1.1400000000000001,0.2565206289291382,0.0929054245352745,4.381317615509033,0.1729433238506317,0.17835229635238647,0.155791774392128,-1.063881516456604,-0.7758908271789551,0.14380577206611633,0.10468915849924088,0.6853562593460083,0.07192369550466537,0.0,0.0,5.0,0.67616724547534,-0.7168917059898376,0.4977461099624634,0.42680108547210693,-0.6608588695526123,0.007502734661102295,-0.0006309803575277328,False,False
58,1.16,0.23562544584274292,0.07716110348701477,4.384066581726074,0.1762939840555191,0.19093136489391327,0.1375541388988495,-1.02531898021698,-0.7979795336723328,0.1310952752828598,-1.9899287223815918,0.6074539422988892,0.06531830877065659,0.0,0.0,5.0,0.6639632236551419,0.6507110595703125,-0.5348872542381287,-0.38827425241470337,0.4460177421569824,0.008378947153687477,0.007747966796159744,False,False
59,1.18,0.2155761569738388,0.0609988234937191,4.386834621429443,0.17933286726474762,0.201772078871727,0.11994335800409317,-0.9793343544006348,-0.817450761795044,0.14570555090904236,0.1694866567850113,0.5055438876152039,0.09477856010198593,0.0,0.0,5.0,0.6528136927185283,-0.785939633846283,0.5295852422714233,0.3961225748062134,-0.760735034942627,0.007655015680938959,0.015402982477098703,False,False
60,1.2,0.19640381634235382,0.044498614966869354,4.389623641967773,0.18214860558509827,0.2101643681526184,0.10295061022043228,-0.9377102255821228,-0.8320671916007996,0.1331915557384491,-1.9263278245925903,0.3594806492328644,0.0823524221777916,0.0,0.0,5.0,0.6427393595015756,0.5527377128601074,-0.6080310940742493,-0.40632057189941406,0.3100135326385498,0.008512075059115887,0.02391505753621459,False,False
61,1.22,0.1780777871608734,0.02775118499994278,4.39219331741333,0.18466423451900482,0.2155202031135559,0.08420261740684509,-0.8948293328285217,-0.8419723510742188,0.12379913032054901,-0.0016760374419391155,0.19630958139896393,0.11367335170507431,0.0,0.0,5.0,0.6339643443806815,-0.7431128621101379,0.505172610282898,0.37445926666259766,-0.7760953903198242,0.0076600052416324615,0.03157506277784705,False,False
62,1.24,0.16059669852256775,0.010836567729711533,4.394503116607666,0.18706399202346802,0.2178407460451126,0.06423112750053406,-0.8532946705818176,-0.8489413261413574,0.1071142703294754,-2.0470786094665527,0.05287708342075348,0.10150321573019028,0.0,0.0,5.0,0.6265263015822551,0.586615800857544,-0.6562682390213013,-0.2797918915748596,0.32882463932037354,0.008573447354137897,0.04014851013198495,False,False
63,1.26,0.14399705827236176,-0.006172143388539553,4.396725654602051,0.18963003158569336,0.2183479219675064,0.04229050874710083,-0.8067969679832458,-0.8510871529579163,0.11517959833145142,-0.2025163769721985,0.010512024164199829,0.1460074931383133,0.0,0.0,5.0,0.6202525162870577,-0.5857099294662476,0.3261404037475586,0.29109764099121094,-0.7670469880104065,0.007821468636393547,0.047969978768378496,False,False
64,1.28,0.12821000814437866,-0.02318974770605564,4.398614883422852,0.19258075952529907,0.21806390583515167,0.021281803026795387,-0.7720044851303101,-0.850176215171814,0.07376327365636826,-1.9622386693954468,-0.029349908232688904,0.1427447348833084,0.0,0.0,5.0,0.6153370044354253,0.6201236248016357,-0.5962790250778198,-0.15108740329742432,0.16885387897491455,0.008608918637037277,0.05657889740541577,False,False
65,1.3,0.11321963369846344,-0.04013247415423393,4.400176048278809,0.1962587833404541,0.21631382405757904,-0.0014991401694715023,-0.7272531390190125,-0.843244194984436,0.08233693242073059,-0.39510539174079895,-0.14297495782375336,0.2172458916902542,0.0,0.0,5.0,0.6117336626302174,-0.33914047479629517,0.1909172534942627,0.28733885288238525,-0.7139511704444885,0.007986946031451225,0.064565843436867,False,False
66,1.32,0.09900996834039688,-0.05692162737250328,4.401431560516357,0.20098890364170074,0.21277682483196259,-0.02272440306842327,-0.6939087510108948,-0.8351601958274841,0.04322803020477295,-1.828122615814209,-0.2159545123577118,0.2412000447511673,0.0,0.0,5.0,0.6093662463899552,0.5687673091888428,-0.44333887100219727,-0.05776244401931763,0.10459613800048828,0.008618894033133984,0.07318473747000098,False,False
67,1.34,0.08555664867162704,-0.07347073405981064,4.402416229248047,0.2069227397441864,0.20777106285095215,-0.045261405408382416,-0.6517795920372009,-0.8189190626144409,0.05528254806995392,-0.5493526458740234,-0.3050892949104309,0.3203159272670746,0.0,0.0,5.0,0.6081317718729474,-0.20843851566314697,0.12492263317108154,0.19089114665985107,-0.5409730076789856,0.008110001683235168,0.08129473915323615,False,False
68,1.36,0.07281987369060516,-0.08970633894205093,4.403100967407227,0.21427437663078308,0.19955654442310333,-0.06589006632566452,-0.6222203969955444,-0.8041618466377258,0.01326272077858448,-1.6622389554977417,-0.5547342896461487,0.35360392928123474,0.0,0.0,5.0,0.6079789604590694,0.4859497547149658,-0.40760350227355957,-0.007965147495269775,0.21773767471313477,0.008640618994832039,0.08993535814806819,False,False
69,1.3800000000000001,0.06076791137456894,-0.10553573817014694,4.403599262237549,0.22285595536231995,0.19046787917613983,-0.08527504652738571,-0.5835150480270386,-0.7780485153198242,0.036611657589673996,-0.4422926604747772,-0.4161551892757416,0.41578420996665955,0.0,0.0,5.0,0.608707130800635,-0.23915427923202515,0.06092703342437744,0.2048724889755249,-0.3130567669868469,0.008377913385629654,0.09831327153369784,False,False
70,1.4000000000000001,0.04937027022242546,-0.12088198959827423,4.404014587402344,0.23219546675682068,0.18368540704250336,-0.10126782208681107,-0.5565619468688965,-0.7561801075935364,0.004890062380582094,-1.3305846452713013,-0.34415215253829956,0.43606695532798767,0.0,0.0,5.0,0.6101217018106069,0.4859977960586548,-0.06806248426437378,-0.035019755363464355,0.06892120838165283,0.008548573590815067,0.10686184512451291,False,False
71,1.42,0.038599029183387756,-0.13565503060817719,4.4045023918151855,0.24269384145736694,0.1736556589603424,-0.11882416903972626,-0.5211644172668457,-0.7204489707946777,0.04389242082834244,-0.6117673516273499,-0.766929030418396,0.477975457906723,0.0,0.0,5.0,0.6119718733218384,-0.2021794319152832,-0.18083977699279785,0.061626315116882324,0.22643756866455078,0.008729147724807262,0.11559099284932017,False,False
72,1.44,0.02842639572918415,-0.14976774156093597,4.405246257781982,0.25314050912857056,0.16680596768856049,-0.12771226465702057,-0.49644917249679565,-0.6905698776245117,0.030508676543831825,-0.45353981852531433,-0.03949277102947235,0.46064385771751404,0.0,0.0,5.0,0.6139791936774011,-0.10329121351242065,0.15934443473815918,0.08588576316833496,-0.22352713346481323,0.008526917546987534,0.1241179103963077,False,False
73,1.46,0.01873486116528511,-0.16326378285884857,4.405734539031982,0.26284345984458923,0.16513372957706451,-0.141395702958107,-0.47290539741516113,-0.6586289405822754,0.018272295594215393,-1.0752379894256592,-0.25418761372566223,0.4649990499019623,0.0,0.0,5.0,0.6165691331195506,0.37630319595336914,0.03724789619445801,-0.0013273358345031738,0.3167421817779541,0.00867666956037283,0.13279457995668054,False,False
74,1.48,0.009591798298060894,-0.17594735324382782,4.4067511558532715,0.2731172442436218,0.1603906750679016,-0.154068723320961,-0.44184401631355286,-0.6091615557670593,0.083330899477005,-0.35860851407051086,-0.36468151211738586,0.4669528901576996,0.0,0.0,5.0,0.6188648194796085,-0.2980766296386719,-0.017176389694213867,-4.190206527709961e-05,0.279224157333374,0.008707502856850624,0.14150208281353116,False,False
75,1.5,0.0009647191618569195,-0.18776091933250427,4.408334732055664,0.28206589818000793,0.16093400120735168,-0.15982893109321594,-0.42098015546798706,-0.5719931125640869,0.0750177726149559,-0.36014872789382935,0.2803719937801361,0.4147983491420746,0.0,0.0,5.0,0.6207438141482292,0.006053447723388672,0.170740008354187,0.09634637832641602,-0.0953216552734375,0.008662793785333633,0.1501648765988648,False,False
76,1.52,-0.007223899941891432,-0.19877441227436066,4.409953594207764,0.2897815704345703,0.16591690480709076,-0.16966143250465393,-0.3978644907474518,-0.5289682149887085,0.08680284023284912,-0.7487508654594421,0.08655120432376862,0.41731032729148865,0.0,0.0,5.0,0.6226702278844913,0.22259902954101562,0.11182022094726562,-0.07366812229156494,0.27245020866394043,0.008727590553462505,0.1588924671523273,False,False
77,1.54,-0.01491542998701334,-0.20882785320281982,4.412142276763916,0.2978595495223999,0.1675555408000946,-0.178323894739151,-0.3714075982570648,-0.47596725821495056,0.13194511830806732,-0.25164884328842163,-0.06330674886703491,0.39539894461631775,0.0,0.0,5.0,0.6240258368796185,-0.18649685382843018,-0.014264941215515137,-0.09838712215423584,0.24453747272491455,0.008734595030546188,0.1676270621828735,False,False
78,1.56,-0.022143928334116936,-0.21792957186698914,4.414670467376709,0.30481934547424316,0.17134255170822144,-0.1803332418203354,-0.35141661763191223,-0.4340859353542328,0.12085902690887451,-0.06641504168510437,0.3135088086128235,0.3474350869655609,0.0,0.0,5.0,0.624975450411611,-0.0526198148727417,0.03785145282745361,-0.023884892463684082,0.03666532039642334,0.008775594644248486,0.17640265682712197,False,False
79,1.58,-0.02896117977797985,-0.2261754870414734,4.417025089263916,0.3104226291179657,0.17902569472789764,-0.18102334439754486,-0.3301282823085785,-0.3903970420360565,0.1145429015159607,-0.10021398216485977,0.34317055344581604,0.33337411284446716,0.0,0.0,5.0,0.6259823059962041,0.004025697708129883,0.035257577896118164,-0.07080203294754028,0.06927335262298584,0.008775265887379646,0.18517792271450162,False,False
80,1.6,-0.03533712401986122,-0.23353193700313568,4.419288158416748,0.3157569468021393,0.18651026487350464,-0.18088538944721222,-0.30727794766426086,-0.3451545238494873,0.11171384900808334,0.017058944329619408,0.2986105680465698,0.31742462515830994,0.0,0.0,5.0,0.6269067880390541,-0.02506941556930542,0.008507728576660156,-0.11611425876617432,0.11164450645446777,0.008752157911658287,0.1939300806261599,False,False
81,1.62,-0.0412512943148613,-0.23999275267124176,4.421436309814453,0.32076361775398254,0.19360923767089844,-0.17749622464179993,-0.2839348018169403,-0.30093151330947876,0.10309954732656479,0.22731469571590424,0.31217774748802185,0.2930928170681,0.0,0.0,5.0,0.6277213826360295,-0.06368052959442139,0.051323890686035156,-0.1267082691192627,0.0424046516418457,0.008758077397942543,0.20268815802410245,False,False
82,1.6400000000000001,-0.04669472575187683,-0.24558837711811066,4.42333984375,0.32541510462760925,0.1999669075012207,-0.17146025598049164,-0.2601967453956604,-0.258720338344574,0.08722707629203796,0.28533875942230225,0.23468725383281708,0.2666400372982025,0.0,0.0,5.0,0.628514903717346,-0.07051032781600952,0.08703029155731201,-0.13718193769454956,0.055710673332214355,0.008758909069001675,0.21144706709310412,False,False
83,1.6600000000000001,-0.05164707824587822,-0.2503392696380615,4.424955368041992,0.32983189821243286,0.20438914000988007,-0.1644868701696396,-0.23486468195915222,-0.2165033221244812,0.07435905933380127,0.32329702377319336,0.12890706956386566,0.23401287198066711,0.0,0.0,5.0,0.6292960347546889,-0.07342809438705444,0.08281552791595459,-0.15097856521606445,0.07643890380859375,0.008752485737204552,0.22019955283030868,False,False
84,1.68,-0.05608318746089935,-0.25425511598587036,4.426314353942871,0.3339166045188904,0.2067325860261917,-0.15641461312770844,-0.20861661434173584,-0.17526809871196747,0.06156517192721367,0.4005384147167206,0.0384514257311821,0.19829204678535461,0.0,0.0,5.0,0.6300049272924365,-0.04639279842376709,0.09025990962982178,-0.13879907131195068,0.058742523193359375,0.008749885484576225,0.2289494383148849,False,False
85,1.7,-0.05998322367668152,-0.25735294818878174,4.427447319030762,0.337693989276886,0.20672138035297394,-0.14696502685546875,-0.18130218982696533,-0.1347702443599701,0.051718540489673615,0.4668458104133606,-0.09551217406988144,0.167176753282547,0.0,0.0,5.0,0.6305910715742548,-0.03353869915008545,0.145638108253479,-0.08910536766052246,0.08395564556121826,0.008748902007937431,0.23769834032282233,False,False
86,1.72,-0.06331302225589752,-0.2596290409564972,4.428521633148193,0.34120050072669983,0.2040022313594818,-0.13697639107704163,-0.1516595333814621,-0.09316445887088776,0.055796850472688675,0.46045345067977905,-0.22231581807136536,0.13438144326210022,0.0,0.0,5.0,0.6308750284127391,-0.005143880844116211,0.16006577014923096,-0.07200729846954346,0.11827325820922852,0.008736747317016125,0.24643508763983846,False,False
87,1.74,-0.06603723764419556,-0.261075496673584,4.429771900177002,0.3443378806114197,0.19873932003974915,-0.12686261534690857,-0.12082187086343765,-0.05185748264193535,0.06928921490907669,0.48809826374053955,-0.33992627263069153,0.10128334164619446,0.0,0.0,5.0,0.63061986770699,-0.039370059967041016,0.18208467960357666,-0.04184514284133911,0.13731229305267334,0.008744644932448864,0.2551797325722873,False,False
88,1.76,-0.0681445375084877,-0.2617127001285553,4.431332111358643,0.3469149172306061,0.19168700277805328,-0.11705688387155533,-0.09002719074487686,-0.012261610478162766,0.08684692531824112,0.44240790605545044,-0.39090782403945923,0.06398424506187439,0.0,0.0,5.0,0.629698644569483,-0.024606943130493164,0.17965662479400635,-0.02836233377456665,0.11516690254211426,0.008758706972002983,0.2639384395442903,False,False
89,1.78,-0.0696437805891037,-0.26158133149147034,4.433252334594727,0.348859965801239,0.18329086899757385,-0.10850394517183304,-0.06007124111056328,0.02502264454960823,0.10530800372362137,0.3765469789505005,-0.4649468660354614,0.031602855771780014,0.0,0.0,5.0,0.628074808762397,-0.027152955532073975,0.16971397399902344,-0.00047522783279418945,0.1264362335205078,0.008779042400419712,0.27271748194471,False,False
90,1.8,-0.07055236399173737,-0.2607225179672241,4.435573101043701,0.35020211338996887,0.17389918863773346,-0.10149409621953964,-0.031015519052743912,0.06050799414515495,0.12687143683433533,0.3005146086215973,-0.48294517397880554,0.0014573715161532164,0.0,0.0,5.0,0.6257248530347952,-0.003907740116119385,0.16460013389587402,0.002146005630493164,0.13117825984954834,0.008791816420853138,0.28150929836556315,False,False
91,1.82,-0.07089134305715561,-0.25917065143585205,4.4383544921875,0.3509456217288971,0.16396640241146088,-0.09578825533390045,-0.0031471482943743467,0.09436274319887161,0.1513998657464981,0.2574916481971741,-0.5127619504928589,-0.02624518610537052,0.0,0.0,5.0,0.6226079709834209,0.013972043991088867,0.16923117637634277,-0.004139900207519531,0.12937593460083008,0.008794278837740421,0.2903035772033036,False,False
92,1.84,-0.0706881657242775,-0.25695860385894775,4.441646099090576,0.3511715829372406,0.15305300056934357,-0.09084099531173706,0.02315852977335453,0.12653255462646484,0.17781098186969757,0.23359017074108124,-0.5759446620941162,-0.05313168466091156,0.0,0.0,5.0,0.6186950941549264,-0.0017786026000976562,0.14808547496795654,-0.006288051605224609,0.14299488067626953,0.008809293620288372,0.29911287082359195,False,False
93,1.86,-0.0699811577796936,-0.2541252672672272,4.445445537567139,0.350860059261322,0.14135520160198212,-0.08622463792562485,0.04720638319849968,0.15649545192718506,0.20225320756435394,0.23252499103546143,-0.5865641236305237,-0.08098391443490982,0.0,0.0,5.0,0.6140094996920046,0.0018144845962524414,0.1199876070022583,-0.008253753185272217,0.13096249103546143,0.008830253034830093,0.30794312385842204,False,False
94,1.8800000000000001,-0.06881753355264664,-0.25071612000465393,4.449701309204102,0.34998151659965515,0.12951703369617462,-0.08146905899047852,0.06882400065660477,0.1841103881597519,0.22342745959758759,0.25481685996055603,-0.5858299136161804,-0.1049482598900795,0.0,0.0,5.0,0.6086239190552221,-0.00710141658782959,0.06519687175750732,-0.018192827701568604,0.10936760902404785,0.008860664442181587,0.31680378830060363,False,False
95,1.9000000000000001,-0.06725005060434341,-0.24678480625152588,4.454292297363281,0.3485875725746155,0.11801255494356155,-0.0759500190615654,0.0876253992319107,0.20870377123355865,0.23578448593616486,0.31422799825668335,-0.5501980781555176,-0.12355617433786392,0.0,0.0,5.0,0.6026791904653216,-0.02302098274230957,0.0468975305557251,-0.02458631992340088,0.06191539764404297,0.008891130797564983,0.3256949190981686,False,False
96,1.92,-0.06533125787973404,-0.24239078164100647,4.459049701690674,0.3467569351196289,0.10698891431093216,-0.06969792395830154,0.10399079322814941,0.23037639260292053,0.2399553805589676,0.3314831554889679,-0.5360295176506042,-0.13811974227428436,0.0,0.0,5.0,0.5963628840912514,-0.02530759572982788,0.0351639986038208,-0.025652825832366943,0.021863818168640137,0.008917324244976044,0.33461224334314466,False,False
97,1.94,-0.06310508400201797,-0.23758837580680847,4.463839530944824,0.3446122109889984,0.09594853967428207,-0.06343480199575424,0.11837190389633179,0.2495492398738861,0.2390844076871872,0.3165213167667389,-0.5513923168182373,-0.1481739729642868,0.0,0.0,5.0,0.5898292435297567,-0.024877727031707764,0.008142709732055664,-0.015210628509521484,0.01616501808166504,0.008947674185037613,0.34355991752818227,False,False
98,1.96,-0.06060847267508507,-0.23242349922657013,4.468594074249268,0.3422390818595886,0.08494529873132706,-0.057345472276210785,0.13103227317333221,0.2666342854499817,0.2363700121641159,0.3138211965560913,-0.5326733589172363,-0.15416960418224335,0.0,0.0,5.0,0.5831692103289773,-0.025596797466278076,0.006327033042907715,-0.009841501712799072,-0.0031722187995910645,0.008975265547633171,0.35253518307581544,False,False
99,1.98,-0.057875096797943115,-0.22693663835525513,4.47327995300293,0.33969226479530334,0.07420074194669724,-0.05155528709292412,0.14205434918403625,0.28176042437553406,0.2322922796010971,0.285424143075943,-0.5263856649398804,-0.15776269137859344,0.0,0.0,5.0,0.576440606277829,-0.018686950206756592,0.004149913787841797,-0.006882429122924805,0.003554224967956543,0.009001870639622211,0.36153705371543765,False,False
100,2.0,-0.054935894906520844,-0.22116364538669586,4.477900981903076,0.33701181411743164,0.06364693492650986,-0.04617537930607796,0.1516123265028,0.2952602803707123,0.22983373701572418,0.2710098326206207,-0.5146815180778503,-0.16086070239543915,0.0,0.0,5.0,0.5696654239882253,-0.023935019969940186,0.004748344421386719,-0.00035440921783447266,0.0008130073547363281,0.009029055014252663,0.3705661087296903,False,False
101,2.02,-0.051820944994688034,-0.21513736248016357,4.482473373413086,0.3342053294181824,0.05343042314052582,-0.04122770577669144,0.1596333384513855,0.3071072995662689,0.22746816277503967,0.2401602566242218,-0.4937658905982971,-0.16363994777202606,0.0,0.0,5.0,0.5628528265021816,-0.016798794269561768,-0.007718980312347412,-0.0018146038055419922,0.005239605903625488,0.009056287817656994,0.3796223965473473,False,False
102,2.04,-0.04856071248650551,-0.20888970792293549,4.486998081207275,0.33128923177719116,0.04373415932059288,-0.03659676015377045,0.16615141928195953,0.31741151213645935,0.22501477599143982,0.23708103597164154,-0.46379753947257996,-0.16514210402965546,0.0,0.0,5.0,0.5560251986720958,-0.022306382656097412,-0.004455089569091797,0.0032738447189331055,-0.008344471454620361,0.009082178585231304,0.3887045751325786,False,False
103,2.06,-0.045184675604104996,-0.20245110988616943,4.491464138031006,0.3282914459705353,0.03458165377378464,-0.03230136260390282,0.1712263971567154,0.32622361183166504,0.2216232866048813,0.20418329536914825,-0.4406019151210785,-0.16572241485118866,0.0,0.0,5.0,0.5492147391614121,-0.01072704792022705,-0.016874730587005615,0.0008800029754638672,-0.0032720565795898438,0.009106900542974472,0.3978114756755531,False,False
104,2.08,-0.04172070324420929,-0.19584953784942627,4.495866298675537,0.3252456486225128,0.025943953543901443,-0.028295908123254776,0.17495562136173248,0.3337227702140808,0.2184986025094986,0.20557068288326263,-0.41354700922966003,-0.16476337611675262,0.0,0.0,5.0,0.5424467230670013,-0.017609059810638428,-0.011809289455413818,0.005739331245422363,-0.016425490379333496,0.009130037389695644,0.40694151306524873,False,False
105,2.1,-0.038195136934518814,-0.18911094963550568,4.5001959800720215,0.32217904925346375,0.0177895650267601,-0.024563146755099297,0.1773974746465683,0.3399399220943451,0.21444770693778992,0.17440679669380188,-0.39351093769073486,-0.16323964297771454,0.0,0.0,5.0,0.5357479613527769,-0.011002302169799805,-0.03092902898788452,0.008288979530334473,-0.018265843391418457,0.009152177721261978,0.4160936907865107,False,False
106,2.12,-0.03463305905461311,-0.18225985765457153,4.5044331550598145,0.31913039088249207,0.010192238725721836,-0.02119649201631546,0.17861858010292053,0.3449934720993042,0.20928429067134857,0.16652175784111023,-0.3590463101863861,-0.15891198813915253,0.0,0.0,5.0,0.5291546109557347,-0.009063780307769775,-0.03481554985046387,0.017081022262573242,-0.03343909978866577,0.00917338952422142,0.4252670803107321,False,False
107,2.14,-0.03105788119137287,-0.17531833052635193,4.508559226989746,0.31615903973579407,0.0032483311370015144,-0.018161525949835777,0.17872348427772522,0.3489995300769806,0.2033323347568512,0.13897642493247986,-0.32936331629753113,-0.1518106907606125,0.0,0.0,5.0,0.522699858790454,-0.003498852252960205,-0.04323887825012207,0.026781320571899414,-0.03383451700210571,0.009195474907755852,0.434462555218488,False,False
108,2.16,-0.02749103307723999,-0.16830582916736603,4.512572288513184,0.3133206367492676,-0.002958049299195409,-0.015614642761647701,0.1778012365102768,0.3521149158477783,0.1980273723602295,0.1157577782869339,-0.28639113903045654,-0.14246706664562225,0.0,0.0,5.0,0.5163994412822729,0.0014182329177856445,-0.04145568609237671,0.02873396873474121,-0.0377766489982605,0.009216480888426304,0.4436790361069143,False,False
109,2.18,-0.023952025920152664,-0.16123883426189423,4.516484260559082,0.31065189838409424,-0.008389678783714771,-0.013545730151236057,0.17595739662647247,0.35446980595588684,0.1931888908147812,0.08962594717741013,-0.2528228163719177,-0.1322827786207199,0.0,0.0,5.0,0.5102539872523407,0.005150437355041504,-0.03891348838806152,0.029341578483581543,-0.029452204704284668,0.009237431921064854,0.45291646802797914,False,False
110,2.2,-0.020458446815609932,-0.1541311889886856,4.520314693450928,0.3081616759300232,-0.013113180175423622,-0.011890091933310032,0.1732736974954605,0.35620272159576416,0.1898391991853714,0.07326506823301315,-0.2163209170103073,-0.12270621955394745,0.0,0.0,5.0,0.5042548609426095,0.009889960289001465,-0.03337526321411133,0.027141809463500977,-0.023418188095092773,0.009256549179553986,0.4621730172075331,False,False
111,2.22,-0.017026139423251152,-0.1469942331314087,4.524091720581055,0.305839866399765,-0.017170673236250877,-0.010471700690686703,0.16984684765338898,0.3574100136756897,0.1878664791584015,0.0650622770190239,-0.1868056356906891,-0.11397062242031097,0.0,0.0,5.0,0.49838327060310905,0.009060978889465332,-0.029868900775909424,0.02678549289703369,-0.019344747066497803,0.00927420798689127,0.4714472251944244,False,False
112,2.24,-0.013668878003954887,-0.13983787596225739,4.527835845947266,0.3036731481552124,-0.020621659234166145,-0.009209968149662018,0.16578546166419983,0.35815611481666565,0.18651129305362701,0.05701861158013344,-0.15614300966262817,-0.10605107247829437,0.0,0.0,5.0,0.4926260835074174,0.006694197654724121,-0.02861964702606201,0.02308368682861328,-0.01656317710876465,0.009290914051234722,0.4807381392456591,False,False
113,2.2600000000000002,-0.010398171842098236,-0.13267068564891815,4.531549453735352,0.3016459047794342,-0.023453254252672195,-0.008073675446212292,0.16120867431163788,0.35850203037261963,0.18494586646556854,0.05214390531182289,-0.1252533197402954,-0.09907184541225433,0.0,0.0,5.0,0.48698618779577246,0.010595917701721191,-0.027079999446868896,0.015598058700561523,-0.01719754934310913,0.009305763989686966,0.4900439032353461,False,False
114,2.2800000000000002,-0.007223260588943958,-0.1255001425743103,4.5352301597595215,0.2997472286224365,-0.02581128478050232,-0.006932196673005819,0.1562206894159317,0.35849836468696594,0.18310779333114624,0.05732918158173561,-0.10911612212657928,-0.09251062572002411,0.0,0.0,5.0,0.48147010880932983,0.003596663475036621,-0.025522291660308838,0.016170382499694824,-0.009097874164581299,0.009320891462266445,0.4993647946976125,False,False
115,2.3000000000000003,-0.004151701461523771,-0.11833303421735764,4.538877964019775,0.29795897006988525,-0.027690015733242035,-0.005696805194020271,0.150888130068779,0.35815882682800293,0.18157733976840973,0.0614248588681221,-0.07762186229228973,-0.08744685351848602,0.0,0.0,5.0,0.476081375059621,0.002798795700073242,-0.02190607786178589,0.010237455368041992,-0.010388791561126709,0.009334948845207691,0.5086997435428202,False,False
116,2.32,-0.0011891587637364864,-0.11117593199014664,4.542489528656006,0.2962583899497986,-0.029045384377241135,-0.004376321565359831,0.1453361064195633,0.3575001358985901,0.179607555270195,0.06579875200986862,-0.057055287063121796,-0.08322630822658539,0.0,0.0,5.0,0.47082622414416,-0.000841677188873291,-0.018043160438537598,0.006977200508117676,-0.011145830154418945,0.009348254650831223,0.5180479981936514,False,False
117,2.34,0.0016608802834525704,-0.10403507947921753,4.546058177947998,0.29462969303131104,-0.030032992362976074,-0.003022706601768732,0.1396494060754776,0.35653555393218994,0.17726017534732819,0.06475117802619934,-0.04110199958086014,-0.07993738353252411,0.0,0.0,5.0,0.46571368252763895,-0.001365363597869873,-0.018678784370422363,0.0036848783493041992,-0.011640429496765137,0.009360124357044697,0.5274081225506961,False,False
118,2.36,0.004396399017423391,-0.09691642224788666,4.549574851989746,0.2930622696876526,-0.030727744102478027,-0.0016587245045229793,0.1338929980993271,0.3552841246128082,0.17442366480827332,0.06688493490219116,-0.028004510328173637,-0.0768985003232956,0.0,0.0,5.0,0.4607547451581049,-0.0034528374671936035,-0.01915264129638672,-0.0014801621437072754,-0.01330256462097168,0.009371187537908554,0.5367793100886047,False,False
119,2.38,0.007016651798039675,-0.08982552587985992,4.553025245666504,0.2915496826171875,-0.03120472840964794,-0.00023219917784444988,0.12813003361225128,0.35375872254371643,0.17066361010074615,0.07108345627784729,-0.01955014280974865,-0.07433603703975677,0.0,0.0,5.0,0.4559652284040281,-0.005747735500335693,-0.016328811645507812,-0.005652725696563721,-0.014866411685943604,0.009382081218063831,0.5461613913066685,False,False
120,2.4,0.009521765634417534,-0.08276791125535965,4.556396007537842,0.2900805175304413,-0.031578633934259415,0.0012503109173849225,0.12238290905952454,0.3519550561904907,0.16639049351215363,0.072556272149086,-0.017914121970534325,-0.0724930614233017,0.0,0.0,5.0,0.4513598268374561,-0.008772075176239014,-0.014469265937805176,-0.008816838264465332,-0.015023350715637207,0.009392375126481056,0.5555537664331496,False,False
121,2.42,0.011912183836102486,-0.07574919611215591,4.559676647186279,0.28864026069641113,-0.031941141933202744,0.002741484437137842,0.11666081100702286,0.3498704135417938,0.16167496144771576,0.07198765873908997,-0.018623771145939827,-0.07138471305370331,0.0,0.0,5.0,0.44695021632000503,-0.008908390998840332,-0.014588773250579834,-0.012148559093475342,-0.014868080615997314,0.009401945397257805,0.5649557118304074,False,False
122,2.44,0.014188364148139954,-0.0687749907374382,4.562859535217285,0.28721824288368225,-0.03234752640128136,0.004258987959474325,0.11095811426639557,0.34750276803970337,0.1566198319196701,0.07519280910491943,-0.022511178627610207,-0.07060264050960541,0.0,0.0,5.0,0.44274495477484876,-0.009842097759246826,-0.010614514350891113,-0.013545632362365723,-0.015042364597320557,0.009411531500518322,0.5743672433309257,False,False
123,2.46,0.01635044999420643,-0.06185112148523331,4.565942764282227,0.2858048379421234,-0.03287971764802933,0.00580082880333066,0.10524767637252808,0.3448352515697479,0.15170468389987946,0.07438346743583679,-0.03141714632511139,-0.07039140164852142,0.0,0.0,5.0,0.43874660377369173,-0.008328616619110107,-0.01251673698425293,-0.014009296894073486,-0.013698160648345947,0.009420360438525677,0.5837876037694514,False,False
124,2.48,0.018398044630885124,-0.05498366802930832,4.568928241729736,0.28439515829086304,-0.03357405960559845,0.007384012918919325,0.09950445592403412,0.3418577015399933,0.14683228731155396,0.07925274968147278,-0.0389435812830925,-0.07003043591976166,0.0,0.0,5.0,0.434953506221543,-0.008861064910888672,-0.010474801063537598,-0.014637470245361328,-0.01779228448867798,0.009428340941667557,0.5932159447111189,False,False
125,2.5,0.020330321043729782,-0.04817897453904152,4.571813106536865,0.28299060463905334,-0.03448455035686493,0.008999709971249104,0.0937100201845169,0.3385564386844635,0.1416376680135727,0.0775400847196579,-0.0532524511218071,-0.06958644092082977,0.0,0.0,5.0,0.4313682316478401,-0.008810043334960938,-0.01369774341583252,-0.012844681739807129,-0.017087042331695557,0.009436297230422497,0.6026522419415414,False,False
126,2.52,0.022145744413137436,-0.04144369438290596,4.574593544006348,0.281595379114151,-0.035617370158433914,0.010605979710817337,0.08781199157238007,0.3349153399467468,0.136367529630661,0.07819841802120209,-0.061390139162540436,-0.0687364786863327,0.0,0.0,5.0,0.4279937693481004,-0.0065615177154541016,-0.019575297832489014,-0.009732425212860107,-0.0190543532371521,0.009443285875022411,0.6120955278165638,False,False
127,2.54,0.023841947317123413,-0.03478468209505081,4.577265739440918,0.28022629022598267,-0.03685906529426575,0.012259239330887794,0.08178454637527466,0.3309269845485687,0.13084250688552856,0.08216819912195206,-0.06433374434709549,-0.0666569322347641,0.0,0.0,5.0,0.4248325171297038,-0.0052359700202941895,-0.02016925811767578,-0.006372272968292236,-0.020685553550720215,0.009450457990169525,0.6215459858067334,False,False
128,2.56,0.025416050106287003,-0.028209138661623,4.579829216003418,0.27890244126319885,-0.03814711049199104,0.013958501629531384,0.07560085505247116,0.3265669345855713,0.12554597854614258,0.08279536664485931,-0.06619200110435486,-0.06393395364284515,0.0,0.0,5.0,0.421882944466043,-0.0031871795654296875,-0.021780788898468018,-0.0035519003868103027,-0.019347667694091797,0.009457367472350597,0.631003353279084,False,False
129,2.58,0.026864800602197647,-0.021724628284573555,4.582291603088379,0.27763569355010986,-0.0394304096698761,0.015693511813879013,0.06924927234649658,0.3218216896057129,0.12068591266870499,0.08579413592815399,-0.06399883329868317,-0.060732170939445496,0.0,0.0,5.0,0.41913480150898363,-0.00593256950378418,-0.02271413803100586,-0.0017774105072021484,-0.01980966329574585,0.009463784284889698,0.6404671375639737,False,False
130,2.6,0.028185129165649414,-0.015338762663304806,4.584654331207275,0.27643269300460815,-0.04061438888311386,0.017443519085645676,0.06276169419288635,0.3167031705379486,0.11557932198047638,0.08439343422651291,-0.05637356638908386,-0.05749081075191498,0.0,0.0,5.0,0.41658336948443014,-0.005819141864776611,-0.020518064498901367,0.001176595687866211,-0.019803106784820557,0.009470525197684765,0.6499376627616584,False,False
131,2.62,0.02937427908182144,-0.009059123694896698,4.586918354034424,0.2752961814403534,-0.041637882590293884,0.01910945028066635,0.05613521486520767,0.3112024962902069,0.11097494512796402,0.07752728462219238,-0.04803294315934181,-0.05416889488697052,0.0,0.0,5.0,0.41422380692969085,-0.0034447312355041504,-0.02060014009475708,0.006021380424499512,-0.018318116664886475,0.009476746432483196,0.6594144091941416,False,False
132,2.64,0.030429597944021225,-0.002893185243010521,4.589100360870361,0.2742341458797455,-0.04245021939277649,0.02062622271478176,0.04938361793756485,0.305338978767395,0.10720204561948776,0.06968573480844498,-0.03529238700866699,-0.050305500626564026,0.0,0.0,5.0,0.41203500383917924,-0.003014981746673584,-0.01514977216720581,0.007645964622497559,-0.01664125919342041,0.00948337558656931,0.6688977847807109,False,False
133,2.66,0.03134889155626297,0.003152160905301571,4.59121561050415,0.2732483446598053,-0.04303582012653351,0.0219296645373106,0.04253770783543587,0.299151211977005,0.10431739687919617,0.05644607171416283,-0.025349494069814682,-0.04691450297832489,0.0,0.0,5.0,0.4099967880553136,-0.0030156373977661133,-0.014966011047363281,0.008582353591918945,-0.012471258640289307,0.009489170275628567,0.6783869550563395,False,False
134,2.68,0.03213069587945938,0.00907107349485159,4.593277931213379,0.27233222126960754,-0.04336924850940704,0.022999010980129242,0.03563988208770752,0.2927047908306122,0.10194209963083267,0.0465310737490654,-0.010041644796729088,-0.0438416451215744,0.0,0.0,5.0,0.4080900724473903,-0.0026918649673461914,-0.015400111675262451,0.007567048072814941,-0.013493716716766357,0.0094939935952425,0.687880948651582,False,False
135,2.7,0.03277461603283882,0.014859162271022797,4.5952911376953125,0.27148470282554626,-0.04341808706521988,0.023875517770648003,0.028756916522979736,0.2860773205757141,0.09935017675161362,0.037441954016685486,0.0031756816897541285,-0.04069755971431732,0.0,0.0,5.0,0.40630559113486375,-0.002995610237121582,-0.017068922519683838,0.006745815277099609,-0.014719188213348389,0.00949821062386036,0.6973791592754424,False,False
136,2.72,0.03328143432736397,0.020513363182544708,4.597248077392578,0.2707080543041229,-0.04320429638028145,0.02457759715616703,0.02193639799952507,0.27932360768318176,0.09636135399341583,0.02940301224589348,0.016318000853061676,-0.03738875687122345,0.0,0.0,5.0,0.40464498403405463,-0.0046465396881103516,-0.01881563663482666,0.005344271659851074,-0.015786051750183105,0.009502040222287178,0.7068811994977295,False,False
137,2.74,0.03365287184715271,0.026031669229269028,4.59913969039917,0.27000436186790466,-0.04271874576807022,0.025120239704847336,0.015225260518491268,0.27249470353126526,0.09279748797416687,0.021837785840034485,0.030474845319986343,-0.03410215675830841,0.0,0.0,5.0,0.40311183485441887,-0.0037006735801696777,-0.018541574478149414,0.0036782026290893555,-0.016857504844665527,0.00950591079890728,0.7163871102966368,False,False
138,2.7600000000000002,0.033891379833221436,0.03141285106539726,4.600958347320557,0.269372820854187,-0.04199449345469475,0.025521909818053246,0.008650163188576698,0.26561737060546875,0.089087575674057,0.015653997659683228,0.040330126881599426,-0.030808374285697937,0.0,0.0,5.0,0.4017083935047885,-0.0023229122161865234,-0.01661282777786255,0.0024718046188354492,-0.016274213790893555,0.009509931318461895,0.7258970416150987,False,False
139,2.7800000000000002,0.033999886363744736,0.03665613383054733,4.602705478668213,0.2688092589378357,-0.0411173440515995,0.025810066610574722,0.002228266792371869,0.25871050357818604,0.08564536273479462,0.010819599032402039,0.04591107368469238,-0.027732521295547485,0.0,0.0,5.0,0.40042802237156727,0.0004559755325317383,-0.01434856653213501,0.00490117073059082,-0.01596289873123169,0.009513567201793194,0.7354106088168919,False,False
140,2.8000000000000003,0.033981479704380035,0.04176102951169014,4.604391574859619,0.26831215620040894,-0.04015515744686127,0.025980869308114052,-0.00403900071978569,0.2517821788787842,0.08297184854745865,0.004240033216774464,0.04898923635482788,-0.024411574006080627,0.0,0.0,5.0,0.39925524491336084,0.007061600685119629,-0.010886192321777344,0.0045812129974365234,-0.012851953506469727,0.009517383761703968,0.7449279925785959,False,False
141,2.82,0.03383917361497879,0.046727169305086136,4.606037616729736,0.267880916595459,-0.03921223804354668,0.026088500395417213,-0.010161940939724445,0.24483686685562134,0.08156529814004898,0.0048117972910404205,0.04414939880371094,-0.0211174339056015,0.0,0.0,5.0,0.39816438496454826,0.00787353515625,-0.008286476135253906,0.002627730369567871,-0.010274708271026611,0.009520988911390305,0.7544489814899862,False,False
142,2.84,0.033576030284166336,0.051554545760154724,4.607658863067627,0.26750651001930237,-0.03839791938662529,0.026234805583953857,-0.01612609066069126,0.23790346086025238,0.08056042343378067,0.008365902118384838,0.03627661243081093,-0.01841162145137787,0.0,0.0,5.0,0.3971357308623416,0.00637364387512207,-0.005856454372406006,0.0022760629653930664,-0.00815582275390625,0.009524398483335972,0.7639733799733222,False,False
143,2.86,0.03319503739476204,0.05624327063560486,4.609262943267822,0.2671765089035034,-0.03773309290409088,0.02643430419266224,-0.02195095270872116,0.2309688925743103,0.07982473075389862,0.010328378528356552,0.029314635321497917,-0.016301751136779785,0.0,0.0,5.0,0.3961573721428829,0.004758715629577637,-0.003866851329803467,0.001896977424621582,-0.007128536701202393,0.00952743086963892,0.7735008108429611,False,False
144,2.88,0.03269878774881363,0.06079322472214699,4.6108527183532715,0.266880601644516,-0.03720541298389435,0.026647645980119705,-0.027656130492687225,0.22402426600456238,0.07919253408908844,0.009896891191601753,0.02264951542019844,-0.014658406376838684,0.0,0.0,5.0,0.39522225861582955,0.0035653114318847656,-0.004369080066680908,0.002042531967163086,-0.006741642951965332,0.009529901668429375,0.7830307125113904,False,False
145,2.9,0.032089490443468094,0.0652041956782341,4.612429141998291,0.2666138708591461,-0.03678755834698677,0.026846230030059814,-0.033259518444538116,0.21707063913345337,0.07844875007867813,0.008975503966212273,0.018408672884106636,-0.013101756572723389,0.0,0.0,5.0,0.3943253637583407,0.004314422607421875,-0.003670334815979004,0.0041730403900146484,-0.005596518516540527,0.009532113559544086,0.7925628260709345,False,False
146,2.92,0.03136882558465004,0.06947578489780426,4.61399507522583,0.26637759804725647,-0.03643539920449257,0.027014996856451035,-0.03879531845450401,0.21008649468421936,0.07816964387893677,0.007035715971142054,0.016158342361450195,-0.011448763310909271,0.0,0.0,5.0,0.39345989612111515,0.003991961479187012,-0.0044980645179748535,0.005573868751525879,-0.0040926337242126465,0.009534144774079323,0.8020969708450139,False,False
147,2.94,0.030538108199834824,0.07360752671957016,4.615557670593262,0.2661747932434082,-0.03608499839901924,0.02715027518570423,-0.04426448792219162,0.2030862420797348,0.07806412875652313,0.005757438950240612,0.01832003891468048,-0.009758330881595612,0.0,0.0,5.0,0.39261501331695925,0.003397703170776367,-0.0033512115478515625,0.004177451133728027,-0.0011952519416809082,0.00953664816915989,0.8116336190141737,False,False
148,2.96,0.029598696157336235,0.07759913057088852,4.617120265960693,0.26600173115730286,-0.035681791603565216,0.02728663757443428,-0.049663376063108444,0.19607417285442352,0.07816188782453537,0.007257435936480761,0.021514421328902245,-0.00862973928451538,0.0,0.0,5.0,0.3917838672247522,0.0030416250228881836,-0.00020164251327514648,0.001347184181213379,0.00046634674072265625,0.009539187885820866,0.8211728068999946,False,False
149,2.98,0.028552111238241196,0.08145038783550262,4.618686199188232,0.2658443748950958,-0.0352582186460495,0.027463093400001526,-0.05498046427965164,0.1890501230955124,0.0784209594130516,0.009829988703131676,0.02039686031639576,-0.008245795965194702,0.0,0.0,5.0,0.3909598488646002,0.0007724761962890625,-0.00044786930084228516,9.262561798095703e-05,0.002024054527282715,0.009541261941194534,0.8307140688411891,False,False
150,3.0,0.027400130406022072,0.08516109734773636,4.620254039764404,0.26569053530693054,-0.03482639044523239,0.02769939973950386,-0.060202427208423615,0.18201828002929688,0.0784650519490242,0.013261559419333935,0.02234560251235962,-0.008311979472637177,0.0,0.0,5.0,0.3901412231013179,-5.930662155151367e-05,-0.00031560659408569336,-0.00022357702255249023,0.0014480352401733398,0.009543221443891525,0.8402572902850807,False,False
151,3.02,0.026144707575440407,0.08873098343610764,4.621821880340576,0.2655359208583832,-0.034357596188783646,0.027990978211164474,-0.06532291322946548,0.17496618628501892,0.07835472375154495,0.015361797995865345,0.024084970355033875,-0.00844380259513855,0.0,0.0,5.0,0.38932688495001416,-0.00019216537475585938,-0.0008362531661987305,0.00027298927307128906,0.0008821487426757812,0.009545049630105495,0.8498023399151862,False,False
152,3.04,0.024787945672869682,0.09215954691171646,4.623387336730957,0.26538124680519104,-0.03384760394692421,0.028317151591181755,-0.07033485174179077,0.16788415610790253,0.07817520946264267,0.016727881506085396,0.02645956724882126,-0.00844062864780426,0.0,0.0,5.0,0.3885163091457752,4.363059997558594e-05,-0.0014260411262512207,0.0011775493621826172,0.0001652240753173828,0.009546676650643349,0.8593490165658295,False,False
153,3.06,0.023332100361585617,0.09544612467288971,4.624948978424072,0.2652307152748108,-0.033284254372119904,0.028661759570240974,-0.07522944360971451,0.1607673466205597,0.07798103988170624,0.017227917909622192,0.029423482716083527,-0.008209489285945892,0.0,0.0,5.0,0.38770816138882463,0.00041174888610839844,-0.0022513270378112793,0.0022464990615844727,-0.0005298256874084473,0.009548104368150234,0.8688971209339797,False,False
154,3.08,0.021779632195830345,0.09859000891447067,4.626506805419922,0.2650896906852722,-0.032652780413627625,0.02900976687669754,-0.0799950584769249,0.15361621975898743,0.07778073102235794,0.017107287421822548,0.03329187259078026,-0.007703074254095554,0.0,0.0,5.0,0.3868998690022693,0.0016796588897705078,-0.0010966658592224121,0.0025790929794311523,0.00014400482177734375,0.009549785405397415,0.8784469063393772,False,False
155,3.1,0.02013317495584488,0.10159042477607727,4.628063201904297,0.26496055722236633,-0.03195961192250252,0.02935981936752796,-0.08462660014629364,0.14642153680324554,0.07791872322559357,0.01748095452785492,0.03561851754784584,-0.007217892445623875,0.0,0.0,5.0,0.38608670129605643,0.0010476112365722656,0.0012748241424560547,0.002997279167175293,0.0011501312255859375,0.00955140683799982,0.887998313177377,False,False
156,3.12,0.018395520746707916,0.10444653779268265,4.629626274108887,0.2648393511772156,-0.03122350573539734,0.029690731316804886,-0.089113250374794,0.1391870677471161,0.07836925983428955,0.01522703468799591,0.037602778524160385,-0.007067066617310047,0.0,0.0,5.0,0.38525857715420997,0.0008119344711303711,0.0012470483779907227,0.003980040550231934,0.0022100210189819336,0.00955282337963581,0.8975511365570128,False,False
157,3.14,0.016569674015045166,0.10715769976377487,4.631199836730957,0.2647230625152588,-0.03042268194258213,0.02997490018606186,-0.09344423562288284,0.13192683458328247,0.07899702340364456,0.012830864638090134,0.04209697246551514,-0.006942749954760075,0.0,0.0,5.0,0.38440979064391806,0.0014067888259887695,0.0005930662155151367,0.004990220069885254,0.0022150278091430664,0.009554284624755383,0.9071054211817682,False,False
158,3.16,0.014658891595900059,0.1097235307097435,4.632786750793457,0.26461461186408997,-0.029520440846681595,0.030213452875614166,-0.0976041853427887,0.12465695291757584,0.07972191274166107,0.010700264945626259,0.04776040464639664,-0.006608576513826847,0.0,0.0,5.0,0.38353579583535485,0.0016024112701416016,0.0002620220184326172,0.00553584098815918,0.0014319419860839844,0.009555879049003124,0.9166613002307713,False,False
159,3.18,0.012666799128055573,0.11214403808116913,4.634387969970703,0.264518141746521,-0.028506314381957054,0.03040022775530815,-0.10157207399606705,0.1173965111374855,0.08041460812091827,0.007696821819990873,0.0533130019903183,-0.006101653911173344,0.0,0.0,5.0,0.3826341458618725,0.0019298791885375977,-0.0009618401527404785,0.006085753440856934,0.0007505416870117188,0.00955740362405777,0.9262187038548291,False,False
160,3.2,0.01059743668884039,0.11441958695650101,4.636002540588379,0.264438271522522,-0.02737325429916382,0.03052985481917858,-0.1053280159831047,0.11016427725553513,0.081011563539505,0.005042432341724634,0.059697359800338745,-0.005335689522325993,0.0,0.0,5.0,0.38170446421516346,0.00217437744140625,-0.0016344189643859863,0.006372809410095215,-0.0006636977195739746,0.009558962658047676,0.9357776665128767,False,False
161,3.22,0.008455253206193447,0.11655094474554062,4.637627124786377,0.26437994837760925,-0.02612069435417652,0.03059719130396843,-0.10885096341371536,0.10297920554876328,0.08146186172962189,0.0015345135470852256,0.06532202661037445,-0.004325919784605503,0.0,0.0,5.0,0.3807488866936408,0.0032339096069335938,-0.0010098814964294434,0.006009459495544434,-0.0023268461227416992,0.009560647420585155,0.9453383139334619,False,False
162,3.24,0.0062450626865029335,0.11853917688131332,4.639260768890381,0.264345645904541,-0.02479671686887741,0.03058425709605217,-0.11212699860334396,0.09585541486740112,0.08188498765230179,-0.002915487624704838,0.06690844893455505,-0.003154683392494917,0.0,0.0,5.0,0.3797674684925196,0.0033119916915893555,-0.0013544559478759766,0.005848050117492676,-0.0025072693824768066,0.009562386199831963,0.9549007001332939,False,False
163,3.2600000000000002,0.00397186866030097,0.12038569897413254,4.640902042388916,0.2643360495567322,-0.023442573845386505,0.03048607148230076,-0.11515109241008759,0.0888122096657753,0.08225531876087189,-0.006926984526216984,0.0684133768081665,-0.001942309783771634,0.0,0.0,5.0,0.37876092118722726,0.0030385255813598633,-0.0018816590309143066,0.0057593584060668945,-0.0027944445610046387,0.009564102627336979,0.9644648027606308,False,False
164,3.2800000000000002,0.0016407325165346265,0.1220923438668251,4.642549991607666,0.2643519639968872,-0.022054476663470268,0.030307644978165627,-0.11792080849409103,0.08186866343021393,0.08251748234033585,-0.01087979506701231,0.07038053870201111,-0.000687786377966404,0.0,0.0,5.0,0.37772971942086514,0.003321409225463867,-0.002228677272796631,0.005696654319763184,-0.0026006698608398438,0.009565789252519608,0.9740305920131505,False,False
165,3.3000000000000003,-0.0007432462880387902,0.12366119772195816,4.644203186035156,0.26439425349235535,-0.020625688135623932,0.03005925938487053,-0.1204347014427185,0.07503692060709,0.08279359340667725,-0.01386883482336998,0.07256034761667252,0.0006014365935698152,0.0,0.0,5.0,0.37667494881476726,0.00287020206451416,-0.002741873264312744,0.005566239356994629,-0.0029478073120117188,0.00956746656447649,0.9835980585776269,False,False
166,3.3200000000000003,-0.003174886107444763,0.1250947117805481,4.645860195159912,0.2644636631011963,-0.019148798659443855,0.029748916625976562,-0.1226859763264656,0.06833645701408386,0.08293577283620834,-0.01702825538814068,0.07526960223913193,0.0019166914280503988,0.0,0.0,5.0,0.37559788097036595,0.002753138542175293,-0.003404855728149414,0.00542902946472168,-0.0036445260047912598,0.009569047950208187,0.9931671065278351,False,False
167,3.34,-0.005648871883749962,0.12639565765857697,4.647519588470459,0.2645614743232727,-0.017619118094444275,0.029374806210398674,-0.12466823309659958,0.06178221106529236,0.08292742818593979,-0.02020297572016716,0.0779203474521637,0.003334842622280121,0.0,0.0,5.0,0.3744999499873635,0.0027385950088500977,-0.0039765238761901855,0.005179643630981445,-0.004377245903015137,0.00957061443477869,1.0027377209626138,False,False
168,3.36,-0.008159761317074299,0.1275671124458313,4.649176597595215,0.2646893858909607,-0.016041574999690056,0.02893763780593872,-0.12637533247470856,0.05538846179842949,0.08277296274900436,-0.023299049586057663,0.08013951778411865,0.004849829711019993,0.0,0.0,5.0,0.3733858721984387,0.0028508901596069336,-0.004559814929962158,0.006285429000854492,-0.005146324634552002,0.009571915492415428,1.0123096364550292,False,False
169,3.38,-0.010702008381485939,0.12861236929893494,4.650830268859863,0.2648507356643677,-0.01441177073866129,0.02842540107667446,-0.12780289351940155,0.04916544631123543,0.08261309564113617,-0.027679575607180595,0.08323659747838974,0.006604091264307499,0.0,0.0,5.0,0.37225686785411816,0.0035468339920043945,-0.005337715148925781,0.006780505180358887,-0.005866408348083496,0.009573210962116718,1.021882847417146,False,False
170,3.4,-0.013269954361021519,0.1295350193977356,4.652480602264404,0.26505038142204285,-0.012722569517791271,0.027828099206089973,-0.12894411385059357,0.04313215985894203,0.0824308916926384,-0.03178032115101814,0.08617784827947617,0.008608794771134853,0.0,0.0,5.0,0.3711133852902998,0.004173636436462402,-0.0063939690589904785,0.006834149360656738,-0.0066190361976623535,0.00957450456917286,1.0314573519863188,False,False
171,3.42,-0.015857798978686333,0.13033908605575562,4.6541266441345215,0.2652930021286011,-0.01097855344414711,0.027158135548233986,-0.12979181110858917,0.03730924800038338,0.08214573562145233,-0.034929633140563965,0.08882414549589157,0.01084525790065527,0.0,0.0,5.0,0.3699569237626808,0.003692030906677246,-0.00631636381149292,0.006403803825378418,-0.007383823394775391,0.009575999341905117,1.041033351328224,False,False
172,3.44,-0.018459608778357506,0.131028950214386,4.655765533447266,0.26558002829551697,-0.009191267192363739,0.026415420696139336,-0.13034000992774963,0.03171364963054657,0.08171144127845764,-0.039053577929735184,0.09060855954885483,0.013060829602181911,0.0,0.0,5.0,0.3687908769389227,0.004819512367248535,-0.006311953067779541,0.00492095947265625,-0.008595764636993408,0.009577518329024315,1.0506108696572483,False,False
173,3.46,-0.021069372072815895,0.13160930573940277,4.657393932342529,0.26591065526008606,-0.007410896476358175,0.025605520233511925,-0.13058783113956451,0.026360472664237022,0.08113105595111847,-0.04166286066174507,0.08822768181562424,0.015355720184743404,0.0,0.0,5.0,0.3676191580868246,0.005042910575866699,-0.005375027656555176,0.002812504768371582,-0.008201003074645996,0.009579477831721306,1.0601903474889696,False,False
174,3.48,-0.023681171238422394,0.13208507001399994,4.659010410308838,0.2662806510925293,-0.005710212048143148,0.024763211607933044,-0.1305459588766098,0.02125481329858303,0.08050316572189331,-0.04232603684067726,0.0827179104089737,0.017351044341921806,0.0,0.0,5.0,0.3664439436934029,0.0035729408264160156,-0.004432737827301025,0.0015102624893188477,-0.007072031497955322,0.009581537917256355,1.069771885406226,False,False
175,3.5,-0.02628939598798752,0.13246117532253265,4.660613536834717,0.2666820287704468,-0.0041163889691233635,0.023908287286758423,-0.1302340030670166,0.01639598421752453,0.07981254905462265,-0.04296974837779999,0.07759342342615128,0.018895430490374565,0.0,0.0,5.0,0.3652673906730247,0.0024404525756835938,-0.004575788974761963,0.0009895563125610352,-0.0064580440521240234,0.00958324410021305,1.079355129506439,False,False
176,3.52,-0.028888853266835213,0.13274255394935608,4.66220235824585,0.2671089172363281,-0.002610483206808567,0.023042606189846992,-0.1296718716621399,0.011782253161072731,0.07901125401258469,-0.043455418199300766,0.07395719736814499,0.020242078229784966,0.0,0.0,5.0,0.3640911949590868,0.0015609264373779297,-0.004896819591522217,0.0007872581481933594,-0.0063645243644714355,0.009584715589880943,1.08893984509632,False,False
177,3.54,-0.03147469460964203,0.1329340785741806,4.663773536682129,0.2675592303276062,-0.0011656354181468487,0.022164922207593918,-0.1288747787475586,0.007411929778754711,0.07808630913496017,-0.044228695333004,0.07150797545909882,0.02150922827422619,0.0,0.0,5.0,0.3629192200509369,0.001340627670288086,-0.0055425167083740234,0.0008565187454223633,-0.006357967853546143,0.009586017578840256,1.0985258626751602,False,False
178,3.56,-0.03404233977198601,0.133040651679039,4.665324687957764,0.2680331766605377,0.0002403134567430243,0.021276352927088737,-0.1278531402349472,0.003283601487055421,0.07708797603845596,-0.0446070171892643,0.0700826644897461,0.02282184176146984,0.0,0.0,5.0,0.3617544199963602,0.0012135505676269531,-0.005694448947906494,0.0011016130447387695,-0.006504952907562256,0.00958727952092886,1.108113142196089,False,False
179,3.58,-0.03658735752105713,0.1330670565366745,4.66685676574707,0.26853200793266296,0.001621720613911748,0.020376892760396004,-0.1266132891178131,-0.0006037075072526932,0.0760757252573967,-0.04538571834564209,0.06906650215387344,0.02417324297130108,0.0,0.0,5.0,0.36059657623750474,0.00026798248291015625,-0.005934536457061768,0.0012023448944091797,-0.006293773651123047,0.00958848837763071,1.1177016305737197,False,False
180,3.6,-0.039105433970689774,0.1330181360244751,4.6683669090271,0.2690557539463043,0.0029990216717123985,0.019456125795841217,-0.12516002357006073,-0.004246596246957779,0.07498085498809814,-0.0468125119805336,0.06967896223068237,0.02544867806136608,0.0,0.0,5.0,0.359448976220133,8.416175842285156e-05,-0.006455659866333008,0.0010281801223754883,-0.0064209699630737305,0.009589542634785175,1.127291173208505,False,False
181,3.62,-0.041592326015233994,0.13289886713027954,4.669854640960693,0.269604355096817,0.004392955452203751,0.018511800095438957,-0.1234937533736229,-0.007639909628778696,0.07378999888896942,-0.04782327637076378,0.07073011994361877,0.02675117366015911,0.0,0.0,5.0,0.3583126966255339,-8.33272933959961e-05,-0.005577743053436279,0.0008388757705688477,-0.0063588619232177734,0.009590767323970795,1.1368819405324757,False,False
182,3.64,-0.044043730944395065,0.13271422684192657,4.671319484710693,0.27017658948898315,0.005798859987407923,0.017539486289024353,-0.12161142379045486,-0.010780863463878632,0.07265864312648773,-0.04969971626996994,0.0708686113357544,0.027932805940508842,0.0,0.0,5.0,0.35718874194548283,5.424022674560547e-05,-0.00538402795791626,0.00035941600799560547,-0.006035566329956055,0.009591919369995594,1.1464738599024713,False,False
183,3.66,-0.04645534232258797,0.13246935606002808,4.6727614402771,0.27077028155326843,0.007202397100627422,0.0165387112647295,-0.11951421201229095,-0.013662346638739109,0.07154640555381775,-0.05076396092772484,0.07047580927610397,0.02903452329337597,0.0,0.0,5.0,0.356077665818548,0.0001424551010131836,-0.004860579967498779,-0.00032895803451538086,-0.0057961344718933105,0.009593088179826736,1.156066948082298,False,False
184,3.68,-0.048822883516550064,0.13216948509216309,4.6741814613342285,0.27138304710388184,0.008586793206632137,0.015522992238402367,-0.11720510572195053,-0.016280291602015495,0.07045141607522964,-0.05129207298159599,0.06892796605825424,0.030009297654032707,0.0,0.0,5.0,0.35497910767071483,-0.000422060489654541,-0.004727482795715332,-0.0007786154747009277,-0.0055692195892333984,0.009594143368303776,1.1656610914506018,False,False
185,3.7,-0.051142171025276184,0.1318199336528778,4.675578594207764,0.2720121741294861,0.009942855685949326,0.014497472904622555,-0.11469078063964844,-0.01863250695168972,0.0692930743098259,-0.05184314399957657,0.06760676205158234,0.030856190249323845,0.0,0.0,5.0,0.35389442649134584,-0.0005916357040405273,-0.004854679107666016,-0.0010889768600463867,-0.005659818649291992,0.00959507655352354,1.1752561680041254,False,False
186,3.72,-0.05340917780995369,0.13142599165439606,4.676951885223389,0.2726561725139618,0.01127176359295845,0.013463863171637058,-0.11197734624147415,-0.02071848139166832,0.06806671619415283,-0.05220096558332443,0.06617105007171631,0.031678639352321625,0.0,0.0,5.0,0.35282490844241604,-0.00044155120849609375,-0.003929853439331055,-0.0014872550964355469,-0.006209969520568848,0.009596046060323715,1.184852214064449,False,False
187,3.74,-0.055619969964027405,0.13099297881126404,4.678300857543945,0.27331408858299255,0.012550409883260727,0.012414020486176014,-0.10907089710235596,-0.022538814693689346,0.06685249507427216,-0.053567249327898026,0.06253373622894287,0.0324430987238884,0.0,0.0,5.0,0.3517713459246056,-0.0006745457649230957,-0.005031704902648926,-0.0016583800315856934,-0.005732357501983643,0.009596883319318295,1.1944490973837674,False,False
188,3.7600000000000002,-0.057770825922489166,0.13052622973918915,4.679624557495117,0.2739854156970978,0.013774671591818333,0.011354380287230015,-0.10598545521497726,-0.02409203164279461,0.06553708016872406,-0.05328076705336571,0.060681164264678955,0.03322809189558029,0.0,0.0,5.0,0.350734927171352,-0.0011535882949829102,-0.0040267109870910645,-0.0013638734817504883,-0.006352782249450684,0.0095977196469903,1.2040468170307577,False,False
189,3.7800000000000002,-0.05985824018716812,0.1300310641527176,4.680922031402588,0.27467015385627747,0.01495315320789814,0.010275355540215969,-0.10272857546806335,-0.02538003772497177,0.06424040347337723,-0.05560554191470146,0.057900235056877136,0.033960096538066864,0.0,0.0,5.0,0.34971679486013246,-0.0010986924171447754,-0.004346966743469238,-0.001023411750793457,-0.006459295749664307,0.009598428383469582,1.2136452454142272,False,False
190,3.8000000000000003,-0.06187890097498894,0.12951286137104034,4.682193756103516,0.2753685414791107,0.016082044690847397,0.009150052443146706,-0.09931217133998871,-0.026398399844765663,0.06293945014476776,-0.05800856277346611,0.055661335587501526,0.034768663346767426,0.0,0.0,5.0,0.3487167737663024,-0.0009712576866149902,-0.004621148109436035,-0.0010023713111877441,-0.006457686424255371,0.00959909986704588,1.2232443452812731,False,False
191,3.8200000000000003,-0.06382972747087479,0.1289770007133484,4.6834397315979,0.2760818600654602,0.017168648540973663,0.007981883361935616,-0.09574779868125916,-0.027140693739056587,0.061624929308891296,-0.05999467149376869,0.053605709224939346,0.035616450011730194,0.0,0.0,5.0,0.34773510658664675,-0.0009776949882507324,-0.00462651252746582,-0.0012379884719848633,-0.0063422322273254395,0.009599764831364155,1.2328441101126373,False,False
192,3.84,-0.06570787727832794,0.1284290999174118,4.684659004211426,0.2768101692199707,0.018213672563433647,0.006778829265385866,-0.09204573929309845,-0.02760152332484722,0.060295768082141876,-0.061599213629961014,0.0514308400452137,0.036431483924388885,0.0,0.0,5.0,0.34677298405001206,-0.0011038780212402344,-0.004508554935455322,-0.0016634464263916016,-0.006096005439758301,0.009600412100553513,1.2424445222131908,False,False
193,3.86,-0.0675106942653656,0.12787485122680664,4.685851097106934,0.27755245566368103,0.01921411231160164,0.0055493502877652645,-0.08821620792150497,-0.02777707390487194,0.058946236968040466,-0.06273800134658813,0.04906843602657318,0.037161193788051605,0.0,0.0,5.0,0.3458311793424457,-0.0013294816017150879,-0.004279017448425293,-0.002221047878265381,-0.005768120288848877,0.009601031430065632,1.2520455536432564,False,False
194,3.88,-0.06923574209213257,0.12731996178627014,4.687016487121582,0.2783065438270569,0.020165609195828438,0.0043027340434491634,-0.08426962047815323,-0.027665453031659126,0.05757231265306473,-0.0634085088968277,0.046451300382614136,0.03776609152555466,0.0,0.0,5.0,0.3449096113274033,-0.0008761286735534668,-0.004025399684906006,-0.0027988553047180176,-0.005032360553741455,0.009601717814803123,1.2616472714580595,False,False
195,3.9,-0.07088074833154678,0.12677013874053955,4.688154697418213,0.27907031774520874,0.021059691905975342,0.0030600891914218664,-0.0802145004272461,-0.02726723439991474,0.05628058686852455,-0.06243044510483742,0.04323706030845642,0.03826724737882614,0.0,0.0,5.0,0.34400907154123433,-0.0009862184524536133,-0.002946794033050537,-0.0036565661430358887,-0.0041738152503967285,0.009602423757314682,1.2712496952153742,False,False
196,3.92,-0.07244366407394409,0.1262311339378357,4.689268589019775,0.2798401713371277,0.02187989093363285,0.001843544072471559,-0.07606212049722672,-0.026588262990117073,0.05508110299706459,-0.060876935720443726,0.03897102549672127,0.03849794715642929,0.0,0.0,5.0,0.3431273719910021,-0.0014815330505371094,-0.0014294981956481934,-0.006490588188171387,-0.002375185489654541,0.009602881036698818,1.280852576252073,False,False
197,3.94,-0.07392269372940063,0.1257084161043167,4.6903581619262695,0.2806073725223541,0.0225932989269495,0.0006871317164041102,-0.07182910293340683,-0.025640223175287247,0.053877487778663635,-0.05647025257349014,0.032466523349285126,0.0381099209189415,0.0,0.0,5.0,0.3422648658763343,-0.0033843517303466797,0.0010268688201904297,-0.009568452835083008,-0.00020331144332885742,0.009602926671504974,1.290455502923578,False,False
198,3.96,-0.0753164142370224,0.12520717084407806,4.691422939300537,0.2813570201396942,0.023161612451076508,-0.0003713308251462877,-0.06753560900688171,-0.024444930255413055,0.05263661593198776,-0.05109112709760666,0.024376312270760536,0.03682725876569748,0.0,0.0,5.0,0.34142231953142854,-0.005361974239349365,0.0026273727416992188,-0.011067092418670654,0.001161336898803711,0.0096030468121171,1.3000585497356951,False,False
199,3.98,-0.07662386447191238,0.12473208457231522,4.692462921142578,0.28207463026046753,0.023571521043777466,-0.0013303406303748488,-0.06320567429065704,-0.023029936477541924,0.05134335160255432,-0.04648664966225624,0.016553660854697227,0.03494488447904587,0.0,0.0,5.0,0.3406000064599549,-0.006467461585998535,0.002916693687438965,-0.011798381805419922,0.0018682479858398438,0.009603382088243961,1.309661931823939,False,False
200,4.0,-0.07784456759691238,0.12428727000951767,4.693475723266602,0.28275179862976074,0.023834211751818657,-0.0021974786650389433,-0.05886407941579819,-0.02142186090350151,0.049965761601924896,-0.04183218255639076,0.009595965966582298,0.03279870003461838,0.0,0.0,5.0,0.33980028607654533,-0.00709223747253418,0.003135204315185547,-0.011977672576904297,0.0020416975021362305,0.009603846818208694,1.3192657786421478,False,False
201,4.0200000000000005,-0.07897850126028061,0.12387634068727493,4.694461345672607,0.2833850681781769,0.023962566629052162,-0.0029777507297694683,-0.054531507194042206,-0.01964525878429413,0.04854656383395195,-0.037708453834056854,0.003075925400480628,0.030541209504008293,0.0,0.0,5.0,0.3390233336093311,-0.007312476634979248,0.003415703773498535,-0.012115955352783203,0.002315044403076172,0.00960434041917324,1.328870119061321,False,False
202,4.04,-0.08002601563930511,0.1235024482011795,4.695417881011963,0.28397268056869507,0.02396167814731598,-0.00367755233310163,-0.05022682622075081,-0.01772257313132286,0.0471457801759243,-0.033679861575365067,-0.0033600141759961843,0.028198806568980217,0.0,0.0,5.0,0.3382710231427311,-0.007736623287200928,0.0035505294799804688,-0.01203221082687378,0.0024776458740234375,0.009604849852621555,1.3384749689139426,False,False
203,4.0600000000000005,-0.08098789304494858,0.12316826730966568,4.696346759796143,0.28451329469680786,0.023838113993406296,-0.004303136374801397,-0.0459701232612133,-0.015675868839025497,0.045740604400634766,-0.03017064742743969,-0.00921163335442543,0.025797007605433464,0.0,0.0,5.0,0.3375422213267946,-0.007996201515197754,0.0034055709838867188,-0.012011587619781494,0.0024008750915527344,0.009605382569134235,1.3480803514830768,False,False
204,4.08,-0.08186527341604233,0.12287610024213791,4.69724702835083,0.28500649333000183,0.023601436987519264,-0.004862060304731131,-0.041780561208724976,-0.013525496236979961,0.04429055005311966,-0.02689197100698948,-0.01468188501894474,0.023393569514155388,0.0,0.0,5.0,0.33683797417245337,-0.008032023906707764,0.003241419792175293,-0.011772632598876953,0.0023175477981567383,0.009605973027646542,1.3576863245107234,False,False
205,4.1,-0.08265966922044754,0.12262782454490662,4.698118686676025,0.28545263409614563,0.023259256035089493,-0.005358758382499218,-0.03767421841621399,-0.011289400979876518,0.042836952954530716,-0.02382323518395424,-0.019763320684432983,0.02103203348815441,0.0,0.0,5.0,0.33615849178989654,-0.007697582244873047,0.0028661489486694336,-0.011670410633087158,0.00312960147857666,0.009606576524674892,1.3672929010353982,False,False
206,4.12,-0.08337288349866867,0.12242498993873596,4.6989617347717285,0.28585219383239746,0.02282578870654106,-0.005779868457466364,-0.03366437554359436,-0.008984478190541267,0.04147026687860489,-0.019208889454603195,-0.023804783821105957,0.018670542165637016,0.0,0.0,5.0,0.33550402828584536,-0.007261991500854492,0.003915309906005859,-0.01104116439819336,0.003955721855163574,0.009607193060219288,1.3769000940956175,False,False
207,4.14,-0.08400692045688629,0.12226879596710205,4.699780464172363,0.28620436787605286,0.022311056032776833,-0.006114491261541843,-0.029758339747786522,-0.006628816016018391,0.04039352759718895,-0.015048414468765259,-0.027876652777194977,0.01623360626399517,0.0,0.0,5.0,0.33487100627623184,-0.007102489471435547,0.004556536674499512,-0.010475337505340576,0.0046961307525634766,0.009607788175344467,1.386507882270962,False,False
208,4.16,-0.08456399291753769,0.12216003984212875,4.700579643249512,0.28650787472724915,0.02172020450234413,-0.006370505318045616,-0.02596835047006607,-0.004243484232574701,0.039525408297777176,-0.011221533641219139,-0.031396519392728806,0.013735597021877766,0.0,0.0,5.0,0.3342554326693547,-0.0061574578285217285,0.005954623222351074,-0.011473655700683594,0.004367947578430176,0.00960818212479353,1.3961160643957555,False,False
209,4.18,-0.08504653722047806,0.12209911644458771,4.701361656188965,0.28676116466522217,0.02101876772940159,-0.006548894103616476,-0.022307995706796646,-0.0018491164082661271,0.03875945881009102,-0.007159080356359482,-0.03890904784202576,0.01113294530659914,0.0,0.0,5.0,0.3336554632011009,-0.0066457390785217285,0.006339430809020996,-0.010716438293457031,0.004827022552490234,0.009608765132725239,1.4057248295284808,False,False
210,4.2,-0.08545731753110886,0.12208599597215652,4.702130317687988,0.2869628667831421,0.02018114924430847,-0.006660036277025938,-0.018797455355525017,0.000532753299921751,0.038105666637420654,-0.0043711126782000065,-0.044983863830566406,0.008476738817989826,0.0,0.0,5.0,0.3330679978214433,-0.006509900093078613,0.005595207214355469,-0.00997006893157959,0.0050241947174072266,0.009609556756913662,1.4153343862853944,False,False
211,4.22,-0.08579958230257034,0.1221202164888382,4.702886581420898,0.2871135175228119,0.019238591194152832,-0.006713015493005514,-0.015457786619663239,0.0028827667701989412,0.03748806193470955,-0.00122437858954072,-0.04937080666422844,0.005953629035502672,0.0,0.0,5.0,0.33249255495174124,-0.006260812282562256,0.005287289619445801,-0.009051680564880371,0.004750251770019531,0.009610413573682308,1.4249447998590767,False,False
212,4.24,-0.08607687056064606,0.12220098078250885,4.7036309242248535,0.2872158885002136,0.018215622752904892,-0.006711029447615147,-0.012302671559154987,0.005184873938560486,0.03693158179521561,0.0012307676952332258,-0.05299205332994461,0.0035934450570493937,0.0,0.0,5.0,0.33192911355519245,-0.0058934688568115234,0.004643797874450684,-0.0080794095993042,0.004540801048278809,0.00961135234683752,1.4345561522059143,False,False
213,4.26,-0.08629298955202103,0.12232717871665955,4.704363822937012,0.28727346658706665,0.01713123731315136,-0.006662711501121521,-0.009343104436993599,0.007425262127071619,0.03642658144235611,0.0034986408427357674,-0.05548269674181938,0.0014374074526131153,0.0,0.0,5.0,0.3313776816368618,-0.005457580089569092,0.004138946533203125,-0.007105529308319092,0.004211783409118652,0.009612332098186016,1.4441684843041003,False,False
214,4.28,-0.0864519402384758,0.12249749153852463,4.705088138580322,0.2872902452945709,0.01600453443825245,-0.0065737273544073105,-0.006586354225873947,0.009592639282345772,0.03598194941878319,0.005371649283915758,-0.05719596892595291,-0.0005097106914035976,0.0,0.0,5.0,0.33083618213588295,-0.005045115947723389,0.003533005714416504,-0.006254851818084717,0.0039980411529541016,0.00961332768201828,1.4537818119861186,False,False
215,4.3,-0.08655782788991928,0.12271032482385635,4.705803871154785,0.28727003931999207,0.014852344989776611,-0.0064483750611543655,-0.004037106409668922,0.01167757622897625,0.035584475845098495,0.007194104604423046,-0.058007270097732544,-0.0022629990708082914,0.0,0.0,5.0,0.33030507658058705,-0.0046274662017822266,0.0027551651000976562,-0.0056105852127075195,0.0038181543350219727,0.009614333510398865,1.4633961454965174,False,False
216,4.32,-0.08661482483148575,0.12296397984027863,4.706511497497559,0.28721651434898376,0.013692704029381275,-0.0062830159440636635,-0.0016970222350209951,0.01367164682596922,0.0352008156478405,0.009418179281055927,-0.057920292019844055,-0.0038282955065369606,0.0,0.0,5.0,0.3297844285588314,-0.004298210144042969,0.0027529001235961914,-0.004883706569671631,0.003380417823791504,0.009615321643650532,1.473011467140168,False,False
217,4.34,-0.08662708848714828,0.12325653433799744,4.707211971282959,0.2871329188346863,0.012534210458397865,-0.006082573439925909,0.0004362905747257173,0.015567640773952007,0.03488096594810486,0.01073525846004486,-0.05787491798400879,-0.005254187621176243,0.0,0.0,5.0,0.3292738305374191,-0.0038047432899475098,0.0021053552627563477,-0.004090428352355957,0.003086090087890625,0.00961639080196619,1.4826278579421341,False,False
218,4.36,-0.08659873902797699,0.12358597666025162,4.707906723022461,0.28702250123023987,0.011383590288460255,-0.005855444353073835,0.0023646685294806957,0.01735977828502655,0.034598030149936676,0.012109334580600262,-0.057119205594062805,-0.0064726294949650764,0.0,0.0,5.0,0.32877244057825356,-0.00337904691696167,0.0019162893295288086,-0.00333327054977417,0.0026906728744506836,0.009617434814572334,1.4922452927567065,False,False
219,4.38,-0.08653383702039719,0.12395019084215164,4.708596229553223,0.286888986825943,0.010249337181448936,-0.005606816615909338,0.004092046059668064,0.019044138491153717,0.0343765951693058,0.012897628359496593,-0.05622772499918938,-0.007526540197432041,0.0,0.0,5.0,0.3282802342357465,-0.0028972625732421875,0.0014148950576782227,-0.0025970935821533203,0.0023955106735229492,0.009618505835533142,1.5018637985922396,False,False
220,4.4,-0.08643637597560883,0.12434699386358261,4.709281921386719,0.286735862493515,0.009137854911386967,-0.00534299248829484,0.0056226556189358234,0.020618202164769173,0.03419909253716469,0.013632893562316895,-0.054834768176078796,-0.00839290115982294,0.0,0.0,5.0,0.3277963135962707,-0.0024737119674682617,0.0011709928512573242,-0.0019286870956420898,0.0020598173141479492,0.009619551710784435,1.511483350303024,False,False
221,4.42,-0.08631021529436111,0.12477417290210724,4.709964752197266,0.28656649589538574,0.008055848069489002,-0.005068101920187473,0.006962175946682692,0.022080859169363976,0.03407415747642517,0.014001568779349327,-0.05327598378062248,-0.009103626944124699,0.0,0.0,5.0,0.32732016811610837,-0.002041459083557129,0.0008339881896972656,-0.0013324618339538574,0.0018306970596313477,0.009620585478842258,1.5211039357818663,False,False
222,4.44,-0.0861591324210167,0.12522947788238525,4.7106451988220215,0.2863840162754059,0.007007962092757225,-0.004786367528140545,0.008116832002997398,0.023432161659002304,0.033996567130088806,0.014309191145002842,-0.05142125114798546,-0.00966589991003275,0.0,0.0,5.0,0.32685167766891543,-0.0016654133796691895,0.0006120204925537109,-0.0007867813110351562,0.0015757083892822266,0.009621595963835716,1.530725531745702,False,False
223,4.46,-0.08598674833774567,0.12571072578430176,4.711324214935303,0.28619104623794556,0.005998654756695032,-0.004500572569668293,0.009093663655221462,0.024672994390130043,0.03396424651145935,0.014395653270184994,-0.04941853880882263,-0.010097929276525974,0.0,0.0,5.0,0.32639028225367556,-0.001293778419494629,0.00030672550201416016,-0.0002932548522949219,0.00133514404296875,0.00962259154766798,1.54034812329337,False,False
224,4.48,-0.0857965424656868,0.12621568143367767,4.712003231048584,0.28599029779434204,0.005031452514231205,-0.004213513806462288,0.009900186210870743,0.02580503188073635,0.03396468237042427,0.014420746825635433,-0.04721318557858467,-0.010398545302450657,0.0,0.0,5.0,0.32593493808625257,-0.0009632110595703125,8.249282836914062e-05,0.00014090538024902344,0.0010807514190673828,0.009623551741242409,1.5499716750346124,False,False
225,4.5,-0.08559183776378632,0.12674221396446228,4.712682247161865,0.2857843339443207,0.004109203815460205,-0.003927235491573811,0.01054452359676361,0.02683059498667717,0.03399433195590973,0.014301186427474022,-0.04492693021893501,-0.010583424009382725,0.0,0.0,5.0,0.3254858562032325,-0.0005818605422973633,-0.00012987852096557617,0.0005534887313842773,0.0008774995803833008,0.009624465368688107,1.5595961404033005,False,False
226,4.5200000000000005,-0.08537578582763672,0.12728823721408844,4.713362216949463,0.285575270652771,0.003233168041333556,-0.0036434202920645475,0.01103509683161974,0.027752606198191643,0.03406205773353577,0.014157087542116642,-0.042596716433763504,-0.010655694641172886,0.0,0.0,5.0,0.3250423646401855,-0.0002490878105163574,-0.0002675056457519531,0.0009505748748779297,0.0007065534591674805,0.009625309146940708,1.5692214495502412,False,False
227,4.54,-0.08515140414237976,0.127851665019989,4.71404504776001,0.2853652834892273,0.002404129831120372,-0.003363376948982477,0.011380425654351711,0.028574233874678612,0.03417190909385681,0.013906423933804035,-0.04023280367255211,-0.010631234385073185,0.0,0.0,5.0,0.324602902923522,2.384185791015625e-05,-0.00044840574264526367,0.0012869834899902344,0.0005505084991455078,0.00962610449641943,1.5788475540466607,False,False
228,4.5600000000000005,-0.08492150157690048,0.1284305453300476,4.7147297859191895,0.2851562798023224,0.001623400254175067,-0.0030885906890034676,0.011589083820581436,0.02929890900850296,0.03430900722742081,0.013614272698760033,-0.03777213394641876,-0.010518745519220829,0.0,0.0,5.0,0.3241684152497902,0.00026166439056396484,-0.0005913376808166504,0.0015494823455810547,0.00038361549377441406,0.009626882150769234,1.58847443619743,False,False
229,4.58,-0.084688700735569,0.1290230005979538,4.715417385101318,0.28494992852211,0.0008919529500417411,-0.0028200128581374884,0.011669890023767948,0.02993040345609188,0.034465208649635315,0.013269487768411636,-0.03531116619706154,-0.010330804623663425,0.0,0.0,5.0,0.3237381278412379,0.0004659891128540039,-0.0007295608520507812,0.0017572641372680664,0.00023031234741210938,0.009627646766602993,1.5981020829640329,False,False
230,4.6000000000000005,-0.08445549756288528,0.12962716817855835,4.716108322143555,0.2847477197647095,0.00020965495787095279,-0.002558378269895911,0.011631698347628117,0.03047269769012928,0.03463352844119072,0.012905027717351913,-0.032863833010196686,-0.010077276267111301,0.0,0.0,5.0,0.32331164308563726,0.0009006261825561523,-0.000859379768371582,0.002108931541442871,0.0002592802047729492,0.009628348052501678,1.6077304310165346,False,False
231,4.62,-0.08422418683767319,0.13024134933948517,4.716803550720215,0.28455108404159546,-0.00042280208435840905,-0.002301263390108943,0.011483353562653065,0.030929865315556526,0.03486926481127739,0.012804397381842136,-0.030333735048770905,-0.009741158224642277,0.0,0.0,5.0,0.3228881410193242,0.0009042024612426758,-0.0009194612503051758,0.0020360946655273438,0.00040853023529052734,0.009629135951399803,1.6173595669679344,False,False
232,4.64,-0.08399684727191925,0.13086381554603577,4.717503547668457,0.28436073660850525,-0.0010031444253399968,-0.0020429405849426985,0.011234280653297901,0.031304966658353806,0.03510705754160881,0.013014305382966995,-0.02765885926783085,-0.009419814683496952,0.0,0.0,5.0,0.32246713654386044,0.000910639762878418,-0.0007511377334594727,0.001996278762817383,0.0002880096435546875,0.009629925712943077,1.6269894926808774,False,False
233,4.66,-0.08377543091773987,0.1314930021762848,4.718207836151123,0.2841765284538269,-0.0015335720963776112,-0.0017829564167186618,0.01089437585324049,0.031600456684827805,0.03534626588225365,0.012960719875991344,-0.025348413735628128,-0.009106011129915714,0.0,0.0,5.0,0.3220489963552406,0.0009877681732177734,-0.0008614063262939453,0.001990079879760742,0.00020599365234375,0.00963066890835762,1.636620161589235,False,False
234,4.68,-0.08356163650751114,0.1321272850036621,4.718916893005371,0.28399857878685,-0.002018330618739128,-0.0015227471012622118,0.01047262642532587,0.031818877905607224,0.03557351231575012,0.013028581626713276,-0.023097839206457138,-0.008767747320234776,0.0,0.0,5.0,0.32163314439902857,0.001030564308166504,-0.0004545450210571289,0.001949906349182129,0.00015544891357421875,0.009631435386836529,1.6462515969760716,False,False
235,4.7,-0.08335702121257782,0.13276520371437073,4.719631195068359,0.28382691740989685,-0.0024639051407575607,-0.0012651768047362566,0.009977122768759727,0.03196275606751442,0.0358358733355999,0.012689960189163685,-0.021435532718896866,-0.008462377823889256,0.0,0.0,5.0,0.32121902042305783,0.0010951757431030273,-0.0003312230110168457,0.0019326210021972656,0.0003037452697753906,0.00963215995579958,1.6558837569318712,False,False
236,4.72,-0.08316300064325333,0.13340529799461365,4.720350742340088,0.28366100788116455,-0.0028767953626811504,-0.0010131605667993426,0.009414255619049072,0.03203492984175682,0.036129359155893326,0.0124673405662179,-0.019834432750940323,-0.008177847601473331,0.0,0.0,5.0,0.3208064299835047,0.0010797977447509766,-0.00028949975967407227,0.001969456672668457,0.00033223628997802734,0.009632875211536884,1.665516632143408,False,False
237,4.74,-0.08298086374998093,0.13404613733291626,4.721076965332031,0.283500611782074,-0.003257192438468337,-0.0007662534480914474,0.008789888583123684,0.0320381298661232,0.03643164783716202,0.01217415276914835,-0.018190886825323105,-0.007897877134382725,0.0,0.0,5.0,0.3203938981175466,0.0011235475540161133,-0.0003523826599121094,0.0020002126693725586,0.00028884410858154297,0.009633575566112995,1.675150207709521,False,False
238,4.76,-0.08281178027391434,0.13468638062477112,4.721807956695557,0.28334590792655945,-0.0036046067252755165,-0.0005248186062090099,0.008109920658171177,0.031975191086530685,0.036730602383613586,0.011916209012269974,-0.016540488228201866,-0.0076010460034012794,0.0,0.0,5.0,0.31998285115899117,0.0011451244354248047,-0.00038057565689086914,0.002032637596130371,0.0002065896987915039,0.009634271264076233,1.6847844789735973,False,False
239,4.78,-0.08265680819749832,0.13532473146915436,4.722545623779297,0.2831970751285553,-0.003919441718608141,-0.0002892232732847333,0.007380248047411442,0.031848981976509094,0.037023771554231644,0.011587327346205711,-0.014936822466552258,-0.007288948632776737,0.0,0.0,5.0,0.31957137195408514,0.001180887222290039,-0.0004597902297973633,0.002057313919067383,0.0001252889633178711,0.00963495671749115,1.6944194356910884,False,False
240,4.8,-0.0825168713927269,0.1359599530696869,4.7232890129089355,0.2830546796321869,-0.004202321171760559,-6.00741732341703e-05,0.006606615148484707,0.031662456691265106,0.03730693459510803,0.011269720271229744,-0.013348552398383617,-0.006956287659704685,0.0,0.0,5.0,0.3191600120316869,0.0011960268020629883,-0.0005016922950744629,0.0020750761032104492,3.325939178466797e-05,0.00963563658297062,1.704055072274059,False,False
241,4.82,-0.08239279687404633,0.1365908533334732,4.724038124084473,0.2829190194606781,-0.004453911446034908,0.00016215690993703902,0.005794638302177191,0.031418606638908386,0.03758002445101738,0.010894639417529106,-0.011811116710305214,-0.006608077324926853,0.0,0.0,5.0,0.31874847630994435,0.001189112663269043,-0.000564277172088623,0.0016499757766723633,0.00017535686492919922,0.00963637512177229,1.7136914473958313,False,False
242,4.84,-0.08228529244661331,0.13721629977226257,4.724792003631592,0.28278982639312744,-0.004677041433751583,0.00038366904482245445,0.004949839785695076,0.031120168045163155,0.03781832009553909,0.011197547428309917,-0.010505305603146553,-0.006307528354227543,0.0,0.0,5.0,0.3183372795343484,0.0008374452590942383,-0.00012570619583129883,0.0009459257125854492,0.000370025634765625,0.009637197479605675,1.723328644875437,False,False
243,4.86,-0.0821949690580368,0.1378352791070938,4.725550174713135,0.28266504406929016,-0.004880519583821297,0.0006124309729784727,0.0040772221982479095,0.030767861753702164,0.03801492601633072,0.01161894854158163,-0.009848703630268574,-0.0061642201617360115,0.0,0.0,5.0,0.31792653822066025,0.0005401372909545898,1.5497207641601562e-06,0.0005525350570678711,0.0004961490631103516,0.009637937881052494,1.7329665827564895,False,False
244,4.88,-0.08212236315011978,0.1384466588497162,4.726312160491943,0.2825421392917633,-0.0050718835555016994,0.0008506654994562268,0.003180158557370305,0.030361013486981392,0.03816842660307884,0.012143301777541637,-0.00929670687764883,-0.0061087841168046,0.0,0.0,5.0,0.31751628835478285,0.00047898292541503906,0.00012218952178955078,0.0004570484161376953,0.000504612922668457,0.009638610295951366,1.7426051930524409,False,False
245,4.9,-0.08206792175769806,0.13904932141304016,4.727077007293701,0.2824200391769409,-0.005253785289824009,0.001098554115742445,0.002261081011965871,0.029898300766944885,0.038319025188684464,0.012582465074956417,-0.00890541635453701,-0.006079983897507191,0.0,0.0,5.0,0.31710694964761815,0.00045120716094970703,0.0002840757369995117,0.00039255619049072266,0.0005829334259033203,0.009639255702495575,1.7522444487549365,False,False
246,4.92,-0.08203206211328506,0.13964217901229858,4.727844715118408,0.28229817748069763,-0.005429146345704794,0.0013547471025958657,0.0013219211250543594,0.029378430917859077,0.03848385810852051,0.012971695512533188,-0.008645589463412762,-0.006082129664719105,0.0,0.0,5.0,0.31669811566038897,0.0003802776336669922,0.0003097057342529297,0.00048470497131347656,0.0006181001663208008,0.009639902971684933,1.7618843517266214,False,False
247,4.94,-0.08201516419649124,0.14022406935691833,4.728616237640381,0.28217628598213196,-0.005597383715212345,0.0016170700546354055,0.0003642885712906718,0.02880033664405346,0.038656555116176605,0.013193346560001373,-0.008196312002837658,-0.006088049151003361,0.0,0.0,5.0,0.3162885126868402,0.00038754940032958984,0.00022351741790771484,0.0006668567657470703,0.0005456209182739258,0.009640551172196865,1.7715249028988183,False,False
248,4.96,-0.08201759308576584,0.1407938003540039,4.729391098022461,0.28205448389053345,-0.00575456116348505,0.0018820891855284572,-0.0006098888115957379,0.028163649141788483,0.03883194923400879,0.013239379040896893,-0.007542605511844158,-0.00606150645762682,0.0,0.0,5.0,0.3158780739829764,0.0004329681396484375,8.296966552734375e-05,0.0008312463760375977,0.0004260540008544922,0.009641196578741074,1.7811660994775593,False,False
249,4.98,-0.08203964680433273,0.14135022461414337,4.730169296264648,0.2819336950778961,-0.005897107999771833,0.002146980259567499,-0.0015981149626895785,0.027468834072351456,0.039002131670713425,0.013179331086575985,-0.006736421957612038,-0.005991228856146336,0.0,0.0,5.0,0.3154663188433331,0.0004674196243286133,-5.900859832763672e-05,0.0009160041809082031,0.0002943277359008789,0.00964184757322073,1.79080794705078,False,False
250,5.0,-0.08208158612251282,0.1418921947479248,4.730951309204102,0.28181469440460205,-0.0060228463262319565,0.0024102351162582636,-0.0025974330492317677,0.026716960594058037,0.039156895130872726,0.013075161725282669,-0.00586436502635479,-0.005884264595806599,0.0,0.0,5.0,0.315052344428283,0.0004703998565673828,-0.00015342235565185547,0.0010783672332763672,0.00013744831085205078,0.009642481803894043,1.800450428854674,False,False
251,5.0200000000000005,-0.08214359730482101,0.14241854846477509,4.731736183166504,0.2816981375217438,-0.006130062974989414,0.0026689888909459114,-0.0036047284957021475,0.02590944804251194,0.03930294141173363,0.01272935513406992,-0.004886925686150789,-0.005738564766943455,0.0,0.0,5.0,0.31463643931856594,0.0005235671997070312,-0.0003413558006286621,0.0012924671173095703,-3.36766242980957e-05,0.009643091820180416,1.8100935206748545,False,False
252,5.04,-0.08222580701112747,0.14292822778224945,4.732523441314697,0.2815851867198944,-0.00621578237041831,0.002919245045632124,-0.004616645164787769,0.02504858747124672,0.03943975269794464,0.012226514518260956,-0.0037165521644055843,-0.005534511990845203,0.0,0.0,5.0,0.3142185084964569,0.0005954504013061523,-0.0005112290382385254,0.0015270709991455078,-0.0002334117889404297,0.009643688797950745,1.8197372094728053,False,False
253,5.0600000000000005,-0.08232826739549637,0.14342015981674194,4.733313083648682,0.2814769446849823,-0.006276637315750122,0.0031573385931551456,-0.005629405379295349,0.024137508124113083,0.03957021236419678,0.01151520386338234,-0.002401847392320633,-0.0052675241604447365,0.0,0.0,5.0,0.31379801976299854,0.0006172657012939453,-0.000705718994140625,0.0016683340072631836,-0.0003428459167480469,0.009644299745559692,1.829381509218365,False,False
254,5.08,-0.08245095610618591,0.14389340579509735,4.734106540679932,0.28137460350990295,-0.006308963987976313,0.0033807975705713034,-0.006638745311647654,0.02318023517727852,0.03968661651015282,0.010766314342617989,-0.0008642423781566322,-0.004957062192261219,0.0,0.0,5.0,0.3133732664145581,0.0006277561187744141,-0.0008333921432495117,0.0017522573471069336,-0.0004881620407104492,0.009644918143749237,1.8390264273621142,False,False
255,5.1000000000000005,-0.08259376883506775,0.14434707164764404,4.73490047454834,0.28127890825271606,-0.006309926509857178,0.003588245017454028,-0.007639810908585787,0.022181279957294464,0.039785321801900864,0.009917963296175003,0.0007345954072661698,-0.004612416960299015,0.0,0.0,5.0,0.31294658671780734,0.0006663799285888672,-0.000983893871307373,0.0018361806869506836,-0.0006709694862365723,0.009645524434745312,1.8486719517968595,False,False
256,5.12,-0.08275646716356277,0.14478041231632233,4.7356977462768555,0.2811906635761261,-0.006278780288994312,0.003777833888307214,-0.008627517148852348,0.02114555984735489,0.03986325487494469,0.008985280059278011,0.002347503323107958,-0.004225396551191807,0.0,0.0,5.0,0.3125150907892475,0.0007038116455078125,-0.0011376738548278809,0.0019119977951049805,-0.0008653402328491211,0.00964612141251564,1.8583180732093751,False,False
257,5.14,-0.08293873816728592,0.1451927125453949,4.736495018005371,0.2811106741428375,-0.00621541403234005,0.003947853110730648,-0.00959679577499628,0.020078347995877266,0.03991810977458954,0.007966662757098675,0.003958237823098898,-0.0037953087594360113,0.0,0.0,5.0,0.31208113304245255,0.0007416009902954102,-0.0012918710708618164,0.0019739866256713867,-0.0010578036308288574,0.009646710939705372,1.8679647841490805,False,False
258,5.16,-0.08314017206430435,0.1455833911895752,4.737292289733887,0.28103989362716675,-0.006120012141764164,0.004096759483218193,-0.010542684234678745,0.01898522675037384,0.0399487167596817,0.006880274973809719,0.005553413648158312,-0.00332362181507051,0.0,0.0,5.0,0.31164427322574556,0.0007723569869995117,-0.0014379024505615234,0.0020166635513305664,-0.0012439489364624023,0.009647294878959656,1.8776120790280402,False,False
259,5.18,-0.08336023986339569,0.1459519863128662,4.738089561462402,0.2809790372848511,-0.005993043538182974,0.004223312716931105,-0.011460349895060062,0.017872005701065063,0.03995390981435776,0.005738203879445791,0.007118118926882744,-0.0028142256196588278,0.0,0.0,5.0,0.31120409655676234,0.0007958412170410156,-0.0015773177146911621,0.0020360946655273438,-0.0014214515686035156,0.009647873230278492,1.8872599522583187,False,False
260,5.2,-0.08359835296869278,0.14629818499088287,4.738886833190918,0.2809288799762726,-0.005835276562720537,0.0043265726417303085,-0.01234513334929943,0.016744690015912056,0.0399322547018528,0.004558121785521507,0.008636966347694397,-0.00227132230065763,0.0,0.0,5.0,0.3107602442909521,0.0008089542388916016,-0.0017057061195373535,0.002029895782470703,-0.0015884041786193848,0.00964844785630703,1.8969084001146257,False,False
261,5.22,-0.08385378867387772,0.1466217339038849,4.739684104919434,0.28088998794555664,-0.005647807847708464,0.004405954387038946,-0.013192588463425636,0.015609370544552803,0.03988246992230415,0.003357643960043788,0.010092698037624359,-0.0017002795357257128,0.0,0.0,5.0,0.3103123522509883,0.0008105039596557617,-0.0018219947814941406,0.001997709274291992,-0.0017434954643249512,0.009649017825722694,1.9065574179403484,False,False
262,5.24,-0.08412577956914902,0.1469225436449051,4.740481376647949,0.2808628976345062,-0.005432059057056904,0.004461195785552263,-0.013998530805110931,0.01447215210646391,0.03980322927236557,0.002151419874280691,0.011469874531030655,-0.0011068249586969614,0.0,0.0,5.0,0.30986012406527835,0.0008004903793334961,-0.0019261837005615234,0.001939535140991211,-0.0018857717514038086,0.009649581275880337,1.9162069992162287,False,False
263,5.26,-0.08441344648599625,0.14720064401626587,4.741276264190674,0.28084796667099,-0.0051897550001740456,0.004492355976253748,-0.01475907489657402,0.01333907712250948,0.039693303406238556,0.0009565695654600859,0.012753603048622608,-0.0004968291032128036,0.0,0.0,5.0,0.3094052860207491,0.000779271125793457,-0.0020125508308410645,0.0018576383590698242,-0.002012789249420166,0.009650139138102531,1.9258571383543313,False,False
264,5.28,-0.084715835750103,0.14745616912841797,4.742069244384766,0.28084543347358704,-0.004922933876514435,0.004499765112996101,-0.015470683574676514,0.01221604272723198,0.03955264389514923,-0.00021691866277251393,0.013927129097282887,0.0001234694354934618,0.0,0.0,5.0,0.3089471950562309,0.0007462501525878906,-0.0020859837532043457,0.001753687858581543,-0.0021230578422546387,0.00965068954974413,1.9355078279040754,False,False
265,5.3,-0.08503192663192749,0.14768937230110168,4.74285888671875,0.2808554172515869,-0.004633866250514984,0.004484016913920641,-0.016130205243825912,0.01110874768346548,0.03938072547316551,-0.0013532093726098537,0.014983762986958027,0.0007481254287995398,0.0,0.0,5.0,0.3084868414972534,0.0007034540176391602,-0.0021615028381347656,0.0015480518341064453,-0.002206265926361084,0.009651239961385727,1.9451590678654611,False,False
266,5.32,-0.08536067605018616,0.14790064096450806,4.7436442375183105,0.280877947807312,-0.004325591027736664,0.004447172395884991,-0.01673487015068531,0.01002260111272335,0.039169181138277054,-0.0023212165106087923,0.015853431075811386,0.0013644243590533733,0.0,0.0,5.0,0.308024871676015,0.0006101131439208984,-0.002165496349334717,0.001283407211303711,-0.002270042896270752,0.009651793166995049,1.9548108610324562,False,False
267,5.34,-0.08570094406604767,0.1480904519557953,4.744424819946289,0.28091251850128174,-0.004002490546554327,0.004392136353999376,-0.017282484099268913,0.00896226055920124,0.03891616687178612,-0.0031680224929004908,0.01647152751684189,0.0019537066109478474,0.0,0.0,5.0,0.30756154901705496,0.0004900693893432617,-0.002151012420654297,0.0010668039321899414,-0.002313971519470215,0.009652333334088326,1.9644631943665445,False,False
268,5.36,-0.0860515758395195,0.14825934171676636,4.7452006340026855,0.2809586524963379,-0.0036687576211988926,0.004320541396737099,-0.01777159981429577,0.007931647822260857,0.03862754628062248,-0.003973751794546843,0.01692148484289646,0.0025143795646727085,0.0,0.0,5.0,0.3070967649184649,0.00038683414459228516,-0.0021622776985168457,0.0008736848831176758,-0.002345561981201172,0.00965285487473011,1.9741160492412746,False,False
269,5.38,-0.08641140908002853,0.1484079509973526,4.745969772338867,0.2810158133506775,-0.0033272586297243834,0.004233571235090494,-0.018201354891061783,0.006934270262718201,0.038305968046188354,-0.004703314509242773,0.017252430319786072,0.003051463980227709,0.0,0.0,5.0,0.3066320402436699,0.00029015541076660156,-0.002149045467376709,0.0007023811340332031,-0.0023746490478515625,0.00965336337685585,1.9837694126181304,False,False
270,5.4,-0.08677923679351807,0.14853696525096893,4.746732234954834,0.28108346462249756,-0.002980454359203577,0.004132340662181377,-0.018571317195892334,0.005973245482891798,0.03795688971877098,-0.005398424342274666,0.017455942928791046,0.0035650585778057575,0.0,0.0,5.0,0.3061673183006417,0.0002014636993408203,-0.002143681049346924,0.0005434751510620117,-0.002386748790740967,0.009653858840465546,1.993423271458596,False,False
271,5.42,-0.08715386688709259,0.14864714443683624,4.747487545013428,0.2811610996723175,-0.002630579750984907,0.004017787519842386,-0.018881458789110184,0.005051400046795607,0.03758305683732033,-0.00603516586124897,0.01756282150745392,0.004056203179061413,0.0,0.0,5.0,0.30570297673713354,0.00011527538299560547,-0.002121150493621826,0.00039577484130859375,-0.0023911595344543457,0.009654343128204346,2.0030776145868003,False,False
272,5.44,-0.0875340923666954,0.1487393081188202,4.74823522567749,0.2812483012676239,-0.002279551699757576,0.0038908731658011675,-0.019132070243358612,0.004171254113316536,0.037188366055488586,-0.006634905468672514,0.017574138939380646,0.004523853771388531,0.0,0.0,5.0,0.30523941537060834,-4.26173210144043e-05,-0.0021423697471618652,0.0002989768981933594,-0.0024784207344055176,0.00965479388833046,2.012732408475131,False,False
273,5.46,-0.0879187360405922,0.14881430566310883,4.748974800109863,0.2813447117805481,-0.001928378245793283,0.003750588744878769,-0.019323725253343582,0.003335252869874239,0.03675823658704758,-0.007373256143182516,0.017579693347215652,0.00497788842767477,0.0,0.0,5.0,0.30477705408519784,-0.0002823472023010254,-0.002351820468902588,0.0002779960632324219,-0.00276869535446167,0.00965516921132803,2.022387577686459,False,False
274,5.48,-0.08830663561820984,0.14887303113937378,4.7497053146362305,0.2814502716064453,-0.0015756117645651102,0.003592295339331031,-0.019457140937447548,0.002546412870287895,0.03625384718179703,-0.008437619544565678,0.017735430970788002,0.005454252474009991,0.0,0.0,5.0,0.30431672779553315,-0.00027567148208618164,-0.0026483535766601562,0.00014925003051757812,-0.0029698610305786133,0.009655535221099854,2.0320431129075587,False,False
275,5.5,-0.08869662880897522,0.14891649782657623,4.750424861907959,0.28156566619873047,-0.0012201834470033646,0.0034152569714933634,-0.01953297294676304,0.0018084105104207993,0.03568881377577782,-0.009250135160982609,0.017847534269094467,0.005965515039861202,0.0,0.0,5.0,0.30386010735315544,-0.0003101825714111328,-0.0026409029960632324,-2.396106719970703e-05,-0.0030341148376464844,0.00965594407171011,2.041699056979269,False,False
276,5.5200000000000005,-0.089087575674057,0.14894574880599976,4.751132965087891,0.28169113397598267,-0.0008648191578686237,0.003222725121304393,-0.019551854580640793,0.001124400063417852,0.035098038613796234,-0.009990007616579533,0.01773027516901493,0.006462703458964825,0.0,0.0,5.0,0.3034077014395084,-0.0003535747528076172,-0.002621591091156006,-0.0002592802047729492,-0.00291365385055542,0.009656364098191261,2.05135542107746,False,False
277,5.54,-0.08947833627462387,0.1489618569612503,4.751828670501709,0.28182604908943176,-0.0005127944750711322,0.003018609480932355,-0.019514895975589752,0.0004969135043211281,0.03449384868144989,-0.010412261821329594,0.01751406490802765,0.006920981220901012,0.0,0.0,5.0,0.30296042031388853,-0.0004633665084838867,-0.0024074316024780273,-0.00046569108963012695,-0.002828240394592285,0.009656784124672413,2.0610122052021325,False,False
278,5.5600000000000005,-0.08986781537532806,0.1489659994840622,4.752512454986572,0.28196948766708374,-0.0001675478124525398,0.002805746393278241,-0.019423505291342735,-7.249252666952088e-05,0.033888187259435654,-0.01086919754743576,0.01705215312540531,0.007321986369788647,0.0,0.0,5.0,0.3025180625671682,-0.0005148053169250488,-0.002238035202026367,-0.0007336139678955078,-0.002642810344696045,0.009657195769250393,2.070669400971383,False,False
279,5.58,-0.09025493264198303,0.14895933866500854,4.7531843185424805,0.2821201682090759,0.00016629142919555306,0.0025863240007311106,-0.019279805943369865,-0.0005827455897815526,0.033286143094301224,-0.011073044501245022,0.01637222059071064,0.007660153321921825,0.0,0.0,5.0,0.3020808137817848,-0.0007494091987609863,-0.00202256441116333,-0.0010651946067810059,-0.002337336540222168,0.00965760089457035,2.080327001865953,False,False
280,5.6000000000000005,-0.09063868224620819,0.14894306659698486,4.753844261169434,0.2822765111923218,0.00048647672520019114,0.0023649102076888084,-0.019086452201008797,-0.0010336607228964567,0.03267978876829147,-0.011073422618210316,0.015684863552451134,0.007897106930613518,0.0,0.0,5.0,0.30164889452120486,-0.0010085701942443848,-0.001828014850616455,-0.0014204978942871094,-0.002091825008392334,0.009657963179051876,2.089984965045005,False,False
281,5.62,-0.09101808816194534,0.14891837537288666,4.754491329193115,0.2824365198612213,0.0007924524834379554,0.0021451462525874376,-0.018846096470952034,-0.0014258908340707421,0.03205641731619835,-0.010913257487118244,0.01494867168366909,0.008035881444811821,0.0,0.0,5.0,0.30122330975161754,-0.001181483268737793,-0.0016637444496154785,-0.00167083740234375,-0.001996278762817383,0.009658295661211014,2.099643260706216,False,False
282,5.64,-0.09139224141836166,0.14888641238212585,4.755125999450684,0.2825985848903656,0.001082150381989777,0.0019287256291136146,-0.01856142282485962,-0.001760742161422968,0.03141701593995094,-0.010743995197117329,0.014054043218493462,0.008111042901873589,0.0,0.0,5.0,0.30080389247567785,-0.001292884349822998,-0.001571059226989746,-0.0018543601036071777,-0.0019048452377319336,0.009658616967499256,2.1093018776737154,False,False
283,5.66,-0.09176027029752731,0.148848295211792,4.755748271942139,0.2827616333961487,0.0013531871372833848,0.0017165092285722494,-0.018235526978969574,-0.002039846032857895,0.030766790732741356,-0.010497513227164745,0.013079260475933552,0.008141649886965752,0.0,0.0,5.0,0.3003908601335658,-0.0013864636421203613,-0.0014529824256896973,-0.0019846558570861816,-0.0018168091773986816,0.0096589345484972,2.1189608122222126,False,False
284,5.68,-0.0921214148402214,0.1488051414489746,4.756357192993164,0.2829247713088989,0.0016040329355746508,0.0015093391994014382,-0.017871791496872902,-0.002265141112729907,0.0301147922873497,-0.010243602097034454,0.012031561695039272,0.008132224902510643,0.0,0.0,5.0,0.299985237303411,-0.001452326774597168,-0.001360774040222168,-0.0020788908004760742,-0.001712799072265625,0.009659245610237122,2.1286200578324497,False,False
285,5.7,-0.09247492998838425,0.14875802397727966,4.756953239440918,0.2830873429775238,0.001833782298490405,0.0013077185722067952,-0.017473818734288216,-0.002438727766275406,0.029466336593031883,-0.00994641613215208,0.010966191999614239,0.008089600130915642,0.0,0.0,5.0,0.29958686585403776,-0.0015072822570800781,-0.0012543797492980957,-0.00214463472366333,-0.0016075968742370605,0.00965955201536417,2.138279609847814,False,False
286,5.72,-0.0928201749920845,0.14870791137218475,4.757535934448242,0.2832486629486084,0.002042124280706048,0.0011121849529445171,-0.017045287415385246,-0.0025628532748669386,0.028826778754591942,-0.009638204239308834,0.009887480176985264,0.0080160703510046,0.0,0.0,5.0,0.29919634167904835,-0.0015459060668945312,-0.0011602044105529785,-0.0021903514862060547,-0.0014941096305847168,0.009659851901233196,2.147939461749047,False,False
287,5.74,-0.09315656870603561,0.14865580201148987,4.758106231689453,0.2834080755710602,0.002229057252407074,0.0009231305448338389,-0.01658988744020462,-0.0026398475747555494,0.02819935232400894,-0.009301259182393551,0.00882202759385109,0.007915301248431206,0.0,0.0,5.0,0.2988131337679757,-0.0015759468078613281,-0.001062154769897461,-0.0022205710411071777,-0.0013819336891174316,0.009660146199166775,2.157599607948214,False,False
288,5.76,-0.09348361194133759,0.14860263466835022,4.758664131164551,0.28356531262397766,0.00239486712962389,0.0007409878890030086,-0.016111258417367935,-0.0026721186004579067,0.027586452662944794,-0.008949353359639645,0.007772001903504133,0.00778935756534338,0.0,0.0,5.0,0.29843748142372284,-0.0015921592712402344,-0.0009754300117492676,-0.0022621750831604004,-0.0012339949607849121,0.009660433977842331,2.167260041926056,False,False
289,5.78,-0.09380088746547699,0.14854922890663147,4.759209632873535,0.28371965885162354,0.002540099434554577,0.0005668534431606531,-0.015612934716045856,-0.0026621618308126926,0.02699093334376812,-0.008502155542373657,0.0067613134160637856,0.007636151276528835,0.0,0.0,5.0,0.2980695905304055,-0.0016102790832519531,-0.0008584260940551758,-0.002338230609893799,-0.0010325312614440918,0.00966071430593729,2.1769207562319934,False,False
290,5.8,-0.09410802274942398,0.14849640429019928,4.759743690490723,0.28387051820755005,0.0026654310058802366,0.0004032245487906039,-0.015098226256668568,-0.0026127654127776623,0.026417408138513565,-0.007899992167949677,0.005779169499874115,0.007444552145898342,0.0,0.0,5.0,0.2977089120129629,-0.0016553401947021484,-0.0006748437881469727,-0.0023682713508605957,-0.000895380973815918,0.009660989046096802,2.1865817452780902,False,False
291,5.82,-0.09440471976995468,0.14844495058059692,4.7602667808532715,0.2840171754360199,0.0027708113193511963,0.00025097865727730095,-0.014570239931344986,-0.002527115633711219,0.025867924094200134,-0.007364444434642792,0.004763642325997353,0.007216165773570538,0.0,0.0,5.0,0.29735529393332294,-0.0016600489616394043,-0.0005927681922912598,-0.0023795366287231445,-0.000757753849029541,0.009661260060966015,2.1962430053390563,False,False
292,5.84,-0.09469075500965118,0.14839555323123932,4.760778427124023,0.2841590344905853,0.0028564315289258957,0.00011011472815880552,-0.014032142236828804,-0.002408399013802409,0.02533840574324131,-0.0067618428729474545,0.0038009416311979294,0.006965781562030315,0.0,0.0,5.0,0.2970093268440564,-0.0016691088676452637,-0.0004660487174987793,-0.0023639798164367676,-0.0006549954414367676,0.009661529213190079,2.2059045345522463,False,False
293,5.86,-0.09496595710515976,0.14834880828857422,4.761280059814453,0.2842956483364105,0.00292282085865736,-1.9227125449106097e-05,-0.01348694134503603,-0.0022598598152399063,0.02483190782368183,-0.006211814936250448,0.0028386092744767666,0.00669467356055975,0.0,0.0,5.0,0.2966700385474244,-0.0016549229621887207,-0.0003960132598876953,-0.0023366212844848633,-0.0005457401275634766,0.009661796502768993,2.2155663310550153,False,False
294,5.88,-0.09523021429777145,0.14830532670021057,4.7617716789245605,0.28442662954330444,0.0029705502092838287,-0.00013729081547353417,-0.01293761283159256,-0.0020846594125032425,0.024347050115466118,-0.005633153021335602,0.0019333339296281338,0.006410698406398296,0.0,0.0,5.0,0.29633763953517334,-0.0016429424285888672,-0.00030052661895751953,-0.0022930502891540527,-0.00045746564865112305,0.009662062861025333,2.2252283939160407,False,False
295,5.9,-0.0954834595322609,0.14826557040214539,4.762253761291504,0.28455182909965515,0.0030004580039530993,-0.0002442197874188423,-0.012386961840093136,-0.001885923440568149,0.023885667324066162,-0.005097123794257641,0.0010550288716331124,0.006114824675023556,0.0,0.0,5.0,0.29601189913744963,-0.001615762710571289,-0.0002403855323791504,-0.002242445945739746,-0.0003662109375,0.009662329219281673,2.2348907231353223,False,False
296,5.92,-0.09572572261095047,0.14823001623153687,4.7627272605896,0.2846710681915283,0.003013408975675702,-0.0003403574228286743,-0.011837683618068695,-0.0016666603041812778,0.023446742445230484,-0.0045524900779128075,0.00023659061116632074,0.005812118761241436,0.0,0.0,5.0,0.29569224634526026,-0.0015903711318969727,-0.00016605854034423828,-0.0021819472312927246,-0.0002899765968322754,0.009662594646215439,2.2445533177815378,False,False
297,5.94,-0.09595701843500137,0.14819902181625366,4.763192176818848,0.2847842574119568,0.003010404296219349,-0.0004259801935404539,-0.011292288079857826,-0.001429793774150312,0.023030970245599747,-0.004043883644044399,-0.0005413700710050762,0.005503362976014614,0.0,0.0,5.0,0.295378815377856,-0.0015552043914794922,-0.0001156926155090332,-0.002117335796356201,-0.00021415948867797852,0.00966285914182663,2.2542161769233644,False,False
298,5.96,-0.09617745876312256,0.14817292988300323,4.763648986816406,0.28489115834236145,0.002992436056956649,-0.0005014915950596333,-0.01075313612818718,-0.0011781136272475123,0.022637367248535156,-0.003539346158504486,-0.0012603761861100793,0.005192159675061703,0.0,0.0,5.0,0.2950713848497628,-0.001519918441772461,-6.127357482910156e-05,-0.0020467638969421387,-0.0001500248908996582,0.009663124568760395,2.263879301492125,False,False
299,5.98,-0.09638720005750656,0.14815199375152588,4.764098167419434,0.28499191999435425,0.0029605894815176725,-0.000567205308470875,-0.010222402401268482,-0.0009142995695583522,0.022265737876296043,-0.0030620049219578505,-0.0019296513637527823,0.0048798127099871635,0.0,0.0,5.0,0.2947697070635779,-0.00147932767868042,-1.9431114196777344e-05,-0.0019738078117370605,-8.952617645263672e-05,0.009663388133049011,2.273542689625174,False,True
