step,time,pos_x,pos_y,pos_z,euler_z,euler_y,euler_x,vel_x,vel_y,vel_z,omega_x,omega_y,omega_z,target_x,target_y,target_z,target_dist,action_0,action_1,action_2,action_3,reward,cumulative_reward,terminated,truncated
0,0.0,-0.4953293800354004,-0.7765461802482605,4.417698383331299,0.10870297253131866,0.11327563971281052,-0.1612015664577484,-0.5822688341140747,-0.4173671007156372,-0.9860787391662598,0.0,0.0,0.0,0.0,0.0,5.0,1.0897019489564113,-0.18256878852844238,0.3208801746368408,0.9829310178756714,0.7326173782348633,0.0062263295985758305,0.0062263295985758305,False,False
1,0.02,-0.5066134929656982,-0.7842397093772888,4.399721145629883,0.10562049597501755,0.1301647573709488,-0.1697770655155182,-0.5452756881713867,-0.3514486849308014,-0.8118534088134766,-0.8200283646583557,1.716283917427063,-0.023568259552121162,0.0,0.0,5.0,1.1099657003813137,0.8246862888336182,0.004068255424499512,0.9286541938781738,0.30966734886169434,0.005908629857003689,0.01213495945557952,False,False
2,0.04,-0.5170454382896423,-0.7905240654945374,4.385412693023682,0.09954267740249634,0.16848944127559662,-0.18488651514053345,-0.49557822942733765,-0.2758041024208069,-0.6195030212402344,-0.6016221642494202,2.161623477935791,0.11046657711267471,0.0,0.0,5.0,1.1269347102998217,0.8931705951690674,0.007222175598144531,0.8223323822021484,0.12948215007781982,0.005856729112565517,0.017991688568145037,False,False
3,0.06,-0.5263636708259583,-0.7952715754508972,4.374712944030762,0.09477093815803528,0.21217817068099976,-0.19575069844722748,-0.4336780309677124,-0.19806356728076935,-0.45113375782966614,-0.39599281549453735,2.216585874557495,0.25746116042137146,0.0,0.0,5.0,1.1403944471314331,0.8871829509735107,0.1385195255279541,0.5788087844848633,0.01831209659576416,0.0062162429094314575,0.024207931477576494,False,False
4,0.08,-0.5343329310417175,-0.7984647750854492,4.367125988006592,0.09312434494495392,0.2523135840892792,-0.2020578235387802,-0.3610270917415619,-0.12070184201002121,-0.30817559361457825,-0.19820910692214966,1.7492128610610962,0.3793507516384125,0.0,0.0,5.0,1.1504725956338648,0.7343630790710449,0.3661760091781616,0.23079168796539307,0.12531518936157227,0.006655028089880943,0.030862959567457438,False,False
5,0.1,-0.5407635569572449,-0.8001192212104797,4.362208843231201,0.09566586464643478,0.28025946021080017,-0.2025463581085205,-0.2805612087249756,-0.04451309144496918,-0.18390753865242004,0.08168880641460419,0.9389369487762451,0.4234515130519867,0.0,0.0,5.0,1.1573217151406079,0.37548625469207764,0.3248080015182495,0.19121778011322021,0.25035905838012695,0.006769387982785702,0.03763234755024314,False,False
6,0.12,-0.5455883741378784,-0.8003129363059998,4.359466552734375,0.10099519789218903,0.2975941300392151,-0.19823482632637024,-0.201113760471344,0.025088487192988396,-0.09055674821138382,0.19743141531944275,0.6580794453620911,0.42266353964805603,0.0,0.0,5.0,1.1612280426682478,0.14627861976623535,0.19503486156463623,0.03432965278625488,0.24703896045684814,0.0068009695969522,0.04443331714719534,False,False
7,0.14,-0.5489166975021362,-0.7992348670959473,4.358103275299072,0.10689704865217209,0.311467707157135,-0.19076137244701385,-0.13118122518062592,0.08254718780517578,-0.04591958969831467,0.3729744255542755,0.594149112701416,0.3983196020126343,0.0,0.0,5.0,1.162805795806121,0.1380019187927246,0.17517399787902832,0.04613780975341797,0.052474379539489746,0.006865870673209429,0.05129918782040477,False,False
8,0.16,-0.5508729815483093,-0.797065794467926,4.357432842254639,0.11322826147079468,0.3223332166671753,-0.18168415129184723,-0.06403893977403641,0.13413169980049133,-0.0211939737200737,0.3373153805732727,0.3622441589832306,0.39426863193511963,0.0,0.0,5.0,1.1626123492908813,0.1582190990447998,0.06298398971557617,0.07111537456512451,0.008009910583496094,0.006885941606014967,0.058185129426419735,False,False
9,0.18,-0.5514967441558838,-0.7939023375511169,4.357151985168457,0.12051058560609818,0.32937246561050415,-0.1722685992717743,0.0019137781346216798,0.18198950588703156,-0.006958776619285345,0.37100285291671753,0.20922838151454926,0.40901100635528564,0.0,0.0,5.0,1.160897562473332,0.17211651802062988,-0.01506650447845459,0.055420875549316406,-0.05427277088165283,0.006882604211568832,0.06506773363798857,False,False
10,0.2,-0.5508297681808472,-0.7898252606391907,4.357024669647217,0.12888647615909576,0.3332486152648926,-0.1612853705883026,0.06492981314659119,0.225448340177536,-0.005763113033026457,0.4547354280948639,0.041531533002853394,0.4366518259048462,0.0,0.0,5.0,1.1578664220453938,0.12467014789581299,-0.0758737325668335,0.05102956295013428,-0.09561765193939209,0.006880662404000759,0.07194839604198933,False,False
11,0.22,-0.5489411354064941,-0.7849264740943909,4.356781959533691,0.13838201761245728,0.3344859182834625,-0.14849136769771576,0.12398941069841385,0.26412996649742126,-0.018463706597685814,0.513424277305603,-0.05764434114098549,0.46897709369659424,0.0,0.0,5.0,1.1537657420191245,0.10668981075286865,-0.0937148928642273,0.031729698181152344,-0.13895970582962036,0.006875300779938698,0.07882369682192802,False,False
12,0.24,-0.5458981394767761,-0.7792915105819702,4.356198310852051,0.1489337980747223,0.3334481716156006,-0.1344332993030548,0.18030250072479248,0.2990424633026123,-0.03984593227505684,0.5464189648628235,-0.1855771243572235,0.5035279989242554,0.0,0.0,5.0,1.1488170664205364,0.0962071418762207,-0.12613379955291748,0.01901388168334961,-0.15953916311264038,0.006861919537186623,0.08568561635911465,False,False
13,0.26,-0.5417529940605164,-0.7729920148849487,4.35512113571167,0.16054217517375946,0.3299255967140198,-0.11923351138830185,0.23414631187915802,0.3305604159832001,-0.06776145845651627,0.5954865217208862,-0.30260711908340454,0.5408533811569214,0.0,0.0,5.0,1.1431892718422585,0.03532731533050537,-0.1532825231552124,-0.017027318477630615,-0.2047824263572693,0.0068550449796020985,0.09254066133871675,False,False
14,0.28,-0.5365856289863586,-0.766111433506012,4.353335380554199,0.17309704422950745,0.3240630328655243,-0.10325915366411209,0.28248700499534607,0.3571572005748749,-0.11072409898042679,0.5986372232437134,-0.41190895438194275,0.5758947134017944,0.0,0.0,5.0,1.1371130092591084,0.023486018180847168,-0.15981978178024292,-0.08051693439483643,-0.21269738674163818,0.006821021903306246,0.09936168324202299,False,False
15,0.3,-0.5304850935935974,-0.7587334513664246,4.350613117218018,0.18646876513957977,0.31532183289527893,-0.08649412542581558,0.3274048864841461,0.38028913736343384,-0.16138476133346558,0.6575216054916382,-0.5784891247749329,0.6052683591842651,0.0,0.0,5.0,1.1308378346503598,-0.0616610050201416,-0.15156996250152588,-0.20817798376083374,-0.20317178964614868,0.006744928192347288,0.10610661143437028,False,False
16,0.32,-0.5235521793365479,-0.7509415745735168,4.346703052520752,0.2003260850906372,0.30262622237205505,-0.06804870069026947,0.36567237973213196,0.3985394537448883,-0.22949226200580597,0.7654306888580322,-0.7892485857009888,0.6131733655929565,0.0,0.0,5.0,1.1246408468914442,-0.2261197566986084,0.0999608039855957,-0.23496407270431519,-0.11917167901992798,0.006744354497641325,0.1128509659320116,False,False
17,0.34,-0.5158296227455139,-0.7427902221679688,4.341573238372803,0.21380741894245148,0.28514009714126587,-0.05105839669704437,0.4062403738498688,0.41619163751602173,-0.2833283543586731,0.5426028370857239,-1.0329986810684204,0.5720328092575073,0.0,0.0,5.0,1.1186345758454803,-0.1883469820022583,0.0708385705947876,-0.14154982566833496,0.17639672756195068,0.006842142902314663,0.11969310883432627,False,False
18,0.36,-0.5072171092033386,-0.7342681884765625,4.335749626159668,0.2259935438632965,0.2666686475276947,-0.0361877903342247,0.4545380771160126,0.4355457127094269,-0.2987813353538513,0.6122941970825195,-0.863723874092102,0.5182989835739136,0.0,0.0,5.0,1.1124960798242236,-0.1704922914505005,0.44771838188171387,-0.028596103191375732,0.05472564697265625,0.006814980413764715,0.12650808924809098,False,False
19,0.38,-0.49757418036460876,-0.7253525257110596,4.329993724822998,0.23666051030158997,0.2469925880432129,-0.026993008330464363,0.5091355443000793,0.4556046426296234,-0.27664098143577576,0.0356498658657074,-1.1351628303527832,0.4529826045036316,0.0,0.0,5.0,1.1057236364921779,0.18036890029907227,0.02658259868621826,0.08914542198181152,0.36672496795654297,0.006920964457094669,0.13342905370518565,False,False
20,0.4,-0.4868013262748718,-0.7160277366638184,4.325034141540527,0.24635383486747742,0.22722718119621277,-0.01926051639020443,0.5673837065696716,0.4764658510684967,-0.2190559208393097,0.5099941492080688,-0.8629593253135681,0.44145673513412476,0.0,0.0,5.0,1.097838859314434,-0.05421572923660278,0.6254099607467651,-0.0331307053565979,0.004342436790466309,0.0066651455126702785,0.14009419921785593,False,False
21,0.42,-0.4749325215816498,-0.7063226699829102,4.3211236000061035,0.2550815939903259,0.20358256995677948,-0.014120646752417088,0.6186508536338806,0.49364379048347473,-0.17178282141685486,-0.18339112401008606,-1.5150262117385864,0.3746909499168396,0.0,0.0,5.0,1.0887266785820784,-0.019402384757995605,0.13083422183990479,0.03195834159851074,0.5949715375900269,0.006991055328398943,0.14708525454625487,False,False
22,0.44,-0.46206313371658325,-0.6962801218032837,4.318360328674316,0.26238390803337097,0.17898601293563843,-0.011859924532473087,0.6672309637069702,0.5103246569633484,-0.10431303828954697,0.2704754173755646,-0.9539679288864136,0.3082835078239441,0.0,0.0,5.0,1.0783974170422381,0.06577062606811523,0.6043888330459595,0.06474912166595459,0.1273517608642578,0.006791397929191589,0.15387665247544646,False,False
23,0.46,-0.44825953245162964,-0.6859182715415955,4.31707763671875,0.26832354068756104,0.15476760268211365,-0.010600123554468155,0.7121042609214783,0.5255396366119385,-0.023758606985211372,-0.24373003840446472,-1.4740816354751587,0.25230664014816284,0.0,0.0,5.0,1.0666786947989593,-0.040269553661346436,0.22307896614074707,0.0008352994918823242,0.5239589214324951,0.007062880322337151,0.1609395327977836,False,False
24,0.48,-0.43365001678466797,-0.6752746105194092,4.317267417907715,0.2729853689670563,0.1290554404258728,-0.011953960172832012,0.7477300763130188,0.5386219620704651,0.042924344539642334,0.04204737767577171,-1.1022241115570068,0.17908185720443726,0.0,0.0,5.0,1.0536469595267104,0.027925610542297363,0.4042905569076538,0.03956472873687744,0.16540837287902832,0.007014426402747631,0.16795395920053124,False,False
25,0.5,-0.418398916721344,-0.6643867492675781,4.31873083114624,0.27642321586608887,0.10457729548215866,-0.013413709588348866,0.7763786911964417,0.5499508380889893,0.10358551144599915,-0.22843874990940094,-1.3496394157409668,0.13232356309890747,0.0,0.0,5.0,1.0395167562606322,-0.048326313495635986,0.18891370296478271,-0.025743842124938965,0.30072784423828125,0.007172056473791599,0.17512601567432284,False,False
26,0.52,-0.4026590883731842,-0.6532917618751526,4.3211989402771,0.2789437174797058,0.07907935976982117,-0.016762230545282364,0.7966052293777466,0.5594161152839661,0.1432918906211853,-0.12983271479606628,-1.2036164999008179,0.07983909547328949,0.0,0.0,5.0,1.024546410010009,0.023688077926635742,0.21744418144226074,-0.004829227924346924,0.13450324535369873,0.007187384646385908,0.18231340032070875,False,False
27,0.54,-0.38657665252685547,-0.6420179009437561,4.324422359466553,0.28069472312927246,0.05382053926587105,-0.01982380822300911,0.8106862902641296,0.5678158402442932,0.17908316850662231,-0.18815073370933533,-1.3250073194503784,0.04882680997252464,0.0,0.0,5.0,1.0089765318379984,-0.04112452268600464,0.12330865859985352,-0.01135176420211792,0.20237350463867188,0.007314933463931084,0.18962833378463984,False,False
28,0.56,-0.37027573585510254,-0.6305882334709167,4.328269004821777,0.28186360001564026,0.02852303721010685,-0.02299584075808525,0.8184812664985657,0.5750102400779724,0.2056262195110321,-0.1340724229812622,-1.2066371440887451,0.013618224300444126,0.0,0.0,5.0,0.992959299587921,0.007311582565307617,0.12000441551208496,-0.009079813957214355,0.11155879497528076,0.00737827830016613,0.19700661208480597,False,False
29,0.58,-0.3538745641708374,-0.6190248727798462,4.332605361938477,0.2825118601322174,0.004128412809222937,-0.025578632950782776,0.8207695484161377,0.5811702609062195,0.22806498408317566,-0.12539008259773254,-1.2336664199829102,-0.00810617208480835,0.0,0.0,5.0,0.9766445633906312,-0.05497097969055176,0.059986233711242676,-0.0413968563079834,0.15829861164093018,0.007495701313018799,0.20450231339782476,False,False
30,0.6,-0.33747926354408264,-0.6073507070541382,4.33728551864624,0.2826787531375885,-0.019331179559230804,-0.027166834101080894,0.8179701566696167,0.5860843062400818,0.23994342982769012,-0.03347819298505783,-1.1119028329849243,-0.03740203380584717,0.0,0.0,5.0,0.960186241558064,-0.04127645492553711,0.10542702674865723,-0.05126655101776123,0.0750894546508789,0.0075432732701301575,0.21204558666795492,False,False
31,0.62,-0.3211855888366699,-0.5955897569656372,4.342169284820557,0.2823019027709961,-0.042026884853839874,-0.028051141649484634,0.8106605410575867,0.5898308753967285,0.24840454757213593,-0.05625102296471596,-1.155758261680603,-0.06282532215118408,0.0,0.0,5.0,0.9437312069187089,-0.11536538600921631,0.012166023254394531,-0.0751194953918457,0.14656972885131836,0.0076728034764528275,0.21971839014440775,False,False
32,0.64,-0.3050767183303833,-0.5837666988372803,4.347103118896484,0.281318724155426,-0.0632777214050293,-0.028107130900025368,0.7995752692222595,0.5922979116439819,0.2449520081281662,0.04527708515524864,-0.9657180309295654,-0.09533965587615967,0.0,0.0,5.0,0.9274317765169091,-0.035579144954681396,0.05673789978027344,-0.0423736572265625,0.04488635063171387,0.007745841983705759,0.2274642321281135,False,False
33,0.66,-0.28923124074935913,-0.571905255317688,4.352020263671875,0.27978047728538513,-0.08284527063369751,-0.02715473249554634,0.7843731641769409,0.593634843826294,0.24668362736701965,0.03864943981170654,-0.9860551357269287,-0.11205923557281494,0.0,0.0,5.0,0.9113770187892989,-0.0816338062286377,-0.0639040470123291,-0.03262937068939209,0.08344447612762451,0.007866433821618557,0.23533066594973207,False,False
34,0.68,-0.2737153470516205,-0.5600296854972839,4.356853008270264,0.27787113189697266,-0.10048693418502808,-0.025147397071123123,0.7667044997215271,0.5937172174453735,0.23655177652835846,0.14450594782829285,-0.7725222110748291,-0.12451708316802979,0.0,0.0,5.0,0.8956513790648599,0.01746344566345215,-0.0038584470748901367,0.013065457344055176,-0.03197836875915527,0.007933626882731915,0.24326429283246398,False,False
35,0.7000000000000001,-0.25859105587005615,-0.5481655597686768,4.361567974090576,0.2758052349090576,-0.11634615808725357,-0.02230277843773365,0.7452634572982788,0.5924764275550842,0.23484684526920319,0.11762775480747223,-0.8080829977989197,-0.11833804845809937,0.0,0.0,5.0,0.8803125960698895,-0.07760500907897949,-0.09440982341766357,-0.018263518810272217,0.06360793113708496,0.008027605712413788,0.25129189854487777,False,False
36,0.72,-0.24390898644924164,-0.5363381505012512,4.3661274909973145,0.27364814281463623,-0.130191832780838,-0.018619872629642487,0.7225630283355713,0.5900598168373108,0.22099539637565613,0.22406995296478271,-0.5718026161193848,-0.12439608573913574,0.0,0.0,5.0,0.8654158324315304,0.02827465534210205,-0.05828613042831421,0.03838372230529785,-0.09138602018356323,0.008085026405751705,0.2593769249506295,False,False
37,0.74,-0.2297072857618332,-0.5245728492736816,4.370449066162109,0.27153387665748596,-0.14191682636737823,-0.014329883269965649,0.6972966194152832,0.5862478017807007,0.21110650897026062,0.1763117015361786,-0.5970739126205444,-0.10425460338592529,0.0,0.0,5.0,0.851044352324447,-0.06015068292617798,-0.1262417435646057,-0.0084306001663208,0.02939474582672119,0.008166319690644741,0.2675432446412742,False,False
38,0.76,-0.21601805090904236,-0.5128946304321289,4.3744893074035645,0.2695726454257965,-0.15162858366966248,-0.009391330182552338,0.6713825464248657,0.5813649892807007,0.19293472170829773,0.2888294756412506,-0.3717128038406372,-0.10162293910980225,0.0,0.0,5.0,0.8372504564329148,0.0078002214431762695,-0.06809478998184204,0.012708187103271484,-0.09101998805999756,0.00822390429675579,0.27576714893803,False,False
39,0.78,-0.2028636634349823,-0.5013279318809509,4.378190040588379,0.26773443818092346,-0.1592739075422287,-0.0036372786853462458,0.6438840627670288,0.57508385181427,0.17714498937129974,0.25814858078956604,-0.3916005790233612,-0.08489912748336792,0.0,0.0,5.0,0.8240940400523322,-0.045338988304138184,-0.10513246059417725,-0.0077034831047058105,-0.009017407894134521,0.008283757604658604,0.2840509065426886,False,False
40,0.8,-0.19026534259319305,-0.4898988902568817,4.3815460205078125,0.2660774886608124,-0.16565434634685516,0.0024272161535918713,0.6158077120780945,0.5676069259643555,0.15837974846363068,0.3214893043041229,-0.24632883071899414,-0.07920968532562256,0.0,0.0,5.0,0.8115954337086628,-0.016995728015899658,-0.06034421920776367,0.007965683937072754,-0.07810020446777344,0.008339641615748405,0.292390548158437,False,False
41,0.8200000000000001,-0.1782386600971222,-0.47863340377807617,4.3845438957214355,0.2645653188228607,-0.170496866106987,0.008643051609396935,0.5867702960968018,0.5587303638458252,0.14135749638080597,0.27481091022491455,-0.2387317419052124,-0.06716054677963257,0.0,0.0,5.0,0.7997782014153372,-0.044475018978118896,-0.10361409187316895,0.012135028839111328,-0.031333744525909424,0.008388000540435314,0.30077854869887233,False,False
42,0.84,-0.1667948067188263,-0.46755674481391907,4.387179851531982,0.26326078176498413,-0.1738564521074295,0.014532155357301235,0.557558000087738,0.548750102519989,0.12227613478899002,0.29174375534057617,-0.09868039935827255,-0.057607173919677734,0.0,0.0,5.0,0.7886560413372372,-0.013489902019500732,-0.07177090644836426,0.03532111644744873,-0.07555603981018066,0.008439207449555397,0.3092177561484277,False,False
43,0.86,-0.15594390034675598,-0.45669320225715637,4.389473915100098,0.26222509145736694,-0.17532435059547424,0.01997419446706772,0.5275312066078186,0.5374336242675781,0.1071433499455452,0.23447202146053314,-0.04983315244317055,-0.04185768961906433,0.0,0.0,5.0,0.7782218715677796,-0.02476435899734497,-0.11323362588882446,0.05440545082092285,-0.04624068737030029,0.008473952300846577,0.3176917084492743,False,False
44,0.88,-0.14569228887557983,-0.44606512784957886,4.39146089553833,0.2615686357021332,-0.17471705377101898,0.02464563027024269,0.4976769983768463,0.525243878364563,0.0915503203868866,0.22123077511787415,0.10912499576807022,-0.024250028654932976,0.0,0.0,5.0,0.7684531104630118,0.007815837860107422,-0.06561475992202759,0.06551241874694824,-0.06691199541091919,0.008518481627106667,0.32621019007638097,False,False
45,0.9,-0.1360444277524948,-0.4356929063796997,4.393204212188721,0.2613469958305359,-0.17191459238529205,0.028466906398534775,0.46722131967544556,0.5118868947029114,0.0828157514333725,0.15706005692481995,0.17046193778514862,-0.005083856172859669,0.0,0.0,5.0,0.7593006802957605,0.004713892936706543,-0.0493772029876709,0.07679831981658936,-0.027913033962249756,0.008553214371204376,0.33476340444758534,False,False
46,0.92,-0.12700793147087097,-0.42559707164764404,4.394834995269775,0.26152822375297546,-0.1674908846616745,0.031026778742671013,0.43658262491226196,0.49765023589134216,0.08030524104833603,0.10197188705205917,0.27225586771965027,0.00970147643238306,0.0,0.0,5.0,0.7506587540298801,0.01725471019744873,-0.03734773397445679,0.08622658252716064,-0.016109228134155273,0.00857775192707777,0.3433411563746631,False,False
47,0.9400000000000001,-0.11858049780130386,-0.4157910645008087,4.396461486816406,0.26208043098449707,-0.16107819974422455,0.03245612233877182,0.4063725769519806,0.4829499125480652,0.08238602429628372,0.04997023567557335,0.37042859196662903,0.02431325800716877,0.0,0.0,5.0,0.7424299836842418,0.03559422492980957,-0.020408570766448975,0.1009749174118042,-0.013212144374847412,0.008597191423177719,0.35193834779784083,False,False
48,0.96,-0.11075080931186676,-0.4062816798686981,4.3981828689575195,0.26300403475761414,-0.15290525555610657,0.0326768234372139,0.37686145305633545,0.46804624795913696,0.08981826156377792,-0.013489113189280033,0.4494065046310425,0.040158890187740326,0.0,0.0,5.0,0.7345164425500404,0.051145076751708984,-0.007769167423248291,0.11060118675231934,-0.005468249320983887,0.008613651618361473,0.3605519994162023,False,False
49,0.98,-0.10350045561790466,-0.39706897735595703,4.400099754333496,0.2642950117588043,-0.1432814747095108,0.03159239515662193,0.34848201274871826,0.4533374309539795,0.10194818675518036,-0.07594019919633865,0.5165801644325256,0.056450776755809784,0.0,0.0,5.0,0.7268125080392819,0.05884671211242676,-0.005977988243103027,0.11613142490386963,-0.008957266807556152,0.00862764474004507,0.3691796441562474,False,False
50,1.0,-0.09679965674877167,-0.3881432116031647,4.402273654937744,0.2659487724304199,-0.13240449130535126,0.029187066480517387,0.3219386339187622,0.4394058883190155,0.11551616340875626,-0.14191094040870667,0.5755901336669922,0.07413268089294434,0.0,0.0,5.0,0.7192371721774272,0.07658624649047852,0.015005111694335938,0.1063230037689209,-0.025513112545013428,0.008653511293232441,0.3778331554494798,False,False
51,1.02,-0.09060998260974884,-0.37948548793792725,4.4047346115112305,0.26793891191482544,-0.12106122076511383,0.025328097864985466,0.2973768413066864,0.42659062147140503,0.13061906397342682,-0.2188820242881775,0.5636913180351257,0.09214085340499878,0.0,0.0,5.0,0.7117304877808112,0.05542182922363281,0.024658203125,0.053267836570739746,0.006983041763305664,0.008695200085639954,0.38652835553511977,False,False
52,1.04,-0.08488734811544418,-0.37106791138648987,4.407469749450684,0.27012139558792114,-0.11005233973264694,0.02052423544228077,0.27520960569381714,0.4154185652732849,0.14291177690029144,-0.23635904490947723,0.5418729782104492,0.09931445121765137,0.0,0.0,5.0,0.7042651166619288,0.03379201889038086,0.02451503276824951,0.024223923683166504,0.02494645118713379,0.008729986846446991,0.39525834238156676,False,False
53,1.06,-0.0795854851603508,-0.36285683512687683,4.410420894622803,0.2723214626312256,-0.09935466945171356,0.015669960528612137,0.25528308749198914,0.40593674778938293,0.15227310359477997,-0.22607335448265076,0.5316755771636963,0.10011088848114014,0.0,0.0,5.0,0.696851816201894,0.0277940034866333,0.02599775791168213,0.007812857627868652,0.026041626930236816,0.00876273401081562,0.4040210763923824,False,False
54,1.08,-0.07466184347867966,-0.354819655418396,4.413543224334717,0.2744571268558502,-0.08896806091070175,0.01115979440510273,0.23737794160842896,0.3980136513710022,0.1599320024251938,-0.2048584222793579,0.5097430944442749,0.09858089685440063,0.0,0.0,5.0,0.6894946906732382,0.015287280082702637,0.02845311164855957,-0.004044651985168457,0.03279125690460205,0.008791674859821796,0.4128127512522042,False,False
55,1.1,-0.07007721811532974,-0.3469265103340149,4.416805744171143,0.2764807343482971,-0.0789564698934555,0.0071449726819992065,0.22137093544006348,0.39151421189308167,0.16630661487579346,-0.17963969707489014,0.49322211742401123,0.09392541646957397,0.0,0.0,5.0,0.6821908531364926,0.01450502872467041,0.025821924209594727,-0.010609328746795654,0.02761363983154297,0.00882172305136919,0.42163447430357337,False,False
56,1.12,-0.06579436361789703,-0.33915024995803833,4.420182228088379,0.27837005257606506,-0.06935757398605347,0.0036999641451984644,0.20719003677368164,0.3863052427768707,0.1713637262582779,-0.15085217356681824,0.46767595410346985,0.08931303024291992,0.0,0.0,5.0,0.6749373592823563,0.007546782493591309,0.018903493881225586,-0.017091095447540283,0.029224634170532227,0.008848423138260841,0.4304828974418342,False,False
57,1.1400000000000001,-0.06177734583616257,-0.3314664661884308,4.423643112182617,0.2801271378993988,-0.060165148228406906,0.0009450464858673513,0.19477730989456177,0.3822418749332428,0.17472101747989655,-0.1132555678486824,0.4519706070423126,0.08394348621368408,0.0,0.0,5.0,0.6677377634974273,0.007189393043518066,0.022677063941955566,-0.019927144050598145,0.02194952964782715,0.00887551810592413,0.43935841554775834,False,False
58,1.16,-0.05799213424324989,-0.32385411858558655,4.427165508270264,0.2817540168762207,-0.05142946541309357,-0.0011276925215497613,0.18400105834007263,0.37913551926612854,0.1775328814983368,-0.0849355086684227,0.42158299684524536,0.07860255241394043,0.0,0.0,5.0,0.6605936214301494,-0.0032851099967956543,0.03051900863647461,-0.020248353481292725,0.025408267974853516,0.008898064494132996,0.44825648004189134,False,False
59,1.18,-0.054407089948654175,-0.31629565358161926,4.4307451248168945,0.2832377254962921,-0.043235763907432556,-0.002771180123090744,0.17474690079689026,0.37683841586112976,0.18048200011253357,-0.07237914949655533,0.39749839901924133,0.07120424509048462,0.0,0.0,5.0,0.653493829221851,0.0017729997634887695,0.03133106231689453,-0.021374285221099854,0.019752979278564453,0.008923279121518135,0.45717975916340947,False,False
60,1.2,-0.05099255219101906,-0.30877575278282166,4.434384346008301,0.28457072377204895,-0.03565950319170952,-0.004148399922996759,0.16693376004695892,0.3752642571926117,0.18341051042079926,-0.06007593870162964,0.3596639037132263,0.06462311744689941,0.0,0.0,5.0,0.6464238345899768,-0.005126535892486572,0.030544281005859375,-0.020331084728240967,0.020792722702026367,0.008945426903665066,0.46612518606707454,False,False
61,1.22,-0.04772069305181503,-0.30128076672554016,4.438076972961426,0.28575944900512695,-0.02873247116804123,-0.005331302992999554,0.16045910120010376,0.37433522939682007,0.1858411431312561,-0.05437694862484932,0.3324701488018036,0.05747312307357788,0.0,0.0,5.0,0.6393784898323286,-0.0004981160163879395,0.027771353721618652,-0.021444857120513916,0.014490723609924316,0.00896881427615881,0.47509400034323335,False,False
62,1.24,-0.04456591233611107,-0.29379841685295105,4.441812992095947,0.28681275248527527,-0.0224495567381382,-0.006364351604133844,0.1552066206932068,0.37398719787597656,0.18776415288448334,-0.04622577875852585,0.2951958179473877,0.05149528384208679,0.0,0.0,5.0,0.6323577832845337,-0.0074977874755859375,0.025937676429748535,-0.020409226417541504,0.022252321243286133,0.008987732231616974,0.4840817325748503,False,False
63,1.26,-0.041505131870508194,-0.2863178253173828,4.445587635040283,0.2877330780029297,-0.016720091924071312,-0.0072081200778484344,0.15104299783706665,0.3741523325443268,0.18970973789691925,-0.0363391637802124,0.2771139442920685,0.04441022872924805,0.0,0.0,5.0,0.62535881179231,0.00283205509185791,0.02105236053466797,-0.019225358963012695,0.012433528900146484,0.00900999829173088,0.4930917308665812,False,False
64,1.28,-0.03851735591888428,-0.2788293659687042,4.449398040771484,0.2885356843471527,-0.011505569331347942,-0.007801264990121126,0.1478930115699768,0.3747651278972626,0.1913602352142334,-0.021838195621967316,0.24372142553329468,0.03976622223854065,0.0,0.0,5.0,0.6183784597960795,-0.0011922121047973633,0.025986194610595703,-0.01785832643508911,0.01652359962463379,0.009028171189129353,0.5021199020557106,False,False
65,1.3,-0.03558339178562164,-0.2713247835636139,4.453248977661133,0.28923699259757996,-0.0069097792729735374,-0.008167095482349396,0.14564436674118042,0.37574833631515503,0.19364619255065918,-0.01409382838755846,0.21528345346450806,0.03403463959693909,0.0,0.0,5.0,0.6114082076447841,0.007619261741638184,0.024039626121520996,-0.02113795280456543,0.0033762454986572266,0.009048882871866226,0.5111687849275768,False,False
66,1.32,-0.03268612548708916,-0.2637975215911865,4.457135200500488,0.2898484170436859,-0.003136713756248355,-0.008364665322005749,0.14419904351234436,0.3770222067832947,0.19499996304512024,-0.005354622844606638,0.16150470077991486,0.030223369598388672,0.0,0.0,5.0,0.6044499199542137,-0.0004954338073730469,0.027934551239013672,-0.018892765045166016,0.008391141891479492,0.009066712111234665,0.5202354970388114,False,False
67,1.34,-0.02981126308441162,-0.2562425136566162,4.461050987243652,0.29037725925445557,-0.00031492122798226774,-0.00848559569567442,0.143374964594841,0.3785139322280884,0.19665411114692688,-0.0066450550220906734,0.12021929770708084,0.025036081671714783,0.0,0.0,5.0,0.5975073016815702,0.0018770694732666016,0.018238544464111328,-0.019232094287872314,0.0007259845733642578,0.009085717611014843,0.5293212146498263,False,False
68,1.36,-0.026948008686304092,-0.2486560344696045,4.464985370635986,0.290827214717865,0.0016731108771637082,-0.008579322136938572,0.14301228523254395,0.3801543116569519,0.19680482149124146,-0.0027579020243138075,0.07819270342588425,0.021654561161994934,0.0,0.0,5.0,0.59059010513538,-0.002612590789794922,0.015856385231018066,-0.01966118812561035,0.004179120063781738,0.009102141484618187,0.5384233561344445,False,False
69,1.3800000000000001,-0.024088717997074127,-0.24103565514087677,4.468919277191162,0.2912101447582245,0.0029277282301336527,-0.008575295098125935,0.1429562270641327,0.3818942606449127,0.1965775042772293,0.0030730057042092085,0.04693583399057388,0.017715439200401306,0.0,0.0,5.0,0.5837167014255219,0.00011098384857177734,0.019390463829040527,-0.02222120761871338,0.002373337745666504,0.009117024950683117,0.5475403810851276,False,False
70,1.4000000000000001,-0.021228531375527382,-0.23337994515895844,4.472850799560547,0.2915192246437073,0.0034409419167786837,-0.008455058559775352,0.1430809646844864,0.38367897272109985,0.1965353786945343,0.008851765654981136,0.004120205994695425,0.01363043487071991,0.0,0.0,5.0,0.5768909159197386,-0.008452892303466797,0.023978590965270996,-0.02027606964111328,0.011415600776672363,0.009130964986979961,0.5566713460721076,False,False
71,1.42,-0.018365206196904182,-0.22568856179714203,4.47678804397583,0.29173365235328674,0.0032597947865724564,-0.008285336196422577,0.1432487517595291,0.3854515850543976,0.19718113541603088,0.008047876879572868,-0.02241399511694908,0.007660224102437496,0.0,0.0,5.0,0.5701081990739609,-0.005954444408416748,0.01883983612060547,-0.02058309316635132,0.0070590972900390625,0.009146448224782944,0.5658177942968905,False,False
72,1.44,-0.015499057248234749,-0.21796230971813202,4.48073148727417,0.29184406995773315,0.0025250338949263096,-0.008093037642538548,0.14334654808044434,0.38716158270835876,0.19711095094680786,0.011149132624268532,-0.0511503629386425,0.0027781003154814243,0.0,0.0,5.0,0.5633716158467185,-0.010185480117797852,0.01893007755279541,-0.01939183473587036,0.011526346206665039,0.009160369634628296,0.5749781639315188,False,False
73,1.46,-0.012632484547793865,-0.21020272374153137,4.484675407409668,0.2918533384799957,0.0013213246129453182,-0.0078504029661417,0.14327655732631683,0.3887781500816345,0.19719050824642181,0.013110874220728874,-0.06922447681427002,-0.0028113042935729027,0.0,0.0,5.0,0.556690399111212,-0.009632706642150879,0.011157870292663574,-0.019580602645874023,0.009037256240844727,0.009175524115562439,0.5841536880470812,False,False
74,1.48,-0.00976958591490984,-0.20241209864616394,4.48861026763916,0.2917627990245819,-0.0001952249149326235,-0.007503090426325798,0.1429702788591385,0.3902589976787567,0.19629988074302673,0.021623682230710983,-0.08235682547092438,-0.007411524187773466,0.0,0.0,5.0,0.5500777770928259,-0.01067274808883667,0.013561725616455078,-0.020681262016296387,0.010342121124267578,0.009188766591250896,0.5933424546383321,False,False
75,1.5,-0.0069155702367424965,-0.19459348917007446,4.492528915405273,0.291576087474823,-0.0019877199083566666,-0.006996615324169397,0.14238137006759644,0.39157071709632874,0.19556373357772827,0.02900117263197899,-0.09675317257642746,-0.012556330300867558,0.0,0.0,5.0,0.543545170927708,-0.011690795421600342,0.011327743530273438,-0.018779456615447998,0.012233734130859375,0.00920278299599886,0.602545237634331,False,False
76,1.52,-0.004076508805155754,-0.18675072491168976,4.496433258056641,0.29128801822662354,-0.00399206904694438,-0.0063288831152021885,0.14146947860717773,0.3926686644554138,0.19488070905208588,0.03768344968557358,-0.10348616540431976,-0.017586946487426758,0.0,0.0,5.0,0.5370958152606758,-0.0113677978515625,0.012605905532836914,-0.018245220184326172,0.011647343635559082,0.009216305799782276,0.6117615434341133,False,False
77,1.54,-0.0012591189006343484,-0.1788884699344635,4.500325679779053,0.2908989191055298,-0.006149478256702423,-0.005509045906364918,0.14021101593971252,0.3935132622718811,0.19434896111488342,0.0441003143787384,-0.11202160269021988,-0.022602155804634094,0.0,0.0,5.0,0.530732603430546,-0.010815680027008057,0.009881377220153809,-0.016215801239013672,0.013764381408691406,0.009230115450918674,0.6209916588850319,False,False
78,1.56,0.0015294573968276381,-0.17101214826107025,4.504209518432617,0.2904110252857208,-0.008409028872847557,-0.004522763658314943,0.13858608901500702,0.3940686881542206,0.19400924444198608,0.05417003855109215,-0.11368674784898758,-0.027320444583892822,0.0,0.0,5.0,0.5244575251682564,-0.015178918838500977,0.011456966400146484,-0.014877617359161377,0.008961796760559082,0.00924366433173418,0.6302353232167661,False,False
79,1.58,0.004281914327293634,-0.16312791407108307,4.508080005645752,0.28982678055763245,-0.010709147900342941,-0.0034645560663193464,0.13659878075122833,0.3943015933036804,0.1930534988641739,0.051089465618133545,-0.1160915419459343,-0.03201994299888611,0.0,0.0,5.0,0.5182801674625148,-0.016267478466033936,0.0020220279693603516,-0.015975117683410645,0.005955696105957031,0.009257647208869457,0.6394929704256356,False,False
80,1.6,0.006991070229560137,-0.15524224936962128,4.5119171142578125,0.2891555726528168,-0.012987167574465275,-0.00239559356123209,0.13425685465335846,0.39421138167381287,0.19065888226032257,0.05500902980566025,-0.11151381582021713,-0.03576469421386719,0.0,0.0,5.0,0.5122244961017733,-0.015277206897735596,0.0008069276809692383,-0.016045689582824707,0.003473639488220215,0.009271045215427876,0.6487640156410635,False,False
81,1.62,0.009649835526943207,-0.1473616361618042,4.515703201293945,0.28841111063957214,-0.015198370441794395,-0.0012479799333959818,0.13156257569789886,0.39379438757896423,0.18798677623271942,0.05870112404227257,-0.10947147011756897,-0.03907957673072815,0.0,0.0,5.0,0.5063121175469869,-0.016098976135253906,0.001565694808959961,-0.015674114227294922,0.0019834041595458984,0.00928388349711895,0.6580478991381824,False,False
82,1.6400000000000001,0.012251284904778004,-0.13949273526668549,4.519435405731201,0.2875979542732239,-0.017379412427544594,-6.125975050963461e-05,0.12852665781974792,0.3930419087409973,0.18519258499145508,0.05864449590444565,-0.10858054459095001,-0.042368292808532715,0.0,0.0,5.0,0.5005503435607,-0.016070425510406494,-0.0006616711616516113,-0.01537930965423584,0.0009109973907470703,0.009296553209424019,0.6673444523476064,False,False
83,1.6600000000000001,0.014788680709898472,-0.13164223730564117,4.523108959197998,0.28671976923942566,-0.01952619105577469,0.001136929146014154,0.1251581758260727,0.3919540345668793,0.1820993274450302,0.0595521442592144,-0.10614578425884247,-0.045319706201553345,0.0,0.0,5.0,0.4949479250559505,-0.015233457088470459,-0.0014398694038391113,-0.01431185007095337,7.748603820800781e-06,0.009309086948633194,0.6766535392962396,False,False
84,1.68,0.017255397513508797,-0.12381685525178909,4.526721477508545,0.2857833504676819,-0.021622002124786377,0.0023524321150034666,0.12146053463220596,0.39052966237068176,0.17901970446109772,0.06007005274295807,-0.1035989373922348,-0.04793718457221985,0.0,0.0,5.0,0.4895109010425472,-0.014337897300720215,-0.0017087459564208984,-0.012319982051849365,0.00037932395935058594,0.00932147167623043,0.68597501097247,False,False
85,1.7,0.019644901156425476,-0.11602333933115005,4.530274391174316,0.28479474782943726,-0.023646697402000427,0.0035764342173933983,0.11743860691785812,0.38876762986183167,0.1762242168188095,0.06009111553430557,-0.09916345775127411,-0.05029541254043579,0.0,0.0,5.0,0.4842411434374985,-0.013142526149749756,-0.004066050052642822,-0.010796010494232178,7.414817810058594e-05,0.0093334736302495,0.6953084846027195,False,False
86,1.72,0.02195090614259243,-0.1082683876156807,4.53377103805542,0.2837618887424469,-0.025555409491062164,0.004822647199034691,0.1131143569946289,0.38667377829551697,0.17342451214790344,0.061988238245248795,-0.09214022010564804,-0.05215251445770264,0.0,0.0,5.0,0.47913811264947487,-0.01192164421081543,-0.005989491939544678,-0.008426010608673096,-0.0011105537414550781,0.00934523344039917,0.7046537180431187,False,False
87,1.74,0.024167606607079506,-0.10055860131978989,4.537211894989014,0.28269657492637634,-0.027301663532853127,0.006105115637183189,0.10851326584815979,0.3842497766017914,0.17066197097301483,0.06344243884086609,-0.0830644965171814,-0.05338594317436218,0.0,0.0,5.0,0.47420347494315845,-0.010305702686309814,-0.007939517498016357,-0.00865703821182251,-0.0026478171348571777,0.009356176480650902,0.7140098945237696,False,False
88,1.76,0.026289859786629677,-0.09290055930614471,4.540595531463623,0.2816099226474762,-0.02888050116598606,0.007443664129823446,0.10367464274168015,0.3815014958381653,0.167682945728302,0.06735935807228088,-0.07555162906646729,-0.05416572093963623,0.0,0.0,5.0,0.46944023725942596,-0.010910630226135254,-0.008194804191589355,-0.008971154689788818,-0.005812704563140869,0.009366476908326149,0.7233763714320958,False,False
89,1.78,0.02831328846514225,-0.08530069887638092,4.543915271759033,0.2805088460445404,-0.03033602610230446,0.008827833458781242,0.09863515943288803,0.37843048572540283,0.16426803171634674,0.06779730319976807,-0.07089082896709442,-0.05471262335777283,0.0,0.0,5.0,0.4648560324091169,-0.00970005989074707,-0.010690689086914062,-0.007583737373352051,-0.007727861404418945,0.009376566857099533,0.7327529382891953,False,False
90,1.8,0.03023403324186802,-0.07776549458503723,4.5471649169921875,0.2794022262096405,-0.03168851509690285,0.010226897895336151,0.0934096947312355,0.3750353455543518,0.16066473722457886,0.06867742538452148,-0.06540554016828537,-0.05460694432258606,0.0,0.0,5.0,0.46045757819458055,-0.008502721786499023,-0.012349724769592285,-0.00791698694229126,-0.00956737995147705,0.00938603188842535,0.7421389701776206,False,False
91,1.82,0.03204859793186188,-0.07030141353607178,4.550339221954346,0.27830079197883606,-0.032948434352874756,0.011659556068480015,0.08802033960819244,0.3713201582431793,0.15679247677326202,0.07102934271097183,-0.06178319454193115,-0.05409502983093262,0.0,0.0,5.0,0.4562501689722329,-0.006643891334533691,-0.014937639236450195,-0.010265767574310303,-0.012234807014465332,0.009394458495080471,0.7515334286727011,False,False
92,1.84,0.03375396132469177,-0.06291479617357254,4.553431034088135,0.2772124409675598,-0.0341811329126358,0.013185108080506325,0.08249122649431229,0.3672860562801361,0.15234588086605072,0.07787404209375381,-0.06282728165388107,-0.05313953757286072,0.0,0.0,5.0,0.45224047010220525,-0.008286058902740479,-0.01346510648727417,-0.013005733489990234,-0.011701822280883789,0.009402884170413017,0.7609363128431141,False,False
93,1.86,0.03534730523824692,-0.05561228469014168,4.556431293487549,0.2761346697807312,-0.035455361008644104,0.014850270934402943,0.07681788504123688,0.36290523409843445,0.14765411615371704,0.08489055186510086,-0.06609224528074265,-0.05277875065803528,0.0,0.0,5.0,0.4484365680820334,-0.009758412837982178,-0.01330798864364624,-0.013712882995605469,-0.01152712106704712,0.009410894475877285,0.7703472073189914,False,False
94,1.8800000000000001,0.03682570531964302,-0.04840109497308731,4.559335708618164,0.27505868673324585,-0.036784615367650986,0.016648946329951286,0.07099596410989761,0.3581492602825165,0.14276760816574097,0.09109174460172653,-0.06850859522819519,-0.05265173316001892,0.0,0.0,5.0,0.4448413383060736,-0.0111314058303833,-0.012843608856201172,-0.01237410306930542,-0.01416105031967163,0.009418651461601257,0.7797658587805927,False,False
95,1.9000000000000001,0.03818615525960922,-0.041288964450359344,4.562139511108398,0.2739836871623993,-0.03816450014710426,0.018509836867451668,0.06502249836921692,0.3529970049858093,0.13764970004558563,0.09096988290548325,-0.07134713977575302,-0.05232596397399902,0.0,0.0,5.0,0.44145755036162465,-0.01104813814163208,-0.016888439655303955,-0.009509027004241943,-0.016681432723999023,0.009425886906683445,0.7891917456872761,False,False
96,1.92,0.03942560404539108,-0.03428385406732559,4.56483793258667,0.2729213237762451,-0.03955260291695595,0.02035560831427574,0.05889510363340378,0.34744787216186523,0.13216066360473633,0.08948057889938354,-0.06949920952320099,-0.051114439964294434,0.0,0.0,5.0,0.43828733248805773,-0.00895082950592041,-0.01784658432006836,-0.007476985454559326,-0.01736164093017578,0.009433247148990631,0.7986249928362668,False,False
97,1.94,0.04054078087210655,-0.027393817901611328,4.567428112030029,0.27188679575920105,-0.040900103747844696,0.022175675258040428,0.05259653180837631,0.3414902091026306,0.1268983632326126,0.08836636692285538,-0.06741778552532196,-0.04936590790748596,0.0,0.0,5.0,0.43533023606780596,-0.010165870189666748,-0.016687393188476562,-0.0049130916595458984,-0.016507387161254883,0.009440639987587929,0.8080656328238547,False,False
98,1.96,0.04152830317616463,-0.020626991987228394,4.569916248321533,0.27088600397109985,-0.04216710105538368,0.023929007351398468,0.04613066092133522,0.3351295590400696,0.1219477429986,0.08281182497739792,-0.06155232712626457,-0.047679245471954346,0.0,0.0,5.0,0.43257612765958053,-0.009148478507995605,-0.01687920093536377,-0.001223444938659668,-0.014609932899475098,0.009447834454476833,0.8175134672783315,False,False
99,1.98,0.04238484427332878,-0.013991336338222027,4.572311878204346,0.26992374658584595,-0.04326418414711952,0.02556450106203556,0.03950287401676178,0.3283778429031372,0.1176079586148262,0.07662805914878845,-0.050501540303230286,-0.04571312665939331,0.0,0.0,5.0,0.43001088595720227,-0.008372724056243896,-0.015188813209533691,0.0048675537109375,-0.015191376209259033,0.009454627521336079,0.8269680947996676,False,False
100,2.0,0.043107401579618454,-0.00749440910294652,4.574627876281738,0.2690111994743347,-0.044106848537921906,0.02699260227382183,0.03273800015449524,0.3212645351886749,0.11403381079435349,0.062196437269449234,-0.036131590604782104,-0.0432109534740448,0.0,0.0,5.0,0.4276164845692142,-0.0027147531509399414,-0.016183793544769287,0.008971214294433594,-0.012934744358062744,0.00946089718490839,0.836428991984576,False,False
101,2.02,0.04369350150227547,-0.0011430084705352783,4.576883316040039,0.2681640386581421,-0.04464409500360489,0.028182189911603928,0.025863878428936005,0.31383490562438965,0.11152666062116623,0.05300285294651985,-0.019907308742403984,-0.03991734981536865,0.0,0.0,5.0,0.42536826020187085,-0.003818988800048828,-0.01644498109817505,0.009886026382446289,-0.013413012027740479,0.009466448798775673,0.8458954407833517,False,False
102,2.04,0.04414184018969536,0.005057541187852621,4.579087734222412,0.26739248633384705,-0.0448383130133152,0.02916058525443077,0.018970787525177002,0.306188702583313,0.10891926288604736,0.0413847379386425,-0.0017157335532829165,-0.03657245635986328,0.0,0.0,5.0,0.42325077230906766,-0.004791557788848877,-0.016490399837493896,0.008729219436645508,-0.014636695384979248,0.00947168655693531,0.855367127340287,False,False
103,2.06,0.04445267096161842,0.011103599332273006,4.581236362457275,0.2666972279548645,-0.044684894382953644,0.029892468824982643,0.01212127972394228,0.29839596152305603,0.10597363114356995,0.02869182638823986,0.01500052958726883,-0.03330773115158081,0.0,0.0,5.0,0.4212627612331382,-0.00422978401184082,-0.019684314727783203,0.007432222366333008,-0.016220033168792725,0.00947602093219757,0.8648431482724845,False,False
104,2.08,0.044627439230680466,0.016992948949337006,4.583320617675781,0.26608115434646606,-0.04420161619782448,0.03040456771850586,0.0053733475506305695,0.2905275225639343,0.10248696804046631,0.019779741764068604,0.03145043924450874,-0.0296667218208313,0.0,0.0,5.0,0.419406814799635,-0.0030446648597717285,-0.01872009038925171,0.005572319030761719,-0.017632722854614258,0.009480641223490238,0.8743237894959748,False,False
105,2.1,0.0446685291826725,0.022724440321326256,4.585334300994873,0.2655462324619293,-0.04345037043094635,0.030741792172193527,-0.0012397821992635727,0.28261759877204895,0.0988929271697998,0.011597491800785065,0.042004961520433426,-0.026046723127365112,0.0,0.0,5.0,0.4176832766806343,-0.0030930042266845703,-0.017556369304656982,0.0036100149154663086,-0.016713500022888184,0.009485198184847832,0.8838089876808226,False,False
106,2.12,0.044578954577445984,0.028297623619437218,4.587276458740234,0.26508596539497375,-0.042513564229011536,0.030929887667298317,-0.00768801337108016,0.27470293641090393,0.09531138092279434,0.005233612842857838,0.05021381750702858,-0.02280794084072113,0.0,0.0,5.0,0.4160874429777072,-0.003715217113494873,-0.017033874988555908,0.0019785165786743164,-0.016407251358032227,0.009489218704402447,0.8932982063852251,False,False
107,2.14,0.044362328946590424,0.033712808042764664,4.589145183563232,0.26469236612319946,-0.04142783209681511,0.03099607676267624,-0.013941681943833828,0.26682260632514954,0.09159771353006363,-0.00026768195675686,0.0570901557803154,-0.01985609531402588,0.0,0.0,5.0,0.4146157858125807,-0.0006521940231323242,-0.014213919639587402,0.0006175041198730469,-0.0155104398727417,0.00949352141469717,0.9027917277999222,False,False
108,2.16,0.04402252286672592,0.03897067531943321,4.590945720672607,0.26435813307762146,-0.040275413542985916,0.030976565554738045,-0.02000444382429123,0.25897514820098877,0.0884237289428711,-0.003048158949241042,0.05706121399998665,-0.017091810703277588,0.0,0.0,5.0,0.413257909168665,0.002166748046875,-0.009800493717193604,0.0016624927520751953,-0.013743102550506592,0.009497817605733871,0.9122895454056561,False,False
109,2.18,0.04356325417757034,0.04407187178730965,4.5926923751831055,0.26407545804977417,-0.03917330503463745,0.030889514833688736,-0.025889812037348747,0.2511560916900635,0.08624305576086044,-0.006779350806027651,0.052223216742277145,-0.014543209224939346,0.0,0.0,5.0,0.41199464587705115,0.006987214088439941,-0.006464362144470215,0.00038051605224609375,-0.010497689247131348,0.009501753374934196,0.9217912987805903,False,False
110,2.2,0.04298790544271469,0.049017030745744705,4.594405174255371,0.2638359069824219,-0.03823677450418472,0.030791275203227997,-0.03161665424704552,0.24337099492549896,0.08506249636411667,-0.003971974831074476,0.040646977722644806,-0.012277964502573013,0.0,0.0,5.0,0.4108014021255246,0.004169106483459473,-0.004439115524291992,-0.0011601448059082031,-0.008807957172393799,0.00950550101697445,0.9312967997975647,False,False
111,2.22,0.04229962080717087,0.053807131946086884,4.596094608306885,0.26362717151641846,-0.03752260282635689,0.030730240046977997,-0.037189796566963196,0.23564717173576355,0.08382565528154373,-0.00292223016731441,0.030095016583800316,-0.01076442375779152,0.0,0.0,5.0,0.4096633139633849,0.0030670166015625,-0.004839479923248291,-0.0005807876586914062,-0.006874799728393555,0.009508656337857246,0.940805456135422,False,False
112,2.24,0.04150105267763138,0.05844316631555557,4.59775972366333,0.26344165205955505,-0.036976590752601624,0.030696285888552666,-0.042650576680898666,0.2279622107744217,0.08269264549016953,-0.00116400804836303,0.023911206051707268,-0.00944225862622261,0.0,0.0,5.0,0.4085770196300078,0.0034236907958984375,-0.003951311111450195,0.0016453266143798828,-0.005472898483276367,0.009511493146419525,0.9503169492818415,False,False
113,2.2600000000000002,0.04059407860040665,0.06292563676834106,4.599406719207764,0.26327988505363464,-0.03652909770607948,0.03068176470696926,-0.048033107072114944,0.22028911113739014,0.08204085379838943,-0.0008824770338833332,0.020320288836956024,-0.008092891424894333,0.0,0.0,5.0,0.40753219700534665,0.0038557052612304688,-0.003552377223968506,0.004094958305358887,-0.0033039450645446777,0.009513978846371174,0.9598309281282127,False,False
114,2.2800000000000002,0.03958011046051979,0.0672546923160553,4.601047039031982,0.2631443738937378,-0.036113038659095764,0.030669156461954117,-0.05335133150219917,0.21262019872665405,0.08192618936300278,-0.0008706169901415706,0.020850978791713715,-0.00671424763277173,0.0,0.0,5.0,0.4065135223430369,0.003741025924682617,-0.003194570541381836,0.005870938301086426,-0.0009388327598571777,0.009516204707324505,0.9693471328355372,False,False
115,2.3000000000000003,0.03846044838428497,0.07143044471740723,4.602688789367676,0.2630371153354645,-0.03564479202032089,0.030656978487968445,-0.05860084295272827,0.20495961606502533,0.08224429935216904,-0.0007319556316360831,0.025623150169849396,-0.005434446502476931,0.0,0.0,5.0,0.4055092016422931,0.004258394241333008,-0.0014824271202087402,0.005956172943115234,-0.0009083747863769531,0.009518473409116268,0.9788656062446535,False,False
116,2.32,0.03723664581775665,0.07545318454504013,4.604339122772217,0.2629565894603729,-0.035104889422655106,0.030632972717285156,-0.0637623742222786,0.19731919467449188,0.08279583603143692,-0.0019537960179150105,0.028095459565520287,-0.004260819870978594,0.0,0.0,5.0,0.4045086904114717,0.0032793283462524414,-0.0012392997741699219,0.0030889511108398438,0.001473069190979004,0.009521173313260078,0.9883867795579135,False,False
117,2.34,0.035910677164793015,0.07932349294424057,4.60599946975708,0.2628951966762543,-0.03451337665319443,0.03062763437628746,-0.06881578266620636,0.1897168755531311,0.0832316130399704,0.0012060193112120032,0.03083999641239643,-0.003689639735966921,0.0,0.0,5.0,0.40350738667217856,0.0012985467910766602,-0.0007297396659851074,0.0011301040649414062,0.0014908313751220703,0.009523811750113964,0.9979105913080275,False,False
118,2.36,0.034484878182411194,0.08304217457771301,4.607665538787842,0.2628425657749176,-0.033872347325086594,0.030679553747177124,-0.07374358177185059,0.18215519189834595,0.08333711326122284,0.003806288819760084,0.033072277903556824,-0.0035343547351658344,0.0,0.0,5.0,0.4025065701780352,0.00027823448181152344,-0.0008269548416137695,0.0004056692123413086,0.0009542703628540039,0.009526118636131287,1.0074367099441588,False,False
119,2.38,0.03296184912323952,0.08660992980003357,4.609331130981445,0.2627933621406555,-0.03318829834461212,0.030775336548686028,-0.078537218272686,0.17462264001369476,0.0832134559750557,0.005606658756732941,0.03514895588159561,-0.003482597414404154,0.0,0.0,5.0,0.4015095623491757,-0.00016564130783081055,-0.0011937618255615234,0.0005222558975219727,0.0002505779266357422,0.009528178721666336,1.0169648886658251,False,False
120,2.4,0.031344350427389145,0.09002722799777985,4.610992908477783,0.26274731755256653,-0.032460346817970276,0.030897222459316254,-0.08318932354450226,0.16711077094078064,0.0829567238688469,0.006430949550122023,0.037469252943992615,-0.0033615236170589924,0.0,0.0,5.0,0.40051702503046427,-8.440017700195312e-05,-0.0017564892768859863,0.0011527538299560547,-0.0004616975784301758,0.009530027396976948,1.026494916062802,False,False
121,2.42,0.02963528409600258,0.09329446405172348,4.612648963928223,0.2627071738243103,-0.03168179467320442,0.031027765944600105,-0.08769219368696213,0.15961535274982452,0.08264878392219543,0.006494560278952122,0.04022492840886116,-0.0030555897392332554,0.0,0.0,5.0,0.39952838726682294,0.0001798868179321289,-0.002306520938873291,0.0020198822021484375,-0.0011504292488098145,0.00953176524490118,1.0360266813077033,False,False
122,2.44,0.027837729081511497,0.09641195088624954,4.6142988204956055,0.2626773416996002,-0.03084336593747139,0.03115115314722061,-0.09203644096851349,0.15213701128959656,0.08233457803726196,0.005751167424023151,0.04348476603627205,-0.002528898883610964,0.0,0.0,5.0,0.398541846366463,0.0009824037551879883,-0.0018658041954040527,0.002547144889831543,-0.0009844303131103516,0.009533661417663097,1.0455603427253664,False,False
123,2.46,0.025954924523830414,0.0993800163269043,4.615943908691406,0.2626607120037079,-0.029946094378829002,0.03125925734639168,-0.09621529281139374,0.1446734517812729,0.08221468329429626,0.0050083305686712265,0.04614667594432831,-0.001934880972839892,0.0,0.0,5.0,0.3975539297043967,0.0018036365509033203,-0.0002886056900024414,0.0026096105575561523,0.0007042884826660156,0.009535604156553745,1.05509594688192,False,False
124,2.48,0.023990238085389137,0.10219892114400864,4.61759090423584,0.26265525817871094,-0.0290029589086771,0.03136163204908371,-0.10022328794002533,0.1372215896844864,0.08250624686479568,0.0052131726406514645,0.048103902488946915,-0.0015626611420884728,0.0,0.0,5.0,0.39655626023246127,0.0006170272827148438,0.0009666681289672852,0.003207087516784668,0.0011115074157714844,0.009537420235574245,1.0646333671174943,False,False
125,2.5,0.021947234869003296,0.1048690527677536,4.6192450523376465,0.2626567482948303,-0.02801068127155304,0.03143925592303276,-0.10404568910598755,0.12979663908481598,0.08290797472000122,0.002553619910031557,0.0510796494781971,-0.0014001043746247888,0.0,0.0,5.0,0.3955420704756482,0.0013109445571899414,1.5735626220703125e-05,0.003923177719116211,0.0015488862991333008,0.009539096616208553,1.074172463733703,False,False
126,2.52,0.01982971839606762,0.10739102959632874,4.620907783508301,0.2626658082008362,-0.026943741366267204,0.03147835284471512,-0.10767257213592529,0.12240948528051376,0.08340279012918472,0.0013805368216708302,0.05559055134654045,-0.0010584580013528466,0.0,0.0,5.0,0.39450850380443797,0.0010322332382202148,0.0002573728561401367,0.004028439521789551,0.0005279779434204102,0.009541007690131664,1.0837134714238346,False,False
127,2.54,0.017641767859458923,0.10976580530405045,4.622579574584961,0.26268473267555237,-0.02579641528427601,0.03147582709789276,-0.11108686774969101,0.11507760733366013,0.08381000906229019,-0.001584564452059567,0.05914497748017311,-0.0006603808724321425,0.0,0.0,5.0,0.3934538619809479,0.0016171932220458984,-0.0003217458724975586,0.0036464929580688477,-0.00024563074111938477,0.009542944841086864,1.0932564162649214,False,False
128,2.56,0.015387755818665028,0.11199462413787842,4.624258995056152,0.2627148926258087,-0.024590957909822464,0.03142211586236954,-0.1142774373292923,0.10781479626893997,0.08411058783531189,-0.0037102727219462395,0.06143578141927719,-0.00011745238589355722,0.0,0.0,5.0,0.39237849286260845,0.0011206865310668945,-0.0012212395668029785,0.0038186311721801758,-0.0009322166442871094,0.009544764645397663,1.102801180910319,False,False
129,2.58,0.013072241097688675,0.11407897621393204,4.625941753387451,0.2627587616443634,-0.02333049476146698,0.03132065758109093,-0.1172356978058815,0.10063538700342178,0.08423037081956863,-0.0063313087448477745,0.0646861270070076,0.0005429126904346049,0.0,0.0,5.0,0.391285660560401,0.0017695426940917969,-0.0016766786575317383,0.0040547847747802734,-0.0018436312675476074,0.009546487592160702,1.1123476685024798,False,False
130,2.6,0.010699933394789696,0.11602064222097397,4.627627849578857,0.26281940937042236,-0.022014973685145378,0.03116597793996334,-0.11995548009872437,0.09354675561189651,0.08430956304073334,-0.00899979006499052,0.06699123978614807,0.0014129722258076072,0.0,0.0,5.0,0.39017469985288156,0.0024319887161254883,-0.0011044740676879883,0.0041539669036865234,-0.002301335334777832,0.009548326022922993,1.1218959945254028,False,False
131,2.62,0.008275649510324001,0.11782150715589523,4.6293158531188965,0.2628987729549408,-0.020671255886554718,0.030952520668506622,-0.12243282794952393,0.08655679225921631,0.08448152989149094,-0.012177047319710255,0.06756206601858139,0.0023432611487805843,0.0,0.0,5.0,0.3890464376809996,0.0024045705795288086,-0.00135725736618042,0.004315376281738281,-0.0021492838859558105,0.009550188668072224,1.131446183193475,False,False
132,2.64,0.005804260261356831,0.11948367953300476,4.631007194519043,0.26299721002578735,-0.019310228526592255,0.03067758120596409,-0.12466588616371155,0.07968106120824814,0.08466370403766632,-0.0151199446991086,0.06877917796373367,0.0032953894697129726,0.0,0.0,5.0,0.38789912297997625,0.002147674560546875,-0.001827538013458252,0.004447579383850098,-0.002505183219909668,0.00955198984593153,1.1409981730394065,False,False
133,2.66,0.003290672553703189,0.12100963294506073,4.6327009201049805,0.263115793466568,-0.017919978126883507,0.03034055419266224,-0.12665234506130219,0.07293561100959778,0.0847596675157547,-0.018363045528531075,0.07054287195205688,0.004312834236770868,0.0,0.0,5.0,0.38673346620519145,0.002235889434814453,-0.0026208162307739258,0.0048989057540893555,-0.003164231777191162,0.009553623385727406,1.150551796425134,False,False
134,2.68,0.0007398452144116163,0.12240208685398102,4.634394645690918,0.26325723528862,-0.016489682719111443,0.02993592992424965,-0.12838920950889587,0.06633416563272476,0.08477332442998886,-0.021856127306818962,0.07284793257713318,0.0055157640017569065,0.0,0.0,5.0,0.38555167401610413,0.0027866363525390625,-0.0034804344177246094,0.005224704742431641,-0.0038647055625915527,0.009555206634104252,1.1601070030592382,False,False
135,2.7,-0.001843188190832734,0.12366407364606857,4.6360883712768555,0.2634257674217224,-0.015014740638434887,0.029465414583683014,-0.12987209856510162,0.05989096686244011,0.08472725003957748,-0.024931006133556366,0.0750812441110611,0.006945496890693903,0.0,0.0,5.0,0.3843538395455142,0.0027772188186645508,-0.0039740800857543945,0.005179882049560547,-0.004450678825378418,0.009556891396641731,1.16966389445588,False,False
136,2.72,-0.0044532953761518,0.12479890882968903,4.637781620025635,0.263624370098114,-0.013497327454388142,0.028932565823197365,-0.13109572231769562,0.053621627390384674,0.08457730710506439,-0.02807123027741909,0.07717497646808624,0.008470720611512661,0.0,0.0,5.0,0.3831406455546604,0.0026466846466064453,-0.004477143287658691,0.005374908447265625,-0.005018115043640137,0.009558501653373241,1.1792223961092532,False,False
137,2.74,-0.007085244171321392,0.12581020593643188,4.63947057723999,0.26385486125946045,-0.011936021037399769,0.028332563117146492,-0.13205547630786896,0.04753987491130829,0.08433602750301361,-0.0316368006169796,0.07955129444599152,0.010101578198373318,0.0,0.0,5.0,0.3819160552770733,0.002612471580505371,-0.005141019821166992,0.005959033966064453,-0.005738615989685059,0.009559951722621918,1.188782347831875,False,False
138,2.7600000000000002,-0.009733707644045353,0.12670186161994934,4.6411542892456055,0.2641204595565796,-0.010321925394237041,0.027653858065605164,-0.13274633884429932,0.0416610948741436,0.08402017503976822,-0.03593859449028969,0.08253790438175201,0.011912568472325802,0.0,0.0,5.0,0.3806814297142522,0.0030399560928344727,-0.006058394908905029,0.005875825881958008,-0.0063895583152771,0.009561405517160892,1.198343753349036,False,False
139,2.7800000000000002,-0.012393247336149216,0.12747815251350403,4.6428303718566895,0.26442426443099976,-0.008651630021631718,0.026897631585597992,-0.13316191732883453,0.036004457622766495,0.08359140157699585,-0.039396706968545914,0.08525767177343369,0.01390164252370596,0.0,0.0,5.0,0.37943960680959743,0.003334641456604004,-0.006162703037261963,0.004979968070983887,-0.007358074188232422,0.009563014842569828,1.2079067681916058,False,False
140,2.8000000000000003,-0.015058297663927078,0.12814365327358246,4.644496440887451,0.26476770639419556,-0.006950153037905693,0.026075977832078934,-0.133296936750412,0.030587049201130867,0.08300559222698212,-0.0425020232796669,0.08573966473340988,0.015934638679027557,0.0,0.0,5.0,0.3781935070100028,0.004025101661682129,-0.00559622049331665,0.003300309181213379,-0.008478879928588867,0.009564771316945553,1.2174715395085514,False,False
141,2.82,-0.01772325113415718,0.1287032961845398,4.646149635314941,0.26514917612075806,-0.005283922888338566,0.025199973955750465,-0.13315382599830627,0.025420164689421654,0.08227505534887314,-0.04486578330397606,0.08180596679449081,0.017927132546901703,0.0,0.0,5.0,0.37694659126629426,0.003671407699584961,-0.00506061315536499,0.0019099712371826172,-0.007607221603393555,0.00956681277602911,1.2270383522845805,False,False
142,2.84,-0.020382679998874664,0.12916216254234314,4.647788047790527,0.2655639350414276,-0.003704543923959136,0.02429209090769291,-0.1327471286058426,0.02050602249801159,0.08151761442422867,-0.045736949890851974,0.07710938900709152,0.019626252353191376,0.0,0.0,5.0,0.3757014468374577,0.0025968551635742188,-0.004666507244110107,0.0008412599563598633,-0.006479918956756592,0.009568828158080578,1.236607180442661,False,False
143,2.86,-0.023031488060951233,0.12952525913715363,4.649410247802734,0.2660057842731476,-0.002211397048085928,0.0233752503991127,-0.13209496438503265,0.01584477163851261,0.0807047113776207,-0.04581700637936592,0.07321552187204361,0.020984210073947906,0.0,0.0,5.0,0.37446016683031674,0.0015799999237060547,-0.004877686500549316,0.00038695335388183594,-0.006090641021728516,0.009570532478392124,1.2461777129210532,False,False
144,2.88,-0.025664931163191795,0.12979766726493835,4.651015281677246,0.26647037267684937,-0.0007836457807570696,0.022457832470536232,-0.13121271133422852,0.01143474318087101,0.07976974546909332,-0.04585561901330948,0.07058632373809814,0.022188536822795868,0.0,0.0,5.0,0.37322440534059786,0.001204848289489746,-0.0052727460861206055,0.0004254579544067383,-0.006050407886505127,0.009572033770382404,1.2557497466914356,False,False
145,2.9,-0.028278522193431854,0.12998434901237488,4.6526007652282715,0.26695677638053894,0.0006006602779962122,0.021540524438023567,-0.13011091947555542,0.0072717987932264805,0.07877134531736374,-0.04587108641862869,0.06888037919998169,0.023394577205181122,0.0,0.0,5.0,0.37199708886710103,0.0010761022567749023,-0.005449056625366211,0.0006341934204101562,-0.0061536431312561035,0.009573456831276417,1.265323203522712,False,False
146,2.92,-0.030867939814925194,0.13009020686149597,4.654166221618652,0.2674657106399536,0.001955243991687894,0.020620714873075485,-0.12879642844200134,0.003353254869580269,0.0777570977807045,-0.04617549851536751,0.06762033700942993,0.02463417500257492,0.0,0.0,5.0,0.3707793061906284,0.0010142326354980469,-0.004972577095031738,0.0008224248886108398,-0.006055295467376709,0.00957492832094431,1.2748981318436563,False,False
147,2.94,-0.03342898190021515,0.13012011349201202,4.655712127685547,0.26799726486206055,0.0032832089345902205,0.019688719883561134,-0.12727424502372742,-0.0003226192493457347,0.07681488245725632,-0.04716341570019722,0.06622010469436646,0.025831900537014008,0.0,0.0,5.0,0.3695712107143523,0.0010753870010375977,-0.004516482353210449,0.0008951425552368164,-0.005692660808563232,0.009576382115483284,1.2844745139591396,False,False
148,2.96,-0.03595755249261856,0.13007895648479462,4.65723991394043,0.2685503363609314,0.004582333378493786,0.01873661018908024,-0.12555024027824402,-0.0037541340570896864,0.07596886903047562,-0.048265568912029266,0.06473058462142944,0.02696586400270462,0.0,0.0,5.0,0.3683720362581782,0.0003376007080078125,-0.004420876502990723,0.000798344612121582,-0.005193889141082764,0.009577753953635693,1.2940522679127753,False,False
149,2.98,-0.038449693471193314,0.12997165322303772,4.658750534057617,0.2691231369972229,0.005863163620233536,0.017760667949914932,-0.12363162636756897,-0.006936198566108942,0.07510174065828323,-0.049628037959337234,0.06437605619430542,0.027966775000095367,0.0,0.0,5.0,0.3671814368612876,-0.0003827810287475586,-0.005003511905670166,0.00058746337890625,-0.004941880702972412,0.009578907862305641,1.303631175775081,False,False
150,3.0,-0.0409015454351902,0.12980322539806366,4.660242557525635,0.26971426606178284,0.007151748053729534,0.016761858016252518,-0.12152241915464401,-0.00986289419233799,0.07411281019449234,-0.050637826323509216,0.06548326462507248,0.028911791741847992,0.0,0.0,5.0,0.366001275215605,-0.0006132125854492188,-0.005670666694641113,0.0003254413604736328,-0.005193471908569336,0.009579918347299099,1.31321109412238,False,False
151,3.02,-0.043309297412633896,0.1295788735151291,4.661713600158691,0.27032381296157837,0.008466921746730804,0.015748631209135056,-0.11922094225883484,-0.012529506348073483,0.0729869157075882,-0.051161184906959534,0.06700728833675385,0.029896490275859833,0.0,0.0,5.0,0.3648343021447127,0.00015175342559814453,-0.0058896541595458984,-0.0002048015594482422,-0.005750179290771484,0.009580968879163265,1.3227920630015433,False,False
152,3.04,-0.045669056475162506,0.12930379807949066,4.663161754608154,0.27095288038253784,0.009795109741389751,0.014736325480043888,-0.11672253161668777,-0.014934292063117027,0.07180897146463394,-0.05064418166875839,0.06675445288419724,0.03097520023584366,0.0,0.0,5.0,0.36368274426451763,0.00012826919555664062,-0.00409775972366333,-0.0008329153060913086,-0.006441891193389893,0.009582224301993847,1.3323742873035371,False,False
153,3.06,-0.04797687008976936,0.1289832442998886,4.664586544036865,0.27160000801086426,0.011084978468716145,0.013714912347495556,-0.11402744799852371,-0.017078816890716553,0.07067543268203735,-0.05217302218079567,0.06313979625701904,0.03189085051417351,0.0,0.0,5.0,0.36254743664087474,-0.0002716183662414551,-0.004257678985595703,-0.001503586769104004,-0.005788207054138184,0.009583395905792713,1.3419576832093298,False,False
154,3.08,-0.05022892355918884,0.1286224126815796,4.665987968444824,0.27226176857948303,0.012308899313211441,0.012675726786255836,-0.11114902049303055,-0.018961254507303238,0.06948535144329071,-0.052520234137773514,0.06011447310447693,0.03266085311770439,0.0,0.0,5.0,0.3614287025535758,-0.0009330511093139648,-0.004046380519866943,-0.0019205212593078613,-0.0055571794509887695,0.009584469720721245,1.351542152930051,False,False
155,3.1,-0.0524216890335083,0.12822657823562622,4.667365074157715,0.2729356288909912,0.013475717045366764,0.011628104373812675,-0.10809993743896484,-0.02058253064751625,0.06823272258043289,-0.05311085283756256,0.057377543300390244,0.03328929468989372,0.0,0.0,5.0,0.3603277435020034,-0.0014494657516479492,-0.0036481618881225586,-0.0012446045875549316,-0.005894958972930908,0.009585407562553883,1.361127560492605,False,False
156,3.12,-0.054551851004362106,0.12780089676380157,4.668717384338379,0.2736203074455261,0.01459332462400198,0.010548613034188747,-0.10489019751548767,-0.02194303087890148,0.06700103729963303,-0.05579942464828491,0.0551350899040699,0.0339270643889904,0.0,0.0,5.0,0.35924524367239624,-0.0011577606201171875,-0.004454374313354492,-0.0009160041809082031,-0.005985140800476074,0.009586204774677753,1.3707137652672827,False,False
157,3.14,-0.05661630257964134,0.12735065817832947,4.670044898986816,0.27431753277778625,0.015674876049160957,0.00942368432879448,-0.10153144598007202,-0.02303651161491871,0.06574152410030365,-0.05774892494082451,0.053710415959358215,0.034706007689237595,0.0,0.0,5.0,0.3581814687289997,-0.0010055899620056152,-0.00452810525894165,-0.0009236335754394531,-0.006114602088928223,0.009587009437382221,1.380300774704665,False,False
158,3.16,-0.0586121566593647,0.12688127160072327,4.671346664428711,0.27502918243408203,0.016726229339838028,0.00826187152415514,-0.09803181141614914,-0.023856936022639275,0.06447510421276093,-0.05958544462919235,0.052050042897462845,0.035517286509275436,0.0,0.0,5.0,0.35713758829534137,-0.0009769797325134277,-0.004529058933258057,-0.0011919736862182617,-0.005987703800201416,0.00958781223744154,1.3898885869421065,False,False
159,3.18,-0.06053667515516281,0.1263982653617859,4.672623634338379,0.2757551670074463,0.017743248492479324,0.007068936247378588,-0.09439964592456818,-0.024399198591709137,0.06319601088762283,-0.06095955893397331,0.050205014646053314,0.03629450127482414,0.0,0.0,5.0,0.35611303727766214,-0.0011074542999267578,-0.004346728324890137,-0.0016463994979858398,-0.005750417709350586,0.009588598273694515,1.399477185215801,False,False
160,3.2,-0.06238730251789093,0.12590719759464264,4.673874855041504,0.2764942944049835,0.018721209838986397,0.005853612907230854,-0.09064370393753052,-0.02465989626944065,0.06189889833331108,-0.061920564621686935,0.048066090792417526,0.03697816655039787,0.0,0.0,5.0,0.35510900875054596,-0.0009230971336364746,-0.004046618938446045,-0.0018330812454223633,-0.005271553993225098,0.009589414112269878,1.4090665993280709,False,False
161,3.22,-0.06416164338588715,0.12541376054286957,4.675100803375244,0.27724504470825195,0.019655127078294754,0.004625984001904726,-0.08677130937576294,-0.02463761530816555,0.06067591905593872,-0.06228307634592056,0.04571736976504326,0.03758911415934563,0.0,0.0,5.0,0.3541254238019261,-0.0006415247917175293,-0.0034723281860351562,-0.001844644546508789,-0.004612565040588379,0.00959025789052248,1.4186568572185934,False,False
162,3.24,-0.0658574253320694,0.12492359429597855,4.676303863525391,0.27800577878952026,0.020540675148367882,0.003396108513697982,-0.08279037475585938,-0.024332836270332336,0.05959802120923996,-0.06223351135849953,0.043141283094882965,0.03811044618487358,0.0,0.0,5.0,0.3531604361360206,-0.0006317496299743652,-0.00287550687789917,-0.0026917457580566406,-0.003856956958770752,0.00959103275090456,1.428247889969498,False,False
163,3.2600000000000002,-0.06747259944677353,0.12444233149290085,4.67748498916626,0.278773695230484,0.021368004381656647,0.0021790903992950916,-0.07871276140213013,-0.02374861016869545,0.05856797844171524,-0.06107749789953232,0.039805203676223755,0.038427870720624924,0.0,0.0,5.0,0.3522135399960958,-0.0011149048805236816,-0.0014224052429199219,-0.007104277610778809,-0.0016217231750488281,0.009591451846063137,1.437839341815561,False,False
164,3.2800000000000002,-0.06900539249181747,0.123975470662117,4.67864465713501,0.2795387804508209,0.022095296531915665,0.0010370088275521994,-0.0745541900396347,-0.022895533591508865,0.05741681158542633,-0.05479348823428154,0.03304683789610863,0.037946026772260666,0.0,0.0,5.0,0.3512846679072667,-0.0037723779678344727,0.0020804405212402344,-0.009756088256835938,0.00014483928680419922,0.009591585025191307,1.4474309268407524,False,False
165,3.3000000000000003,-0.07045432180166245,0.1235281378030777,4.679781436920166,0.28028354048728943,0.022669455036520958,1.7397328520019073e-06,-0.07033083587884903,-0.021798793226480484,0.0562591552734375,-0.05040042847394943,0.02440732717514038,0.036479245871305466,0.0,0.0,5.0,0.3503754278349753,-0.005425631999969482,0.0026009082794189453,-0.01121056079864502,0.0015715360641479492,0.0095919044688344,1.4570228313095868,False,False
166,3.3200000000000003,-0.07181837409734726,0.12310495227575302,4.680894374847412,0.2809937298297882,0.023083588108420372,-0.0009383559226989746,-0.06607041507959366,-0.02048611268401146,0.05498545989394188,-0.045233845710754395,0.016973072662949562,0.034541886299848557,0.0,0.0,5.0,0.34948692126719977,-0.0065651535987854,0.0031470060348510742,-0.011716723442077637,0.0019257068634033203,0.009592398069798946,1.4666152293793857,False,False
167,3.34,-0.07309705018997192,0.12270995229482651,4.681980609893799,0.2816627323627472,0.023354453966021538,-0.0017847814597189426,-0.0617954283952713,-0.018983935937285423,0.05363691970705986,-0.04096195474267006,0.010022594593465328,0.03236744925379753,0.0,0.0,5.0,0.34862192074250586,-0.007010221481323242,0.0030710697174072266,-0.011889517307281494,0.002091050148010254,0.009593026712536812,1.4762082560919225,False,False
168,3.36,-0.07429024577140808,0.12234669923782349,4.68303918838501,0.2822876274585724,0.023492369800806046,-0.0025469784159213305,-0.057526808232069016,-0.01731639727950096,0.05223539471626282,-0.03672151640057564,0.0036331715527921915,0.0301271490752697,0.0,0.0,5.0,0.3477814134349333,-0.007245004177093506,0.0031731128692626953,-0.011723458766937256,0.0020873546600341797,0.009593709371984005,1.4858019654639065,False,False
169,3.38,-0.07539829611778259,0.12201826274394989,4.684070110321045,0.2828676700592041,0.0235060453414917,-0.003230866277590394,-0.05328310281038284,-0.015505695715546608,0.050836026668548584,-0.033030204474925995,-0.0024324413388967514,0.02787129208445549,0.0,0.0,5.0,0.3469654949603392,-0.007244467735290527,0.003160238265991211,-0.011454284191131592,0.00216066837310791,0.00959442276507616,1.4953963882289827,False,False
170,3.4,-0.07642186433076859,0.12172730267047882,4.685072898864746,0.283403217792511,0.023402506485581398,-0.0038439633790403605,-0.04908239096403122,-0.013572282157838345,0.049468740820884705,-0.029535874724388123,-0.008110144175589085,0.02563498541712761,0.0,0.0,5.0,0.3461746908609513,-0.007130622863769531,0.0034672021865844727,-0.011212289333343506,0.002358555793762207,0.0095951147377491,1.5049915029667318,False,False
171,3.42,-0.07736200094223022,0.12147608399391174,4.686049461364746,0.28389444947242737,0.023185765370726585,-0.004390856716781855,-0.04494136571884155,-0.01153495628386736,0.04818616807460785,-0.0262979194521904,-0.013765517622232437,0.023384731262922287,0.0,0.0,5.0,0.3454073810468554,-0.007399380207061768,0.0034055709838867188,-0.011057555675506592,0.002745389938354492,0.009595764800906181,1.514587267767638,False,False
172,3.44,-0.07822005450725555,0.12126646935939789,4.687000274658203,0.28434082865715027,0.02286546118557453,-0.004873873200267553,-0.04087855666875839,-0.009412724524736404,0.04692511260509491,-0.023031776770949364,-0.01847093552350998,0.021093618124723434,0.0,0.0,5.0,0.34466325824208777,-0.007394015789031982,0.0032235383987426758,-0.011083126068115234,0.0033121109008789062,0.009596425108611584,1.5241836928762496,False,False
173,3.46,-0.07899776101112366,0.12110002338886261,4.687926769256592,0.2847416400909424,0.022458845749497414,-0.005284272134304047,-0.036907948553562164,-0.007223313208669424,0.04570084810256958,-0.018916547298431396,-0.022392960265278816,0.018764805048704147,0.0,0.0,5.0,0.3439412206412342,-0.007343649864196777,0.003733992576599121,-0.010672390460968018,0.0035288333892822266,0.00959713477641344,1.533780827652663,False,False
174,3.48,-0.07969705760478973,0.12097787857055664,4.6888298988342285,0.28509610891342163,0.021974416449666023,-0.005620690993964672,-0.03303899988532066,-0.004984673578292131,0.04459480196237564,-0.015513189136981964,-0.02624237723648548,0.016411226242780685,0.0,0.0,5.0,0.3432405861109813,-0.00710606575012207,0.0041397809982299805,-0.010914146900177002,0.004697084426879883,0.009597727097570896,1.5433785547502339,False,False
175,3.5,-0.0803200751543045,0.12090085446834564,4.689712047576904,0.2854025959968567,0.021415919065475464,-0.00587674742564559,-0.029281362891197205,-0.0027145270723849535,0.043644532561302185,-0.010757924057543278,-0.02978258766233921,0.013910692185163498,0.0,0.0,5.0,0.34255940288202064,-0.0062746405601501465,0.006213068962097168,-0.01163327693939209,0.004021883010864258,0.00959822814911604,1.55297678289935,False,False
176,3.52,-0.08086913079023361,0.12086937576532364,4.690577030181885,0.28565865755081177,0.02073962241411209,-0.00605199346318841,-0.02564648911356926,-0.0004337538848631084,0.04284461960196495,-0.007307066116482019,-0.0379985086619854,0.011290472000837326,0.0,0.0,5.0,0.34189442312463825,-0.006739914417266846,0.00603640079498291,-0.010739803314208984,0.004755377769470215,0.00959897879511118,1.562575761694461,False,False
177,3.54,-0.08134691417217255,0.12088343501091003,4.691426753997803,0.28586316108703613,0.019923413172364235,-0.0061643426306545734,-0.022157544270157814,0.0018356968648731709,0.04214422032237053,-0.004344230983406305,-0.043745532631874084,0.008658293634653091,0.0,0.0,5.0,0.34124415519346885,-0.006542086601257324,0.005490899085998535,-0.00995093584060669,0.0048024654388427734,0.009599877521395683,1.5721756392158568,False,False
178,3.56,-0.08175655454397202,0.1209426000714302,4.692263126373291,0.28601720929145813,0.01900484785437584,-0.006218590307980776,-0.01883488893508911,0.004075046628713608,0.04149487614631653,-0.001380970235913992,-0.048204269260168076,0.006164313293993473,0.0,0.0,5.0,0.34060714923865065,-0.006273508071899414,0.005087852478027344,-0.008993744850158691,0.004585146903991699,0.009600848890841007,1.5817764881066978,False,False
179,3.58,-0.08210152387619019,0.12104613333940506,4.693087100982666,0.28612348437309265,0.018006332218647003,-0.00622008228674531,-0.01569242775440216,0.006268483120948076,0.04090848192572594,0.0010343979811295867,-0.05171148478984833,0.003842306090518832,0.0,0.0,5.0,0.3399828733957608,-0.00588756799697876,0.004482388496398926,-0.008009910583496094,0.004354715347290039,0.009601890109479427,1.5913783782161772,False,False
180,3.6,-0.08238553255796432,0.12119294703006744,4.693900108337402,0.2861858010292053,0.016947992146015167,-0.006176577880978584,-0.012740962207317352,0.008402600884437561,0.04037809371948242,0.0032064924016594887,-0.05415940657258034,0.001725676003843546,0.0,0.0,5.0,0.33937037298583705,-0.005446672439575195,0.003966689109802246,-0.007032930850982666,0.0040389299392700195,0.009602966718375683,1.600981344934553,False,False
181,3.62,-0.08261249214410782,0.12138175219297409,4.694703102111816,0.28620800375938416,0.015848442912101746,-0.00609402684494853,-0.009987695142626762,0.010466443374752998,0.03990894556045532,0.005011767614632845,-0.055807195603847504,-0.00018163397908210754,0.0,0.0,5.0,0.33876916843751415,-0.004977703094482422,0.0034269094467163086,-0.006090342998504639,0.003731966018676758,0.0096040740609169,1.6105854189954698,False,False
182,3.64,-0.08278641849756241,0.12161106616258621,4.695497035980225,0.28619417548179626,0.014723408967256546,-0.005978576373308897,-0.007437131367623806,0.012451134622097015,0.039498768746852875,0.006553911603987217,-0.05668580159544945,-0.0018786343280225992,0.0,0.0,5.0,0.3381787953105326,-0.004272937774658203,0.0024951696395874023,-0.005082428455352783,0.003260493278503418,0.009605280123651028,1.6201906991191208,False,False
183,3.66,-0.08291136473417282,0.1218792274594307,4.696282863616943,0.286149263381958,0.013588928617537022,-0.005831009708344936,-0.0050913505256175995,0.014349296689033508,0.03912241384387016,0.008265894837677479,-0.05673401430249214,-0.003285572398453951,0.0,0.0,5.0,0.3375987846851865,-0.0037833452224731445,0.002284407615661621,-0.0041964054107666016,0.0028160810470581055,0.009606408886611462,1.6297971080057323,False,False
184,3.68,-0.08299145102500916,0.12218444794416428,4.6970624923706055,0.2860778570175171,0.012455103918910027,-0.00565635971724987,-0.002948943991214037,0.016155114397406578,0.03881990164518356,0.00929171685129404,-0.056605685502290726,-0.004503440577536821,0.0,0.0,5.0,0.33702782346768667,-0.0033005475997924805,0.0017446279525756836,-0.0033764243125915527,0.0025812387466430664,0.009607548825442791,1.639404656831175,False,False
185,3.7,-0.08303068578243256,0.12252480536699295,4.697835922241211,0.28598377108573914,0.011330723762512207,-0.005461749155074358,-0.001008264604024589,0.017864227294921875,0.03857211396098137,0.010280945338308811,-0.05577830225229263,-0.0055279177613556385,0.0,0.0,5.0,0.3364662726032731,-0.0028876066207885742,0.0015218257904052734,-0.0026622414588928223,0.00229644775390625,0.009608657099306583,1.6490133139304817,False,False
186,3.72,-0.08303309977054596,0.12289836257696152,4.698605537414551,0.28587040305137634,0.010225418955087662,-0.0052514164708554745,0.0007344131590798497,0.019473930820822716,0.038387879729270935,0.010874168016016483,-0.0546899251639843,-0.006400179583579302,0.0,0.0,5.0,0.33591237735274876,-0.0024756789207458496,0.0011334419250488281,-0.0020117759704589844,0.0020825862884521484,0.0096097681671381,1.6586230820976198,False,False
187,3.74,-0.08300258219242096,0.12330309301614761,4.699372291564941,0.28574079275131226,0.009146306663751602,-0.0050299521535634995,0.0022836909629404545,0.020982785150408745,0.03825119510293007,0.01139763928949833,-0.053153377026319504,-0.007117387373000383,0.0,0.0,5.0,0.3353656220856171,-0.002140045166015625,0.0009025335311889648,-0.0015011429786682129,0.0018837451934814453,0.009610841982066631,1.6682339240796864,False,False
188,3.7600000000000002,-0.08294297754764557,0.12373698502779007,4.700135707855225,0.28559762239456177,0.008100139908492565,-0.004799545276910067,0.0036455662921071053,0.022390427067875862,0.03815740719437599,0.01176640298217535,-0.05139191076159477,-0.0077158366329967976,0.0,0.0,5.0,0.33482678012925426,-0.0019384026527404785,0.0006377696990966797,-0.0012622475624084473,0.0018645524978637695,0.009611852467060089,1.6778457765467465,False,False
189,3.7800000000000002,-0.08285796642303467,0.12419803440570831,4.70089864730835,0.28544268012046814,0.007092262618243694,-0.004559449851512909,0.004826888907700777,0.02369699627161026,0.038080908358097076,0.012360586784780025,-0.049322184175252914,-0.008246764540672302,0.0,0.0,5.0,0.3342936037856203,-0.0017027854919433594,0.0005669593811035156,-0.0009697079658508301,0.0016113519668579102,0.009612883441150188,1.6874586599878967,False,False
190,3.8000000000000003,-0.08275106549263,0.12468419969081879,4.701659679412842,0.2852775454521179,0.006124403793364763,-0.004309982061386108,0.005835691932588816,0.02490280009806156,0.03802608326077461,0.012695255689322948,-0.04738960042595863,-0.00869840383529663,0.0,0.0,5.0,0.3337676368085346,-0.0014181137084960938,0.0002790689468383789,-0.000616610050201416,0.0013808012008666992,0.00961392279714346,1.6970725827850401,False,False
191,3.8200000000000003,-0.08262564986944199,0.12519346177577972,4.702418804168701,0.28510403633117676,0.005196572281420231,-0.004053837154060602,0.006679762154817581,0.026008527725934982,0.03798438981175423,0.013017377816140652,-0.04532027244567871,-0.009042419493198395,0.0,0.0,5.0,0.3332491095263978,-0.0011466741561889648,0.00011944770812988281,-0.00026601552963256836,0.001120924949645996,0.009614946320652962,1.706687529105693,False,False
192,3.84,-0.08248493820428848,0.12572385370731354,4.7031779289245605,0.284924179315567,0.0043099322356283665,-0.0037930659018456936,0.007367094978690147,0.02701536938548088,0.03796369582414627,0.013145173899829388,-0.04327263683080673,-0.009289413690567017,0.0,0.0,5.0,0.3327365238429597,-0.0008668303489685059,-0.00011909008026123047,7.867813110351562e-05,0.0008997917175292969,0.00961594469845295,1.716303473804146,False,False
193,3.86,-0.08233197033405304,0.12627340853214264,4.70393705368042,0.28474006056785583,0.0034651686437427998,-0.0035301167517900467,0.007905579172074795,0.02792499214410782,0.03796008601784706,0.013221275061368942,-0.04113570600748062,-0.00943554937839508,0.0,0.0,5.0,0.33223003359847425,-0.0006111860275268555,-0.0002754330635070801,0.0003952980041503906,0.0006849765777587891,0.009616902098059654,1.7259203759022057,False,False
194,3.88,-0.08216966688632965,0.12684021890163422,4.704696178436279,0.28455352783203125,0.002663217019289732,-0.003266804153099656,0.008303237147629261,0.028739502653479576,0.03797696530818939,0.0131671242415905,-0.03899560123682022,-0.00949375331401825,0.0,0.0,5.0,0.33172977303426154,-0.0003650188446044922,-0.00042116641998291016,0.00067138671875,0.0005339384078979492,0.009617806412279606,1.7355381823144853,False,False
195,3.9,-0.0820007473230362,0.12742240726947784,4.705455303192139,0.2843661904335022,0.001904377480968833,-0.0030048140324652195,0.008568061515688896,0.02946140058338642,0.03801662102341652,0.013074603863060474,-0.03682921081781387,-0.009475775063037872,0.0,0.0,5.0,0.33123582362649134,-6.29425048828125e-05,-0.000504612922668457,0.0009742975234985352,0.00040590763092041016,0.00961866695433855,1.7451568492688239,False,False
196,3.92,-0.0818277895450592,0.1280181109905243,4.706216335296631,0.2841796875,0.0011884422274306417,-0.0027450299821794033,0.008708030916750431,0.030093463137745857,0.038095295429229736,0.012932674027979374,-0.034710388630628586,-0.009381726384162903,0.0,0.0,5.0,0.33074652761586826,0.0001544952392578125,-0.0006057620048522949,0.0012638568878173828,0.00029730796813964844,0.00961949024349451,1.7547763395123184,False,False
197,3.94,-0.08165322244167328,0.12862557172775269,4.706979274749756,0.2839954197406769,0.0005156347178854048,-0.002488821977749467,0.008730979636311531,0.030638543888926506,0.03820338100194931,0.012703867629170418,-0.032521896064281464,-0.009220950305461884,0.0,0.0,5.0,0.3302619140372981,0.00036072731018066406,-0.0007236599922180176,0.001495957374572754,0.00017750263214111328,0.009620302356779575,1.764396641869098,False,False
198,3.96,-0.08147929608821869,0.12924309074878693,4.70774507522583,0.2838147282600403,-0.00011309239926049486,-0.002237356035038829,0.008644833229482174,0.031099827960133553,0.038331326097249985,0.01244631502777338,-0.030307918787002563,-0.008997172117233276,0.0,0.0,5.0,0.32978112931471154,0.0005857944488525391,-0.000805974006652832,0.001735091209411621,7.534027099609375e-05,0.009621093980967999,1.774017735850066,False,False
199,3.98,-0.08130811154842377,0.1298690289258957,4.708513259887695,0.2836388647556305,-0.0006975464639253914,-0.0019913092255592346,0.008457588031888008,0.03148072585463524,0.03848688676953316,0.012151272036135197,-0.0281001478433609,-0.008713006973266602,0.0,0.0,5.0,0.32930456015522214,0.0008236169815063477,-0.0010631680488586426,0.0017473697662353516,0.00032448768615722656,0.009621884673833847,1.7836396205238998,False,False
200,4.0,-0.08114161342382431,0.13050180673599243,4.709284782409668,0.28346872329711914,-0.0012347305892035365,-0.0017431009327992797,0.008177497424185276,0.03178437799215317,0.03866617754101753,0.012653116136789322,-0.025586355477571487,-0.008404895663261414,0.0,0.0,5.0,0.3288312952396316,0.0007463693618774414,-0.0006621479988098145,0.0017728805541992188,0.00022494792938232422,0.009622741490602493,1.7932623620145023,False,False
201,4.0200000000000005,-0.08098156750202179,0.13113991916179657,4.710060119628906,0.2833041846752167,-0.0017259189626201987,-0.0014913355698809028,0.0078138317912817,0.0320124626159668,0.03887000307440758,0.012499094009399414,-0.02350577339529991,-0.008129686117172241,0.0,0.0,5.0,0.32836081815961415,0.0008969306945800781,-0.000914156436920166,0.0017942190170288086,0.00021708011627197266,0.009623515419661999,1.8028858774341643,False,False
202,4.04,-0.08082957565784454,0.13178184628486633,4.71083927154541,0.28314533829689026,-0.00217419327236712,-0.0012385183945298195,0.007374903187155724,0.0321672149002552,0.039064954966306686,0.012751643545925617,-0.021299947053194046,-0.007814183831214905,0.0,0.0,5.0,0.32789297368450027,0.0009102821350097656,-0.00019854307174682617,0.001757979393005371,0.0001894235610961914,0.009624351747334003,1.8125102291814983,False,False
203,4.0600000000000005,-0.0806870311498642,0.13242612779140472,4.711623191833496,0.28299203515052795,-0.002586935181170702,-0.000988138490356505,0.006868372671306133,0.032250698655843735,0.03932509571313858,0.012249868363142014,-0.019957145676016808,-0.007564876228570938,0.0,0.0,5.0,0.3274267243306588,0.0010014772415161133,-0.00037741661071777344,0.0017857551574707031,0.0004080533981323242,0.009625110775232315,1.8221353399567306,False,False
204,4.08,-0.0805552527308464,0.1330714076757431,4.712412357330322,0.28284361958503723,-0.0029691376257687807,-0.0007427330128848553,0.006299921777099371,0.03226565197110176,0.03960072249174118,0.012249438092112541,-0.018250171095132828,-0.007308218628168106,0.0,0.0,5.0,0.32696146638348167,0.0009568929672241211,-0.00017875432968139648,0.001837611198425293,0.0003383159637451172,0.009625891223549843,1.8317612311802804,False,False
205,4.1,-0.08043541759252548,0.13371632993221283,4.713207244873047,0.28270015120506287,-0.0033190303947776556,-0.0005012588226236403,0.005675439722836018,0.03221442922949791,0.03988946974277496,0.011852877214550972,-0.016730163246393204,-0.007062841206789017,0.0,0.0,5.0,0.32649655080434287,0.0010489225387573242,-0.00037288665771484375,0.0018743276596069336,0.00032317638397216797,0.009626640938222408,1.8413878721185029,False,False
206,4.12,-0.0803285762667656,0.13435959815979004,4.71400785446167,0.2825617790222168,-0.0036371422465890646,-0.00026513467309996486,0.00500061921775341,0.032099828124046326,0.04017012566328049,0.011711416766047478,-0.015075680799782276,-0.006786048412322998,0.0,0.0,5.0,0.3260317301925124,0.001039266586303711,-0.00031173229217529297,0.001917123794555664,0.0002009868621826172,0.00962740182876587,1.8510152739472687,False,False
207,4.14,-0.08023568987846375,0.13499993085861206,4.714814186096191,0.28242889046669006,-0.003923548851162195,-3.4390774089843035e-05,0.004281256813555956,0.03192447870969772,0.04044778645038605,0.011312725022435188,-0.013563004322350025,-0.006500426679849625,0.0,0.0,5.0,0.3255667300478978,0.001103520393371582,-0.00046443939208984375,0.0019414424896240234,0.0001366138458251953,0.00962814036756754,1.8606434143148363,False,False
208,4.16,-0.08015758544206619,0.13563618063926697,4.715625286102295,0.28230202198028564,-0.00417915266007185,0.00018978785374201834,0.0035228647757321596,0.03169133514165878,0.04071272537112236,0.011053759604692459,-0.011998281814157963,-0.006186336278915405,0.0,0.0,5.0,0.32510212227346597,0.0010985136032104492,-0.000452578067779541,0.0019620656967163086,2.5033950805664062e-05,0.009628885425627232,1.8702722997404635,False,False
209,4.18,-0.08009500056505203,0.13626722991466522,4.716442584991455,0.2821814715862274,-0.00440449733287096,0.0004071687289979309,0.0027308969292789698,0.031403254717588425,0.040969111025333405,0.010632569901645184,-0.010539775714278221,-0.005861543118953705,0.0,0.0,5.0,0.3246363729936313,0.0011515617370605469,-0.0004960894584655762,0.0015878677368164062,0.00017368793487548828,0.009629673324525356,1.8799019730649889,False,False
210,4.2,-0.08004854619503021,0.13689199090003967,4.717264175415039,0.2820670008659363,-0.004603205714374781,0.0006228666170500219,0.0019105302635580301,0.03106297180056572,0.04120415449142456,0.010885669849812984,-0.009336872957646847,-0.005576469004154205,0.0,0.0,5.0,0.32417083987344114,0.0009341239929199219,0.00013780593872070312,0.0007821321487426758,0.0005402565002441406,0.00963053572922945,1.8895325087942183,False,False
211,4.22,-0.08001873642206192,0.13750943541526794,4.718090534210205,0.28195634484291077,-0.004787135869264603,0.0008471350301988423,0.0010661162668839097,0.03067106194794178,0.04143683984875679,0.011489219032227993,-0.00906430371105671,-0.005479771643877029,0.0,0.0,5.0,0.32370478820786186,0.0005526542663574219,0.0004298686981201172,0.0003809928894042969,0.0008350610733032227,0.009631295688450336,1.8991638044826686,False,False
212,4.24,-0.08000604063272476,0.13811847567558289,4.718921184539795,0.2818463146686554,-0.004965784028172493,0.001083725830540061,0.00020002992823719978,0.03022604063153267,0.04165012389421463,0.01211618073284626,-0.008810980245471,-0.005510590970516205,0.0,0.0,5.0,0.3232382718076308,0.00035703182220458984,0.0004868507385253906,0.00022983551025390625,0.0008896589279174805,0.009632032364606857,1.9087958368472755,False,False
213,4.26,-0.08001086115837097,0.13871809840202332,4.719756126403809,0.2817351818084717,-0.0051388805732131,0.0013323803432285786,-0.0006860462017357349,0.029725894331932068,0.04184003174304962,0.012693089433014393,-0.008512046188116074,-0.005584154278039932,0.0,0.0,5.0,0.32277093644839777,0.00019073486328125,0.0004597902297973633,0.00011539459228515625,0.0009225606918334961,0.009632769040763378,1.9184286058880389,False,False
214,4.28,-0.08003358542919159,0.1393071413040161,4.720594882965088,0.2816222608089447,-0.005304746795445681,0.0015926858177408576,-0.0015902976738288999,0.02916877157986164,0.042002785950899124,0.013278489001095295,-0.008091106079518795,-0.005684357136487961,0.0,0.0,5.0,0.3223027673480973,0.00010597705841064453,0.0004004240036010742,-3.737211227416992e-05,0.0008413791656494141,0.009633521549403667,1.9280621274374425,False,False
215,4.3,-0.08007457107305527,0.13988447189331055,4.721436500549316,0.2815072238445282,-0.005463138688355684,0.0018652278231456876,-0.0025105876848101616,0.028552910313010216,0.04212816432118416,0.013913759961724281,-0.007767880335450172,-0.005793634802103043,0.0,0.0,5.0,0.32183415859043796,2.6226043701171875e-06,0.0003933906555175781,2.0265579223632812e-06,0.0007115602493286133,0.009634279645979404,1.937696407083422,False,False
216,4.32,-0.08013410866260529,0.14044886827468872,4.7222795486450195,0.28138992190361023,-0.005614810157567263,0.0021476144902408123,-0.003445056965574622,0.027876440435647964,0.04223354905843735,0.014259947463870049,-0.00742286816239357,-0.005896128714084625,0.0,0.0,5.0,0.32136584926156225,-1.3768672943115234e-05,0.0002313852310180664,0.0001766681671142578,0.0005705356597900391,0.00963505171239376,1.9473314587958157,False,False
217,4.34,-0.08021246641874313,0.14099909365177155,4.72312593460083,0.2812711000442505,-0.005757244303822517,0.0024351070169359446,-0.004391919821500778,0.02713833376765251,0.04232439026236534,0.014421672560274601,-0.006847584154456854,-0.005955621600151062,0.0,0.0,5.0,0.32089567194068364,1.919269561767578e-05,8.308887481689453e-05,0.00044214725494384766,0.00037300586700439453,0.009635801427066326,1.956967260222882,False,False
218,4.36,-0.08030986785888672,0.1415339857339859,4.723972797393799,0.28115180134773254,-0.005886130966246128,0.0027227792888879776,-0.005348958540707827,0.026338575407862663,0.04241039976477623,0.014275976456701756,-0.006071785464882851,-0.005955170840024948,0.0,0.0,5.0,0.32042559287900957,0.000102996826171875,-0.0001304149627685547,0.0007573366165161133,0.0001703500747680664,0.009636501781642437,1.9666037620045245,False,False
219,4.38,-0.08042648434638977,0.14205226302146912,4.724822044372559,0.2810331881046295,-0.005996841471642256,0.0030051458161324263,-0.0063134110532701015,0.02547844499349594,0.042494408786296844,0.013890154659748077,-0.0050331419333815575,-0.0058787427842617035,0.0,0.0,5.0,0.31995339047607985,0.0002092123031616211,-0.00034111738204956055,0.0010887384414672852,-5.608797073364258e-05,0.009637171402573586,1.976240933407098,False,False
220,4.4,-0.08056243509054184,0.1425527185201645,4.725672721862793,0.28091689944267273,-0.006084473337978125,0.0032771783880889416,-0.007281862199306488,0.02456044964492321,0.04257814586162567,0.01324274018406868,-0.003766556503251195,-0.005720905959606171,0.0,0.0,5.0,0.31947932489501657,0.00033164024353027344,-0.0005739927291870117,0.001409292221069336,-0.0002859830856323242,0.00963782798498869,1.9858787613920867,False,False
221,4.42,-0.08071775734424591,0.14303430914878845,4.726524829864502,0.28080472350120544,-0.006144567858427763,0.0035341191105544567,-0.008250270038843155,0.02358831837773323,0.042659785598516464,0.012382718734443188,-0.0022810865193605423,-0.005478743463754654,0.0,0.0,5.0,0.3190028818443422,0.0004563331604003906,-0.0008009672164916992,0.0016989707946777344,-0.0005232691764831543,0.009638483636081219,1.995517245028168,False,False
222,4.44,-0.0808924213051796,0.14349593222141266,4.727379322052002,0.2806982696056366,-0.006173266097903252,0.0037719355896115303,-0.009214016608893871,0.022566843777894974,0.04273626208305359,0.011333314701914787,-0.0006275129271671176,-0.005154814571142197,0.0,0.0,5.0,0.31852268433116815,0.0005743503570556641,-0.0010282397270202637,0.0019445419311523438,-0.0007593035697937012,0.009639136493206024,2.005156381521374,False,False
223,4.46,-0.08108625560998917,0.14393667876720428,4.728233814239502,0.2805992066860199,-0.006167602259665728,0.003987226635217667,-0.01016803178936243,0.021501727402210236,0.04280279576778412,0.010134615004062653,0.0011554203229025006,-0.004753854125738144,0.0,0.0,5.0,0.3180402617062679,0.0006811618804931641,-0.0012428760528564453,0.00213778018951416,-0.0009909272193908691,0.009639793075621128,2.014796174596995,False,False
224,4.48,-0.08129902929067612,0.14435574412345886,4.729090690612793,0.28050899505615234,-0.006125538144260645,0.004177370108664036,-0.011106917634606361,0.020399386063218117,0.04285486787557602,0.008824141696095467,0.003014126094058156,-0.00428343191742897,0.0,0.0,5.0,0.3175530931005037,0.0007692575454711914,-0.0014463067054748535,0.0022749900817871094,-0.0012158751487731934,0.009640451520681381,2.0244366261176765,False,False
225,4.5,-0.08153039216995239,0.14475244283676147,4.729948997497559,0.28042900562286377,-0.006046021822839975,0.004340472165495157,-0.012025097385048866,0.019266759976744652,0.042886946350336075,0.007437344640493393,0.004903419408947229,-0.0037520856130868196,0.0,0.0,5.0,0.3170615374137484,0.0008369684219360352,-0.0016317963600158691,0.0023561716079711914,-0.0014309287071228027,0.009641109965741634,2.034077736083418,False,False
226,4.5200000000000005,-0.0817798599600792,0.14512623846530914,4.730807304382324,0.28036025166511536,-0.0059289345517754555,0.004475291818380356,-0.012916960753500462,0.018111122772097588,0.04289434477686882,0.0060033840127289295,0.00677480036392808,-0.003169593634083867,0.0,0.0,5.0,0.3165663879190123,0.0008847713470458984,-0.0018014311790466309,0.002384185791015625,-0.0016315579414367676,0.009641767479479313,2.0437195035628974,False,False
227,4.54,-0.08204686641693115,0.14547675848007202,4.73166561126709,0.2803037762641907,-0.005775017198175192,0.0045812190510332584,-0.01377700362354517,0.016939910128712654,0.042872801423072815,0.004556171130388975,0.008591187186539173,-0.0025455330032855272,0.0,0.0,5.0,0.3160672708829111,0.0009098052978515625,-0.0019482970237731934,0.0023633241653442383,-0.0018169283866882324,0.009642423130571842,2.0533619266934693,False,False
228,4.5600000000000005,-0.08233069628477097,0.1458037793636322,4.7325239181518555,0.2802603244781494,-0.0055857496336102486,0.004658206831663847,-0.01459994725883007,0.015760555863380432,0.04281926900148392,0.0031177960336208344,0.010315313935279846,-0.0018902136944234371,0.0,0.0,5.0,0.315563844551763,0.0009133815765380859,-0.002075791358947754,0.002299666404724121,-0.001985013484954834,0.009643073193728924,2.063004999887198,False,False
229,4.58,-0.08263057470321655,0.14610719680786133,4.7333784103393555,0.2802303731441498,-0.005363228265196085,0.004706628620624542,-0.01538084540516138,0.01458036433905363,0.04273097589612007,0.0017079932149499655,0.011922587640583515,-0.001212968840263784,0.0,0.0,5.0,0.31505903717875494,0.0009000301361083984,-0.0021795034408569336,0.002199411392211914,-0.0021325349807739258,0.009643719531595707,2.072648719418794,False,False
230,4.6000000000000005,-0.08294561505317688,0.1463870406150818,4.734232425689697,0.28021422028541565,-0.005110045894980431,0.004727249499410391,-0.01611516624689102,0.013406394980847836,0.04260716214776039,0.00034557300386950374,0.013387712650001049,-0.0005228829686529934,0.0,0.0,5.0,0.3145497484840414,0.0008660554885864258,-0.00226670503616333,0.0020684003829956055,-0.0022620558738708496,0.009644359350204468,2.0822930787689984,False,False
231,4.62,-0.08327484875917435,0.14664354920387268,4.735083103179932,0.28021204471588135,-0.004829143639653921,0.004721137695014477,-0.016798852011561394,0.012245393358170986,0.042446088045835495,-0.0009579687612131238,0.01470113079994917,0.00017201175796799362,0.0,0.0,5.0,0.3140382033761923,0.0008186101913452148,-0.0023328065872192383,0.001912832260131836,-0.0023720860481262207,0.009644990786910057,2.0919380695559084,False,False
232,4.64,-0.0836172103881836,0.1468769907951355,4.7359299659729,0.2802238166332245,-0.004523689392954111,0.004689591005444527,-0.017428362742066383,0.01110370084643364,0.042248159646987915,-0.0021913228556513786,0.015849517658352852,0.0008643789915367961,0.0,0.0,5.0,0.31352459420149104,0.0007576942443847656,-0.002379775047302246,0.0017386674880981445,-0.0024623870849609375,0.0096456129103899,2.1015836824662983,False,False
233,4.66,-0.08397158980369568,0.14708784222602844,4.736772537231445,0.28024953603744507,-0.004197044298052788,0.004634080920368433,-0.01800069771707058,0.009987222962081432,0.04201400279998779,-0.0033485209569334984,0.01682651787996292,0.001547614112496376,0.0,0.0,5.0,0.3130091985556335,0.0006846189498901367,-0.002408266067504883,0.0015510320663452148,-0.0025322437286376953,0.009646224789321423,2.1112299072556198,False,False
234,4.68,-0.08433682471513748,0.14727666974067688,4.73760986328125,0.28028878569602966,-0.003852611407637596,0.004556163679808378,-0.01851341687142849,0.008901390247046947,0.04174495488405228,-0.004427481442689896,0.017634322866797447,0.002215733751654625,0.0,0.0,5.0,0.3124927219956019,0.0006046295166015625,-0.002448737621307373,0.001244187355041504,-0.002568364143371582,0.009646833874285221,2.120876741129905,False,False
235,4.7,-0.0847117155790329,0.14744415879249573,4.7384419441223145,0.28034108877182007,-0.0034944999497383833,0.004459156189113855,-0.018964631482958794,0.007851114496588707,0.04143078625202179,-0.005254030227661133,0.01819998025894165,0.002854989841580391,0.0,0.0,5.0,0.3119751132909228,0.0004636049270629883,-0.0023908615112304688,0.0008996725082397461,-0.0025908946990966797,0.00964744295924902,2.130524184089154,False,False
236,4.72,-0.08509498089551926,0.1475909948348999,4.739266872406006,0.2804057002067566,-0.0031282061245292425,0.004346936475485563,-0.019353149458765984,0.0068402281031012535,0.041072797030210495,-0.005946589633822441,0.01845742017030716,0.0034456979483366013,0.0,0.0,5.0,0.3114578966006646,0.0003050565719604492,-0.0023366808891296387,0.000629425048828125,-0.00258636474609375,0.009648033417761326,2.1401722175069153,False,False
237,4.74,-0.08548539876937866,0.14771804213523865,4.740084171295166,0.28048163652420044,-0.0027585651259869337,0.004221528302878141,-0.019678674638271332,0.005871669389307499,0.04067886248230934,-0.00657183863222599,0.01853880286216736,0.003991093020886183,0.0,0.0,5.0,0.3109414919021719,0.00017309188842773438,-0.0023030638694763184,0.00040328502655029297,-0.0025749802589416504,0.009648601524531841,2.149820819031447,False,False
238,4.76,-0.08588169515132904,0.1478261649608612,4.740893363952637,0.28056812286376953,-0.0023885995615273714,0.004084383603185415,-0.019941549748182297,0.004947872366756201,0.04025448486208916,-0.007120451889932156,0.01849326118826866,0.00449890224263072,0.0,0.0,5.0,0.3104263027723043,5.614757537841797e-05,-0.002257049083709717,0.00021266937255859375,-0.002559959888458252,0.009649154730141163,2.1594699737615883,False,False
239,4.78,-0.0862826406955719,0.1479162722826004,4.74169397354126,0.280664324760437,-0.0020207054913043976,0.003936746157705784,-0.02014254778623581,0.004070858471095562,0.039806172251701355,-0.007622061762958765,0.01833435334265232,0.004972327034920454,0.0,0.0,5.0,0.3099127635259396,-4.70280647277832e-05,-0.0022145509719848633,4.6372413635253906e-05,-0.0025333166122436523,0.00964969303458929,2.1691196667961776,False,False
240,4.8,-0.08668699115514755,0.14798931777477264,4.742485523223877,0.28076958656311035,-0.0016568733844906092,0.003779609687626362,-0.020282790064811707,0.0032423364464193583,0.03933846578001976,-0.008072310127317905,0.018089139834046364,0.0054142954759299755,0.0,0.0,5.0,0.30940132249273866,-0.0001417398452758789,-0.002163708209991455,-0.00010246038436889648,-0.002497732639312744,0.009650218300521374,2.178769885096699,False,False
241,4.82,-0.0870935469865799,0.14804628491401672,4.74326753616333,0.280883252620697,-0.0012987169902771711,0.0036139213480055332,-0.020363686606287956,0.0024637372698634863,0.0388556569814682,-0.00847973395138979,0.01776820607483387,0.005825515370815992,0.0,0.0,5.0,0.308892451172237,-0.0002040863037109375,-0.0021390914916992188,-0.0003215670585632324,-0.002330482006072998,0.009650744497776031,2.188420629594475,False,False
242,4.84,-0.0875011533498764,0.1480882167816162,4.744040012359619,0.2810046672821045,-0.0009471483645029366,0.00344337010756135,-0.020386813208460808,0.0017360985511913896,0.03836427256464958,-0.008561787195503712,0.01743120327591896,0.006192720960825682,0.0,0.0,5.0,0.30838626276146197,-0.00033599138259887695,-0.0019113421440124512,-0.0004729032516479492,-0.0022606253623962402,0.009651267901062965,2.198071897495538,False,False
243,4.86,-0.08790864795446396,0.1481160819530487,4.744802474975586,0.2811327874660492,-0.0006042460445314646,0.003269716864451766,-0.020353715866804123,0.0010596257634460926,0.037874434143304825,-0.008793541230261326,0.0169017743319273,0.006505757104605436,0.0,0.0,5.0,0.3078832260726306,-0.0004242062568664551,-0.001879870891571045,-0.0006024837493896484,-0.0021726489067077637,0.00965175498276949,2.2077236524783075,False,False
244,4.88,-0.08831492811441422,0.14813093841075897,4.745554447174072,0.2812667787075043,-0.0002717695024330169,0.0030925306491553783,-0.020266445353627205,0.00043453610851429403,0.037375178188085556,-0.008919239044189453,0.016388271003961563,0.006787437479943037,0.0,0.0,5.0,0.3073838655414402,-0.0007383227348327637,-0.001899421215057373,-0.000565648078918457,-0.002421140670776367,0.009652168489992619,2.2173758209683,False,False
245,4.9,-0.0887189507484436,0.14813381433486938,4.746296405792236,0.28140631318092346,5.177364801056683e-05,0.002906566485762596,-0.020127175375819206,-0.00013870486873202026,0.03682251274585724,-0.009675656445324421,0.016007691621780396,0.007068316917866468,0.0,0.0,5.0,0.30688791583449476,-0.0007442831993103027,-0.0022860169410705566,-0.0006307363510131836,-0.0026097893714904785,0.00965254008769989,2.227028361056,False,False
246,4.92,-0.08911968767642975,0.1481257677078247,4.747026443481445,0.2815518379211426,0.00036922728759236634,0.0027083121240139008,-0.019938049837946892,-0.0006582847563549876,0.036206554621458054,-0.010152958333492279,0.01577836461365223,0.007396127562969923,0.0,0.0,5.0,0.3063970986941998,-0.0007361769676208496,-0.002145707607269287,-0.0007862448692321777,-0.002714693546295166,0.009652972221374512,2.2366813332773745,False,False
247,4.94,-0.08951615542173386,0.1481078565120697,4.747744560241699,0.2817036807537079,0.0006776507361792028,0.002499669324606657,-0.01970083639025688,-0.0011226559290662408,0.03557969629764557,-0.010719291865825653,0.015103359706699848,0.007706913631409407,0.0,0.0,5.0,0.30591156586461643,-0.0007634758949279785,-0.002132415771484375,-0.0009510517120361328,-0.0025815367698669434,0.009653407149016857,2.2463347404263914,False,False
248,4.96,-0.08990742266178131,0.1480812281370163,4.748449802398682,0.2818613052368164,0.0009724111296236515,0.002282557310536504,-0.019418304786086082,-0.001530553912743926,0.0349484421312809,-0.011004934087395668,0.014410235919058323,0.007986131124198437,0.0,0.0,5.0,0.305432311141951,-0.000855863094329834,-0.001974761486053467,-0.0010820627212524414,-0.0024781227111816406,0.009653836488723755,2.255988576915115,False,False
249,4.98,-0.09029260277748108,0.14804701507091522,4.749142646789551,0.28202393651008606,0.0012523179175332189,0.0020596147514879704,-0.0190934706479311,-0.0018814620561897755,0.03432092443108559,-0.011307384818792343,0.013615656644105911,0.008220302872359753,0.0,0.0,5.0,0.304959152096624,-0.0009160637855529785,-0.0019269585609436035,-0.0012151002883911133,-0.0023403167724609375,0.009654243476688862,2.265642820391804,False,False
250,5.0,-0.09067089855670929,0.1480063498020172,4.749822616577148,0.2821909189224243,0.0015165499644353986,0.0018324382835999131,-0.018729552626609802,-0.0021751716267317533,0.033692698925733566,-0.011433370411396027,0.01283995620906353,0.008419203571975231,0.0,0.0,5.0,0.3044927168309656,-0.0011300444602966309,-0.001784682273864746,-0.0015240907669067383,-0.002041757106781006,0.009654643014073372,2.2752974634058774,False,False
251,5.0200000000000005,-0.09104155004024506,0.14796040952205658,4.750490188598633,0.28236082196235657,0.001765960012562573,0.0016055286396294832,-0.018329601734876633,-0.002412042347714305,0.033056389540433884,-0.011285469867289066,0.012130176648497581,0.008528362028300762,0.0,0.0,5.0,0.30403288079615826,-0.0013530850410461426,-0.0015826225280761719,-0.0018382668495178223,-0.0018421411514282227,0.009655010886490345,2.2849524742923677,False,False
252,5.04,-0.09140386432409286,0.14791026711463928,4.751144886016846,0.2825320065021515,0.002000200329348445,0.0013825887581333518,-0.017896294593811035,-0.0025932705029845238,0.032406728714704514,-0.0110407629981637,0.011319303885102272,0.00855014007538557,0.0,0.0,5.0,0.3035802715705845,-0.0014860033988952637,-0.0014510750770568848,-0.002064049243927002,-0.0017355680465698242,0.009655360132455826,2.2946078344248235,False,False
253,5.0600000000000005,-0.09175720065832138,0.14785702526569366,4.751786708831787,0.2827030122280121,0.002216975437477231,0.0011653200490400195,-0.01743241772055626,-0.0027206256054341793,0.031745221465826035,-0.01072217058390379,0.010379896499216557,0.008516292087733746,0.0,0.0,5.0,0.30313515418972353,-0.001580357551574707,-0.0013332962989807129,-0.0022248029708862305,-0.0016358494758605957,0.009655704721808434,2.304263539146632,False,False
254,5.08,-0.09210097789764404,0.14780178666114807,4.752414703369141,0.2828727662563324,0.002414075657725334,0.0009549704263918102,-0.01694110594689846,-0.002796289511024952,0.03108004853129387,-0.010352076031267643,0.009348106570541859,0.008438455872237682,0.0,0.0,5.0,0.302698591634848,-0.0016480684280395508,-0.0012220144271850586,-0.002336263656616211,-0.0015274882316589355,0.009656046517193317,2.3139195856638253,False,False
255,5.1000000000000005,-0.09243468940258026,0.1477455049753189,4.753029823303223,0.2830405533313751,0.002590075135231018,0.0007524985121563077,-0.016425780951976776,-0.002822748851031065,0.03041878528892994,-0.009937085211277008,0.008266222663223743,0.00832348596304655,0.0,0.0,5.0,0.30227003527144547,-0.0016983747482299805,-0.001110374927520752,-0.0024092793464660645,-0.0014135241508483887,0.009656384587287903,2.323575970251113,False,False
256,5.12,-0.09275788068771362,0.14768916368484497,4.753631591796875,0.28320562839508057,0.002744248602539301,0.0005586263723671436,-0.01589002087712288,-0.0028027105145156384,0.029767462983727455,-0.0094941146671772,0.00716193113476038,0.008176001720130444,0.0,0.0,5.0,0.3018501384133303,-0.0017327666282653809,-0.0010043978691101074,-0.0024530887603759766,-0.001294553279876709,0.00965671893209219,2.3332326891832054,False,False
257,5.14,-0.09307017177343369,0.14763367176055908,4.754220485687256,0.28336748480796814,0.002876408863812685,0.0003738742379937321,-0.015337466262280941,-0.0027390203904360533,0.029130402952432632,-0.009026574902236462,0.006061588414013386,0.008000302128493786,0.0,0.0,5.0,0.3014387625492935,-0.0017455816268920898,-0.0009143948554992676,-0.002518296241760254,-0.0011107921600341797,0.009657048620283604,2.342889737803489,False,False
258,5.16,-0.09337127953767776,0.1475798636674881,4.754797458648682,0.28352540731430054,0.002987046493217349,0.0002000715903704986,-0.014771690592169762,-0.002634683856740594,0.02851257100701332,-0.008399954997003078,0.005006707273423672,0.007791842799633741,0.0,0.0,5.0,0.3010353771365793,-0.001775503158569336,-0.0007538795471191406,-0.002592802047729492,-0.0009053349494934082,0.009657368995249271,2.3525471067987382,False,False
259,5.18,-0.09366097301244736,0.1475285440683365,4.755362033843994,0.28367871046066284,0.0030766124837100506,3.978134554927237e-05,-0.014196007512509823,-0.0024931353982537985,0.027920382097363472,-0.0076755317859351635,0.003951738588511944,0.007539636921137571,0.0,0.0,5.0,0.3006406221146912,-0.0018111467361450195,-0.0005798935890197754,-0.0026148557662963867,-0.0007535219192504883,0.00965768564492464,2.362204792443663,False,False
260,5.2,-0.09393908083438873,0.14748036861419678,4.755914688110352,0.2838267683982849,0.003145010909065604,-0.00010641349945217371,-0.013613619841635227,-0.0023181478027254343,0.027354387566447258,-0.006989980116486549,0.00288752606138587,0.007251746486872435,0.0,0.0,5.0,0.30025430807043574,-0.0018144845962524414,-0.00047397613525390625,-0.002606689929962158,-0.0006160736083984375,0.009658001363277435,2.3718627938069403,False,False
261,5.22,-0.09420549869537354,0.1474360078573227,4.75645637512207,0.2839686870574951,0.0031926084775477648,-0.0002386908745393157,-0.013027742505073547,-0.002113485708832741,0.026812748983502388,-0.006282692775130272,0.0018697466002777219,0.006941571366041899,0.0,0.0,5.0,0.29987589035471035,-0.0018091201782226562,-0.0003604292869567871,-0.002569854259490967,-0.0005081295967102051,0.00965831521898508,2.3815211090259254,False,False
262,5.24,-0.09446018934249878,0.1473960280418396,4.75698709487915,0.28410425782203674,0.0032201556023210287,-0.0003572418645489961,-0.012441454455256462,-0.0018828818574547768,0.02629687450826168,-0.0056158569641411304,0.000880933424923569,0.006614766549319029,0.0,0.0,5.0,0.2995055734179358,-0.0017854571342468262,-0.0002784132957458496,-0.0025156736373901367,-0.00040334463119506836,0.0096586300060153,2.3911797390319407,False,False
263,5.26,-0.09470316767692566,0.1473608762025833,4.757507801055908,0.2842331528663635,0.003228513291105628,-0.00046255491906777024,-0.011857722885906696,-0.0016299433773383498,0.025807037949562073,-0.004957002121955156,-5.043220880907029e-05,0.006277814041823149,0.0,0.0,5.0,0.2991427491215155,-0.001757979393005371,-0.00019443035125732422,-0.0024458765983581543,-0.0003129243850708008,0.009658943861722946,2.4008386828936636,False,False
264,5.28,-0.09493453055620193,0.14733095467090607,4.75801944732666,0.2843553125858307,0.0032187977340072393,-0.0005551030044443905,-0.011279347352683544,-0.0013581521343439817,0.025343704968690872,-0.00433715246617794,-0.0009273429750464857,0.005933675449341536,0.0,0.0,5.0,0.2987868189332689,-0.001719832420349121,-0.0001308917999267578,-0.0023669004440307617,-0.00022876262664794922,0.009659256786108017,2.4104979396797717,False,False
265,5.3,-0.09515441209077835,0.1473066359758377,4.758522033691406,0.28447049856185913,0.0031922098714858294,-0.0006354990764521062,-0.010708949528634548,-0.0010708168847486377,0.02490643411874771,-0.003739388659596443,-0.001738262246362865,0.005586724262684584,0.0,0.0,5.0,0.29843795897203484,-0.0016783475875854492,-7.009506225585938e-05,-0.00228041410446167,-0.0001545548439025879,0.009659569710493088,2.4201575093902647,False,False
266,5.32,-0.09536296874284744,0.14728818833827972,4.759016036987305,0.284578800201416,0.0031500523909926414,-0.0007043067016638815,-0.010148941539227962,-0.0007710764766670763,0.024494893848896027,-0.003175733843818307,-0.0024846980813890696,0.0052391099743545055,0.0,0.0,5.0,0.2980959185576447,-0.0016306638717651367,-2.1278858184814453e-05,-0.002189457416534424,-8.744001388549805e-05,0.009659882634878159,2.429817392025143,False,False
267,5.34,-0.0955604687333107,0.14727585017681122,4.759502410888672,0.28468015789985657,0.0030936356633901596,-0.0007621460244990885,-0.009601528756320477,-0.00046188486157916486,0.024108368903398514,-0.0026398147456347942,-0.003164418274536729,0.00489359674975276,0.0,0.0,5.0,0.2977600873156001,-0.0015808343887329102,2.1219253540039062e-05,-0.002095937728881836,-2.8789043426513672e-05,0.009660194627940655,2.4394775866530836,False,False
268,5.36,-0.09574714303016663,0.14726977050304413,4.759981155395508,0.2847747206687927,0.0030242723878473043,-0.000809590274002403,-0.009068695828318596,-0.0001460151979699731,0.023745838552713394,-0.0021335280034691095,-0.003779316321015358,0.004552099388092756,0.0,0.0,5.0,0.2974305741979695,-0.0015285015106201172,5.6743621826171875e-05,-0.0020006299018859863,2.3365020751953125e-05,0.009660506621003151,2.4491380932740867,False,False
269,5.38,-0.09592331945896149,0.1472700536251068,4.7604522705078125,0.2848624289035797,0.002943261293694377,-0.0008472255431115627,-0.008552216924726963,0.0001739395665936172,0.023406483232975006,-0.0016561694210395217,-0.004329025745391846,0.004216137807816267,0.0,0.0,5.0,0.29710750009993026,-0.0014734864234924316,8.535385131835938e-05,-0.0019048452377319336,6.80685043334961e-05,0.009660818614065647,2.4587989118881524,False,False
270,5.4,-0.09608935564756393,0.14727675914764404,4.7609171867370605,0.284943550825119,0.002851869212463498,-0.0008756007882766426,-0.008053654804825783,0.0004955637850798666,0.023089179769158363,-0.001204861095175147,-0.004817143548280001,0.0038873699959367514,0.0,0.0,5.0,0.29678982403633514,-0.0014191269874572754,0.00010907649993896484,-0.0018088221549987793,0.0001055002212524414,0.009661130607128143,2.4684600424952805,False,False
271,5.42,-0.09624559432268143,0.14728988707065582,4.76137638092041,0.2850182354450226,0.0027513145469129086,-0.000895285455044359,-0.007574370130896568,0.0008166117477230728,0.022792676463723183,-0.0007845154614187777,-0.005244891159236431,0.003566892584785819,0.0,0.0,5.0,0.29647724506689194,-0.0013625025749206543,0.0001245737075805664,-0.001713871955871582,0.00013625621795654297,0.00966144260019064,2.478121485095471,False,False
272,5.44,-0.09639246016740799,0.14730939269065857,4.761829376220703,0.2850865423679352,0.002642776118591428,-0.0009068417130038142,-0.007115527987480164,0.0011350129498168826,0.02251565456390381,-0.0003895345435012132,-0.00561506999656558,0.0032561977859586477,0.0,0.0,5.0,0.29617023750443827,-0.001305699348449707,0.00013566017150878906,-0.001619577407836914,0.0001609325408935547,0.009661754593253136,2.4877832396887243,False,False
273,5.46,-0.09653036296367645,0.1473352462053299,4.762277126312256,0.2851487398147583,0.002527395496144891,-0.0009107760852202773,-0.006678103469312191,0.0014488602755591273,0.022257007658481598,-1.9981131117674522e-05,-0.005928646307438612,0.0029562299605458975,0.0,0.0,5.0,0.29586813012327545,-0.0012490153312683105,0.0001430511474609375,-0.0015267133712768555,0.0001786947250366211,0.009662067517638206,2.4974453072063625,False,False
274,5.48,-0.09665973484516144,0.14736729860305786,4.762720108032227,0.28520503640174866,0.0024062383454293013,-0.0009076171554625034,-0.00626289052888751,0.0017564042937010527,0.022015564143657684,0.0003219701175112277,-0.006192126777023077,0.0026678515132516623,0.0,0.0,5.0,0.29557058745778136,-0.0011926889419555664,0.00014472007751464844,-0.0014354586601257324,0.00019216537475585938,0.009662379510700703,2.507107686717063,False,False
275,5.5,-0.09678103029727936,0.1474054455757141,4.763157844543457,0.2852557599544525,0.0022803107276558876,-0.0008978964760899544,-0.005870518274605274,0.0020560533739626408,0.021790100261569023,0.0006382170249707997,-0.006405159365385771,0.002391827991232276,0.0,0.0,5.0,0.29527807201361733,-0.0011367201805114746,0.0001436471939086914,-0.0013461112976074219,0.00020170211791992188,0.009662691503763199,2.5167703782208264,False,False
276,5.5200000000000005,-0.09689471870660782,0.14744949340820312,4.763591289520264,0.2853010594844818,0.0021505937911570072,-0.0008821169030852616,-0.005501454696059227,0.0023463687393814325,0.02157977782189846,0.0009297046926803887,-0.006570528727024794,0.0021285691764205694,0.0,0.0,5.0,0.2949898608600984,-0.0010814666748046875,0.00013828277587890625,-0.0012584924697875977,0.00020563602447509766,0.00966300442814827,2.5264333826489747,False,False
277,5.54,-0.09700125455856323,0.14749924838542938,4.764020919799805,0.2853412628173828,0.0020180281717330217,-0.000860770873259753,-0.005156015511602163,0.0026260584127157927,0.021383417770266533,0.0011964950244873762,-0.006689492147415876,0.0018786692526191473,0.0,0.0,5.0,0.29470561235295806,-0.0010268092155456543,0.00012969970703125,-0.0011729598045349121,0.0002040863037109375,0.00966331735253334,2.536096700001508,False,False
278,5.5600000000000005,-0.0971011221408844,0.1475544571876526,4.76444673538208,0.285376638174057,0.0018834850052371621,-0.000834368693176657,-0.0048343725502491,0.002893973607569933,0.021199852228164673,0.0014368362026289105,-0.0067677972838282585,0.001642824849113822,0.0,0.0,5.0,0.2944253491619252,-0.0009740591049194336,0.00011646747589111328,-0.0010899901390075684,0.00020003318786621094,0.009663630276918411,2.5457603302784264,False,False
279,5.58,-0.09719479084014893,0.14761491119861603,4.764869213104248,0.2854073643684387,0.001747799338772893,-0.0008034041384235024,-0.00453656492754817,0.0031491101253777742,0.0210279393941164,0.0016540283104404807,-0.006803273223340511,0.0014212566893547773,0.0,0.0,5.0,0.2941487316322325,-0.0009213685989379883,0.00010013580322265625,-0.0010095834732055664,0.0001900196075439453,0.009663943201303482,2.55542427347973,False,False
280,5.6000000000000005,-0.09728274494409561,0.14768029749393463,4.765288352966309,0.2854338586330414,0.0016117795603349805,-0.0007683394942432642,-0.0042625004425644875,0.003390598576515913,0.020866572856903076,0.001847966224886477,-0.006800736300647259,0.0012144965585321188,0.0,0.0,5.0,0.2938757560347963,-0.0008705854415893555,8.368492126464844e-05,-0.0009319782257080078,0.00017750263214111328,0.009664254263043404,2.5650885277427733,False,False
281,5.62,-0.09736545383930206,0.14775040745735168,4.765704154968262,0.2854563295841217,0.0014761341735720634,-0.00072966527659446,-0.004011970479041338,0.003617701819166541,0.02071503736078739,0.0020159988198429346,-0.006765476427972317,0.001022375887259841,0.0,0.0,5.0,0.2936064670682222,-0.0008206367492675781,6.16312026977539e-05,-0.0008571743965148926,0.00016319751739501953,0.009664565324783325,2.5747530930675566,False,False
282,5.64,-0.09744337946176529,0.14782489836215973,4.766116619110107,0.28547507524490356,0.0013415480498224497,-0.0006878125132061541,-0.0037846623454242945,0.0038298112340271473,0.02057216502726078,0.002166626276448369,-0.006694419775158167,0.0008452945621684194,0.0,0.0,5.0,0.293340840377195,-0.0007734894752502441,4.303455352783203e-05,-0.0007849335670471191,0.00014507770538330078,0.009664875455200672,2.5844179685227573,False,False
283,5.66,-0.0975169837474823,0.14790348708629608,4.766526699066162,0.2854904234409332,0.0012086584465578198,-0.0006432235240936279,-0.0035801571793854237,0.004026432987302542,0.020437465980648994,0.002290300326421857,-0.006595570128411055,0.000682743382640183,0.0,0.0,5.0,0.29307812245276055,-0.0007270574569702148,1.6927719116210938e-05,-0.000716090202331543,0.0001251697540283203,0.009665185585618019,2.5940831541083753,False,False
284,5.68,-0.0975867211818695,0.14798583090305328,4.766934871673584,0.2855026423931122,0.0010780501179397106,-0.0005963426665402949,-0.003397952066734433,0.004207196179777384,0.02030954137444496,0.002396378666162491,-0.0064659761264920235,0.0005352353909984231,0.0,0.0,5.0,0.2928179098704582,-0.0006797313690185547,-9.298324584960938e-06,-0.0006568431854248047,9.763240814208984e-05,0.009665491990745068,2.6037486460991204,False,False
285,5.7,-0.09765304625034332,0.14807164669036865,4.76733922958374,0.28551211953163147,0.0009501499589532614,-0.0005474855424836278,-0.0032374593429267406,0.00437182979658246,0.02018686756491661,0.0024883709847927094,-0.006324580870568752,0.0004026225069537759,0.0,0.0,5.0,0.2925617269675864,-0.0006179213523864746,-3.892183303833008e-05,-0.0006347894668579102,5.614757537841797e-05,0.009665794670581818,2.613414440769702,False,False
286,5.72,-0.09771636128425598,0.14816060662269592,4.767741680145264,0.2855190634727478,0.0008245077333413064,-0.0004964958061464131,-0.0030980799347162247,0.004520104266703129,0.020065438002347946,0.0026099770329892635,-0.006239980924874544,0.000284485868178308,0.0,0.0,5.0,0.2923080220575301,-0.0005985498428344727,-4.2378902435302734e-05,-0.0005958676338195801,4.5299530029296875e-05,0.009666092693805695,2.623080533463508,False,False
287,5.74,-0.0977770984172821,0.14825235307216644,4.768142223358154,0.2855236232280731,0.0007006980595178902,-0.0004433663561940193,-0.0029793200083076954,0.0046517085283994675,0.019948381930589676,0.0027026080060750246,-0.006141181103885174,0.00017310726980213076,0.0,0.0,5.0,0.2920567577640298,-0.0005748271942138672,-7.086992263793945e-05,-0.0005438923835754395,2.8967857360839844e-05,0.009666390717029572,2.6327469241805375,False,False
288,5.76,-0.09783565253019333,0.14834657311439514,4.7685394287109375,0.28552624583244324,0.0005793031305074692,-0.00038855892489664257,-0.0028806915506720543,0.004766392521560192,0.019834410399198532,0.0027779615484178066,-0.005998401902616024,7.290952635230497e-05,0.0,0.0,5.0,0.2918090415361602,-0.0005480647087097168,-9.584426879882812e-05,-0.0004844069480895996,1.1920928955078125e-06,0.009666690602898598,2.642413614783436,False,False
289,5.78,-0.09789245575666428,0.14844289422035217,4.768935680389404,0.2855268716812134,0.0004610819451045245,-0.00033263646764680743,-0.002801593393087387,0.004864030983299017,0.019723737612366676,0.0028142465744167566,-0.005823717452585697,-1.4395719517779071e-05,0.0,0.0,5.0,0.29156293580579246,-0.0005159378051757812,-0.00013786554336547852,-0.0004228949546813965,-2.944469451904297e-05,0.009666986763477325,2.6520806015469134,False,False
290,5.8,-0.097947858273983,0.14854101836681366,4.769328594207764,0.2855258882045746,0.0003468015056569129,-0.00027618143940344453,-0.0027413242496550083,0.004944660700857639,0.019615093246102333,0.0028312872163951397,-0.005604272708296776,-8.620211156085134e-05,0.0,0.0,5.0,0.29132029542769056,-0.0004826188087463379,-0.00016939640045166016,-0.0003622770309448242,-6.514787673950195e-05,0.009667281992733479,2.661747883539647,False,False
291,5.82,-0.09800223261117935,0.14864057302474976,4.769720077514648,0.28552353382110596,0.00023715545830782503,-0.000219731533434242,-0.002699061296880245,0.005008455831557512,0.019509093835949898,0.002813760656863451,-0.005360251292586327,-0.00014295194705482572,0.0,0.0,5.0,0.29107954281563864,-0.00044912099838256836,-0.000209808349609375,-0.0003050565719604492,-9.810924530029297e-05,0.009667572565376759,2.6714154561050236,False,False
292,5.84,-0.09805592894554138,0.1487412452697754,4.770109176635742,0.2855203151702881,0.00013272871728986502,-0.00016380901797674596,-0.0026739025488495827,0.005055735353380442,0.019404860213398933,0.0027785480488091707,-0.005082344636321068,-0.00018451338110025972,0.0,0.0,5.0,0.2908413896144648,-0.000418245792388916,-0.00024193525314331055,-0.0002524852752685547,-0.00013303756713867188,0.009667858481407166,2.681083314586431,False,False
293,5.86,-0.09810929000377655,0.1488426923751831,4.770496368408203,0.2855164110660553,3.4062300983350724e-05,-0.0001088551216525957,-0.00266485707834363,0.005086935590952635,0.019302191212773323,0.002716870279982686,-0.004784228280186653,-0.00021203419601079077,0.0,0.0,5.0,0.29060539701175847,-0.0003877878189086914,-0.0002783536911010742,-0.00020545721054077148,-0.00016552209854125977,0.0096681397408247,2.6907514543272555,False,False
294,5.88,-0.09816261380910873,0.14894463121891022,4.770881652832031,0.2855120599269867,-5.8414050727151334e-05,-5.527631947188638e-05,-0.0026708703953772783,0.005102601367980242,0.01920040138065815,0.0026410003192722797,-0.004463350400328636,-0.00022592615277972072,0.0,0.0,5.0,0.290371518795758,-0.00036007165908813477,-0.00031059980392456055,-0.00016444921493530273,-0.00019991397857666016,0.009668415412306786,2.7004198697395623,False,False
295,5.9,-0.09821619838476181,0.14904667437076569,4.77126407623291,0.28550752997398376,-0.00014434299373533577,-3.3745263863238506e-06,-0.002690828638151288,0.005103368312120438,0.01909877546131611,0.002549127209931612,-0.004129508510231972,-0.0002272542187711224,0.0,0.0,5.0,0.29014040667877317,-0.0003339052200317383,-0.00034052133560180664,-0.00012922286987304688,-0.00023221969604492188,0.009668687358498573,2.710088557098061,False,False
296,5.92,-0.09827032685279846,0.149148628115654,4.771645545959473,0.2855031192302704,-0.00022352987434715033,4.656269447878003e-05,-0.00272358232177794,0.005089943762868643,0.0189970750361681,0.0024445063900202513,-0.0037891652900725603,-0.00021703842503484339,0.0,0.0,5.0,0.28991055015070566,-0.0003120303153991699,-0.0003712773323059082,-0.00010001659393310547,-0.0002631545066833496,0.009668953716754913,2.7197575108148158,False,False
297,5.94,-0.0983252301812172,0.14925017952919006,4.772023677825928,0.28549906611442566,-0.0002958310069516301,9.432376828044653e-05,-0.0027679649647325277,0.005063092336058617,0.01889428310096264,0.002331485040485859,-0.0034409493673592806,-0.00019626876746769994,0.0,0.0,5.0,0.2896837421252722,-0.0002912282943725586,-0.00039577484130859375,-7.62939453125e-05,-0.00029277801513671875,0.00966921728104353,2.7294267280958593,False,False
298,5.96,-0.09838111698627472,0.1493510603904724,4.772401332855225,0.28549546003341675,-0.00036118735442869365,0.0001397324085701257,-0.0028227975126355886,0.005023620091378689,0.018790600821375847,0.0022092582657933235,-0.003094707615673542,-0.00016643291746731848,0.0,0.0,5.0,0.2894576596072453,-0.000274658203125,-0.0004240274429321289,-5.7816505432128906e-05,-0.0003222227096557617,0.009669475257396698,2.739096203353256,False,False
299,5.98,-0.09843819588422775,0.14945101737976074,4.772775173187256,0.2854923903942108,-0.00041961396345868707,0.00018267272389493883,-0.0028869083616882563,0.004972365219146013,0.018684683367609978,0.002084647072479129,-0.0027479873970150948,-0.00012798186799045652,0.0,0.0,5.0,0.2892348646426788,-0.0002586245536804199,-0.0004450082778930664,-4.3511390686035156e-05,-0.0003504753112792969,0.009669731371104717,2.7487659347243607,False,True
