step,time,pos_x,pos_y,pos_z,euler_z,euler_y,euler_x,vel_x,vel_y,vel_z,omega_x,omega_y,omega_z,target_x,target_y,target_z,target_dist,action_0,action_1,action_2,action_3,reward,cumulative_reward,terminated,truncated
0,0.0,0.29453766345977783,-0.9861375093460083,5.183314323425293,3.0281906127929688,-3.0049870014190674,3.074476957321167,0.9790235757827759,-0.46409034729003906,0.9810628890991211,0.0,0.0,0.0,0.0,0.0,5.0,1.0453821137308439,-0.23395872116088867,-0.8710269927978516,-0.17236095666885376,-0.9991917014122009,-0.04821694269776344,-0.04821694269776344,False,False
1,0.02,0.3140439987182617,-0.9953715801239014,5.201549053192139,3.0287015438079834,-3.005692958831787,3.073737382888794,0.9716148376464844,-0.4593047499656677,0.8424311876296997,-0.06703874468803406,0.06701131165027618,0.05527472868561745,0.0,0.0,5.0,1.0630193961033614,-0.12334311008453369,-0.876876711845398,-0.20338648557662964,-0.9987066388130188,-0.04826495051383972,-0.09648189321160316,False,False
2,0.04,0.33339279890060425,-1.0045028924942017,5.217088222503662,3.0304136276245117,-3.0062789916992188,3.073035955429077,0.9632738828659058,-0.4538290500640869,0.7115210294723511,0.020039789378643036,-0.020102307200431824,0.11795975267887115,0.0,0.0,5.0,1.0804184910199361,-0.009309172630310059,-0.8691043257713318,-0.19823628664016724,-0.9984299540519714,-0.048363324254751205,-0.14484521746635437,False,False
3,0.06,0.3525599241256714,-1.0135151147842407,5.2301249504089355,3.0336999893188477,-3.0040383338928223,3.075047731399536,0.9534034729003906,-0.44742628931999207,0.5921652913093567,0.225838765501976,-0.22545042634010315,0.191741481423378,0.0,0.0,5.0,1.097482975173796,0.06400775909423828,-0.8643987774848938,-0.1498342752456665,-0.9982654452323914,-0.04853810742497444,-0.1933833248913288,False,False
4,0.08,0.37151089310646057,-1.0223922729492188,5.240891933441162,3.038860559463501,-2.9975218772888184,3.0811755657196045,0.9415899515151978,-0.44038423895835876,0.4845844507217407,0.459429532289505,-0.45722395181655884,0.2768558859825134,0.0,0.0,5.0,1.1141522459161723,0.10956501960754395,-0.8651853203773499,-0.10784399509429932,-0.9982876181602478,-0.048792365938425064,-0.24217569082975388,False,False
5,0.1,0.3902056813240051,-1.031129002571106,5.24959135055542,3.046034336090088,-2.986405372619629,3.091679811477661,0.927690863609314,-0.43344810605049133,0.3854166567325592,0.69808030128479,-0.6916887760162354,0.37012141942977905,0.0,0.0,5.0,1.1303907890428395,0.15727221965789795,-0.8689844012260437,-0.06927794218063354,-0.9983952641487122,-0.04913273826241493,-0.2913084290921688,False,False
6,0.12,0.40859583020210266,-1.0397332906723022,5.256390571594238,3.0552542209625244,-2.9705140590667725,3.106645107269287,0.9110205173492432,-0.42723017930984497,0.2944532036781311,0.9484177231788635,-0.9343299865722656,0.4714195132255554,0.0,0.0,5.0,1.1461814836199458,0.20280373096466064,-0.8745682239532471,-0.03083115816116333,-0.9985820651054382,-0.049562688916921616,-0.3408711180090904,False,False
7,0.14,0.4266180992126465,-1.0482268333435059,5.261448860168457,3.0664877891540527,-2.949615955352783,3.1261863708496094,0.8907889127731323,-0.42248958349227905,0.211326003074646,1.2088499069213867,-1.1822220087051392,0.5805364847183228,0.0,0.0,5.0,1.1615240002688498,0.21128785610198975,-0.8570054769515991,0.06776392459869385,-0.998892068862915,-0.04976929724216461,-0.39064041525125504,False,False
8,0.16,0.44418784976005554,-1.0566473007202148,5.2649431228637695,3.079660177230835,-2.9245450496673584,-3.1338508129119873,0.8656448125839233,-0.4200518727302551,0.1380249410867691,1.3739681243896484,-1.329190731048584,0.6996227502822876,0.0,0.0,5.0,1.1764358131009887,-0.49356627464294434,-0.9798951745033264,0.9726721048355103,-0.9930938482284546,-0.049213215708732605,-0.43985363095998764,False,False
9,0.18,0.4611804485321045,-1.0650475025177002,5.267156600952148,3.0952913761138916,-2.913760185241699,-3.1257529258728027,0.833302915096283,-0.42029157280921936,0.08327239006757736,-0.21715912222862244,0.2709864377975464,0.8373352289199829,0.0,0.0,5.0,1.1909602168669486,0.561514139175415,-0.9651587009429932,0.7850512266159058,-0.9838037490844727,-0.049873195588588715,-0.48972682654857635,False,False
10,0.2,0.47732964158058167,-1.0734624862670898,5.269103050231934,3.1147897243499756,-2.921381711959839,-3.1369009017944336,0.7819032669067383,-0.4209626317024231,0.1114567443728447,-0.4645541310310364,0.5105879306793213,1.0558128356933594,0.0,0.0,5.0,1.2052309935436856,0.46194422245025635,-0.9649930596351624,0.6764304637908936,-0.9788340330123901,-0.05046669393777847,-0.5401935204863548,False,False
11,0.22,0.49251583218574524,-1.0818734169006348,5.271418571472168,3.1383893489837646,-2.933938980102539,3.129570245742798,0.7371330857276917,-0.4197482764720917,0.12019209563732147,-0.7059893012046814,0.7364193797111511,1.2549066543579102,0.0,0.0,5.0,1.219298969117035,0.8310269117355347,-0.939966082572937,-0.7605909705162048,-0.9854687452316284,0.005790423601865768,-0.5344030968844891,False,False
12,0.24,0.5069921612739563,-1.0902493000030518,5.273138523101807,0.023701926693320274,-0.20699185132980347,-0.017169170081615448,0.7105375528335571,-0.41780129075050354,0.05181363224983215,0.7423275113105774,-0.7114815711975098,1.3788318634033203,0.0,0.0,5.0,1.233000097547692,-0.9808027148246765,0.937474250793457,0.07107830047607422,-0.740092933177948,0.005052585620433092,-0.529350511264056,False,False
13,0.26,0.5207875967025757,-1.0985838174819946,5.274138927459717,0.05161340907216072,-0.2301073521375656,-0.03003218024969101,0.6682860851287842,-0.41554611921310425,0.04805150628089905,-1.4256861209869385,-1.659153938293457,1.2981653213500977,0.0,0.0,5.0,1.2462978281539774,-0.8547008037567139,0.4794926643371582,-0.1229928731918335,0.3337688446044922,0.0048936503008008,-0.5244568609632552,False,False
14,0.28,0.5336415767669678,-1.1068384647369385,5.275224685668945,0.07852249592542648,-0.2597528100013733,-0.07054632902145386,0.6159886717796326,-0.4088088274002075,0.060127366334199905,-1.9733173847198486,-1.430668592453003,1.1644420623779297,0.0,0.0,5.0,1.259211398883098,-0.3222939968109131,0.09207653999328613,0.01748669147491455,0.5535507202148438,0.005372841376811266,-0.5190840195864439,False,False
15,0.3,0.545345664024353,-1.1148765087127686,5.276672840118408,0.1035454049706459,-0.27773016691207886,-0.11521942168474197,0.553568422794342,-0.3936295807361603,0.08437465131282806,-1.828299880027771,-0.5824717879295349,1.0759515762329102,0.0,0.0,5.0,1.2715735855265793,0.29566776752471924,0.2835308313369751,0.045311570167541504,0.25858426094055176,0.005402547772973776,-0.5136814718134701,False,False
16,0.32,0.5556055307388306,-1.1224793195724487,5.2790937423706055,0.12767532467842102,-0.28955113887786865,-0.15599417686462402,0.4716540277004242,-0.36514681577682495,0.15736478567123413,-1.574233055114746,-0.902202308177948,1.0572242736816406,0.0,0.0,5.0,1.2831798960729688,0.15036940574645996,0.07457733154296875,0.09299886226654053,0.3386181592941284,0.005603310186415911,-0.5080781616270542,False,False
17,0.34,0.5642446279525757,-1.1294547319412231,5.282739639282227,0.15216180682182312,-0.3016422390937805,-0.19102630019187927,0.39149612188339233,-0.3313145637512207,0.20680920779705048,-1.2151912450790405,-0.693585216999054,1.041412353515625,0.0,0.0,5.0,1.2938244453167533,0.10042858123779297,0.14325416088104248,0.11179518699645996,0.21496272087097168,0.005593177862465382,-0.5024849837645888,False,False
18,0.36,0.5712645649909973,-1.135704517364502,5.287271976470947,0.1762154996395111,-0.31022611260414124,-0.22184504568576813,0.30989161133766174,-0.29279354214668274,0.24606148898601532,-1.141998052597046,-0.6167388558387756,1.0278196334838867,0.0,0.0,5.0,1.3033392276924738,0.005250453948974609,-0.05585205554962158,0.1604773998260498,0.2810971736907959,0.005669651087373495,-0.49681533267721534,False,False
19,0.38,0.5766768455505371,-1.1411622762680054,5.292404651641846,0.1988801211118698,-0.31234070658683777,-0.24961785972118378,0.23096638917922974,-0.25224220752716064,0.26697880029678345,-0.9402168989181519,-0.09304824471473694,1.02227783203125,0.0,0.0,5.0,1.3116051255134231,0.016508102416992188,-0.042082786560058594,0.19056999683380127,0.06620121002197266,0.005588472355157137,-0.4912268603220582,False,False
20,0.4,0.580548882484436,-1.1457946300506592,5.297797679901123,0.2194710671901703,-0.30593141913414,-0.27541419863700867,0.15616975724697113,-0.21033917367458344,0.27216586470603943,-1.012425422668457,0.2029956877231598,1.0393123626708984,0.0,0.0,5.0,1.318546850650877,0.07199716567993164,-0.16762244701385498,0.09831774234771729,0.14267408847808838,0.005572666879743338,-0.48565419344231486,False,False
21,0.42,0.582953929901123,-1.149564504623413,5.303208827972412,0.2382458597421646,-0.2926873564720154,-0.29815930128097534,0.08448726683855057,-0.16602244973182678,0.26881277561187744,-0.7078702449798584,0.559263288974762,1.0574922561645508,0.0,0.0,5.0,1.3241108065557203,-0.08445006608963013,-0.017669081687927246,0.016189098358154297,0.03222489356994629,0.005513774696737528,-0.48014041874557734,False,False
22,0.44,0.5840043425559998,-1.1524555683135986,5.308370113372803,0.25513893365859985,-0.27416476607322693,-0.31767117977142334,0.020845094695687294,-0.12256070226430893,0.24729670584201813,-0.7705415487289429,0.7144094109535217,1.0497817993164062,0.0,0.0,5.0,1.3282721994692355,0.056839585304260254,-0.22167164087295532,-0.08574157953262329,0.19198870658874512,0.005463691428303719,-0.4746767273172736,False,False
23,0.46,0.5838037133216858,-1.1544466018676758,5.313095569610596,0.27005255222320557,-0.2511845529079437,-0.33100762963294983,-0.0404752679169178,-0.076113760471344,0.22531954944133759,-0.1753031313419342,1.0038608312606812,1.0498542785644531,0.0,0.0,5.0,1.331015615220872,-0.24807965755462646,0.1779799461364746,-0.05318981409072876,-0.24565064907073975,0.005388463847339153,-0.46928826346993446,False,False
24,0.48,0.5825002193450928,-1.1555631160736084,5.3171067237854,0.28427940607070923,-0.22776111960411072,-0.34471768140792847,-0.08948545902967453,-0.0351838655769825,0.17583048343658447,-0.8584533333778381,0.7490081787109375,1.0281047821044922,0.0,0.0,5.0,1.3323622987148576,0.2604491710662842,-0.49860310554504395,-0.18502527475357056,0.3100733757019043,0.0052698273211717606,-0.4640184361487627,False,False
25,0.5,0.58016437292099,-1.1557695865631104,5.3203582763671875,0.2976505756378174,-0.20288300514221191,-0.35121169686317444,-0.1436048001050949,0.014867885038256645,0.14941991865634918,0.4952789545059204,1.1421490907669067,1.0526800155639648,0.0,0.0,5.0,1.3323000645755534,-0.5070043206214905,0.5429636240005493,-0.10648322105407715,-0.4659609794616699,0.005298692267388105,-0.4587197438813746,False,False
26,0.52,0.5768932700157166,-1.1550763845443726,5.322713375091553,0.31149354577064514,-0.18067698180675507,-0.3592897951602936,-0.18314671516418457,0.05463631823658943,0.08612862229347229,-1.039931297302246,0.4695095419883728,0.9890440702438354,0.0,0.0,5.0,1.3308460548029237,0.29311084747314453,-0.6780274510383606,-0.1547919511795044,0.3809016942977905,0.00534253753721714,-0.45337720634415746,False,False
27,0.54,0.5727037787437439,-1.153414011001587,5.324296474456787,0.32535797357559204,-0.16040222346782684,-0.3680671453475952,-0.2354496568441391,0.11197628080844879,0.072174571454525,0.3981402516365051,0.9371287226676941,1.013010859489441,0.0,0.0,5.0,1.3279765443362446,-0.35466545820236206,0.09500527381896973,-0.020472347736358643,-0.2842572331428528,0.005458598956465721,-0.44791860738769174,False,False
28,0.56,0.567641019821167,-1.1507606506347656,5.325077056884766,0.33767271041870117,-0.13613583147525787,-0.36978891491889954,-0.2704237997531891,0.15347689390182495,0.00592832313850522,-0.3883724808692932,0.8881542086601257,0.9957036972045898,0.0,0.0,5.0,1.3236848172226743,0.20625782012939453,-0.5317506790161133,-0.08189678192138672,0.23972070217132568,0.005138641223311424,-0.4427799661643803,False,False
29,0.58,0.5618042945861816,-1.1471397876739502,5.324923515319824,0.3484373986721039,-0.10765688866376877,-0.3678138852119446,-0.3126123249530792,0.20878435671329498,-0.02115645632147789,0.7172870635986328,1.3814027309417725,1.0315160751342773,0.0,0.0,5.0,1.3180019152823355,-0.30949413776397705,0.42262279987335205,-0.06090235710144043,-0.4411729574203491,0.005493937525898218,-0.4372860286384821,False,False
30,0.6,0.5552200078964233,-1.1424837112426758,5.324007034301758,0.3599594235420227,-0.08081948757171631,-0.36676642298698425,-0.3452605605125427,0.25693222880363464,-0.07041139155626297,-0.5049620866775513,0.7132177948951721,0.9987573623657227,0.0,0.0,5.0,1.3109228985338393,0.2162686586380005,-0.6059628129005432,-0.10391557216644287,0.37678754329681396,0.005177002400159836,-0.43210902623832226,False,False
31,0.62,0.5479384660720825,-1.1367368698120117,5.322452068328857,0.37152567505836487,-0.054601605981588364,-0.36474576592445374,-0.38228780031204224,0.3179425597190857,-0.08499906957149506,0.7860710024833679,1.3204741477966309,1.0206899642944336,0.0,0.0,5.0,1.3024525366250377,-0.2680826187133789,0.3026106357574463,-0.0225791335105896,-0.3245645761489868,0.005568898282945156,-0.4265401279553771,False,False
32,0.64,0.5400117039680481,-1.1298588514328003,5.320337295532227,0.38253384828567505,-0.02661718986928463,-0.3590868413448334,-0.4097532331943512,0.3699129521846771,-0.1264593005180359,-0.176006019115448,0.9086076617240906,0.9956721067428589,0.0,0.0,5.0,1.292598022392276,0.14237725734710693,-0.4823702573776245,-0.14039993286132812,0.411151647567749,0.005013419780880213,-0.4215267081744969,False,False
33,0.66,0.5315350890159607,-1.121857762336731,5.317619800567627,0.3925923705101013,0.0036448249593377113,-0.35006967186927795,-0.4371345639228821,0.4302821159362793,-0.14523570239543915,1.0901455879211426,1.5782554149627686,1.002487063407898,0.0,0.0,5.0,1.2813963974832305,-0.22766387462615967,0.38480663299560547,-0.0055275559425354,-0.4190620183944702,0.005630157422274351,-0.41589655075222254,False,False
34,0.68,0.5225898027420044,-1.1127127408981323,5.314352512359619,0.40278226137161255,0.03416028246283531,-0.3393690288066864,-0.456599622964859,0.48420393466949463,-0.18143832683563232,-0.04024277627468109,0.95107102394104,0.9839652180671692,0.0,0.0,5.0,1.2688763721158045,0.08193409442901611,-0.3987172842025757,-0.19939792156219482,0.4943579435348511,0.0050278315320611,-0.41086871922016144,False,False
35,0.7000000000000001,0.5132739543914795,-1.102407693862915,5.310591220855713,0.41273900866508484,0.06486241519451141,-0.32705116271972656,-0.4741300344467163,0.5463438034057617,-0.19464111328125,1.2237387895584106,1.6231038570404053,0.9641240239143372,0.0,0.0,5.0,1.255077600077963,-0.24327564239501953,0.3416595458984375,-0.040436744689941406,-0.36989009380340576,0.005694841966032982,-0.40517387725412846,False,False
36,0.72,0.5036869645118713,-1.0909548997879028,5.306303977966309,0.42240533232688904,0.09647776186466217,-0.3118826150894165,-0.4837053120136261,0.598870038986206,-0.23409341275691986,0.21447424590587616,1.0771946907043457,0.9403374791145325,0.0,0.0,5.0,1.2400424502848284,0.026183366775512695,-0.25479400157928467,-0.2253504991531372,0.48925530910491943,0.005140046589076519,-0.40003383066505194,False,False
37,0.74,0.4939427673816681,-1.0783426761627197,5.301551342010498,0.4319142699241638,0.12773239612579346,-0.29584258794784546,-0.48974722623825073,0.6623309254646301,-0.24108874797821045,1.2840189933776855,1.620730996131897,0.8999641537666321,0.0,0.0,5.0,1.223820083407185,-0.22046953439712524,0.3028450012207031,-0.05849301815032959,-0.24024450778961182,0.005744115449488163,-0.3942897152155638,False,False
38,0.76,0.4841456413269043,-1.0645463466644287,5.296428680419922,0.44098907709121704,0.15992513298988342,-0.2766680121421814,-0.4889850318431854,0.7171807885169983,-0.27114391326904297,0.5028819441795349,1.2148329019546509,0.8681629300117493,0.0,0.0,5.0,1.2064517764038136,-0.04523634910583496,-0.09458339214324951,-0.24247515201568604,0.42230224609375,0.005337690934538841,-0.38895202428102493,False,False
39,0.78,0.47442591190338135,-1.0495779514312744,5.290943145751953,0.4499433636665344,0.19123022258281708,-0.25741225481033325,-0.4819364845752716,0.7795791625976562,-0.27733537554740906,1.2669609785079956,1.5708602666854858,0.8108633160591125,0.0,0.0,5.0,1.1879990471696802,-0.1924424171447754,0.25678980350494385,-0.09855341911315918,-0.1047583818435669,0.005800936836749315,-0.3831510874442756,False,False
40,0.8,0.46490582823753357,-1.0334250926971436,5.285167217254639,0.4584934711456299,0.22281509637832642,-0.23539458215236664,-0.46901774406433105,0.8355362415313721,-0.3002455234527588,0.7588269710540771,1.288527011871338,0.7696149945259094,0.0,0.0,5.0,1.1685140962530496,-0.09897875785827637,0.04114258289337158,-0.33258146047592163,0.32612550258636475,0.005587555468082428,-0.3775635319761932,False,False
41,0.8200000000000001,0.45571160316467285,-1.0161385536193848,5.279000282287598,0.46712568402290344,0.2518273591995239,-0.2126571387052536,-0.44939088821411133,0.8929378390312195,-0.3165123760700226,1.3123655319213867,1.3528238534927368,0.6952398419380188,0.0,0.0,5.0,1.1480643635820993,-0.20945680141448975,0.28745174407958984,-0.2023254632949829,-0.11678755283355713,0.006058199796825647,-0.37150533217936754,False,False
42,0.84,0.4469507932662964,-0.997769832611084,5.272340297698975,0.47598206996917725,0.276847779750824,-0.18865454196929932,-0.42581436038017273,0.9436849355697632,-0.34949904680252075,0.8562557101249695,0.9287953972816467,0.6410110592842102,0.0,0.0,5.0,1.1267115372715806,-0.125718355178833,0.14329731464385986,-0.41630369424819946,0.29338538646698,0.00595745537430048,-0.36554787680506706,False,False
43,0.86,0.43873098492622375,-0.9783620238304138,5.265143871307373,0.4850500226020813,0.29579704999923706,-0.16423194110393524,-0.3953949213027954,0.9967800974845886,-0.37020063400268555,1.3300838470458984,0.783110499382019,0.5498884320259094,0.0,0.0,5.0,1.1045263234978777,-0.2956477403640747,0.3115808963775635,-0.23220402002334595,0.04230332374572754,0.006273702718317509,-0.35927417408674955,False,False
44,0.88,0.4311544597148895,-0.9579342603683472,5.257467746734619,0.493457555770874,0.3106679916381836,-0.13877901434898376,-0.36157166957855225,1.0455883741378784,-0.3974015712738037,0.9642148613929749,0.5656524300575256,0.4677942395210266,0.0,0.0,5.0,1.0815830323780475,-0.12631022930145264,0.14200258255004883,-0.37099194526672363,0.22778737545013428,0.006225780118256807,-0.35304839396849275,False,False
45,0.9,0.42430222034454346,-0.9365417957305908,5.2492899894714355,0.5010903477668762,0.32131046056747437,-0.11355049163103104,-0.3230617046356201,1.093209147453308,-0.4204253554344177,1.3214994668960571,0.39815542101860046,0.38706332445144653,0.0,0.0,5.0,1.0579642754792138,-0.23336470127105713,0.3323550224304199,-0.2335934042930603,0.03618025779724121,0.006490097846835852,-0.3465582961216569,False,False
46,0.92,0.4182620644569397,-0.9142204523086548,5.240678310394287,0.5078799724578857,0.3267723023891449,-0.0881875678896904,-0.28045910596847534,1.138385534286499,-0.440723717212677,0.9985272884368896,0.08014571666717529,0.30927449464797974,0.0,0.0,5.0,1.0337641119121284,-0.1612100601196289,0.1834278106689453,-0.3855019807815552,0.17431271076202393,0.006464340724050999,-0.3400939553976059,False,False
47,0.9400000000000001,0.41307851672172546,-0.8910484910011292,5.231578826904297,0.5135676264762878,0.32628247141838074,-0.0640488937497139,-0.2375827431678772,1.178256869316101,-0.4691905677318573,1.2327790260314941,-0.1705341935157776,0.22506508231163025,0.0,0.0,5.0,1.00907384633771,-0.24543148279190063,0.26046574115753174,-0.28963279724121094,0.030120134353637695,0.006613883189857006,-0.3334800722077489,False,False
48,0.96,0.408756285905838,-0.8671273589134216,5.221862316131592,0.5178341865539551,0.32011428475379944,-0.040055084973573685,-0.19445060193538666,1.2132200002670288,-0.5023739337921143,1.0308728218078613,-0.4669112265110016,0.14819273352622986,0.0,0.0,5.0,0.9839788845107275,-0.2513004541397095,0.14820241928100586,-0.3448372483253479,0.10973131656646729,0.006649419665336609,-0.3268306525424123,False,False
49,0.98,0.40528133511543274,-0.8425626754760742,5.211400508880615,0.5204382538795471,0.30942443013191223,-0.0180231723934412,-0.1529906541109085,1.2426292896270752,-0.5436829924583435,1.0914275646209717,-0.6092768311500549,0.06867416948080063,0.0,0.0,5.0,0.9585692452052336,-0.22663450241088867,0.13911867141723633,-0.2740379571914673,0.06485247611999512,0.006735681090503931,-0.32009497145190835,False,False
50,1.0,0.40264803171157837,-0.8174423575401306,5.200158596038818,0.5212849378585815,0.29592859745025635,0.0037707930896431208,-0.11034487932920456,1.2687182426452637,-0.5804480910301208,1.0624595880508423,-0.7412360906600952,0.0030681039206683636,0.0,0.0,5.0,0.9329527902901656,-0.1840842366218567,0.12113213539123535,-0.22074484825134277,0.07474493980407715,0.006820677779614925,-0.3132742936722934,False,False
51,1.02,0.40088769793510437,-0.7918308973312378,5.188270568847656,0.5205284953117371,0.28020936250686646,0.024699730798602104,-0.06575759500265121,1.2916820049285889,-0.6082615256309509,1.0516538619995117,-0.831893801689148,-0.05286082252860069,0.0,0.0,5.0,0.9072777542838361,-0.1384819746017456,0.1127626895904541,-0.15645480155944824,0.05718564987182617,0.006921772845089436,-0.306352520827204,False,False
52,1.04,0.4000343382358551,-0.765796959400177,5.175912857055664,0.5183499455451965,0.262827605009079,0.04473447427153587,-0.019713900983333588,1.3109158277511597,-0.6274264454841614,1.010011076927185,-0.9127765893936157,-0.09614410996437073,0.0,0.0,5.0,0.8817129850874611,-0.10392701625823975,0.09416508674621582,-0.09526103734970093,0.04472613334655762,0.007040811702609062,-0.2993117091245949,False,False
53,1.06,0.4001081585884094,-0.739421546459198,5.163240432739258,0.5149933099746704,0.24426673352718353,0.06345082819461823,0.026901524513959885,1.3258146047592163,-0.6397482752799988,0.9456217288970947,-0.9583563208580017,-0.1276211440563202,0.0,0.0,5.0,0.8564334187886528,-0.0581890344619751,0.051865458488464355,-0.05424410104751587,0.028773784637451172,0.007154693361371756,-0.29215701576322317,False,False
54,1.08,0.40110814571380615,-0.7127957940101624,5.150355339050293,0.5107505917549133,0.22512632608413696,0.08106912672519684,0.07286150008440018,1.3359469175338745,-0.6486968994140625,0.9147303700447083,-0.9806007742881775,-0.14559730887413025,0.0,0.0,5.0,0.8316082710612457,0.0356137752532959,0.007509469985961914,0.008074283599853516,0.031087636947631836,0.0072373333387076855,-0.2849196824245155,False,False
55,1.1,0.40303823351860046,-0.6860133409500122,5.1374053955078125,0.505979061126709,0.2057967483997345,0.0988844633102417,0.11988221853971481,1.341434121131897,-0.6461923122406006,0.9687625169754028,-0.9864324331283569,-0.14512333273887634,0.0,0.0,5.0,0.8074245254844876,0.10114932060241699,0.02448439598083496,0.056284546852111816,-0.014711439609527588,0.007276211865246296,-0.2776434705592692,False,False
56,1.12,0.4059109091758728,-0.6591742634773254,5.124592304229736,0.5009016990661621,0.1855572611093521,0.11731808632612228,0.16708408296108246,1.341544270515442,-0.6351025700569153,0.9733454585075378,-1.079391360282898,-0.13137540221214294,0.0,0.0,5.0,0.7840903124590517,0.10606443881988525,0.020374655723571777,0.07037723064422607,0.009270787239074707,0.0073304022662341595,-0.27031306829303503,False,False
57,1.1400000000000001,0.4097161591053009,-0.6323913931846619,5.11204195022583,0.49555447697639465,0.16393834352493286,0.1361074149608612,0.2130851000547409,1.3357510566711426,-0.619918167591095,0.9985655546188354,-1.1316685676574707,-0.11770790070295334,0.0,0.0,5.0,0.761800238787338,0.10912477970123291,0.01215517520904541,0.0958700180053711,-0.026950359344482422,0.007394865620881319,-0.2629182026721537,False,False
58,1.16,0.4144156575202942,-0.6057841777801514,5.099782466888428,0.48999372124671936,0.14128030836582184,0.154937744140625,0.2564671039581299,1.3239718675613403,-0.6060231924057007,0.9690518975257874,-1.189818263053894,-0.0972442552447319,0.0,0.0,5.0,0.7407235300333668,0.09704482555389404,0.011565208435058594,0.10122358798980713,-0.017800509929656982,0.007474667392671108,-0.2554435352794826,False,False
59,1.18,0.41995781660079956,-0.5794731974601746,5.087803363800049,0.48427945375442505,0.11781030893325806,0.1732034981250763,0.29730716347694397,1.306134819984436,-0.5918619632720947,0.9313789010047913,-1.21815025806427,-0.07820390909910202,0.0,0.0,5.0,0.7210153847134144,0.09232723712921143,0.019231200218200684,0.10867857933044434,-0.030465245246887207,0.007553368341177702,-0.2478901669383049,False,False
60,1.2,0.4262884557247162,-0.5535784363746643,5.07610559463501,0.4784260392189026,0.09373272210359573,0.19048462808132172,0.33526960015296936,1.2823798656463623,-0.5779733657836914,0.8585723042488098,-1.2551137208938599,-0.05844324082136154,0.0,0.0,5.0,0.7028250096844377,0.1044842004776001,0.0023941993713378906,0.13138365745544434,-0.010901272296905518,0.007637824863195419,-0.24025234207510948,False,False
61,1.22,0.4333537518978119,-0.5282213687896729,5.0647196769714355,0.47255781292915344,0.0694500058889389,0.20673330128192902,0.3707282245159149,1.2523866891860962,-0.5606702566146851,0.8141832947731018,-1.2407499551773071,-0.035690683871507645,0.0,0.0,5.0,0.6862958001599841,0.09266293048858643,-0.0017915964126586914,0.1970740556716919,-0.013622939586639404,0.007774670608341694,-0.2324776714667678,False,False
62,1.24,0.4411025941371918,-0.5035275816917419,5.053721904754639,0.4670679569244385,0.04627500846982002,0.22143074870109558,0.4036186635494232,1.2161109447479248,-0.539206326007843,0.687411904335022,-1.1401952505111694,-0.007279444485902786,0.0,0.0,5.0,0.6715635242695663,0.13376986980438232,-0.0007193088531494141,0.22421395778656006,-0.03933471441268921,0.007880519144237041,-0.22459715232253075,False,False
63,1.26,0.44948244094848633,-0.4796184301376343,5.043190956115723,0.46226367354393005,0.024557942524552345,0.23360426723957062,0.43382394313812256,1.174018144607544,-0.5140045881271362,0.5471181869506836,-1.0837280750274658,0.029780028387904167,0.0,0.0,5.0,0.6587364889991206,0.11984610557556152,0.028181076049804688,0.21785402297973633,-0.04445004463195801,0.007977725006639957,-0.2166194273158908,False,False
64,1.28,0.4584334194660187,-0.45659708976745605,5.0331621170043945,0.4581093192100525,0.0035478940699249506,0.24263544380664825,0.4607030153274536,1.1274572610855103,-0.48891451954841614,0.3619922697544098,-1.0558874607086182,0.06273647397756577,0.0,0.0,5.0,0.6478748555636575,0.08839225769042969,0.07611346244812012,0.18711543083190918,-0.008035600185394287,0.008058279752731323,-0.20856114756315947,False,False
65,1.3,0.4678887128829956,-0.43454915285110474,5.023653030395508,0.4544183611869812,-0.017132356762886047,0.24791806936264038,0.4842037856578827,1.0768073797225952,-0.46209678053855896,0.16384883224964142,-1.0398213863372803,0.08204927295446396,0.0,0.0,5.0,0.6389931765940932,0.03856682777404785,0.14883637428283691,0.15059971809387207,0.03373539447784424,0.008106324821710587,-0.20045482274144888,False,False
66,1.32,0.4777773320674896,-0.41354992985725403,5.014703750610352,0.4508848190307617,-0.03772575408220291,0.24882999062538147,0.5039639472961426,1.0227303504943848,-0.43286946415901184,-0.08234629034996033,-1.0431225299835205,0.08266332000494003,0.0,0.0,5.0,0.6320687650916468,-0.010006368160247803,0.2032780647277832,0.1365450620651245,0.08644509315490723,0.008130339905619621,-0.19232448283582926,False,False
67,1.34,0.4880200922489166,-0.39366260170936584,5.006380081176758,0.4473113417625427,-0.0580095574259758,0.24449731409549713,0.5195212960243225,0.9657921195030212,-0.39950528740882874,-0.368081659078598,-1.0109686851501465,0.06746997684240341,0.0,0.0,5.0,0.6270363305734764,0.043334007263183594,0.24875879287719727,0.1493089199066162,0.1063997745513916,0.008095556870102882,-0.18422892596572638,False,False
68,1.36,0.4985303580760956,-0.3749539256095886,4.998849391937256,0.4435650408267975,-0.07832199335098267,0.23469604551792145,0.5305716395378113,0.9050568342208862,-0.35351502895355225,-0.6376117467880249,-1.050889015197754,0.052338920533657074,0.0,0.0,5.0,0.6237982752079674,0.048391103744506836,0.28581488132476807,0.1580425500869751,0.13589274883270264,0.008025229908525944,-0.17620369605720043,False,False
69,1.3800000000000001,0.5092041492462158,-0.35747623443603516,4.9923176765441895,0.4395334720611572,-0.09941993653774261,0.21948271989822388,0.5357077121734619,0.8428860306739807,-0.29956287145614624,-0.9195531010627747,-1.0950690507888794,0.032295722514390945,0.0,0.0,5.0,0.6222034569896002,0.07427811622619629,0.2974367141723633,0.15110492706298828,0.17042279243469238,0.00794666726142168,-0.16825702879577875,False,False
70,1.4000000000000001,0.5199109315872192,-0.3412424325942993,4.986931324005127,0.4352448582649231,-0.12146621197462082,0.19934941828250885,0.5337135195732117,0.7808544635772705,-0.2389589548110962,-1.1410938501358032,-1.1499136686325073,0.009719927795231342,0.0,0.0,5.0,0.6220326075689473,0.07084512710571289,0.23829913139343262,0.16075778007507324,0.19638168811798096,0.007941490039229393,-0.16031553875654936,False,False
71,1.42,0.5304999351501465,-0.32621797919273376,4.982736110687256,0.4310160279273987,-0.14354859292507172,0.17565196752548218,0.5238692760467529,0.7220956683158875,-0.18048405647277832,-1.2845348119735718,-1.0976896286010742,-0.009187688119709492,0.0,0.0,5.0,0.6230139589263656,0.1370549201965332,0.15600788593292236,0.16542446613311768,0.1742919683456421,0.007992591708898544,-0.15232294704765081,False,False
72,1.44,0.5408135652542114,-0.3123283386230469,4.979682445526123,0.42728176712989807,-0.16467401385307312,0.15042270720005035,0.5062144994735718,0.6674620509147644,-0.1248832494020462,-1.2956328392028809,-1.0467743873596191,-0.011777986772358418,0.0,0.0,5.0,0.6248528678735521,0.1133887767791748,0.1495450735092163,0.18946123123168945,0.10678434371948242,0.007962336763739586,-0.14436061028391123,False,False
73,1.46,0.5507027506828308,-0.2994796931743622,4.977672100067139,0.42422765493392944,-0.18502458930015564,0.12374603748321533,0.48146599531173706,0.6180493235588074,-0.07619798928499222,-1.4250469207763672,-1.0103830099105835,-0.007446725387126207,0.0,0.0,5.0,0.6272640124770893,0.1095954179763794,-0.016232967376708984,0.16483330726623535,0.12950444221496582,0.008116462267935276,-0.13624414801597595,False,False
74,1.48,0.5600426197052002,-0.2875470817089081,4.976470947265625,0.4222024083137512,-0.2029338777065277,0.09661874920129776,0.45144301652908325,0.5758820176124573,-0.043966714292764664,-1.326575756072998,-0.7916980385780334,0.007557831238955259,0.0,0.0,5.0,0.6299878383017802,0.07958793640136719,-0.023057997226715088,0.11795663833618164,0.11758899688720703,0.008243096061050892,-0.12800105195492506,False,False
75,1.5,0.5687339305877686,-0.2764013707637787,4.975820541381836,0.421256959438324,-0.21679188311100006,0.07139724493026733,0.41682344675064087,0.5393267273902893,-0.021031269803643227,-1.2151914834976196,-0.5970816016197205,0.017148952931165695,0.0,0.0,5.0,0.6328037988041603,0.058858633041381836,-0.023045361042022705,0.08913040161132812,0.10635435581207275,0.00833810679614544,-0.11966294515877962,False,False
76,1.52,0.5766937732696533,-0.2659391462802887,4.975569725036621,0.4210392236709595,-0.22700369358062744,0.048220667988061905,0.37847331166267395,0.5075065493583679,-0.004094816744327545,-1.107215404510498,-0.42360132932662964,0.023171033710241318,0.0,0.0,5.0,0.6355282652935788,0.042589426040649414,-0.041111767292022705,0.06831729412078857,0.09586739540100098,0.008418065495789051,-0.11124487966299057,False,False
77,1.54,0.5838599801063538,-0.25606808066368103,4.975593090057373,0.4213038980960846,-0.23372231423854828,0.027227165177464485,0.3376336097717285,0.48017334938049316,0.006390498019754887,-0.9860662817955017,-0.24685747921466827,0.028399016708135605,0.0,0.0,5.0,0.6380117832434764,0.06868469715118408,-0.038544535636901855,0.042307496070861816,0.054471731185913086,0.008478056639432907,-0.10276682302355766,False,False
78,1.56,0.5901883244514465,-0.24670512974262238,4.97578763961792,0.42189982533454895,-0.2379482388496399,0.008666332811117172,0.29479771852493286,0.4566434323787689,0.01303346361964941,-0.8560763001441956,-0.17468143999576569,0.03724995255470276,0.0,0.0,5.0,0.6401342966561016,0.03101933002471924,-0.025766074657440186,0.042266845703125,0.026042580604553223,0.00850466638803482,-0.09426215663552284,False,False
79,1.58,0.5956486463546753,-0.23777680099010468,4.976063251495361,0.42273426055908203,-0.24075934290885925,-0.00821115355938673,0.2509212791919708,0.4366602301597595,0.014451291412115097,-0.8118789196014404,-0.1064450815320015,0.044047534465789795,0.0,0.0,5.0,0.6418006582438345,0.006893515586853027,-0.029390990734100342,0.017535686492919922,0.024126172065734863,0.008525625802576542,-0.0857365308329463,False,False
80,1.6,0.6002253293991089,-0.22921498119831085,4.976313591003418,0.4236920475959778,-0.2421789914369583,-0.024210944771766663,0.20648960769176483,0.41997087001800537,0.01055874302983284,-0.7651901245117188,-0.0370296947658062,0.046812236309051514,0.0,0.0,5.0,0.6429393436624983,0.0010869503021240234,-0.04267793893814087,-0.00011169910430908203,0.02967512607574463,0.00854759942740202,-0.07718893140554428,False,False
81,1.62,0.6039061546325684,-0.22095754742622375,4.976455211639404,0.4246664047241211,-0.24211916327476501,-0.038948118686676025,0.16139614582061768,0.4061974585056305,0.003591479267925024,-0.6851575970649719,0.040011826902627945,0.048113614320755005,0.0,0.0,5.0,0.643489889917979,-0.002871215343475342,-0.04456967115402222,-0.011986911296844482,0.02625119686126709,0.008569766767323017,-0.06861916463822126,False,False
82,1.6400000000000001,0.6066796779632568,-0.21294894814491272,4.976436138153076,0.42558926343917847,-0.2406086027622223,-0.052002519369125366,0.11582484096288681,0.39505431056022644,-0.005454962607473135,-0.5982174277305603,0.10681003332138062,0.048435747623443604,0.0,0.0,5.0,0.6433993641236885,-0.014747798442840576,-0.03866243362426758,-0.016658425331115723,0.02491927146911621,0.008586225099861622,-0.06003293953835964,False,False
83,1.6600000000000001,0.6085380911827087,-0.2051393985748291,4.976224899291992,0.4263996481895447,-0.2377541959285736,-0.06344704329967499,0.06994689255952835,0.38626205921173096,-0.015661561861634254,-0.5270287394523621,0.1736171394586563,0.04679116606712341,0.0,0.0,5.0,0.6426243355815381,-0.022739052772521973,-0.04158598184585571,-0.027392804622650146,0.01677680015563965,0.008599406108260155,-0.05143353343009949,False,False
84,1.68,0.609483003616333,-0.1974831372499466,4.975781440734863,0.42704901099205017,-0.2336471676826477,-0.07345469295978546,0.024528276175260544,0.3796968162059784,-0.02867475524544716,-0.45856279134750366,0.23180876672267914,0.04443350434303284,0.0,0.0,5.0,0.6411362256245916,-0.030058622360229492,-0.043119192123413086,-0.042809903621673584,0.01930999755859375,0.008612527512013912,-0.042821005918085575,False,False
85,1.7,0.6095248460769653,-0.18993791937828064,4.975058078765869,0.42749831080436707,-0.22842271625995636,-0.0819120928645134,-0.020309779793024063,0.3751230537891388,-0.04368097335100174,-0.37687909603118896,0.28566786646842957,0.03986579179763794,0.0,0.0,5.0,0.638920222436063,-0.033485352993011475,-0.0374525785446167,-0.04681861400604248,0.011960268020629883,0.008626996539533138,-0.03419400937855244,False,False
86,1.72,0.6086751818656921,-0.18246641755104065,4.974026679992676,0.42772603034973145,-0.222276970744133,-0.088819220662117,-0.06457530707120895,0.3722965121269226,-0.05943182110786438,-0.30873042345046997,0.3247844874858856,0.03476250171661377,0.0,0.0,5.0,0.6359670462416641,-0.0489463210105896,-0.029771387577056885,-0.0432242751121521,0.014928817749023438,0.008635271340608597,-0.02555873803794384,False,False
87,1.74,0.6069460511207581,-0.17503558099269867,4.972680568695068,0.42770010232925415,-0.2152063399553299,-0.09456546604633331,-0.10820779949426651,0.3710343539714813,-0.0751335471868515,-0.2664390802383423,0.3795504868030548,0.027562955394387245,0.0,0.0,5.0,0.6322715515594216,-0.05704605579376221,-0.025030314922332764,-0.05756330490112305,0.019961237907409668,0.008643517270684242,-0.016915220767259598,False,False
88,1.76,0.6043553352355957,-0.1676151156425476,4.971011638641357,0.4273570775985718,-0.207126647233963,-0.0993284210562706,-0.1507081836462021,0.3712458610534668,-0.09183768928050995,-0.21702119708061218,0.4278830289840698,0.017364196479320526,0.0,0.0,5.0,0.6278379753677322,-0.06111234426498413,-0.01863330602645874,-0.0662277340888977,0.01643967628479004,0.008655890822410583,-0.008259329944849014,False,False
89,1.78,0.6009271740913391,-0.16017656028270721,4.969000339508057,0.4266742467880249,-0.19826564192771912,-0.10309496521949768,-0.19192366302013397,0.3728264272212982,-0.10924147069454193,-0.17334796488285065,0.46045491099357605,0.0057123759761452675,0.0,0.0,5.0,0.6226804782358429,-0.06838715076446533,-0.044448673725128174,-0.07286190986633301,0.00857400894165039,0.008663797751069069,0.0004044678062200546,False,False
90,1.8,0.5966971516609192,-0.1526942104101181,4.9665985107421875,0.4256551265716553,-0.18857982754707336,-0.10574067384004593,-0.2308625429868698,0.3756031095981598,-0.13093112409114838,-0.11078799515962601,0.5132789611816406,-0.0040985760278999805,0.0,0.0,5.0,0.6168295325109387,-0.041021108627319336,-0.07059907913208008,-0.09021306037902832,-0.011293470859527588,0.008681079372763634,0.009085547178983688,False,False
91,1.82,0.5917100310325623,-0.14514584839344025,4.963730812072754,0.4244057536125183,-0.17827634513378143,-0.10654774308204651,-0.267598420381546,0.3793850541114807,-0.15577398240566254,0.0073061734437942505,0.5242880582809448,-0.008692529983818531,0.0,0.0,5.0,0.6103306744079878,-0.06366837024688721,-0.04789614677429199,-0.09872406721115112,-0.05003589391708374,0.008706160821020603,0.01779170800000429,False,False
92,1.84,0.5860134959220886,-0.13751482963562012,4.960323810577393,0.4230843186378479,-0.16827699542045593,-0.10581515729427338,-0.30179813504219055,0.38381698727607727,-0.18483327329158783,0.04318733885884285,0.4838107228279114,-0.014694151468575,0.0,0.0,5.0,0.6032382164449133,-0.08717548847198486,-0.08018076419830322,-0.11379480361938477,-0.02714306116104126,0.00871186051517725,0.02650356851518154,False,False
93,1.86,0.579657793045044,-0.12979088723659515,4.956292629241943,0.4216422140598297,-0.15840817987918854,-0.10384927690029144,-0.3335133492946625,0.38864755630493164,-0.2182079702615738,0.1299682855606079,0.5125381350517273,-0.023413119837641716,0.0,0.0,5.0,0.595616626452029,-0.09181106090545654,-0.02534562349319458,-0.14360690116882324,-0.0622936487197876,0.008745832368731499,0.03524940088391304,False,False
94,1.8800000000000001,0.5726866126060486,-0.12196727842092514,4.951582908630371,0.42007166147232056,-0.14923401176929474,-0.10084651410579681,-0.3633405864238739,0.3937467038631439,-0.2527076005935669,0.14627951383590698,0.41592806577682495,-0.037172116339206696,0.0,0.0,5.0,0.5875288826945385,-0.12309795618057251,-0.07288825511932373,-0.13581430912017822,-0.0016023516654968262,0.008744987659156322,0.04399438854306936,False,False
95,1.9000000000000001,0.5651358962059021,-0.11404050141572952,4.946176052093506,0.41825777292251587,-0.1404130607843399,-0.09674312174320221,-0.39147400856018066,0.39893463253974915,-0.2879374027252197,0.2379118800163269,0.47955840826034546,-0.05434272438287735,0.0,0.0,5.0,0.5790343983839303,-0.11853361129760742,-0.012592852115631104,-0.1591426134109497,-0.04486417770385742,0.008777331560850143,0.052771720103919506,False,False
96,1.92,0.5570390224456787,-0.10601035505533218,4.940066814422607,0.41612398624420166,-0.13177692890167236,-0.09160201996564865,-0.41794782876968384,0.40405604243278503,-0.32305604219436646,0.24729891121387482,0.40008243918418884,-0.0748462900519371,0.0,0.0,5.0,0.5701952776370997,-0.1161465048789978,-0.037598371505737305,-0.15184509754180908,0.016751766204833984,0.008784960955381393,0.0615566810593009,False,False
97,1.94,0.5484215021133423,-0.0978783518075943,4.9333014488220215,0.41365766525268555,-0.12375976145267487,-0.08535844087600708,-0.4435432553291321,0.4090873599052429,-0.35343092679977417,0.34567561745643616,0.4200915992259979,-0.09785672277212143,0.0,0.0,5.0,0.5610659608834485,-0.12369692325592041,0.04450511932373047,-0.15380549430847168,-0.001239776611328125,0.00881963036954403,0.07037631142884493,False,False
98,1.96,0.5393009185791016,-0.08964847773313522,4.9259843826293945,0.4107690751552582,-0.11639674007892609,-0.07826501876115799,-0.46824294328689575,0.4138105511665344,-0.37824541330337524,0.3291325569152832,0.33713218569755554,-0.12772193551063538,0.0,0.0,5.0,0.5516888996118039,-0.11258631944656372,0.02733778953552246,-0.18583613634109497,0.07417857646942139,0.008818084374070168,0.0791943958029151,False,False
99,1.98,0.5296973586082458,-0.08132918179035187,4.918209552764893,0.4073489308357239,-0.11018204689025879,-0.06998444348573685,-0.4918555021286011,0.4179871082305908,-0.3991955816745758,0.460327684879303,0.3077508807182312,-0.1649583876132965,0.0,0.0,5.0,0.5421101408257916,-0.16360735893249512,0.125779390335083,-0.18396764993667603,0.0375746488571167,0.008852911181747913,0.08804730698466301,False,False
100,2.0,0.5196356773376465,-0.07293537259101868,4.910030364990234,0.40323203802108765,-0.10547386109828949,-0.061068806797266006,-0.5140811204910278,0.4212217926979065,-0.4186899662017822,0.3870207667350769,0.1887342631816864,-0.21252849698066711,0.0,0.0,5.0,0.532386458280952,-0.13268542289733887,0.049576520919799805,-0.21658587455749512,0.09861087799072266,0.008848660625517368,0.09689596761018038,False,False
101,2.02,0.5091444253921509,-0.06448771804571152,4.901446342468262,0.3983077108860016,-0.10236033797264099,-0.05136721208691597,-0.5348579287528992,0.42334267497062683,-0.43965718150138855,0.5321095585823059,0.1495862901210785,-0.2588444948196411,0.0,0.0,5.0,0.5225892604135008,-0.1596590280532837,0.07838821411132812,-0.08060097694396973,0.017319679260253906,0.008912952616810799,0.10580892022699118,False,False
102,2.04,0.4982430636882782,-0.05601073428988457,4.892500877380371,0.3926486372947693,-0.09944406151771545,-0.04167500138282776,-0.5550819635391235,0.4241349697113037,-0.4549672603607178,0.38012146949768066,0.16777494549751282,-0.290124773979187,0.0,0.0,5.0,0.5127761833716185,-0.07252341508865356,-0.02972167730331421,-0.10068416595458984,0.028713107109069824,0.008930121548473835,0.11473904177546501,False,False
103,2.06,0.4869517982006073,-0.04753006994724274,4.883220672607422,0.3865244686603546,-0.09599708020687103,-0.032526686787605286,-0.5738534927368164,0.423742413520813,-0.47304537892341614,0.4749559164047241,0.199299156665802,-0.3061574697494507,0.0,0.0,5.0,0.5030095154430557,-0.061815857887268066,0.022663235664367676,-0.026171743869781494,-0.05010533332824707,0.00898565724492073,0.12372469902038574,False,False
104,2.08,0.47529149055480957,-0.039069775491952896,4.873638153076172,0.38021934032440186,-0.09260349720716476,-0.023607604205608368,-0.5919823050498962,0.42208951711654663,-0.48526808619499207,0.3576030433177948,0.15747468173503876,-0.3117944002151489,0.0,0.0,5.0,0.4933515629941849,-0.028195858001708984,-0.07223504781723022,-0.050476253032684326,0.0018284320831298828,0.0089865168556571,0.13271121587604284,False,False
105,2.1,0.4632830321788788,-0.030653392896056175,4.863778114318848,0.3738797903060913,-0.08902589231729507,-0.014825581572949886,-0.6086752414703369,0.4193650186061859,-0.5006828308105469,0.4630776643753052,0.21239754557609558,-0.31256401538848877,0.0,0.0,5.0,0.48386692441148005,-0.017970800399780273,0.032013773918151855,0.01819634437561035,-0.07584595680236816,0.009042049758136272,0.14175326563417912,False,False
106,2.12,0.45094379782676697,-0.02230534702539444,4.8537139892578125,0.3676088750362396,-0.08563735336065292,-0.0065785800106823444,-0.6250528693199158,0.41524797677993774,-0.5057055950164795,0.30695581436157227,0.13305842876434326,-0.3084620237350464,0.0,0.0,5.0,0.47460239595182696,0.001993536949157715,-0.08010530471801758,-0.01093757152557373,0.051123619079589844,0.00902949832379818,0.1507827639579773,False,False
107,2.14,0.43828749656677246,-0.014050508849322796,4.843555927276611,0.3614276349544525,-0.08171804994344711,0.0016531539149582386,-0.6403857469558716,0.4100564420223236,-0.5101085901260376,0.46449047327041626,0.26046207547187805,-0.30659639835357666,0.0,0.0,5.0,0.46558360617183936,0.05182230472564697,0.06733989715576172,0.10269606113433838,-0.12061792612075806,0.009085668250918388,0.15986843220889568,False,False
108,2.16,0.4253275692462921,-0.005915425717830658,4.833446979522705,0.35548970103263855,-0.077979676425457,0.008823540061712265,-0.6554012298583984,0.40327560901641846,-0.500836968421936,0.20522914826869965,0.11018960177898407,-0.28724944591522217,0.0,0.0,5.0,0.45681335581667576,0.04439687728881836,-0.07548171281814575,-0.002467215061187744,0.09508132934570312,0.00907868705689907,0.16894711926579475,False,False
109,2.18,0.4120805561542511,0.0020763587672263384,4.823484420776367,0.3497929573059082,-0.07437120378017426,0.01573375053703785,-0.6691257953643799,0.3957490026950836,-0.4954080581665039,0.44237712025642395,0.24375861883163452,-0.28517043590545654,0.0,0.0,5.0,0.4482995044998173,0.08544838428497314,0.08104050159454346,0.15332353115081787,-0.08920806646347046,0.009130195714533329,0.17807731498032808,False,False
110,2.2,0.39856112003326416,0.009899886325001717,4.813796520233154,0.34437811374664307,-0.07051524519920349,0.022387690842151642,-0.682607114315033,0.38642892241477966,-0.47340092062950134,0.1838441789150238,0.13140636682510376,-0.26217901706695557,0.0,0.0,5.0,0.44002353349417583,0.07830023765563965,-0.020397186279296875,0.032946109771728516,0.08807110786437988,0.009148695506155491,0.18722601048648357,False,False
111,2.22,0.384785920381546,0.017530711367726326,4.804498195648193,0.33924776315689087,-0.06707850098609924,0.02809610776603222,-0.6947466731071472,0.3765214681625366,-0.456424355506897,0.3516981601715088,0.19930891692638397,-0.2581220865249634,0.0,0.0,5.0,0.4319588937268731,0.10679781436920166,0.07231533527374268,0.15397870540618896,-0.024985909461975098,0.009179861284792423,0.196405871771276,False,False
112,2.24,0.3707725703716278,0.024947766214609146,4.795666217803955,0.3343828618526459,-0.06349284201860428,0.033880069851875305,-0.7063969373703003,0.36502861976623535,-0.4267917573451996,0.1949596256017685,0.14401589334011078,-0.23824894428253174,0.0,0.0,5.0,0.42408369990560024,0.07349967956542969,0.034371018409729004,0.0908806324005127,0.06464493274688721,0.009210947901010513,0.2056168196722865,False,False
113,2.2600000000000002,0.35653889179229736,0.0321294330060482,4.787383079528809,0.32979559898376465,-0.05993206799030304,0.03820713609457016,-0.7168083190917969,0.35303863883018494,-0.4015214443206787,0.20943208038806915,0.1953415721654892,-0.2321631908416748,0.0,0.0,5.0,0.41636310679072247,0.10162997245788574,0.048590898513793945,0.12494754791259766,0.021836042404174805,0.009232109412550926,0.21484892908483744,False,False
114,2.2800000000000002,0.34210601449012756,0.03906357288360596,4.779638290405273,0.32544952630996704,-0.05588970333337784,0.042107466608285904,-0.7262961864471436,0.3402917683124542,-0.3729465901851654,0.1554311066865921,0.19114519655704498,-0.21762478351593018,0.0,0.0,5.0,0.40880529709418245,0.08856809139251709,0.040605902671813965,0.11800992488861084,0.04181694984436035,0.009255191311240196,0.22410412039607763,False,False
115,2.3000000000000003,0.32749447226524353,0.045738834887742996,4.772457122802734,0.321392297744751,-0.05155576393008232,0.04513188824057579,-0.7346819639205933,0.32718291878700256,-0.3451356589794159,0.12520122528076172,0.22416846454143524,-0.20606529712677002,0.0,0.0,5.0,0.4013980958405115,0.11322712898254395,0.05593287944793701,0.12708985805511475,0.05047130584716797,0.009271672926843166,0.2333757933229208,False,False
116,2.32,0.31272438168525696,0.05214596912264824,4.765888214111328,0.3176075518131256,-0.04680320620536804,0.04761696606874466,-0.7421365976333618,0.3135015666484833,-0.3116503953933716,0.10468190908432007,0.23305387794971466,-0.19359731674194336,0.0,0.0,5.0,0.3941117472090242,0.13647830486297607,0.06797945499420166,0.14091026782989502,0.06553471088409424,0.009287109598517418,0.24266290292143822,False,False
117,2.34,0.2978150546550751,0.05827421322464943,4.760052680969238,0.31409844756126404,-0.04194621369242668,0.049796491861343384,-0.7485954165458679,0.299304336309433,-0.2718559801578522,0.09768656641244888,0.2350051999092102,-0.18020176887512207,0.0,0.0,5.0,0.38686484282783745,0.143998384475708,0.08101832866668701,0.15256822109222412,0.07697165012359619,0.009304134175181389,0.2519670370966196,False,False
118,2.36,0.282787561416626,0.06411492824554443,4.755056858062744,0.31086644530296326,-0.037028443068265915,0.051745280623435974,-0.7539491057395935,0.2847554683685303,-0.2277638018131256,0.08441544324159622,0.23975089192390442,-0.16729950904846191,0.0,0.0,5.0,0.37957432960882376,0.14244365692138672,0.09164965152740479,0.16075968742370605,0.09878909587860107,0.00931868702173233,0.26128572411835194,False,False
119,2.38,0.2676646411418915,0.06966188549995422,4.750980854034424,0.30789482593536377,-0.03179454058408737,0.053418975323438644,-0.7581303715705872,0.26994064450263977,-0.1798226237297058,0.07270979136228561,0.2673075795173645,-0.1568005084991455,0.0,0.0,5.0,0.37216619065472784,0.13477778434753418,0.09701550006866455,0.16211342811584473,0.11778759956359863,0.00933056604117155,0.2706162901595235,False,False
120,2.4,0.25247126817703247,0.07491184771060944,4.747881889343262,0.3051564693450928,-0.025769120082259178,0.05488579347729683,-0.7609683275222778,0.25507280230522156,-0.13009113073349,0.0660666823387146,0.31953608989715576,-0.14915764331817627,0.0,0.0,5.0,0.36457793117996035,0.13231182098388672,0.0938946008682251,0.15118074417114258,0.1359717845916748,0.009338530711829662,0.27995482087135315,False,False
121,2.42,0.2372366338968277,0.07986565679311752,4.745779037475586,0.30261966586112976,-0.018564218655228615,0.05652187392115593,-0.7622067928314209,0.24033361673355103,-0.08017520606517792,0.09189395606517792,0.3857232928276062,-0.1441648006439209,0.0,0.0,5.0,0.35677449654443216,0.14110803604125977,0.10811924934387207,0.14111101627349854,0.13015735149383545,0.00935052614659071,0.28930534701794386,False,False
122,2.44,0.22199584543704987,0.08452565222978592,4.744681358337402,0.3002391755580902,-0.010461220517754555,0.0586405023932457,-0.7615420818328857,0.22568197548389435,-0.029550621286034584,0.11649899929761887,0.4095419645309448,-0.14007353782653809,0.0,0.0,5.0,0.34873249068105944,0.1343097686767578,0.12171578407287598,0.12682414054870605,0.12772905826568604,0.009367340244352818,0.2986726872622967,False,False
123,2.46,0.2067888379096985,0.08889388293027878,4.74458646774292,0.29794254899024963,-0.0021359689999371767,0.06113819405436516,-0.7588109374046326,0.2111436277627945,0.020091721788048744,0.13182061910629272,0.4077475368976593,-0.13898515701293945,0.0,0.0,5.0,0.34044062384871776,0.11300158500671387,0.1098024845123291,0.09613037109375,0.1131887435913086,0.00939137116074562,0.3080640584230423,False,False
124,2.48,0.19165611267089844,0.09297574311494827,4.745407581329346,0.29565557837486267,0.006028966978192329,0.06399675458669662,-0.7541283965110779,0.19702833890914917,0.06201833114027977,0.15448424220085144,0.3928520679473877,-0.14027559757232666,0.0,0.0,5.0,0.33195459625748625,0.09004628658294678,0.05298328399658203,0.07017922401428223,0.08438396453857422,0.009413004852831364,0.31747706327587366,False,False
125,2.5,0.1766337752342224,0.09678181260824203,4.74693489074707,0.2934013903141022,0.014174430631101131,0.06762778013944626,-0.747784435749054,0.1835375279188156,0.09071778506040573,0.21088653802871704,0.4051198661327362,-0.13814735412597656,0.0,0.0,5.0,0.32343184649386014,0.055794358253479004,0.010051608085632324,0.06313765048980713,0.05555415153503418,0.009423264302313328,0.326900327578187,False,False
126,2.52,0.16175439953804016,0.10032164305448532,4.748924255371094,0.2913002073764801,0.023016612976789474,0.07222845405340195,-0.739815354347229,0.1703784465789795,0.10826718807220459,0.2530611455440521,0.462272971868515,-0.13318240642547607,0.0,0.0,5.0,0.31506816306320645,0.07376718521118164,-0.0017845630645751953,0.0636599063873291,0.008569836616516113,0.009434944950044155,0.33633527252823114,False,False
127,2.54,0.14705388247966766,0.10359635949134827,4.751224517822266,0.2894555330276489,0.03242504969239235,0.07746805250644684,-0.7298799157142639,0.1570107340812683,0.12175285816192627,0.2759779095649719,0.4621688723564148,-0.12101900577545166,0.0,0.0,5.0,0.3069955872402221,0.06068611145019531,-0.01169884204864502,0.07240009307861328,-0.0008208751678466797,0.009443189017474651,0.3457784615457058,False,False
128,2.56,0.13257266581058502,0.10659998655319214,4.753769874572754,0.287937194108963,0.042063090950250626,0.08292841166257858,-0.717880129814148,0.14326351881027222,0.13277758657932281,0.27566975355148315,0.4864014983177185,-0.10746228694915771,0.0,0.0,5.0,0.2992797078339645,0.036094069480895996,-0.02051931619644165,0.04199635982513428,-0.02725428342819214,0.00946214608848095,0.35524060763418674,False,False
129,2.58,0.11834784597158432,0.10932943224906921,4.756446361541748,0.2867420017719269,0.05191700905561447,0.08825400471687317,-0.7042486071586609,0.12960194051265717,0.1348133683204651,0.2624671161174774,0.48519185185432434,-0.09574365615844727,0.0,0.0,5.0,0.2920231364263294,0.025727510452270508,-0.020835459232330322,0.0281069278717041,-0.029278039932250977,0.009477310813963413,0.36471791844815016,False,False
130,2.6,0.10441508889198303,0.11178282648324966,4.759135723114014,0.28580355644226074,0.061677299439907074,0.09333746135234833,-0.6886836290359497,0.11566619575023651,0.13406401872634888,0.25117823481559753,0.47833451628685,-0.08606553077697754,0.0,0.0,5.0,0.2853305293247011,0.02606356143951416,-0.02223515510559082,0.02456498146057129,-0.03820395469665527,0.009490670636296272,0.37420858908444643,False,False
131,2.62,0.09081324189901352,0.11395422369241714,4.761794567108154,0.28508782386779785,0.0711633488535881,0.09816054254770279,-0.6711696982383728,0.10140981525182724,0.13179025053977966,0.23585392534732819,0.45910850167274475,-0.0757245421409607,0.0,0.0,5.0,0.27923903427125263,0.02785193920135498,-0.018594980239868164,0.026578903198242188,-0.03923022747039795,0.009504841640591621,0.38371343072503805,False,False
132,2.64,0.07758215069770813,0.11583618819713593,4.764411926269531,0.284579873085022,0.08020152896642685,0.10263226181268692,-0.6516228318214417,0.08672772347927094,0.12992475926876068,0.21513541042804718,0.43509283661842346,-0.06527292728424072,0.0,0.0,5.0,0.2737494348614385,0.020868420600891113,-0.008356153964996338,0.02617645263671875,-0.04817444086074829,0.009522190317511559,0.3932356210425496,False,False
133,2.66,0.06476017087697983,0.11742161214351654,4.766983985900879,0.2842452824115753,0.08860721439123154,0.10641875863075256,-0.6302857995033264,0.0717710554599762,0.1272471398115158,0.16631251573562622,0.3974129557609558,-0.05562949180603027,0.0,0.0,5.0,0.2688460108631702,0.006773233413696289,0.0016494989395141602,0.019692540168762207,-0.044770896434783936,0.009540432132780552,0.40277605317533016,False,False
134,2.68,0.05238112434744835,0.11870628595352173,4.769493579864502,0.2840186357498169,0.09625881910324097,0.1090807169675827,-0.607361912727356,0.05668015405535698,0.12366728484630585,0.10196492075920105,0.3608819544315338,-0.04915052652359009,0.0,0.0,5.0,0.264514979228899,0.012450814247131348,0.0006136894226074219,0.01832115650177002,-0.04075676202774048,0.009555031545460224,0.4123310847207904,False,False
135,2.7,0.04047640040516853,0.11968822032213211,4.771934986114502,0.2838556468486786,0.10314908623695374,0.1105915829539299,-0.5828865170478821,0.041526246815919876,0.12061411887407303,0.050734683871269226,0.32221418619155884,-0.04254797101020813,0.0,0.0,5.0,0.2607244898973458,-0.0033791065216064453,0.017215490341186523,0.006792545318603516,-0.028087377548217773,0.009569758549332619,0.421900843270123,False,False
136,2.72,0.02907441556453705,0.12036823481321335,4.774317741394043,0.28369298577308655,0.10926643759012222,0.11098682880401611,-0.5571204423904419,0.02651415392756462,0.11759403347969055,-0.009486697614192963,0.28397801518440247,-0.041217923164367676,0.0,0.0,5.0,0.25742244548981025,0.0035785436630249023,0.020134687423706055,-0.008042752742767334,-0.03382587432861328,0.009582333266735077,0.4314831765368581,False,False
137,2.74,0.018197214230895042,0.1207517609000206,4.776628017425537,0.2834293842315674,0.114292211830616,0.11030808836221695,-0.5304506421089172,0.011901642195880413,0.11341965198516846,-0.05544346943497658,0.2126319706439972,-0.04035884141921997,0.0,0.0,5.0,0.25457252201576464,-0.005910694599151611,0.03602898120880127,-0.010325968265533447,-0.032720088958740234,0.009591354988515377,0.44107453152537346,False,False
138,2.7600000000000002,0.007862115278840065,0.12084686756134033,4.7788591384887695,0.2829838991165161,0.11781854182481766,0.1084483191370964,-0.5029652714729309,-0.002306917682290077,0.10968005657196045,-0.1253669410943985,0.13306191563606262,-0.042178571224212646,0.0,0.0,5.0,0.252129052046715,-0.008211255073547363,0.026503801345825195,-0.00403749942779541,-0.006396174430847168,0.009603174403309822,0.4506777059286833,False,False
139,2.7800000000000002,-0.0019157415954396129,0.12066204845905304,4.78103494644165,0.2823618948459625,0.1202477216720581,0.10546424239873886,-0.4747711718082428,-0.016064658761024475,0.10793648660182953,-0.1656503528356552,0.1018756553530693,-0.04519107937812805,0.0,0.0,5.0,0.25001738876327434,-0.0071977972984313965,0.015808939933776855,-0.012733519077301025,-0.020039916038513184,0.009610687382519245,0.4602883933112025,False,False
140,2.8000000000000003,-0.011131814680993557,0.12021125853061676,4.783144950866699,0.2816075086593628,0.12192228436470032,0.10173066705465317,-0.44681644439697266,-0.028891179710626602,0.1031101793050766,-0.19859306514263153,0.056937213987112045,-0.04665282368659973,0.0,0.0,5.0,0.24819503683638208,-0.006574273109436035,0.005515933036804199,-0.01647704839706421,-0.02648216485977173,0.009617432951927185,0.4699058262631297,False,False
141,2.82,-0.019791079685091972,0.11951295286417007,4.785140037536621,0.2807389199733734,0.12269573658704758,0.09741254895925522,-0.4191226065158844,-0.04080675542354584,0.09640864282846451,-0.22261808812618256,0.011453607119619846,-0.046846985816955566,0.0,0.0,5.0,0.24665732546830954,-0.013730287551879883,-0.001568138599395752,-0.01648801565170288,-0.03458184003829956,0.009621231816709042,0.47952705807983875,False,False
142,2.84,-0.02790101245045662,0.11858587712049484,4.786980152130127,0.27978986501693726,0.12262583523988724,0.0925147607922554,-0.39191317558288574,-0.05176090449094772,0.0876162052154541,-0.2555444836616516,-0.027346212416887283,-0.04629474878311157,0.0,0.0,5.0,0.2453946461003204,-0.009003758430480957,-0.015408992767333984,-0.015667617321014404,-0.039524614810943604,0.009626156650483608,0.48915321473032236,False,False
143,2.86,-0.03547173738479614,0.11744923144578934,4.788632392883301,0.2788097858428955,0.12182939797639847,0.08709422498941422,-0.3652273118495941,-0.061754919588565826,0.07763909548521042,-0.27455592155456543,-0.06070486456155777,-0.04347720742225647,0.0,0.0,5.0,0.24439482698809697,-0.00863105058670044,-0.02860027551651001,-0.0061154961585998535,-0.05093586444854736,0.00962802954018116,0.4987812442705035,False,False
144,2.88,-0.042515333741903305,0.11612267047166824,4.790071964263916,0.2778766453266144,0.12047410011291504,0.08121956884860992,-0.33921971917152405,-0.07074490934610367,0.06635331362485886,-0.3016285300254822,-0.08214197307825089,-0.03744494915008545,0.0,0.0,5.0,0.24364278850125573,-0.0034140348434448242,-0.04172104597091675,0.003949880599975586,-0.05885505676269531,0.009629380889236927,0.5084106251597404,False,False
145,2.9,-0.04904519394040108,0.11462638527154922,4.791281700134277,0.27708199620246887,0.11878261715173721,0.0748252123594284,-0.31386813521385193,-0.07871386408805847,0.05463485047221184,-0.32831740379333496,-0.09265827387571335,-0.02803095616400242,0.0,0.0,5.0,0.24312130294959944,0.011811375617980957,-0.05623680353164673,0.005734920501708984,-0.066073477268219,0.009631935507059097,0.5180425606667995,False,False
146,2.92,-0.0550750307738781,0.11298147588968277,4.7922539710998535,0.2765042781829834,0.1167931854724884,0.06814971566200256,-0.2892274558544159,-0.08559995144605637,0.04258834198117256,-0.3324332535266876,-0.109895259141922,-0.01500951312482357,0.0,0.0,5.0,0.24280956618868024,0.02190709114074707,-0.05390739440917969,0.015458822250366211,-0.07319396734237671,0.009633293375372887,0.5276758540421724,False,False
147,2.94,-0.06061721220612526,0.11120917648077011,4.793001174926758,0.2761954665184021,0.11433050036430359,0.0613255575299263,-0.26511716842651367,-0.0914502814412117,0.032135240733623505,-0.3464115858078003,-0.13787107169628143,0.0003032365639228374,0.0,0.0,5.0,0.24267352746205387,0.03398561477661133,-0.04797583818435669,0.020218491554260254,-0.06853288412094116,0.00963568314909935,0.5373115371912718,False,False
148,2.96,-0.06568196415901184,0.1093301847577095,4.793567657470703,0.27617958188056946,0.11119523644447327,0.054321661591529846,-0.24150776863098145,-0.09626549482345581,0.024489348754286766,-0.35378551483154297,-0.17525213956832886,0.01619747281074524,0.0,0.0,5.0,0.24265514986720055,0.03638732433319092,-0.04774487018585205,0.03577113151550293,-0.06701207160949707,0.009634814225137234,0.546946351416409,False,False
149,2.98,-0.07028180360794067,0.10736570507287979,4.794001579284668,0.2764902710914612,0.10745268315076828,0.047077249735593796,-0.21864867210388184,-0.09999512135982513,0.018907884135842323,-0.3740277886390686,-0.196989044547081,0.033600300550460815,0.0,0.0,5.0,0.24269791074789393,0.04319131374359131,-0.05149245262145996,0.042407989501953125,-0.06729406118392944,0.0096330177038908,0.5565793691202998,False,False
150,3.0,-0.07443425059318542,0.10533813387155533,4.79433536529541,0.2771773040294647,0.10329751670360565,0.039506323635578156,-0.19678452610969543,-0.10256482660770416,0.01439154427498579,-0.39026981592178345,-0.21521921455860138,0.052629679441452026,0.0,0.0,5.0,0.24276433444203294,0.04394721984863281,-0.05499625205993652,0.04282355308532715,-0.05756717920303345,0.00963579211384058,0.5662151612341404,False,False
151,3.02,-0.07816039770841599,0.10327122360467911,4.794586181640625,0.2782653570175171,0.09890926629304886,0.031796276569366455,-0.17602850496768951,-0.10392466187477112,0.010740311816334724,-0.3916945457458496,-0.21950748562812805,0.0711887776851654,0.0,0.0,5.0,0.24283498546898816,0.02957606315612793,-0.045354604721069336,0.029040217399597168,-0.04844433069229126,0.009641225449740887,0.5758563866838813,False,False
152,3.04,-0.08148456364870071,0.10118941217660904,4.794755935668945,0.27971339225769043,0.09443455189466476,0.02407611533999443,-0.15658976137638092,-0.10405625402927399,0.006305459421128035,-0.394280344247818,-0.22379428148269653,0.0853794515132904,0.0,0.0,5.0,0.2429077133250341,0.021216750144958496,-0.05258476734161377,0.015359163284301758,-0.03740954399108887,0.009648208506405354,0.5855045951902866,False,False
153,3.06,-0.08443398028612137,0.09911706298589706,4.794820785522461,0.28145691752433777,0.09002023935317993,0.016581986099481583,-0.1385495364665985,-0.10298478603363037,0.00020739338651765138,-0.3711727261543274,-0.21404412388801575,0.09716382622718811,0.0,0.0,5.0,0.24300575971677582,0.01168668270111084,-0.04794794321060181,0.0062874555587768555,-0.041066110134124756,0.009651335887610912,0.5951559310778975,False,False
154,3.08,-0.08703603595495224,0.09707752615213394,4.7947468757629395,0.2834518551826477,0.08572530746459961,0.0094695333391428,-0.1218448281288147,-0.10078897327184677,-0.0075136832892894745,-0.3575670123100281,-0.21284453570842743,0.10712501406669617,0.0,0.0,5.0,0.24316283155047402,0.008471012115478516,-0.04075276851654053,-0.007045865058898926,-0.03148186206817627,0.009656221605837345,0.6048121526837349,False,False
155,3.1,-0.0893154963850975,0.09509272873401642,4.794519901275635,0.2856442332267761,0.08138295263051987,0.002773456973955035,-0.10628935694694519,-0.0975225567817688,-0.015129325911402702,-0.33032888174057007,-0.22006283700466156,0.11398318409919739,0.0,0.0,5.0,0.24339670483466386,0.00027680397033691406,-0.029243409633636475,-0.019078195095062256,-0.017780661582946777,0.009661367163062096,0.614473519846797,False,False
156,3.12,-0.09129494428634644,0.0931832566857338,4.794146537780762,0.2879590094089508,0.07689251005649567,-0.0033119500149041414,-0.09184510260820389,-0.09327607601881027,-0.022185485810041428,-0.29650765657424927,-0.22905202209949493,0.11661085486412048,0.0,0.0,5.0,0.24370788679575764,-0.00894838571548462,-0.022494375705718994,-0.014024138450622559,-0.006216228008270264,0.009665850549936295,0.6241393703967333,False,False
157,3.14,-0.09299600124359131,0.09136773645877838,4.793646335601807,0.29033032059669495,0.07244401425123215,-0.008829999715089798,-0.07844559848308563,-0.0881430134177208,-0.027795342728495598,-0.27298250794410706,-0.21723222732543945,0.11714509129524231,0.0,0.0,5.0,0.24408636652517288,-0.01474297046661377,-0.02097475528717041,-0.013783514499664307,0.0050820112228393555,0.009669147431850433,0.6338085178285837,False,False
158,3.16,-0.09443962574005127,0.08966290950775146,4.793041706085205,0.2927130460739136,0.06841670721769333,-0.013846305198967457,-0.06608801335096359,-0.08222011476755142,-0.03264331817626953,-0.2454112470149994,-0.18817099928855896,0.11596879363059998,0.0,0.0,5.0,0.24451996988270472,-0.02175891399383545,-0.017879009246826172,-0.01661205291748047,0.014931082725524902,0.009671350941061974,0.6434798687696457,False,False
159,3.18,-0.09564582258462906,0.08808372914791107,4.792343616485596,0.29505816102027893,0.06510056555271149,-0.01829499937593937,-0.054676543921232224,-0.0755883976817131,-0.03715086355805397,-0.21509762108325958,-0.14716178178787231,0.11267074942588806,0.0,0.0,5.0,0.24500620468219628,-0.02301090955734253,-0.01327735185623169,-0.020191967487335205,0.015719056129455566,0.009672907181084156,0.6531527759507298,False,False
160,3.2,-0.09663199633359909,0.08664363622665405,4.791555881500244,0.2973257601261139,0.06254632025957108,-0.022165922448039055,-0.04405824467539787,-0.06832414120435715,-0.04158088564872742,-0.1864534467458725,-0.11279010772705078,0.10842099785804749,0.0,0.0,5.0,0.24554798502763922,-0.021620631217956543,-0.0020407438278198242,-0.02577883005142212,0.01658463478088379,0.00967271439731121,0.6628254903480411,False,False
161,3.22,-0.09741204977035522,0.08535484969615936,4.790687561035156,0.2994900345802307,0.06049678847193718,-0.025512782856822014,-0.034044113010168076,-0.060466963797807693,-0.045224379748106,-0.16153928637504578,-0.09725222736597061,0.10265371203422546,0.0,0.0,5.0,0.24614275311803832,-0.0222967267036438,0.0099334716796875,-0.03252202272415161,0.02399730682373047,0.009670165367424488,0.6724956557154655,False,False
162,3.24,-0.09799688309431076,0.08422872424125671,4.789758205413818,0.30151474475860596,0.05864560976624489,-0.028357649222016335,-0.02452601119875908,-0.052072204649448395,-0.0476888045668602,-0.13500526547431946,-0.09323785454034805,0.09439060091972351,0.0,0.0,5.0,0.24677819853935207,-0.0240708589553833,0.01502680778503418,-0.04067796468734741,0.03492593765258789,0.009667293168604374,0.6821629488840699,False,False
163,3.2600000000000002,-0.0983961820602417,0.08327487111091614,4.788785457611084,0.303352028131485,0.056868765503168106,-0.030553506687283516,-0.015482665970921516,-0.043258484452962875,-0.049550220370292664,-0.09519108384847641,-0.08977060765028,0.08371123671531677,0.0,0.0,5.0,0.24744311612799239,-0.031804442405700684,0.022360682487487793,-0.046510934829711914,0.04748082160949707,0.009663836099207401,0.6918267849832773,False,False
164,3.2800000000000002,-0.09861889481544495,0.0825003981590271,4.787782192230225,0.30494266748428345,0.05523484945297241,-0.03193408623337746,-0.00685551343485713,-0.03415820375084877,-0.05078437924385071,-0.05178312957286835,-0.07850248366594315,0.06991705298423767,0.0,0.0,5.0,0.24812980483131633,-0.03942817449569702,0.026932954788208008,-0.048139214515686035,0.04072451591491699,0.00966232642531395,0.7014891114085913,False,False
165,3.3000000000000003,-0.09867331385612488,0.08190878480672836,4.786742687225342,0.30624669790267944,0.053761065006256104,-0.03265327960252762,0.0013592328177765012,-0.02499200962483883,-0.053127970546483994,-0.02724519371986389,-0.07300221174955368,0.05546481907367706,0.0,0.0,5.0,0.24884564160887498,-0.03676927089691162,0.02319777011871338,-0.0494878888130188,0.034911513328552246,0.009661860764026642,0.7111509721726179,False,False
166,3.3200000000000003,-0.09856690466403961,0.08150046318769455,4.785647869110107,0.30727076530456543,0.05232275277376175,-0.032877590507268906,0.009232929907739162,-0.01584540121257305,-0.05626615509390831,-0.0006202420336194336,-0.07410258799791336,0.04202355444431305,0.0,0.0,5.0,0.2496088864842281,-0.03177821636199951,0.023957490921020508,-0.04970550537109375,0.018092632293701172,0.009661251679062843,0.7208122238516808,False,False
167,3.34,-0.0983063355088234,0.08127393573522568,4.784480571746826,0.30805402994155884,0.05060657113790512,-0.03271804004907608,0.016773266717791557,-0.006825965829193592,-0.06049416959285736,0.012540239840745926,-0.09998904913663864,0.03052191250026226,0.0,0.0,5.0,0.25043604410236536,-0.027340590953826904,0.02296161651611328,-0.050379037857055664,0.01844322681427002,0.009658905677497387,0.7304711295291781,False,False
168,3.36,-0.09789818525314331,0.08122647553682327,4.783231735229492,0.308628648519516,0.04832444712519646,-0.03223689645528793,0.023977724835276604,0.0020459056831896305,-0.06439604610204697,0.03272416442632675,-0.1299680918455124,0.01943078264594078,0.0,0.0,5.0,0.251336976220392,-0.027552425861358643,0.02677762508392334,-0.04812270402908325,0.025337934494018555,0.00965588353574276,0.7401270130649209,False,False
169,3.38,-0.09734967350959778,0.08135455846786499,4.781917572021484,0.30898889899253845,0.045495692640542984,-0.0313570499420166,0.030796648934483528,0.010709232650697231,-0.0670209750533104,0.053561583161354065,-0.15391093492507935,0.007532850839197636,0.0,0.0,5.0,0.2523003537629922,-0.027065813541412354,0.026621222496032715,-0.04083395004272461,0.024611353874206543,0.009654931724071503,0.7497819447889924,False,False
170,3.4,-0.09666945040225983,0.08165266364812851,4.780557632446289,0.3091287314891815,0.04224859178066254,-0.0301516093313694,0.03713913634419441,0.01903422921895981,-0.06893787533044815,0.066359743475914,-0.17107784748077393,-0.0035589798353612423,0.0,0.0,5.0,0.2533122436825495,-0.026044189929962158,0.02212810516357422,-0.03425031900405884,0.024933695793151855,0.00965498574078083,0.7594369305297732,False,False
171,3.42,-0.09586769342422485,0.08211308717727661,4.779163360595703,0.3090600371360779,0.038764700293540955,-0.02870744653046131,0.042945507913827896,0.026931241154670715,-0.0704827830195427,0.07832551747560501,-0.17696106433868408,-0.01355444360524416,0.0,0.0,5.0,0.25436586844867304,-0.024662792682647705,0.01819324493408203,-0.02673661708831787,0.0192948579788208,0.00965629518032074,0.769093225710094,False,False
172,3.44,-0.0949554368853569,0.08272656053304672,4.777738571166992,0.3088052570819855,0.03520626947283745,-0.0271160751581192,0.04818814992904663,0.034333765506744385,-0.07205896079540253,0.0817459374666214,-0.17803512513637543,-0.02183038741350174,0.0,0.0,5.0,0.2554610764061857,-0.019296348094940186,0.01743340492248535,-0.02122443914413452,0.017383813858032227,0.00965722557157278,0.7787504512816668,False,False
173,3.46,-0.0939437672495842,0.0834832713007927,4.776289939880371,0.30839258432388306,0.03161175549030304,-0.02547493390738964,0.052885886281728745,0.041252195835113525,-0.07279741019010544,0.08373980969190598,-0.18021073937416077,-0.028844766318798065,0.0,0.0,5.0,0.2565951655640725,-0.01512366533279419,0.017754077911376953,-0.017493844032287598,0.017516255378723145,0.009657500311732292,0.788407951593399,False,False
174,3.48,-0.0928436666727066,0.08437337726354599,4.774835109710693,0.30784207582473755,0.02796422503888607,-0.023793920874595642,0.057029128074645996,0.0476718470454216,-0.07268594950437546,0.08599524945020676,-0.18307887017726898,-0.03516547381877899,0.0,0.0,5.0,0.25775577791988447,-0.012413442134857178,0.016733765602111816,-0.012735307216644287,0.016315579414367676,0.009658259339630604,0.7980662109330297,False,False
175,3.5,-0.09166640788316727,0.08538668602705002,4.773387908935547,0.3071686625480652,0.02427784353494644,-0.022093364968895912,0.0606001615524292,0.053569480776786804,-0.07203179597854614,0.08581369370222092,-0.18392036855220795,-0.040584102272987366,0.0,0.0,5.0,0.25893369093551577,-0.009320318698883057,0.014587640762329102,-0.007482409477233887,0.015518784523010254,0.009659459814429283,0.8077256707474589,False,False
176,3.52,-0.09042350947856903,0.08651267737150192,4.77195930480957,0.30639079213142395,0.020611828193068504,-0.020405245944857597,0.06359320133924484,0.058941490948200226,-0.07082266360521317,0.08473914861679077,-0.18094795942306519,-0.04495157301425934,0.0,0.0,5.0,0.26012191963642917,-0.006169617176055908,0.012593626976013184,-0.0021639466285705566,0.014438390731811523,0.009660844691097736,0.8173865154385567,False,False
177,3.54,-0.08912651240825653,0.08774088323116302,4.770560264587402,0.3055284917354584,0.017038552090525627,-0.018751095980405807,0.0660133808851242,0.0637926459312439,-0.06906266510486603,0.08229529857635498,-0.1746249496936798,-0.048244282603263855,0.0,0.0,5.0,0.2613132028628605,-0.002576112747192383,0.010698795318603516,0.0028105974197387695,0.012914538383483887,0.009662195108830929,0.8270487105473876,False,False
178,3.56,-0.0877867117524147,0.08906100690364838,4.76920223236084,0.30460312962532043,0.013611184433102608,-0.017154784873127937,0.06787645071744919,0.06813586503267288,-0.06677962094545364,0.07875145226716995,-0.16639652848243713,-0.05042089521884918,0.0,0.0,5.0,0.26249948430085157,0.0014133453369140625,0.009331703186035156,0.007460355758666992,0.011859893798828125,0.009663081727921963,0.8367117922753096,False,False
179,3.58,-0.08641502261161804,0.09046309441328049,4.767895698547363,0.3036363422870636,0.010359849780797958,-0.01563051901757717,0.06920600682497025,0.071993388235569,-0.06387215852737427,0.07483181357383728,-0.15710926055908203,-0.05156774818897247,0.0,0.0,5.0,0.2636731581648178,0.004248499870300293,0.008520722389221191,0.01151275634765625,0.011075139045715332,0.009663669392466545,0.8463754616677761,False,False
180,3.6,-0.08502186089754105,0.09193765372037888,4.766653060913086,0.3026466965675354,0.00730899116024375,-0.014194735325872898,0.07002835720777512,0.07538753002882004,-0.060434356331825256,0.06961936503648758,-0.14646734297275543,-0.05192478001117706,0.0,0.0,5.0,0.2648245513227977,0.007169127464294434,0.007547259330749512,0.014802098274230957,0.010580778121948242,0.009664135053753853,0.85603959672153,False,False
181,3.62,-0.08361707627773285,0.09347570687532425,4.765483379364014,0.30164992809295654,0.004481585696339607,-0.012859071604907513,0.07037448137998581,0.07834690064191818,-0.0565229132771492,0.06453368812799454,-0.1348992884159088,-0.051566943526268005,0.0,0.0,5.0,0.2659465521032391,0.00973057746887207,0.0067130327224731445,0.01741170883178711,0.009963035583496094,0.009664567187428474,0.8657041639089584,False,False
182,3.64,-0.08220984041690826,0.09506883472204208,4.764395713806152,0.30066001415252686,0.0018898793496191502,-0.011620490811765194,0.07027945667505264,0.08090173453092575,-0.05224071815609932,0.0596393421292305,-0.12304029613733292,-0.05059249699115753,0.0,0.0,5.0,0.26703168514184406,0.011902928352355957,0.006052970886230469,0.019373416900634766,0.009413957595825195,0.009664982557296753,0.8753691464662552,False,False
183,3.66,-0.080808624625206,0.09670927375555038,4.763398170471191,0.29968881607055664,-0.0004642615676857531,-0.010473756119608879,0.06978084146976471,0.08308286219835281,-0.04766777902841568,0.05510326102375984,-0.11128643900156021,-0.04912056028842926,0.0,0.0,5.0,0.2680730183747011,0.013736844062805176,0.005915522575378418,0.020511269569396973,0.009030938148498535,0.009665376506745815,0.885034522973001,False,False
184,3.68,-0.07942108809947968,0.09838984906673431,4.762493133544922,0.2987455129623413,-0.002592144999653101,-0.009410640224814415,0.06891661882400513,0.08492043614387512,-0.04285215213894844,0.051064636558294296,-0.10055340826511383,-0.04732342064380646,0.0,0.0,5.0,0.2690683616622184,0.015591859817504883,0.007941126823425293,0.019583582878112793,0.009540438652038574,0.009665640071034431,0.8947001630440354,False,False
185,3.7,-0.07805420458316803,0.1001039668917656,4.761687755584717,0.2978329360485077,-0.00455084815621376,-0.008412634953856468,0.0677199512720108,0.08644212782382965,-0.03769589960575104,0.04841052368283272,-0.0944955050945282,-0.045676007866859436,0.0,0.0,5.0,0.27001109028858133,0.01587057113647461,0.008288383483886719,0.0196990966796875,0.010668635368347168,0.009665953926742077,0.9043661169707775,False,False
186,3.72,-0.07671437412500381,0.10184553265571594,4.760987758636475,0.2969493865966797,-0.00638051051646471,-0.007455811370164156,0.06621458381414413,0.08766534179449081,-0.03235624358057976,0.04678911715745926,-0.08776355534791946,-0.044129326939582825,0.0,0.0,5.0,0.2708956611703733,0.015674948692321777,0.008232593536376953,0.01991403102874756,0.010225534439086914,0.00966645311564207,0.9140325700864196,False,False
187,3.74,-0.07540753483772278,0.10360868275165558,4.760393142700195,0.29609453678131104,-0.008074214681982994,-0.006538707297295332,0.06442490965127945,0.08860402554273605,-0.027064355090260506,0.04430379718542099,-0.08100423961877823,-0.04253442585468292,0.0,0.0,5.0,0.27172136742796754,0.01492321491241455,0.006571054458618164,0.020247340202331543,0.008633732795715332,0.009667200967669487,0.9236997710540891,False,False
188,3.7600000000000002,-0.07413909584283829,0.10538788884878159,4.75990104675293,0.29527178406715393,-0.009619174525141716,-0.005681196693331003,0.062377821654081345,0.08927514404058456,-0.022134143859148026,0.040719542652368546,-0.07298612594604492,-0.0406755656003952,0.0,0.0,5.0,0.27248985301976947,0.014964103698730469,0.004840850830078125,0.01997232437133789,0.007158875465393066,0.009667878039181232,0.9333676490932703,False,False
189,3.7800000000000002,-0.07291394472122192,0.10717803984880447,4.7595038414001465,0.2944868803024292,-0.011003520339727402,-0.004888297524303198,0.06009973585605621,0.0897015929222107,-0.01754317432641983,0.03776134178042412,-0.06503160297870636,-0.03853999078273773,0.0,0.0,5.0,0.2732068408036798,0.014970779418945312,0.005268216133117676,0.01808011531829834,0.006480574607849121,0.009668532758951187,0.9430361818522215,False,False
190,3.8000000000000003,-0.07173646986484528,0.10897445678710938,4.759196758270264,0.29374152421951294,-0.012260658666491508,-0.004145311191678047,0.05761508271098137,0.08990462124347687,-0.013163906522095203,0.035670679062604904,-0.06034431606531143,-0.036556676030159,0.0,0.0,5.0,0.2738754362265175,0.013961076736450195,0.00545954704284668,0.016402602195739746,0.006591677665710449,0.009669193997979164,0.9527053758502007,False,False
191,3.8200000000000003,-0.07061059772968292,0.11077283322811127,4.758974552154541,0.29303178191185,-0.013431495055556297,-0.00343726365827024,0.05494198203086853,0.08989927917718887,-0.009020913392305374,0.03422265127301216,-0.05646923929452896,-0.03485165536403656,0.0,0.0,5.0,0.2744990775981408,0.012711048126220703,0.004692435264587402,0.015613079071044922,0.0061539411544799805,0.009669841267168522,0.9623752171173692,False,False
192,3.84,-0.06953993439674377,0.11256910860538483,4.75883150100708,0.2923543155193329,-0.014515631832182407,-0.002759222872555256,0.052096009254455566,0.08969716727733612,-0.0051987385377287865,0.03263501450419426,-0.05173393711447716,-0.03322435915470123,0.0,0.0,5.0,0.2750815362662721,0.01237785816192627,0.003694295883178711,0.01535940170288086,0.005184769630432129,0.00967032928019762,0.9720455463975668,False,False
193,3.86,-0.06852780282497406,0.11435947567224503,4.758763313293457,0.29170966148376465,-0.015503342263400555,-0.0021132563706487417,0.04909229651093483,0.08931019902229309,-0.0016296583926305175,0.03099428117275238,-0.04687952995300293,-0.03146858513355255,0.0,0.0,5.0,0.27562526816168376,0.012519240379333496,0.002851724624633789,0.01537168025970459,0.004367828369140625,0.009670677594840527,0.9817162239924073,False,False
194,3.88,-0.06757719814777374,0.11614035815000534,4.75876522064209,0.2911010682582855,-0.01639460399746895,-0.0014983637956902385,0.04594607278704643,0.08875029534101486,0.0017889976734295487,0.029524678364396095,-0.04213624820113182,-0.029543980956077576,0.0,0.0,5.0,0.2761330825391528,0.01105034351348877,0.0015548467636108398,0.015817999839782715,0.002208113670349121,0.009671210311353207,0.9913874343037605,False,False
195,3.9,-0.06669075787067413,0.11790841817855835,4.7588300704956055,0.29053258895874023,-0.01717912219464779,-0.0009432255174033344,0.042678847908973694,0.0880318358540535,0.004765859339386225,0.025035109370946884,-0.036246009171009064,-0.02739281952381134,0.0,0.0,5.0,0.27660981031028037,0.01131594181060791,0.0001729726791381836,0.013316869735717773,0.00273287296295166,0.009671798907220364,1.001059233210981,False,False
196,3.92,-0.0658707320690155,0.11966069042682648,4.7589521408081055,0.2900054156780243,-0.017854848876595497,-0.0004273125377949327,0.03930623084306717,0.0871734470129013,0.007436865940690041,0.02563292905688286,-0.03129000589251518,-0.025369882583618164,0.0,0.0,5.0,0.27705902728070103,0.009469747543334961,0.001614212989807129,0.011540770530700684,0.0023207664489746094,0.00967249646782875,1.0107317296788096,False,False
197,3.94,-0.06511908024549484,0.12139447033405304,4.759125232696533,0.2895139455795288,-0.018450578674674034,7.933991582831368e-05,0.03584539517760277,0.08618361502885818,0.009851357899606228,0.02414024993777275,-0.02827436663210392,-0.023780077695846558,0.0,0.0,5.0,0.2774847123053877,0.008670449256896973,0.0008605718612670898,0.010422229766845703,0.0027527809143066406,0.009672936983406544,1.0204046666622162,False,False
198,3.96,-0.06443743407726288,0.12310720235109329,4.759344100952148,0.2890525162220001,-0.018976330757141113,0.000572231481783092,0.03230835124850273,0.08506975322961807,0.012044182047247887,0.024285491555929184,-0.024315832182765007,-0.02233894169330597,0.0,0.0,5.0,0.2778899565074354,0.007048487663269043,-0.0004057884216308594,0.008805155754089355,0.0022013187408447266,0.00967356376349926,1.0300782304257154,False,False
199,3.98,-0.06382710486650467,0.12479647994041443,4.759601593017578,0.28861841559410095,-0.01941487193107605,0.0010754698887467384,0.02871488407254219,0.0838385671377182,0.013739112764596939,0.025205180048942566,-0.0195735115557909,-0.02103005349636078,0.0,0.0,5.0,0.27827945450723485,0.006317734718322754,-0.00021582841873168945,0.007807254791259766,0.0010541677474975586,0.009673971682786942,1.0397522021085024,False,False
200,4.0,-0.063289113342762,0.12645995616912842,4.759890079498291,0.2882096469402313,-0.01977582834661007,0.0015851551434025168,0.02507813274860382,0.0824916884303093,0.01516888290643692,0.024962488561868668,-0.01657615602016449,-0.019793063402175903,0.0,0.0,5.0,0.2786582249016667,0.006417393684387207,0.00016868114471435547,0.006711721420288086,0.0013344287872314453,0.009674201719462872,1.0494264038279653,False,False
201,4.0200000000000005,-0.06282421946525574,0.1280953586101532,4.760207653045654,0.2878239154815674,-0.020090803503990173,0.002101543126627803,0.021405981853604317,0.0810307115316391,0.0165647454559803,0.025907564908266068,-0.014992518350481987,-0.018710583448410034,0.0,0.0,5.0,0.27902629465115947,0.005840420722961426,0.0026197433471679688,0.005342960357666016,0.0021920204162597656,0.009674416854977608,1.0591008206829429,False,False
202,4.04,-0.06243310123682022,0.12970039248466492,4.760552883148193,0.28745484352111816,-0.020399898290634155,0.0026279017329216003,0.01770167239010334,0.07945382595062256,0.01809290610253811,0.025981122627854347,-0.016004230827093124,-0.018117383122444153,0.0,0.0,5.0,0.27938325953672655,0.003995656967163086,0.002064943313598633,0.0034638643264770508,0.004183053970336914,0.009674779139459133,1.068775599822402,False,False
203,4.0600000000000005,-0.062116317451000214,0.13127274811267853,4.760927677154541,0.2870926856994629,-0.020701725035905838,0.0031837671995162964,0.01397213339805603,0.07776141911745071,0.019395116716623306,0.028861166909337044,-0.014283385127782822,-0.01800455152988434,0.0,0.0,5.0,0.2797258422839255,0.002099156379699707,0.0024820566177368164,0.0024945735931396484,0.004527091979980469,0.009675039909780025,1.078450639732182,False,False
204,4.08,-0.06187431886792183,0.13281004130840302,4.761326313018799,0.2867293655872345,-0.020959630608558655,0.003786474233493209,0.010224406607449055,0.07594684511423111,0.020489372313022614,0.030652713030576706,-0.011633477173745632,-0.0182294100522995,0.0,0.0,5.0,0.28005725711880664,0.0017985105514526367,0.0025562047958374023,0.001927495002746582,0.00425410270690918,0.009675218723714352,1.0881258584558964,False,False
205,4.1,-0.06170738860964775,0.1343097686767578,4.761745929718018,0.2863609492778778,-0.021170977503061295,0.004424336366355419,0.006467756349593401,0.07400447130203247,0.021477635949850082,0.03235742449760437,-0.009652006439864635,-0.018516510725021362,0.0,0.0,5.0,0.2803781692232084,0.0015850067138671875,0.0024306774139404297,0.0017734766006469727,0.0039006471633911133,0.009675404988229275,1.0978012634441257,False,False
206,4.12,-0.06161560118198395,0.1357693374156952,4.762184143066406,0.2859869599342346,-0.02134425938129425,0.005093361251056194,0.0027115114498883486,0.0719301700592041,0.022381417453289032,0.03375004604458809,-0.00785423070192337,-0.018793359398841858,0.0,0.0,5.0,0.2806887548520135,0.0015881061553955078,0.002173185348510742,0.0019921064376831055,0.003422856330871582,0.00967559963464737,1.107476863078773,False,False
207,4.14,-0.061598870903253555,0.13718603551387787,4.762640476226807,0.2856083810329437,-0.021481361240148544,0.005785657558590174,-0.0010365203488618135,0.06972048431634903,0.023233633488416672,0.034668970853090286,-0.006061646621674299,-0.018981024622917175,0.0,0.0,5.0,0.2809874957403048,0.001760721206665039,0.001797795295715332,0.002506256103515625,0.0028672218322753906,0.009675783105194569,1.1171526461839676,False,False
208,4.16,-0.06165695562958717,0.13855721056461334,4.763113498687744,0.28522759675979614,-0.02158057689666748,0.006490757688879967,-0.004768979270011187,0.06737364083528519,0.024060536175966263,0.035020966082811356,-0.004093328025192022,-0.019018054008483887,0.0,0.0,5.0,0.2812737017229248,0.0018900632858276367,0.0012508630752563477,0.0031775236129760742,0.0023469924926757812,0.009675942361354828,1.1268285885453224,False,False
209,4.18,-0.06178946793079376,0.13988007605075836,4.7636027336120605,0.284848153591156,-0.02163398638367653,0.0071972934529185295,-0.008477816358208656,0.06489047408103943,0.024860018864274025,0.0348128117620945,-0.0015073885442689061,-0.01888120174407959,0.0,0.0,5.0,0.2815458072478206,0.002123594284057617,0.0006949901580810547,0.003895998001098633,0.001706242561340332,0.009676066227257252,1.1365046547725797,False,False
210,4.2,-0.06199584901332855,0.14115193486213684,4.764108180999756,0.28447383642196655,-0.021631091833114624,0.007893367670476437,-0.012153795920312405,0.06227443739771843,0.02563445083796978,0.033985067158937454,0.0015145783545449376,-0.018544286489486694,0.0,0.0,5.0,0.2818018883567892,0.0029327869415283203,-0.0003132820129394531,0.005308866500854492,0.0014809370040893555,0.009675950743258,1.1461806055158377,False,False
211,4.22,-0.06227535009384155,0.14237017929553986,4.76462984085083,0.2841099798679352,-0.021552491933107376,0.00857460405677557,-0.01578807458281517,0.05952994152903557,0.026504887267947197,0.03335300460457802,0.0060456302016973495,-0.017885670065879822,0.0,0.0,5.0,0.2820400663023966,0.0031507015228271484,9.036064147949219e-05,0.006488204002380371,0.0009566545486450195,0.009675944223999977,1.1558565497398376,False,False
212,4.24,-0.06262700259685516,0.14353229105472565,4.765170097351074,0.2837616801261902,-0.021382790058851242,0.009222281165421009,-0.0193661917001009,0.05666470155119896,0.027499884366989136,0.03066689893603325,0.010614395141601562,-0.01708570122718811,0.0,0.0,5.0,0.2822565202219232,0.0037587881088256836,-0.00046056509017944336,0.0073392391204833984,0.0013216733932495117,0.009675906039774418,1.165532455779612,False,False
213,4.26,-0.06304951757192612,0.14463603496551514,4.765731334686279,0.2834319770336151,-0.021109042689204216,0.009823084808886051,-0.022872570902109146,0.05369202792644501,0.02861953340470791,0.028712812811136246,0.016444794833660126,-0.01613260805606842,0.0,0.0,5.0,0.2824475735857372,0.0036318302154541016,-0.00022399425506591797,0.007792949676513672,0.0008360147476196289,0.009676042944192886,1.175208498723805,False,False
214,4.28,-0.06354127079248428,0.14567938446998596,4.76631498336792,0.2831232249736786,-0.02072024717926979,0.010370099917054176,-0.026286590844392776,0.0506284274160862,0.029747001826763153,0.02534269541501999,0.02212105505168438,-0.015125885605812073,0.0,0.0,5.0,0.2826104441661938,0.003949761390686035,-0.0009359121322631836,0.008077025413513184,0.0006276369094848633,0.009676135145127773,1.1848846338689327,False,False
215,4.3,-0.0641002282500267,0.1466606706380844,4.766920566558838,0.28283756971359253,-0.020212894305586815,0.010854939930140972,-0.02958904393017292,0.04749225452542305,0.03084399364888668,0.022556612268090248,0.02830866165459156,-0.01397741585969925,0.0,0.0,5.0,0.28274407839417487,0.004033207893371582,-0.0009477138519287109,0.00802922248840332,-0.00015461444854736328,0.009676325134932995,1.1945609590038657,False,False
216,4.32,-0.06472394615411758,0.14757870137691498,4.767547607421875,0.2825770676136017,-0.01959172636270523,0.011276450008153915,-0.03276004642248154,0.04430210590362549,0.031867895275354385,0.0190756656229496,0.03351616859436035,-0.012751728296279907,0.0,0.0,5.0,0.2828476217350121,0.004391908645629883,-0.0011252760887145996,0.007801651954650879,-0.0008259415626525879,0.009676514193415642,1.2042374731972814,False,False
217,4.34,-0.06540963053703308,0.14843252301216125,4.768194675445557,0.282343327999115,-0.01887834630906582,0.011628661304712296,-0.035783588886260986,0.04107629135251045,0.03282313048839569,0.015695443376898766,0.0375494509935379,-0.011434793472290039,0.0,0.0,5.0,0.28292108819693484,0.004508852958679199,-0.0009876489639282227,0.007541656494140625,-0.0011492371559143066,0.009676743298768997,1.2139142164960504,False,False
218,4.36,-0.06615421921014786,0.14922161400318146,4.768860340118408,0.28213703632354736,-0.018093643710017204,0.011911667883396149,-0.038648396730422974,0.03783165290951729,0.033748071640729904,0.012223713099956512,0.04067254438996315,-0.010113924741744995,0.0,0.0,5.0,0.282964685385291,0.004503369331359863,-0.0006908774375915527,0.007173061370849609,-0.0013808608055114746,0.009677017107605934,1.2235912336036563,False,False
219,4.38,-0.06695444136857986,0.14994576573371887,4.7695441246032715,0.28195759654045105,-0.017256440594792366,0.01212280336767435,-0.041346367448568344,0.03458477929234505,0.03464503958821297,0.008572378195822239,0.04282578080892563,-0.008833885192871094,0.0,0.0,5.0,0.2829779856902695,0.0043610334396362305,-0.001040339469909668,0.006841301918029785,-0.0014042258262634277,0.009677284397184849,1.2332685180008411,False,False
220,4.4,-0.0678068995475769,0.15060509741306305,4.770245552062988,0.2818043828010559,-0.016374973580241203,0.012265927158296108,-0.04387180134654045,0.03135250508785248,0.035461440682411194,0.005482079461216927,0.04512776806950569,-0.007563321851193905,0.0,0.0,5.0,0.2829607346256622,0.004096388816833496,-0.001311659812927246,0.006501674652099609,-0.001697242259979248,0.009677552618086338,1.2429460706189275,False,False
221,4.42,-0.06870809942483902,0.1512000560760498,4.770961761474609,0.28167712688446045,-0.01544880773872137,0.012347261421382427,-0.046219415962696075,0.028149869292974472,0.036165837198495865,0.002448362298309803,0.047325026243925095,-0.006296406500041485,0.0,0.0,5.0,0.28291478326660113,0.003937482833862305,-0.0017551779747009277,0.006161928176879883,-0.0020134449005126953,0.00967779103666544,1.252623861655593,False,False
222,4.44,-0.0696544349193573,0.15173140168190002,4.771690845489502,0.2815760374069214,-0.014479597099125385,0.012370756827294827,-0.04838424175977707,0.024990713223814964,0.03674959018826485,-0.0002503082505427301,0.04946379363536835,-0.005005194805562496,0.0,0.0,5.0,0.28284134880456846,0.0037360191345214844,-0.002092301845550537,0.005815863609313965,-0.002417623996734619,0.009678024798631668,1.2623018864542246,False,False
223,4.46,-0.07064220309257507,0.15220008790493011,4.772430419921875,0.28150156140327454,-0.013470232486724854,0.012340654619038105,-0.050361476838588715,0.02188773639500141,0.037209734320640564,-0.002864555222913623,0.05137300118803978,-0.0036959710996598005,0.0,0.0,5.0,0.28274211110652625,0.003480672836303711,-0.002684652805328369,0.005522489547729492,-0.002745687961578369,0.009678220376372337,1.271980106830597,False,False
224,4.48,-0.07166760414838791,0.15260739624500275,4.773177623748779,0.2814539968967438,-0.012420551851391792,0.012261111289262772,-0.05214650183916092,0.018853064626455307,0.03752867504954338,-0.005151636898517609,0.05352866277098656,-0.0023521375842392445,0.0,0.0,5.0,0.2826192725935364,0.003230452537536621,-0.0031578540802001953,0.005214810371398926,-0.003198683261871338,0.009678390808403492,1.2816584976390004,False,False
225,4.5,-0.07272674143314362,0.15295477211475372,4.773930072784424,0.2814340591430664,-0.011328506283462048,0.012136293575167656,-0.05373421683907509,0.01589774154126644,0.03770486265420914,-0.007354081608355045,0.05564342439174652,-0.0009739383822306991,0.0,0.0,5.0,0.2824746948372818,0.0024160146713256836,-0.0038189291954040527,0.00496220588684082,-0.004541277885437012,0.009678452275693417,1.2913369499146938,False,False
226,4.5200000000000005,-0.07381561398506165,0.15324394404888153,4.774682521820068,0.28144288063049316,-0.010195824317634106,0.011953551322221756,-0.055118490010499954,0.013035280629992485,0.03758268803358078,-0.010911173187196255,0.05762719362974167,0.0004913739394396544,0.0,0.0,5.0,0.2823126232193884,0.002484917640686035,-0.005102097988128662,0.004661202430725098,-0.00533372163772583,0.00967839639633894,1.3010153463110328,False,False
227,4.54,-0.0749301016330719,0.15347692370414734,4.775430679321289,0.28148290514945984,-0.009022515267133713,0.011708740144968033,-0.056296199560165405,0.010278447531163692,0.03723699226975441,-0.013531927950680256,0.05974263697862625,0.0021282874513417482,0.0,0.0,5.0,0.28213660880950714,0.0022995471954345703,-0.005407512187957764,0.004123806953430176,-0.005954444408416748,0.009678472764790058,1.3106938190758228,False,False
228,4.5600000000000005,-0.0760660469532013,0.15365590155124664,4.776170253753662,0.28155598044395447,-0.007814537733793259,0.011411678045988083,-0.05726369470357895,0.007638839073479176,0.036732301115989685,-0.016113439574837685,0.061131592839956284,0.003784190397709608,0.0,0.0,5.0,0.28195023476726,0.00232696533203125,-0.005711197853088379,0.0031104087829589844,-0.005704522132873535,0.009678666479885578,1.3203724855557084,False,False
229,4.58,-0.07721921801567078,0.15378335118293762,4.7768988609313965,0.2816612422466278,-0.006584423128515482,0.011080173775553703,-0.05801863595843315,0.005125935189425945,0.036128219217061996,-0.016961779445409775,0.06199030578136444,0.005353305023163557,0.0,0.0,5.0,0.28175564765540156,0.001648545265197754,-0.005176663398742676,0.0022439956665039062,-0.006002604961395264,0.009678889997303486,1.330051375553012,False,False
230,4.6000000000000005,-0.0783853530883789,0.1538618505001068,4.777614116668701,0.28179582953453064,-0.005348522681742907,0.010724627412855625,-0.05855952948331833,0.0027456777170300484,0.03539816290140152,-0.018512945622205734,0.06173897534608841,0.006756599526852369,0.0,0.0,5.0,0.28155499236054954,0.0014249086380004883,-0.005345046520233154,0.0015903711318969727,-0.00597226619720459,0.009679006412625313,1.3397303819656372,False,False
231,4.62,-0.07956017553806305,0.1538940817117691,4.778314113616943,0.2819572985172272,-0.004120419267565012,0.010344929061830044,-0.05888839066028595,0.0005024702986702323,0.03457053005695343,-0.01938083954155445,0.061234526336193085,0.008091035299003124,0.0,0.0,5.0,0.2813500349013619,0.0009448528289794922,-0.005116641521453857,0.001099705696105957,-0.006145596504211426,0.009679113514721394,1.3494094954803586,False,False
232,4.64,-0.08073949068784714,0.15388287603855133,4.778996467590332,0.28214383125305176,-0.0029070924501866102,0.009943720884621143,-0.05900854617357254,-0.0016004728386178613,0.033654890954494476,-0.020674925297498703,0.060280997306108475,0.009330014698207378,0.0,0.0,5.0,0.28114296404495037,0.0007290840148925781,-0.005180299282073975,0.0007613897323608398,-0.006194591522216797,0.009679158218204975,1.3590886536985636,False,False
233,4.66,-0.08191914856433868,0.15383104979991913,4.779659748077393,0.2823540270328522,-0.0017141693970188498,0.009518278762698174,-0.05892479792237282,-0.003559983568266034,0.032675400376319885,-0.021821176633238792,0.05921011418104172,0.010527896694839,0.0,0.0,5.0,0.2809351622730225,0.0004115104675292969,-0.004915773868560791,0.0006309747695922852,-0.00638502836227417,0.009679187089204788,1.3687678407877684,False,False
234,4.68,-0.08309514820575714,0.1537414938211441,4.780303001403809,0.2825870215892792,-0.0005457072402350605,0.00906314142048359,-0.05864272639155388,-0.005372797604650259,0.031660377979278564,-0.02366678975522518,0.057847362011671066,0.011677111499011517,0.0,0.0,5.0,0.2807276647747218,0.0008345842361450195,-0.004783570766448975,8.046627044677734e-05,-0.006650149822235107,0.009679186157882214,1.3784470269456506,False,False
235,4.7,-0.08426357805728912,0.15361717343330383,4.78092622756958,0.2828420400619507,0.0005804842221550643,0.008577634580433369,-0.058169834315776825,-0.007034586276859045,0.030620772391557693,-0.02488478273153305,0.05499212071299553,0.01282681804150343,0.0,0.0,5.0,0.28052077343318094,0.0007480382919311523,-0.004384160041809082,-0.0007630586624145508,-0.0062694549560546875,0.009679310955107212,1.3881263379007578,False,False
236,4.72,-0.08542072772979736,0.15346112847328186,4.781527996063232,0.2831173837184906,0.0016410767566412687,0.008076096884906292,-0.05751752853393555,-0.008543714880943298,0.029567252844572067,-0.025299733504652977,0.05129252001643181,0.013817342929542065,0.0,0.0,5.0,0.2803159559895374,0.00017142295837402344,-0.003947257995605469,-0.0012054443359375,-0.0058332085609436035,0.009679416194558144,1.397805754095316,False,False
237,4.74,-0.08656316995620728,0.15327642858028412,4.782108783721924,0.28340962529182434,0.0026291266549378633,0.007565110921859741,-0.05669969320297241,-0.009901759214699268,0.028499936684966087,-0.025861648842692375,0.04773786664009094,0.014631676487624645,0.0,0.0,5.0,0.2801132415333726,-0.0002682209014892578,-0.003898322582244873,-0.001416623592376709,-0.005458950996398926,0.009679427370429039,1.407485181465745,False,False
238,4.76,-0.08768771588802338,0.15306606888771057,4.782667636871338,0.2837161719799042,0.0035521576646715403,0.007044261787086725,-0.05573011189699173,-0.01111051719635725,0.02741050161421299,-0.026318272575736046,0.04478653892874718,0.015345963649451733,0.0,0.0,5.0,0.2799137599788276,-0.0005427002906799316,-0.00390857458114624,-0.0014945268630981445,-0.0052773356437683105,0.009679371491074562,1.4171645529568195,False,False
239,4.78,-0.08879145234823227,0.1528330147266388,4.783204555511475,0.28403565287590027,0.004420452751219273,0.006514560431241989,-0.0546206571161747,-0.012171505019068718,0.026303524151444435,-0.026779422536492348,0.042257390916347504,0.016011537984013557,0.0,0.0,5.0,0.2797179242585621,-0.0008484721183776855,-0.0038743019104003906,-0.0016595125198364258,-0.005210399627685547,0.009679269045591354,1.4268438220024109,False,False
240,4.8,-0.08987168222665787,0.15258021652698517,4.783719539642334,0.2843671441078186,0.0052401358261704445,0.005974784959107637,-0.053381722420454025,-0.013085661455988884,0.025160199031233788,-0.027358442544937134,0.03991613909602165,0.016623886302113533,0.0,0.0,5.0,0.2795261692117484,-0.000944972038269043,-0.0033007264137268066,-0.0020160675048828125,-0.005480408668518066,0.009679152630269527,1.4365229746326804,False,False
241,4.82,-0.0909259244799614,0.1523105800151825,4.784211158752441,0.2847093641757965,0.006001106929033995,0.005417411215603352,-0.05202348157763481,-0.013853461481630802,0.024002043530344963,-0.028571486473083496,0.03637465089559555,0.017165767028927803,0.0,0.0,5.0,0.2793400446303054,-0.0010604262351989746,-0.003388524055480957,-0.0023583173751831055,-0.004991114139556885,0.009679063223302364,1.4462020378559828,False,False
242,4.84,-0.09195190668106079,0.15202705562114716,4.784679412841797,0.28506091237068176,0.00669519230723381,0.004844834562391043,-0.050559159368276596,-0.014474854804575443,0.022838065400719643,-0.028909465298056602,0.033213213086128235,0.017627673223614693,0.0,0.0,5.0,0.27916005093363777,-0.001448988914489746,-0.0031346678733825684,-0.0025226473808288574,-0.004692018032073975,0.009678949601948261,1.455880987457931,False,False
243,4.86,-0.09294766187667847,0.15173257887363434,4.785124778747559,0.28541991114616394,0.007329147309064865,0.0042638410814106464,-0.049001336097717285,-0.014951314777135849,0.021673809736967087,-0.029441814869642258,0.030345028266310692,0.017986657097935677,0.0,0.0,5.0,0.27898638685116994,-0.0015556812286376953,-0.002660810947418213,-0.0025489330291748047,-0.004146277904510498,0.009678889997303486,1.4655598774552345,False,False
244,4.88,-0.09391140937805176,0.15142998099327087,4.785547256469727,0.2857844829559326,0.007907571271061897,0.0036723711527884007,-0.04736073687672615,-0.015284295193850994,0.020596181973814964,-0.02998295985162258,0.027641505002975464,0.0182382483035326,0.0,0.0,5.0,0.2788196032610613,-0.00164717435836792,-0.00243222713470459,-0.0026346445083618164,-0.003561258316040039,0.009678788483142853,1.4752386659383774,False,False
245,4.9,-0.0948415994644165,0.15112215280532837,4.785949230194092,0.2861526310443878,0.008436067961156368,0.0030741277150809765,-0.04564815014600754,-0.015474740415811539,0.019580526277422905,-0.030142229050397873,0.025332121178507805,0.018397631123661995,0.0,0.0,5.0,0.27865851164460725,-0.002062201499938965,-0.00212174654006958,-0.003101825714111328,-0.0027577877044677734,0.009678633883595467,1.4849172998219728,False,False
246,4.92,-0.09573689848184586,0.15081192553043365,4.786330699920654,0.28652170300483704,0.008923393674194813,0.002478834008798003,-0.043872807174921036,-0.015524503774940968,0.018587127327919006,-0.029707500711083412,0.023502614349126816,0.018371151760220528,0.0,0.0,5.0,0.27850378886025556,-0.002692699432373047,-0.0017078518867492676,-0.0038415193557739258,-0.001972198486328125,0.009678379632532597,1.4945956794545054,False,False
247,4.94,-0.0965961292386055,0.15050210058689117,4.786691665649414,0.28688740730285645,0.009377213194966316,0.0018976047867909074,-0.042041756212711334,-0.015437081456184387,0.01757650449872017,-0.028750009834766388,0.021959448233246803,0.018105389550328255,0.0,0.0,5.0,0.27835613872945114,-0.003092467784881592,-0.0013322830200195312,-0.004407167434692383,-0.0016745328903198242,0.009678096510469913,1.5042737759649754,False,False
248,4.96,-0.09741823375225067,0.15019533038139343,4.787032604217529,0.28724604845046997,0.00979774072766304,0.0013365780469030142,-0.040160343050956726,-0.015217541716992855,0.016536518931388855,-0.02769649401307106,0.02015131339430809,0.01768714375793934,0.0,0.0,5.0,0.2782158536139729,-0.0033058524131774902,-0.0010901689529418945,-0.004841506481170654,-0.001443028450012207,0.009677832946181297,1.5139516089111567,False,False
249,4.98,-0.09820225089788437,0.14989425241947174,4.787353038787842,0.2875950336456299,0.010179792530834675,0.000798964814748615,-0.038234028965234756,-0.014871853403747082,0.015478964895009995,-0.02641334943473339,0.018091121688485146,0.01716444082558155,0.0,0.0,5.0,0.2780839785075157,-0.00341874361038208,-0.0006331205368041992,-0.005293786525726318,-0.0011388659477233887,0.0096775833517313,1.523629192262888,False,False
250,5.0,-0.09894732385873795,0.1496012806892395,4.787652015686035,0.28793206810951233,0.01051548682153225,0.00028904780629090965,-0.03626890853047371,-0.014406977221369743,0.01443999633193016,-0.024927102029323578,0.0154965128749609,0.016518251970410347,0.0,0.0,5.0,0.27796183645398237,-0.0035331249237060547,-0.00013148784637451172,-0.005706131458282471,-0.000695645809173584,0.009677337482571602,1.5333065297454596,False,False
251,5.0200000000000005,-0.09965277463197708,0.14931870996952057,4.787930488586426,0.28825461864471436,0.010795577429234982,-0.00018857289978768677,-0.03427264839410782,-0.01383117400109768,0.013441400602459908,-0.023178691044449806,0.012514231726527214,0.015735076740384102,0.0,0.0,5.0,0.2778492942406108,-0.0037140846252441406,0.00026988983154296875,-0.005926668643951416,-0.0002728700637817383,0.009677108377218246,1.5429836381226778,False,False
252,5.04,-0.1003180667757988,0.14904870092868805,4.788189888000488,0.28856030106544495,0.011015964671969414,-0.000630662078037858,-0.03225427493453026,-0.01315399818122387,0.01248363871127367,-0.02136354148387909,0.009512047283351421,0.014837773516774178,0.0,0.0,5.0,0.27774584302093314,-0.003831148147583008,0.0005426406860351562,-0.006001114845275879,5.543231964111328e-05,0.009676910005509853,1.5526605481281877,False,False
253,5.0600000000000005,-0.10094285011291504,0.14879317581653595,4.788430690765381,0.2888472080230713,0.011177489534020424,-0.001036454108543694,-0.030222974717617035,-0.01238547544926405,0.011565648950636387,-0.019534053280949593,0.006616734433919191,0.013866739347577095,0.0,0.0,5.0,0.2776516536390571,-0.003404974937438965,0.0008901357650756836,-0.00617450475692749,-0.00019061565399169922,0.009676752611994743,1.5623373007401824,False,False
254,5.08,-0.10152695327997208,0.14855384826660156,4.7886528968811035,0.289114773273468,0.011268224567174911,-0.001405764021910727,-0.028188390657305717,-0.01153587643057108,0.01068201195448637,-0.017697352916002274,0.002423915546387434,0.012909742072224617,0.0,0.0,5.0,0.27756722802571554,-0.0032442212104797363,0.001191854476928711,-0.006272852420806885,0.00010991096496582031,0.009676585905253887,1.5720138866454363,False,False
255,5.1000000000000005,-0.10207044333219528,0.14833223819732666,4.788858890533447,0.28936290740966797,0.011272342875599861,-0.0017357311444357038,-0.02616300992667675,-0.010616471990942955,0.009863326326012611,-0.015579044818878174,-0.0020508214365690947,0.011902408674359322,0.0,0.0,5.0,0.27749125463233276,-0.003343820571899414,0.001485586166381836,-0.0062986016273498535,0.0007941722869873047,0.009676406159996986,1.5816902928054333,False,False
256,5.12,-0.10257364064455032,0.14812959730625153,4.78904914855957,0.2895900011062622,0.011192058213055134,-0.002020123414695263,-0.024160614237189293,-0.009639877825975418,0.009128302335739136,-0.013115360401570797,-0.006020099390298128,0.010792406275868416,0.0,0.0,5.0,0.2774238473466761,-0.003439009189605713,0.0017942190170288086,-0.006312549114227295,0.0014863014221191406,0.009676226414740086,1.5913665192201734,False,False
257,5.14,-0.10303711146116257,0.14794693887233734,4.7892255783081055,0.28979408740997314,0.011037460528314114,-0.0022522415965795517,-0.02219346910715103,-0.008619646541774273,0.008480845019221306,-0.010323370806872845,-0.00948315393179655,0.009579086676239967,0.0,0.0,5.0,0.27736402055693476,-0.0035275816917419434,0.002206563949584961,-0.006099820137023926,0.0017687082290649414,0.009676097892224789,1.6010426171123981,False,False
258,5.16,-0.10346169024705887,0.1477850079536438,4.789389610290527,0.28997352719306946,0.010815457440912724,-0.0024335107300430536,-0.02027197927236557,-0.007569722831249237,0.007914112880825996,-0.007999840192496777,-0.012759431265294552,0.008312562480568886,0.0,0.0,5.0,0.2773111360515709,-0.0034511685371398926,0.002219557762145996,-0.005764424800872803,0.0020154714584350586,0.009676042012870312,1.6107186591252685,False,False
259,5.18,-0.10384836047887802,0.1476442515850067,4.7895426750183105,0.29012802243232727,0.010533254593610764,-0.002568900352343917,-0.018405769020318985,-0.006502847652882338,0.00741376169025898,-0.005704088136553764,-0.015499417670071125,0.007060177158564329,0.0,0.0,5.0,0.2772644813868091,-0.003345191478729248,0.0023446083068847656,-0.005343317985534668,0.0020929574966430664,0.009676019661128521,1.620394678786397,False,False
260,5.2,-0.10419835150241852,0.14752492308616638,4.789686679840088,0.29025790095329285,0.010199126787483692,-0.0026626214385032654,-0.01660284586250782,-0.005430564749985933,0.006985491141676903,-0.0038027227856218815,-0.017947224900126457,0.005838032346218824,0.0,0.0,5.0,0.27722300053221877,-0.003162562847137451,0.00228726863861084,-0.004888474941253662,0.002194523811340332,0.009676038287580013,1.630070717073977,False,False
261,5.22,-0.10451296716928482,0.1474270075559616,4.789823055267334,0.29036402702331543,0.00982067734003067,-0.0027198344469070435,-0.014870266430079937,-0.00436300877481699,0.006624758709222078,-0.0020249614026397467,-0.0199260450899601,0.004671137314289808,0.0,0.0,5.0,0.2771859140731933,-0.002939164638519287,0.002320528030395508,-0.004416227340698242,0.0022031068801879883,0.009676080197095871,1.6397467972710729,False,False
262,5.24,-0.10479367524385452,0.14735032618045807,4.789952754974365,0.29044753313064575,0.009405035525560379,-0.0027447298634797335,-0.013213704340159893,-0.003309061983600259,0.006337097845971584,-0.0005449040909297764,-0.02166086994111538,0.0035651284269988537,0.0,0.0,5.0,0.27715280647949586,-0.0027178525924682617,0.0022507905960083008,-0.003949284553527832,0.0022687911987304688,0.009676143527030945,1.6494229407981038,False,False
263,5.26,-0.10504205524921417,0.14729450643062592,4.790077209472656,0.2905096709728241,0.008958781138062477,-0.002741459524258971,-0.011638034135103226,-0.0022764268796890974,0.006117384880781174,0.0008147725602611899,-0.022981388494372368,0.0025236248038709164,0.0,0.0,5.0,0.2771228662135402,-0.0025211572647094727,0.0022145509719848633,-0.0034917593002319336,0.0022792816162109375,0.009676222689449787,1.6590991634875536,False,False
264,5.28,-0.10525976121425629,0.14725907146930695,4.79019832611084,0.29055166244506836,0.008489414118230343,-0.002713525202125311,-0.01014693547040224,-0.0012717548524960876,0.005960141774266958,0.0019418856827542186,-0.023966491222381592,0.0015453322557732463,0.0,0.0,5.0,0.27709491844416456,-0.002307415008544922,0.0021080970764160156,-0.0030588507652282715,0.0022733211517333984,0.009676325134932995,1.6687754886224866,False,False
265,5.3,-0.10544850677251816,0.1472434103488922,4.790316581726074,0.2905748188495636,0.00800376757979393,-0.002664512023329735,-0.008742998354136944,-0.00030058532138355076,0.0058561270125210285,0.002940225414931774,-0.024604396894574165,0.00063771364511922,0.0,0.0,5.0,0.2770688459043423,-0.0021008849143981934,0.00202023983001709,-0.002654433250427246,0.002228379249572754,0.009676441550254822,1.6784519301727414,False,False
266,5.32,-0.10561007261276245,0.14724679291248322,4.790433406829834,0.29058051109313965,0.007507942616939545,-0.0025973711162805557,-0.007427707314491272,0.0006325188442133367,0.005799764767289162,0.0037693793419748545,-0.02497946098446846,-0.0002005951973842457,0.0,0.0,5.0,0.2770437915442874,-0.0018920302391052246,0.0019043684005737305,-0.0022836923599243164,0.002177715301513672,0.009676572866737843,1.6881285030394793,False,False
267,5.34,-0.10574622452259064,0.14726844429969788,4.790547847747803,0.29057008028030396,0.007007037755101919,-0.0025148256681859493,-0.006201669108122587,0.0015238785417750478,0.00578484358265996,0.004492577631026506,-0.02510819025337696,-0.0009694495820440352,0.0,0.0,5.0,0.27702069014843095,-0.0020012855529785156,0.0016640424728393555,-0.002047717571258545,0.0022635459899902344,0.009676674380898476,1.6978051774203777,False,False
268,5.36,-0.10585874319076538,0.14730747044086456,4.7906622886657715,0.2905444800853729,0.006510830018669367,-0.00241812109015882,-0.005064632743597031,0.0023704133927822113,0.0057677519507706165,0.005195136182010174,-0.024506065994501114,-0.0017121067503467202,0.0,0.0,5.0,0.2769979092777911,-0.0018489956855773926,0.0015308856964111328,-0.001810610294342041,0.0019718408584594727,0.009676845744252205,1.70748202316463,False,False
269,5.38,-0.10594939440488815,0.14736293256282806,4.79077672958374,0.2905047833919525,0.006025832612067461,-0.0023100897669792175,-0.004014171659946442,0.0031701051630079746,0.005747929681092501,0.0056327530182898045,-0.02398405410349369,-0.0023789445403963327,0.0,0.0,5.0,0.2769756035320702,-0.0016093254089355469,0.0013365745544433594,-0.001600027084350586,0.0017987489700317383,0.009677027352154255,1.7171590505167842,False,False
270,5.4,-0.10601987689733505,0.14743392169475555,4.790891170501709,0.29045239090919495,0.005551159381866455,-0.002192813204601407,-0.003047650447115302,0.003921734169125557,0.005736815743148327,0.006125189829617739,-0.023471461609005928,-0.002969725290313363,0.0,0.0,5.0,0.27695392782512895,-0.0014225244522094727,0.001292586326599121,-0.0013942718505859375,0.0016627311706542969,0.00967719592154026,1.7268362464383245,False,False
271,5.42,-0.106071837246418,0.14751948416233063,4.791005611419678,0.2903885841369629,0.005085926037281752,-0.002066937042400241,-0.0021626059897243977,0.004624164663255215,0.0057470849715173244,0.006496264133602381,-0.023038187995553017,-0.0035071971360594034,0.0,0.0,5.0,0.27693300150472033,-0.001240849494934082,0.0011937618255615234,-0.0011916160583496094,0.0015920400619506836,0.009677370078861713,1.7365136165171862,False,False
272,5.44,-0.10610689222812653,0.14761857688426971,4.7911200523376465,0.2903144955635071,0.004629876930266619,-0.0019335810793563724,-0.001356896129436791,0.005276414565742016,0.0057789916172623634,0.006875262595713139,-0.02255183644592762,-0.003993085119873285,0.0,0.0,5.0,0.27691289127643703,-0.0010814666748046875,0.0011484622955322266,-0.0009891986846923828,0.0014989376068115234,0.009677547961473465,1.7461911644786596,False,False
273,5.46,-0.10612662136554718,0.14773020148277283,4.791235446929932,0.29023104906082153,0.004183496348559856,-0.0017936484655365348,-0.0006283438415266573,0.005877646617591381,0.005833260715007782,0.007154700346291065,-0.02207059971988201,-0.00443233409896493,0.0,0.0,5.0,0.2768929591216654,-0.000914156436920166,0.001071929931640625,-0.0008200407028198242,0.0014095306396484375,0.009677733294665813,1.7558688977733254,False,False
274,5.48,-0.10613252967596054,0.14785334467887878,4.791353702545166,0.29013925790786743,0.0037466222420334816,-0.0016482834471389651,2.5154016839223914e-05,0.006427263841032982,0.005904676392674446,0.007418147288262844,-0.021600913256406784,-0.0048248679377138615,0.0,0.0,5.0,0.2768718166042926,-0.0007868409156799316,0.001000046730041504,-0.0006338953971862793,0.0013369321823120117,0.009677920490503311,1.7655468182638288,False,False
275,5.5,-0.1061260998249054,0.14798696339130402,4.7914719581604,0.29003992676734924,0.0033197759184986353,-0.0014982748543843627,0.0006056768470443785,0.006924834102392197,0.005993065889924765,0.007617803756147623,-0.021067975088953972,-0.005174750927835703,0.0,0.0,5.0,0.2768516473335182,-0.0006541609764099121,0.0009095668792724609,-0.00044029951095581055,0.0012496709823608398,0.009678118862211704,1.7752249371260405,False,False
276,5.5200000000000005,-0.10610877722501755,0.14812999963760376,4.791593551635742,0.28993403911590576,0.002904291730374098,-0.0013448834652081132,0.0011154238600283861,0.0073701790533959866,0.006096331402659416,0.007754234131425619,-0.020465392619371414,-0.00547768035903573,0.0,0.0,5.0,0.2768299425940571,-0.0005232095718383789,0.0008101463317871094,-0.00024586915969848633,0.0011504888534545898,0.009678322821855545,1.784903259947896,False,False
277,5.54,-0.10608194768428802,0.14828144013881683,4.7917160987854,0.28982245922088623,0.0025015559513121843,-0.0011894218623638153,0.0015567814698442817,0.007763439789414406,0.006212311796844006,0.00782205443829298,-0.019794005900621414,-0.005731823388487101,0.0,0.0,5.0,0.27680850532327694,-0.0003923177719116211,0.0007070302963256836,-5.626678466796875e-05,0.0010483264923095703,0.009678530506789684,1.7945817904546857,False,False
278,5.5600000000000005,-0.10604695230722427,0.14844021201133728,4.791841983795166,0.28970620036125183,0.0021129075903445482,-0.0010332019301131368,0.0019323222804814577,0.008105088956654072,0.0063398112542927265,0.007826718501746655,-0.019057825207710266,-0.005937064532190561,0.0,0.0,5.0,0.2767854987999794,-0.0002675652503967285,0.0006003379821777344,0.00012505054473876953,0.0009434223175048828,0.009678737260401249,1.804260527715087,False,False
279,5.58,-0.10600507259368896,0.14860530197620392,4.791970252990723,0.28958627581596375,0.0017396354814991355,-0.0008774433517828584,0.0022447945084422827,0.008395913057029247,0.006476741749793291,0.007772209122776985,-0.01825796253979206,-0.006094078067690134,0.0,0.0,5.0,0.2767616064987627,-0.00014859437942504883,0.0004971027374267578,0.0002951622009277344,0.0008375644683837891,0.00967893935739994,1.8139394670724869,False,False
280,5.6000000000000005,-0.10595755279064178,0.14877569675445557,4.79210090637207,0.2894635796546936,0.0013829129748046398,-0.0007233283831737936,0.0024971175007522106,0.00863699521869421,0.006621715612709522,0.007658416870981455,-0.017404409125447273,-0.006204778794199228,0.0,0.0,5.0,0.2767367775874216,-3.62396240234375e-05,0.00039124488830566406,0.0004514455795288086,0.0007333755493164062,0.009679136797785759,1.8236186038702726,False,False
281,5.62,-0.10590556263923645,0.14895044267177582,4.792234420776367,0.2893390357494354,0.0010437663877382874,-0.0005719067412428558,0.0026923539116978645,0.008829695172607899,0.0067725288681685925,0.007498834747821093,-0.016502173617482185,-0.006270891521126032,0.0,0.0,5.0,0.27671060420624083,6.651878356933594e-05,0.0002905130386352539,0.0005933046340942383,0.0006297826766967773,0.009679325856268406,1.833297929726541,False,False
282,5.64,-0.1058502197265625,0.14912858605384827,4.79237174987793,0.28921350836753845,0.0007230878109112382,-0.00042408978333696723,0.0028336981777101755,0.008975611999630928,0.0069274017587304115,0.007293924689292908,-0.015559421852231026,-0.006295087281614542,0.0,0.0,5.0,0.2766822987531631,0.00021922588348388672,0.0002034902572631836,0.0007128715515136719,0.0005115270614624023,0.009679507464170456,1.8429774371907115,False,False
283,5.66,-0.1057925596833229,0.1493091732263565,4.792511940002441,0.2890879213809967,0.0004205795412417501,-0.0002803120587486774,0.0029244062025099993,0.009076526388525963,0.007088798563927412,0.007091018371284008,-0.014686967246234417,-0.006274836603552103,0.0,0.0,5.0,0.27665247140670557,0.0003066062927246094,0.00013935565948486328,0.0008245706558227539,0.0004488229751586914,0.009679678827524185,1.8526571160182357,False,False
284,5.68,-0.10573357343673706,0.1494913548231125,4.7926554679870605,0.2889629900455475,0.00013581533858086914,-0.00014080344408284873,0.002967588370665908,0.00913421530276537,0.007257403340190649,0.0068633113987743855,-0.01378681417554617,-0.006224291864782572,0.0,0.0,5.0,0.276620694587763,0.00038683414459228516,7.200241088867188e-05,0.0009281635284423828,0.0003694295883178711,0.00967984925955534,1.862336965277791,False,False
285,5.7,-0.10567416995763779,0.14967425167560577,4.792802333831787,0.2888393998146057,-0.0001308005885221064,-6.199045856192242e-06,0.0029663555324077606,0.009150541387498379,0.00742967939004302,0.00659715523943305,-0.01287385355681181,-0.006142920348793268,0.0,0.0,5.0,0.2765868483432328,0.00046193599700927734,-3.993511199951172e-06,0.0010211467742919922,0.0002878904342651367,0.009680017828941345,1.8720169831067324,False,False
286,5.72,-0.10561519861221313,0.14985710382461548,4.792952537536621,0.2887176275253296,-0.00037900402094237506,0.0001228612381964922,0.0029238432180136442,0.009127517230808735,0.0076029556803405285,0.006305763963609934,-0.011947190389037132,-0.006031169090420008,0.0,0.0,5.0,0.27655085148508063,0.0005230903625488281,-8.130073547363281e-05,0.0011020898818969727,0.00020742416381835938,0.00968018639832735,1.8816971695050597,False,False
287,5.74,-0.10555746406316757,0.15003912150859833,4.7931060791015625,0.28859835863113403,-0.0006084814085625112,0.0002458753588143736,0.0028432111721485853,0.009067275561392307,0.007774669211357832,0.005989757366478443,-0.011002736166119576,-0.005891575012356043,0.0,0.0,5.0,0.2765125868875552,0.0005761384963989258,-0.00015878677368164062,0.001170039176940918,0.00012505054473876953,0.009680354036390781,1.8913775235414505,False,False
288,5.76,-0.1055016964673996,0.15021957457065582,4.793262958526611,0.28848209977149963,-0.000818953791167587,0.0003623675729613751,0.0027276528999209404,0.008972056210041046,0.007942588068544865,0.005651168525218964,-0.010048029012978077,-0.0057257660664618015,0.0,0.0,5.0,0.27647193864632585,0.0006222724914550781,-0.00023478269577026367,0.0012248754501342773,4.2557716369628906e-05,0.009680520743131638,1.9010580442845821,False,False
289,5.78,-0.10544856637716293,0.15039779245853424,4.793423175811768,0.28836944699287415,-0.001010296051390469,0.00047194884973578155,0.0025803796015679836,0.00884419959038496,0.008104796521365643,0.005296641495078802,-0.009090886451303959,-0.0055358619429171085,0.0,0.0,5.0,0.27642879810015303,0.0006603002548217773,-0.00030547380447387695,0.0012664794921875,-3.7789344787597656e-05,0.009680687449872494,1.9107387317344546,False,False
290,5.8,-0.10539867728948593,0.15057313442230225,4.7935872077941895,0.2882607579231262,-0.0011825558030977845,0.0005743048386648297,0.0024045940954238176,0.008686108514666557,0.008259918540716171,0.004927049856632948,-0.008140753954648972,-0.0053244479931890965,0.0,0.0,5.0,0.2763826889845473,0.0006910562515258789,-0.0003751516342163086,0.0012954473495483398,-0.00011479854583740234,0.009680853225290775,1.9204195849597454,False,False
291,5.82,-0.10535255074501038,0.15074501931667328,4.7937541007995605,0.28815650939941406,-0.0013358996948227286,0.0006692295428365469,0.0022034645080566406,0.008500234223902225,0.0084065031260252,0.004552307538688183,-0.007200109306722879,-0.005093815270811319,0.0,0.0,5.0,0.2763342029757844,0.0007135868072509766,-0.00043582916259765625,0.0013126134872436523,-0.00018906593322753906,0.009681017138063908,1.9301006020978093,False,False
292,5.84,-0.10531067848205566,0.15091295540332794,4.793923377990723,0.2880570590496063,-0.001470632734708488,0.0007565804990008473,0.001980109605938196,0.008289043791592121,0.008543669246137142,0.004168802406638861,-0.0062802438624203205,-0.004846955183893442,0.0,0.0,5.0,0.2762836101719976,0.0007294416427612305,-0.0004936456680297852,0.001318216323852539,-0.0002562999725341797,0.00968117918819189,1.9397817812860012,False,False
293,5.86,-0.10527347028255463,0.15107643604278564,4.794095039367676,0.28796255588531494,-0.001587177743203938,0.0008362715016119182,0.0017375726019963622,0.008055007085204124,0.008670700713992119,0.0037858702708035707,-0.005381802562624216,-0.004586412105709314,0.0,0.0,5.0,0.27623078374019217,0.0007393360137939453,-0.000545799732208252,0.0013135671615600586,-0.00032079219818115234,0.0096813403069973,1.9494631215929985,False,False
294,5.88,-0.10524127632379532,0.15123501420021057,4.794270038604736,0.2878735065460205,-0.0016860422911122441,0.0009083313052542508,0.0014788111438974738,0.007800568826496601,0.008786738850176334,0.00340552837587893,-0.004512407351285219,-0.004314555320888758,0.0,0.0,5.0,0.2761748952712683,0.0007404088973999023,-0.0005920529365539551,0.0012996196746826172,-0.00038111209869384766,0.009681498631834984,1.9591446202248335,False,False
295,5.9,-0.10521440207958221,0.15138833224773407,4.7944464683532715,0.287789911031723,-0.0017678379081189632,0.0009727962897159159,0.0012066797353327274,0.0075281402096152306,0.008891044184565544,0.003026542253792286,-0.003675019834190607,-0.004033929202705622,0.0,0.0,5.0,0.276117279282114,0.0007375478744506836,-0.0006352663040161133,0.0012770891189575195,-0.0004354715347290039,0.009681654162704945,1.9688262743875384,False,False
296,5.92,-0.10519307851791382,0.1515360325574875,4.794625759124756,0.28771212697029114,-0.0018332174513489008,0.0010297662811353803,0.0009239172795787454,0.007240083068609238,0.008983149193227291,0.002656446537002921,-0.0028707280289381742,-0.0037466459907591343,0.0,0.0,5.0,0.276056754574893,0.0007278919219970703,-0.0006711483001708984,0.0012469291687011719,-0.0004875063896179199,0.009681806899607182,1.9785080812871456,False,False
297,5.94,-0.10517749190330505,0.15167783200740814,4.79480504989624,0.28764015436172485,-0.0018829129403457046,0.0010793755063787103,0.0006331427139230072,0.0069386959075927734,0.009062719531357288,0.002291094046086073,-0.0021063878666609526,-0.003454894293099642,0.0,0.0,5.0,0.27599535697837707,0.0007143020629882812,-0.0007026195526123047,0.0012097358703613281,-0.0005308389663696289,0.00968195777386427,1.9881900390610099,False,False
298,5.96,-0.10516778379678726,0.15181349217891693,4.79498815536499,0.2875739634037018,-0.0019177121575921774,0.0011217984138056636,0.00033683658693917096,0.006626206450164318,0.009129983372986317,0.0019386191852390766,-0.0013808300718665123,-0.0031608776189386845,0.0,0.0,5.0,0.27593016434767553,0.0006947517395019531,-0.0007323622703552246,0.0011670589447021484,-0.0005745887756347656,0.00968210306018591,1.9978721421211958,False,False
299,5.98,-0.10516403615474701,0.15194281935691833,4.79517126083374,0.2875136733055115,-0.0019384045153856277,0.0011572620132938027,3.734636993613094e-05,0.006304759532213211,0.009183912537992,0.0015961180906742811,-0.0006952600087970495,-0.002865916583687067,0.0,0.0,5.0,0.27586392885429173,0.0006726980209350586,-0.0007547140121459961,0.0011190176010131836,-0.0006123185157775879,0.00968224462121725,2.007554386742413,False,True
