step,time,pos_x,pos_y,pos_z,euler_z,euler_y,euler_x,vel_x,vel_y,vel_z,omega_x,omega_y,omega_z,target_x,target_y,target_z,target_dist,action_0,action_1,action_2,action_3,reward,cumulative_reward,terminated,truncated
0,0.0,-0.30167388916015625,-0.15198063850402832,5.923839092254639,0.009898737072944641,0.020173901692032814,-0.09936834871768951,0.03561508655548096,0.45096659660339355,0.45490944385528564,0.0,0.0,0.0,0.0,0.0,5.0,0.9836584357687281,-0.521858274936676,-0.9897592663764954,-0.5774768590927124,-0.4723668098449707,0.007699804846197367,0.007699804846197367,False,False
1,0.02,-0.30096104741096497,-0.1429586261510849,5.931002616882324,0.009843341074883938,0.02047055959701538,-0.09906879812479019,0.0356670580804348,0.451235830783844,0.261406272649765,0.03006819821894169,0.030067626386880875,-0.0025727872271090746,0.0,0.0,5.0,0.9888278887103895,-0.5006735324859619,-0.9825589656829834,-0.5576139092445374,-0.35128700733184814,0.007703374605625868,0.015403179451823235,False,False
2,0.04,-0.30024486780166626,-0.13391949236392975,5.934414863586426,0.009437165223062038,0.02266077697277069,-0.0968579426407814,0.03596040979027748,0.45267149806022644,0.07972124963998795,0.1918986439704895,0.19187051057815552,-0.01641876995563507,0.0,0.0,5.0,0.9905617337488317,-0.42796558141708374,-0.9679316282272339,-0.5602633953094482,-0.3481658697128296,0.007679229136556387,0.02308240858837962,False,False
3,0.06,-0.2995206415653229,-0.12484505772590637,5.934266090393066,0.008594636805355549,0.027307385578751564,-0.09060458838939667,0.03647829219698906,0.4547489881515503,-0.09462197870016098,0.4355454742908478,0.27862948179244995,-0.0238485187292099,0.0,0.0,5.0,0.9890156878536522,-0.32107245922088623,-0.9374139904975891,-0.5367428064346313,-0.3464183211326599,0.007616490591317415,0.030698899179697037,False,False
4,0.08,-0.2987819015979767,-0.11572141945362091,5.930736064910889,0.007692079991102219,0.032544974237680435,-0.07830189913511276,0.03741857782006264,0.45755255222320557,-0.25833743810653687,0.7974192500114441,0.25089573860168457,-0.021488681435585022,0.0,0.0,5.0,0.9843432806539951,-0.30651235580444336,-0.862714409828186,-0.5017056465148926,-0.3847377300262451,0.00751913757994771,0.03821803675964475,False,False
5,0.1,-0.2980234920978546,-0.10654805600643158,5.9239091873168945,0.007044839672744274,0.03667464852333069,-0.059015851467847824,0.03844462335109711,0.45969119668006897,-0.4243426024913788,1.133415699005127,0.16558873653411865,-0.014205499552190304,0.0,0.0,5.0,0.9766159309009423,-0.30069953203201294,-0.739159345626831,-0.4337737560272217,-0.43063783645629883,0.007447462994605303,0.04566549975425005,False,False
6,0.12,-0.2972424626350403,-0.09733689576387405,5.913787841796875,0.006817635614424944,0.03928349167108536,-0.03415320813655853,0.03967782482504845,0.46129247546195984,-0.5877529978752136,1.3536977767944336,0.09619653970003128,0.004058442078530788,0.0,0.0,5.0,0.9658342366504106,-0.2745335102081299,-0.6095903515815735,-0.38174188137054443,-0.45277339220046997,0.0073872399516403675,0.05305273970589042,False,False
7,0.14,-0.2964337468147278,-0.08810076862573624,5.900453567504883,0.00714642321690917,0.04056233540177345,-0.005385697819292545,0.04120335355401039,0.4621407687664032,-0.7456417679786682,1.5217291116714478,0.031219007447361946,0.03166395425796509,0.0,0.0,5.0,0.9520773807392623,-0.30436599254608154,-0.45005321502685547,-0.3518795967102051,-0.4316871166229248,0.007377253845334053,0.06042999355122447,False,False
8,0.16,-0.29559123516082764,-0.07885919511318207,5.884031772613525,0.007991819642484188,0.04086659848690033,0.02580011449754238,0.043052393943071365,0.4617857038974762,-0.8965590596199036,1.5934066772460938,0.00023393209266941994,0.05265871062874794,0.0,0.0,5.0,0.9354705371886463,-0.32000732421875,-0.3524339199066162,-0.2841431498527527,-0.4112669825553894,0.007472630590200424,0.0679026241414249,False,False
9,0.18,-0.29470470547676086,-0.06964458525180817,5.864756107330322,0.009182450361549854,0.04058106616139412,0.056686412543058395,0.04559973254799843,0.45935961604118347,-1.0308475494384766,1.4903737306594849,-0.02373124659061432,0.06751371920108795,0.0,0.0,5.0,0.9162447035864014,-0.2667694687843323,-0.33321595191955566,-0.23440104722976685,-0.3721362352371216,0.0075513990595936775,0.07545402320101857,False,False
10,0.2,-0.29376083612442017,-0.060507453978061676,5.842953205108643,0.010681653395295143,0.0399378165602684,0.08577872067689896,0.048782505095005035,0.45398208498954773,-1.1494613885879517,1.4128258228302002,-0.029619084671139717,0.08652408421039581,0.0,0.0,5.0,0.8947215694451313,-0.2329457402229309,-0.31591641902923584,-0.20559072494506836,-0.3159053325653076,0.007603955455124378,0.08305797865614295,False,False
11,0.22,-0.2927481234073639,-0.05151253193616867,5.818909168243408,0.012557431124150753,0.039467617869377136,0.11381224542856216,0.0524861179292202,0.44509291648864746,-1.2549761533737183,1.3830870389938354,0.0016413290286436677,0.1045200377702713,0.0,0.0,5.0,0.8711872534295475,-0.21540677547454834,-0.25961315631866455,-0.16428911685943604,-0.2770850658416748,0.007686581462621689,0.09074456011876464,False,False
12,0.24,-0.2916550934314728,-0.04273874685168266,5.79290246963501,0.014831998385488987,0.03959454223513603,0.14081726968288422,0.056827787309885025,0.43181872367858887,-1.345799207687378,1.3084276914596558,0.039922263473272324,0.1191377192735672,0.0,0.0,5.0,0.8459217578241329,-0.16951137781143188,-0.19620925188064575,-0.10055422782897949,-0.2188788652420044,0.007795308250933886,0.09853986836969852,False,False
13,0.26,-0.290464848279953,-0.0342915914952755,5.7652997970581055,0.017526213079690933,0.04051243141293526,0.16609571874141693,0.062228165566921234,0.4123676121234894,-1.4146056175231934,1.2086342573165894,0.09204695373773575,0.132640078663826,0.0,0.0,5.0,0.8192859822496369,-0.12047380208969116,-0.14350879192352295,-0.047256529331207275,-0.1259005069732666,0.007891662418842316,0.10643153078854084,False,False
14,0.28,-0.289153516292572,-0.026306454092264175,5.7365546226501465,0.020741041749715805,0.042826857417821884,0.18979495763778687,0.06897874176502228,0.3855617046356201,-1.4600051641464233,1.1479076147079468,0.19267357885837555,0.14210696518421173,0.0,0.0,5.0,0.791716172411911,-0.12282145023345947,-0.0298653244972229,-0.014748930931091309,-0.08678734302520752,0.008035450242459774,0.11446698103100061,False,False
15,0.3,-0.28769317269325256,-0.018926866352558136,5.707070350646973,0.0243954099714756,0.04660181328654289,0.21111752092838287,0.07718415558338165,0.35181093215942383,-1.4885070323944092,0.9680279493331909,0.2499905824661255,0.14015944302082062,0.0,0.0,5.0,0.763592868384894,-0.07395303249359131,0.041892409324645996,0.030675530433654785,0.0008640289306640625,0.008167008869349957,0.12263398990035057,False,False
16,0.32,-0.2860470712184906,-0.012309056706726551,5.67725133895874,0.02830660715699196,0.051574163138866425,0.22908058762550354,0.08760815858840942,0.30941033363342285,-1.4934825897216797,0.8091055154800415,0.32054030895233154,0.13214917480945587,0.0,0.0,5.0,0.7352848536119129,-0.0683213472366333,0.09382998943328857,0.07506310939788818,0.042447686195373535,0.0082771060988307,0.13091109599918127,False,False
17,0.34,-0.28417178988456726,-0.006603437475860119,5.647462844848633,0.032507024705410004,0.05819830670952797,0.24336829781532288,0.10017856955528259,0.260678768157959,-1.485567331314087,0.5966580510139465,0.42163538932800293,0.12008868157863617,0.0,0.0,5.0,0.7071105620850116,0.02754664421081543,0.12916719913482666,0.1095043420791626,0.08191430568695068,0.008375193923711777,0.13928628992289305,False,False
18,0.36,-0.2820146679878235,-0.0019471260020509362,5.618018627166748,0.03695012256503105,0.06616891920566559,0.2541657090187073,0.11587153375148773,0.20457185804843903,-1.4589067697525024,0.455491304397583,0.4600808024406433,0.11319600045681,0.0,0.0,5.0,0.6793254652852505,0.1032482385635376,0.1679537296295166,0.16703343391418457,0.08111000061035156,0.008476798422634602,0.14776308834552765,False,False
19,0.38,-0.2795100212097168,0.0015239435015246272,5.589263916015625,0.04145669564604759,0.0742441713809967,0.26194706559181213,0.13496540486812592,0.1422484666109085,-1.4167109727859497,0.29102206230163574,0.43546369671821594,0.11517147719860077,0.0,0.0,5.0,0.6521963945611181,0.1776193380355835,0.22211050987243652,0.2401067018508911,0.05407273769378662,0.008583392947912216,0.15634648129343987,False,False
20,0.4,-0.27658724784851074,0.0036900052800774574,5.561511516571045,0.04579485207796097,0.08090943843126297,0.26559072732925415,0.15765057504177094,0.07422056794166565,-1.358554720878601,0.03967457637190819,0.320833295583725,0.12834994494915009,0.0,0.0,5.0,0.6259467270090127,0.26488327980041504,0.2283409833908081,0.284956693649292,0.07827425003051758,0.0086744399741292,0.16502092126756907,False,False
21,0.42,-0.2731778919696808,0.00444994680583477,5.535071849822998,0.04981708526611328,0.0850028544664383,0.26486289501190186,0.18352235853672028,0.0018216751050204039,-1.285290002822876,-0.14584122598171234,0.17929866909980774,0.1509954184293747,0.0,0.0,5.0,0.6007893534014882,0.29350101947784424,0.2235257625579834,0.3105529546737671,0.08574879169464111,0.008752387948334217,0.17377330921590328,False,False
22,0.44,-0.2692341208457947,0.003753739409148693,5.510152816772461,0.053602904081344604,0.08633702248334885,0.26058369874954224,0.21096737682819366,-0.07123774290084839,-1.2065552473068237,-0.31451719999313354,0.047510597854852676,0.17844097316265106,0.0,0.0,5.0,0.5768509329523841,0.2931734323501587,0.24503302574157715,0.29888033866882324,0.08746647834777832,0.008809879422187805,0.1825831886380911,False,False
23,0.46,-0.264736533164978,0.0016090895514935255,5.486822605133057,0.057122863829135895,0.08468157798051834,0.25281858444213867,0.2387576699256897,-0.14287152886390686,-1.1263376474380493,-0.49209800362586975,-0.11858820915222168,0.20260684192180634,0.0,0.0,5.0,0.5541518474479105,0.26709842681884766,0.18595898151397705,0.32056093215942383,0.1286029815673828,0.0088688088580966,0.1914519974961877,False,False
24,0.48,-0.2596901059150696,-0.0019382769241929054,5.465082168579102,0.06071561574935913,0.08127383142709732,0.24207128584384918,0.2657552659511566,-0.21137863397598267,-1.047518253326416,-0.6123902797698975,-0.12414861470460892,0.22803358733654022,0.0,0.0,5.0,0.5326763853953493,0.2446300983428955,0.11060488224029541,0.30298924446105957,0.09159624576568604,0.00892955344170332,0.200381550937891,False,False
25,0.5,-0.2541256248950958,-0.006789450999349356,5.444782257080078,0.06499148905277252,0.07811950892210007,0.22932451963424683,0.2905777096748352,-0.27318644523620605,-0.982314944267273,-0.6962953209877014,-0.08310820162296295,0.2601938843727112,0.0,0.0,5.0,0.5123057544928069,0.20549225807189941,0.129813551902771,0.26993274688720703,0.0424877405166626,0.008948029950261116,0.20932958088815212,False,False
26,0.52,-0.2480805218219757,-0.012819471769034863,5.425698280334473,0.06993246078491211,0.07502589374780655,0.21412810683250427,0.3138222396373749,-0.3291829526424408,-0.925950825214386,-0.8611383438110352,-0.11038720607757568,0.28841620683670044,0.0,0.0,5.0,0.4928765667422505,0.18889379501342773,0.15150761604309082,0.27449655532836914,0.05982816219329834,0.008931681513786316,0.21826126240193844,False,False
27,0.54,-0.2415757030248642,-0.019933311268687248,5.407776832580566,0.07535534352064133,0.07154810428619385,0.19537706673145294,0.33651497960090637,-0.38141271471977234,-0.8660182952880859,-1.053657054901123,-0.12019619345664978,0.31188398599624634,0.0,0.0,5.0,0.4743818107595727,0.18082284927368164,0.10320019721984863,0.24481701850891113,0.10346722602844238,0.008963869884610176,0.22722513228654861,False,False
28,0.56,-0.23462948203086853,-0.02803313359618187,5.391023635864258,0.08137934654951096,0.06865240633487701,0.17403508722782135,0.35797086358070374,-0.4276745021343231,-0.8090793490409851,-1.122687816619873,-0.054168201982975006,0.33227139711380005,0.0,0.0,5.0,0.45687671665537816,0.16806602478027344,0.11471998691558838,0.18705415725708008,0.06576597690582275,0.008985434658825397,0.236210566945374,False,False
29,0.58,-0.2272695004940033,-0.0369870699942112,5.375327110290527,0.08787810057401657,0.06611625105142593,0.1512824445962906,0.37790319323539734,-0.46679678559303284,-0.7604478597640991,-1.1963411569595337,-0.09116102755069733,0.3485308289527893,0.0,0.0,5.0,0.44032931871564956,0.14807522296905518,0.10224604606628418,0.17064571380615234,0.04891347885131836,0.008989677764475346,0.24520024470984936,False,False
30,0.6,-0.2195243537425995,-0.04665708914399147,5.360548496246338,0.09464506804943085,0.06294277310371399,0.12697048485279083,0.3964484632015228,-0.49924618005752563,-0.7172586917877197,-1.278494954109192,-0.12953442335128784,0.36413174867630005,0.0,0.0,5.0,0.42469170465055217,0.1525357961654663,0.08325004577636719,0.16708219051361084,0.06204390525817871,0.009005600586533546,0.2542058452963829,False,False
31,0.62,-0.211419478058815,-0.05691591650247574,5.34663724899292,0.10174542665481567,0.05939612537622452,0.1014510914683342,0.41383954882621765,-0.5256302952766418,-0.6737314462661743,-1.3168346881866455,-0.14214852452278137,0.380362331867218,0.0,0.0,5.0,0.40999390195874635,0.1740349531173706,0.07757914066314697,0.1419377326965332,0.05872607231140137,0.009040760807693005,0.2632466061040759,False,False
32,0.64,-0.20298033952713013,-0.06763957440853119,5.333591938018799,0.10919882357120514,0.05526912212371826,0.07569311559200287,0.4298401176929474,-0.545724093914032,-0.6307451725006104,-1.3016763925552368,-0.20324236154556274,0.39709025621414185,0.0,0.0,5.0,0.3963075969141323,0.17291533946990967,0.07112002372741699,0.13618147373199463,0.029282808303833008,0.009056405164301395,0.2723030112683773,False,False
33,0.66,-0.19423933327198029,-0.07870116084814072,5.3213701248168945,0.11702065169811249,0.049790289252996445,0.05002613738179207,0.4439651668071747,-0.5594534277915955,-0.5914022922515869,-1.3061023950576782,-0.2946307361125946,0.416520893573761,0.0,0.0,5.0,0.38366853980176,0.1156536340713501,0.030664443969726562,0.1137697696685791,0.02917921543121338,0.009087931364774704,0.281390942633152,False,False
34,0.68,-0.18524155020713806,-0.08997325599193573,5.309821128845215,0.12528972327709198,0.04348940774798393,0.024307694286108017,0.4554823935031891,-0.566827654838562,-0.5634486079216003,-1.3042556047439575,-0.3044512867927551,0.43230968713760376,0.0,0.0,5.0,0.3720198255414048,0.13482975959777832,0.0043795108795166016,0.06642913818359375,0.07674205303192139,0.009178698062896729,0.29056964069604874,False,False
35,0.7000000000000001,-0.17603421211242676,-0.10133671760559082,5.298827171325684,0.13398101925849915,0.037279125303030014,0.00011962631106143817,0.4649132490158081,-0.5686468482017517,-0.5359591841697693,-1.1496031284332275,-0.3061079978942871,0.44349509477615356,0.0,0.0,5.0,0.3613237502457146,0.09799051284790039,-0.026843726634979248,0.020340323448181152,0.10871100425720215,0.009296991862356663,0.2998666325584054,False,False
36,0.72,-0.1666613668203354,-0.11268682032823563,5.288302898406982,0.14294546842575073,0.031827542930841446,-0.020229723304510117,0.47207286953926086,-0.5656576752662659,-0.5164635181427002,-0.9162408709526062,-0.2482096254825592,0.4468901753425598,0.0,0.0,5.0,0.3515578073318487,0.048333168029785156,-0.023993372917175293,0.009324193000793457,0.12008583545684814,0.009384308941662312,0.3092509415000677,False,False
37,0.74,-0.15716344118118286,-0.12393852323293686,5.278122901916504,0.151955246925354,0.028220467269420624,-0.03628311678767204,0.4774964153766632,-0.558966338634491,-0.5015588402748108,-0.7160652279853821,-0.137917160987854,0.44331175088882446,0.0,0.0,5.0,0.34265646550959694,-0.011305689811706543,0.061272382736206055,0.007819771766662598,0.054564595222473145,0.009395130909979343,0.31864607241004705,False,False
38,0.76,-0.1475699245929718,-0.13502684235572815,5.2681989669799805,0.16082045435905457,0.02594403736293316,-0.05063905939459801,0.48168930411338806,-0.5493921637535095,-0.4908028841018677,-0.7435278296470642,-0.1279551237821579,0.43220216035842896,0.0,0.0,5.0,0.33457408251396686,0.07816088199615479,-0.007013082504272461,-0.004671990871429443,0.09360730648040771,0.009446028620004654,0.3280921010300517,False,False
39,0.78,-0.13790184259414673,-0.14589229226112366,5.258536338806152,0.16957776248455048,0.024044213816523552,-0.06328900903463364,0.484959214925766,-0.5367189645767212,-0.47550490498542786,-0.5433356761932373,-0.11168623715639114,0.43098193407058716,0.0,0.0,5.0,0.32732631671675216,-0.03606092929840088,0.07454168796539307,0.024619460105895996,0.030031204223632812,0.00943074468523264,0.33752284571528435,False,False
40,0.8,-0.12817831337451935,-0.15648427605628967,5.249112129211426,0.1782148778438568,0.022550420835614204,-0.07509429007768631,0.4872545599937439,-0.5220977663993835,-0.4669041037559509,-0.65730220079422,-0.09692845493555069,0.42018038034439087,0.0,0.0,5.0,0.3208954060011574,0.12444579601287842,-0.02820366621017456,-0.028121769428253174,0.07747507095336914,0.009477006271481514,0.34699985198676586,False,False
41,0.8200000000000001,-0.11841711401939392,-0.16675598919391632,5.239909648895264,0.1868371069431305,0.02076386846601963,-0.085237517952919,0.48871731758117676,-0.5047274827957153,-0.4533453583717346,-0.3757195472717285,-0.1503719836473465,0.4245613217353821,0.0,0.0,5.0,0.3152567405429619,-0.06599903106689453,0.10059082508087158,0.04299032688140869,0.0024946928024291992,0.009441585280001163,0.356441437266767,False,False
42,0.84,-0.10863608866930008,-0.17666761577129364,5.230913162231445,0.19543932378292084,0.018615184351801872,-0.09482913464307785,0.4892290532588959,-0.4861445128917694,-0.4463392198085785,-0.6003750562667847,-0.14078664779663086,0.41282135248184204,0.0,0.0,5.0,0.31037740690231186,0.16072964668273926,-0.0493694543838501,-0.029274702072143555,0.06773805618286133,0.009482289664447308,0.36592372693121433,False,False
43,0.86,-0.09885495156049728,-0.18618150055408478,5.2221221923828125,0.20412321388721466,0.01583373174071312,-0.10333652794361115,0.48870331048965454,-0.4649645984172821,-0.4327092468738556,-0.2653583586215973,-0.22211472690105438,0.42335015535354614,0.0,0.0,5.0,0.30622560465373583,-0.08580261468887329,0.1035151481628418,0.07133603096008301,-0.025419116020202637,0.009438442066311836,0.37536216899752617,False,False
44,0.88,-0.0890951082110405,-0.19526667892932892,5.2135186195373535,0.21289993822574615,0.012599404901266098,-0.1116221696138382,0.48709067702293396,-0.4433225691318512,-0.42763447761535645,-0.5756703019142151,-0.1933804601430893,0.41473203897476196,0.0,0.0,5.0,0.3027494262527408,0.17058634757995605,-0.047971367835998535,-0.025159716606140137,0.052953124046325684,0.009472093544900417,0.3848342625424266,False,False
45,0.9,-0.0793808102607727,-0.20389282703399658,5.205099582672119,0.22184114158153534,0.008689088746905327,-0.11980032920837402,0.48411208391189575,-0.4190364181995392,-0.41430407762527466,-0.2517063319683075,-0.29848986864089966,0.42780810594558716,0.0,0.0,5.0,0.2998990442896567,-0.11228692531585693,0.07794749736785889,0.04820537567138672,-0.06740397214889526,0.009418949484825134,0.3942532120272517,False,False
46,0.92,-0.06973648071289062,-0.2120446413755417,5.196746826171875,0.2309798151254654,0.0039556073024868965,-0.12809088826179504,0.48008716106414795,-0.39594751596450806,-0.4210008382797241,-0.5831260681152344,-0.2839812934398651,0.4208601117134094,0.0,0.0,5.0,0.2975490216535881,0.10871171951293945,-0.0665140151977539,-0.04992133378982544,0.03426659107208252,0.009457243606448174,0.4037104556336999,False,False
47,0.9400000000000001,-0.06018973886966705,-0.21970994770526886,5.18833589553833,0.24024716019630432,-0.001193199772387743,-0.13690273463726044,0.47431978583335876,-0.3703412115573883,-0.4201383888721466,-0.2993585169315338,-0.3490138351917267,0.4293361306190491,0.0,0.0,5.0,0.2955768518238116,-0.0866692066192627,0.0055615901947021484,0.0029011964797973633,-0.08701854944229126,0.009418688714504242,0.41312914434820414,False,False
48,0.96,-0.050768014043569565,-0.22687624394893646,5.17975378036499,0.24973216652870178,-0.006951525341719389,-0.1448938399553299,0.46759697794914246,-0.3461197316646576,-0.4381117522716522,-0.49588194489479065,-0.3541855812072754,0.42912107706069946,0.0,0.0,5.0,0.29387351509418225,0.007693052291870117,-0.06379026174545288,-0.07668048143386841,-0.01112675666809082,0.009431840851902962,0.4225609852001071,False,False
49,0.98,-0.041497811675071716,-0.2335434854030609,5.170830726623535,0.2593342363834381,-0.01304022129625082,-0.15339839458465576,0.45914599299430847,-0.3204151391983032,-0.4542514979839325,-0.3449932336807251,-0.3906952440738678,0.4296730160713196,0.0,0.0,5.0,0.2923144969151452,-0.0975959300994873,-0.0751306414604187,-0.0677649974822998,-0.039658546447753906,0.009420632384717464,0.43198161758482456,False,False
50,1.0,-0.03240615501999855,-0.23970605432987213,5.161450386047363,0.26888859272003174,-0.018737178295850754,-0.16037216782569885,0.4497791826725006,-0.2957136034965515,-0.4838160574436188,-0.3371639847755432,-0.32125815749168396,0.4249644875526428,0.0,0.0,5.0,0.29081846316975546,-0.09521293640136719,-0.05904209613800049,-0.13638430833816528,0.002731800079345703,0.009418736211955547,0.4414003537967801,False,False
51,1.02,-0.023515313863754272,-0.24536806344985962,5.151469707489014,0.2781268060207367,-0.02351290173828602,-0.1661759614944458,0.4390978217124939,-0.27038466930389404,-0.5143250823020935,-0.22370828688144684,-0.30014094710350037,0.40864425897598267,0.0,0.0,5.0,0.289312165029493,-0.1495121717453003,-0.030950963497161865,-0.16678935289382935,0.05234038829803467,0.009414770640432835,0.45081512443721294,False,False
52,1.04,-0.014849590137600899,-0.25051936507225037,5.140870094299316,0.28676265478134155,-0.027416083961725235,-0.16976414620876312,0.4273066818714142,-0.2446945607662201,-0.545661985874176,-0.11312154680490494,-0.22904852032661438,0.3772035241127014,0.0,0.0,5.0,0.2877930611939011,-0.16957318782806396,-0.007229208946228027,-0.17688238620758057,0.07320749759674072,0.009413320571184158,0.4602284450083971,False,False
53,1.06,-0.006429868284612894,-0.25515255331993103,5.129656791687012,0.29446521401405334,-0.029933519661426544,-0.17128516733646393,0.41455143690109253,-0.21861815452575684,-0.5756934881210327,-0.01688765548169613,-0.14973945915699005,0.33880382776260376,0.0,0.0,5.0,0.28627792842342364,-0.16000831127166748,0.022762775421142578,-0.16895776987075806,0.08448445796966553,0.00941446702927351,0.4696429120376706,False,False
54,1.08,0.0017243922920897603,-0.25925570726394653,5.1178998947143555,0.3011576533317566,-0.031232483685016632,-0.17105430364608765,0.4008091688156128,-0.1917257308959961,-0.600078284740448,0.06044051796197891,-0.09224215149879456,0.298190176486969,0.0,0.0,5.0,0.28481025341683586,-0.1534472107887268,0.029323697090148926,-0.145207941532135,0.07861602306365967,0.009417541325092316,0.47906045336276293,False,False
55,1.1,0.009598281234502792,-0.2628187835216522,5.105685234069824,0.3068712055683136,-0.03148411586880684,-0.16957613825798035,0.3865572512149811,-0.16463543474674225,-0.6214470267295837,0.105301633477211,-0.02938581444323063,0.2603340744972229,0.0,0.0,5.0,0.28343466385544874,-0.1267772912979126,0.031184792518615723,-0.13136732578277588,0.04822647571563721,0.009422414936125278,0.4884828682988882,False,False
56,1.12,0.017185570672154427,-0.26584187150001526,5.09305477142334,0.31177204847335815,-0.031106138601899147,-0.16738750040531158,0.3721787929534912,-0.13774374127388,-0.6416025757789612,0.12890109419822693,-0.015519087202847004,0.2289058268070221,0.0,0.0,5.0,0.28218156383188514,-0.09916186332702637,0.04276549816131592,-0.1182790994644165,0.03547966480255127,0.00942597258836031,0.4979088408872485,False,False
57,1.1400000000000001,0.02448275312781334,-0.2683257460594177,5.080060005187988,0.3161158561706543,-0.030980758368968964,-0.16481472551822662,0.35754790902137756,-0.11072540283203125,-0.6578621864318848,0.1418442577123642,-0.04392522946000099,0.20137587189674377,0.0,0.0,5.0,0.28108311160537786,-0.07614690065383911,0.053343892097473145,-0.10018360614776611,0.05739247798919678,0.009427529759705067,0.5073363706469536,False,False
58,1.16,0.0314817950129509,-0.2702639698982239,5.066811561584473,0.3200055658817291,-0.031447336077690125,-0.16179236769676208,0.34235405921936035,-0.08319835364818573,-0.666920006275177,0.17251822352409363,-0.0653473287820816,0.1746484339237213,0.0,0.0,5.0,0.280174055907647,-0.05730903148651123,0.07828736305236816,-0.08032608032226562,0.07890009880065918,0.00942781288176775,0.5167641835287213,False,False
59,1.18,0.0381699837744236,-0.2716464102268219,5.053465843200684,0.3234310746192932,-0.032461948692798615,-0.15819278359413147,0.32645514607429504,-0.05517173931002617,-0.6676399111747742,0.19836796820163727,-0.08939410746097565,0.14719882607460022,0.0,0.0,5.0,0.2794768617249354,-0.030893027782440186,0.09537971019744873,-0.058204054832458496,0.10005450248718262,0.009428096935153008,0.5261922804638743,False,False
60,1.2,0.04453254118561745,-0.2724648118019104,5.040190696716309,0.3263947665691376,-0.034051425755023956,-0.15397420525550842,0.30978140234947205,-0.026823660358786583,-0.6598426103591919,0.23332291841506958,-0.11370491236448288,0.12070752680301666,0.0,0.0,5.0,0.2789901664884292,-0.016642212867736816,0.10698330402374268,-0.03344321250915527,0.11501765251159668,0.00943009089678526,0.5356223713606596,False,False
61,1.22,0.050555095076560974,-0.27271783351898193,5.02713680267334,0.32888954877853394,-0.03606424480676651,-0.1491233855485916,0.2924498915672302,0.0013373671099543571,-0.6455596089363098,0.2604883313179016,-0.1229482889175415,0.09537477791309357,0.0,0.0,5.0,0.2786884289252409,-0.002083003520965576,0.11063551902770996,0.0072536468505859375,0.12051272392272949,0.009438595734536648,0.5450609670951962,False,False
62,1.24,0.056224435567855835,-0.2724112868309021,5.014431953430176,0.33089813590049744,-0.03803945705294609,-0.1439809501171112,0.2744656503200531,0.02911633998155594,-0.6248871684074402,0.261183500289917,-0.10179582983255386,0.07433505356311798,0.0,0.0,5.0,0.27852715779184395,0.0177459716796875,0.10787045955657959,0.039876461029052734,0.12425029277801514,0.009448305703699589,0.5545092727988958,False,False
63,1.26,0.06152902543544769,-0.27155497670173645,5.002193450927734,0.33243829011917114,-0.03945138677954674,-0.13887889683246613,0.2559957206249237,0.056316670030355453,-0.5988827347755432,0.2549870014190674,-0.05970221385359764,0.05808838829398155,0.0,0.0,5.0,0.2784470103439593,0.03509962558746338,0.10126709938049316,0.06307804584503174,0.12116873264312744,0.009458562359213829,0.5639678351581097,False,False
64,1.28,0.06646247208118439,-0.2701629102230072,4.990507125854492,0.33356723189353943,-0.03997430205345154,-0.13391166925430298,0.23738384246826172,0.08270422369241714,-0.5697325468063354,0.2462185025215149,-0.0074567776173353195,0.04651927575469017,0.0,0.0,5.0,0.27837990752719444,0.04749476909637451,0.09189093112945557,0.07608747482299805,0.11127889156341553,0.009469009935855865,0.5734368450939655,False,False
65,1.3,0.07102598994970322,-0.2682533264160156,4.9794111251831055,0.33436813950538635,-0.03949100896716118,-0.129119411110878,0.2190360724925995,0.10808950662612915,-0.539837658405304,0.2361944019794464,0.044866036623716354,0.039109256118535995,0.0,0.0,5.0,0.27825966317060497,0.06371283531188965,0.07963299751281738,0.08881855010986328,0.08728659152984619,0.009480076842010021,0.5829169219359756,False,False
66,1.32,0.07522796094417572,-0.26584646105766296,4.968907356262207,0.3349727690219879,-0.038149021565914154,-0.12460916489362717,0.20125846564769745,0.132447749376297,-0.5105068683624268,0.2171776294708252,0.08060848712921143,0.03776964172720909,0.0,0.0,5.0,0.2780293859636194,0.07507598400115967,0.06894290447235107,0.09346020221710205,0.07681000232696533,0.009488255716860294,0.5924051776528358,False,False
67,1.34,0.07908110320568085,-0.26296141743659973,4.958987236022949,0.33551210165023804,-0.0361696295440197,-0.12040052562952042,0.18417255580425262,0.15593217313289642,-0.48154059052467346,0.20569264888763428,0.10926469415426254,0.03989085182547569,0.0,0.0,5.0,0.27764108981476515,0.08174669742584229,0.06205260753631592,0.09665071964263916,0.06974804401397705,0.009494959376752377,0.6019001370295882,False,False
68,1.36,0.08260026574134827,-0.2596144676208496,4.949643611907959,0.33606067299842834,-0.033655181527137756,-0.11638481914997101,0.16787683963775635,0.17865414917469025,-0.4528418183326721,0.19779160618782043,0.13394972681999207,0.044229235500097275,0.0,0.0,5.0,0.27705277749965757,0.0875844955444336,0.05838823318481445,0.08972775936126709,0.06454730033874512,0.009501428343355656,0.6114015653729439,False,False
69,1.3800000000000001,0.0858025774359703,-0.2558206617832184,4.9408650398254395,0.33667391538619995,-0.030796220526099205,-0.11240574717521667,0.152498260140419,0.20062468945980072,-0.4249870479106903,0.20208922028541565,0.14308714866638184,0.04929202422499657,0.0,0.0,5.0,0.2762304052864318,0.08353257179260254,0.06281471252441406,0.07478630542755127,0.05602908134460449,0.009510199539363384,0.6209117649123073,False,False
70,1.4000000000000001,0.08870766311883926,-0.25159600377082825,4.93262243270874,0.3373936414718628,-0.028006136417388916,-0.1083645299077034,0.1381523311138153,0.22173428535461426,-0.3992605209350586,0.2041463553905487,0.1263020783662796,0.05296742543578148,0.0,0.0,5.0,0.2751532939718228,0.08095359802246094,0.07826268672943115,0.06793153285980225,0.061719417572021484,0.00951619166880846,0.6304279565811157,False,False
71,1.42,0.0913335308432579,-0.24695470929145813,4.924907207489014,0.3382212221622467,-0.025699762627482414,-0.10434278100728989,0.12456090748310089,0.24228155612945557,-0.3722783625125885,0.20024926960468292,0.09425247460603714,0.053796347230672836,0.0,0.0,5.0,0.27380169792136605,0.07377076148986816,0.08214330673217773,0.06281733512878418,0.08376407623291016,0.00951928086578846,0.6399472374469042,False,False
72,1.44,0.09369412809610367,-0.24190828204154968,4.917745590209961,0.33908236026763916,-0.023817293345928192,-0.10022281110286713,0.111611507833004,0.26223915815353394,-0.3438601791858673,0.2138792872428894,0.08421768993139267,0.051066573709249496,0.0,0.0,5.0,0.2721470089673791,0.0663290023803711,0.0851677656173706,0.05334317684173584,0.08781671524047852,0.009523849934339523,0.6494710873812437,False,False
73,1.46,0.09580307453870773,-0.23647119104862213,4.9111433029174805,0.3398955464363098,-0.02215663529932499,-0.09579423815011978,0.09939222037792206,0.28133636713027954,-0.31629642844200134,0.23084960877895355,0.07308966666460037,0.04610287770628929,0.0,0.0,5.0,0.2701709938232411,0.05246448516845703,0.07887649536132812,0.04817056655883789,0.09092402458190918,0.009528683498501778,0.6589997708797455,False,False
74,1.48,0.0976753830909729,-0.23066236078739166,4.905072212219238,0.34060531854629517,-0.020535998046398163,-0.09101498872041702,0.0879502147436142,0.2994001507759094,-0.29079577326774597,0.2485935389995575,0.08164038509130478,0.039663221687078476,0.0,0.0,5.0,0.2678747655881951,0.04662799835205078,0.06913232803344727,0.03345000743865967,0.0799405574798584,0.009534688666462898,0.6685344595462084,False,False
75,1.5,0.09932775795459747,-0.2245044857263565,4.899471759796143,0.34118950366973877,-0.018869755789637566,-0.08579399436712265,0.07740409672260284,0.3162303864955902,-0.26922014355659485,0.27466073632240295,0.07916727662086487,0.03323948010802269,0.0,0.0,5.0,0.2652813500606995,0.04200029373168945,0.06237053871154785,0.018273115158081055,0.0689849853515625,0.009539288468658924,0.6780737480148673,False,False
76,1.52,0.10077803581953049,-0.21802259981632233,4.8942670822143555,0.3416701853275299,-0.017426801845431328,-0.07997960597276688,0.06773886829614639,0.3317815363407135,-0.2512027621269226,0.30765292048454285,0.06064346432685852,0.026621367782354355,0.0,0.0,5.0,0.2624300219825786,0.03448677062988281,0.06825578212738037,0.015823960304260254,0.04654121398925781,0.009547363966703415,0.6876211119815707,False,False
77,1.54,0.10204293578863144,-0.21124260127544403,4.889398097991943,0.3420812487602234,-0.01661841571331024,-0.07386685907840729,0.058848850429058075,0.34602752327919006,-0.23567086458206177,0.3043214976787567,0.016788428649306297,0.020617332309484482,0.0,0.0,5.0,0.25936263814547145,0.029143691062927246,0.06367075443267822,0.008550643920898438,0.06371915340423584,0.009548281319439411,0.6971693933010101,False,False
78,1.56,0.10313550382852554,-0.20418952405452728,4.884840965270996,0.34240105748176575,-0.01648254320025444,-0.06756113469600677,0.05048506706953049,0.35907548666000366,-0.22004270553588867,0.3267802298069,-0.005508515518158674,0.012266154401004314,0.0,0.0,5.0,0.2561091508776953,0.019066572189331055,0.06578874588012695,0.01588129997253418,0.04451930522918701,0.009557393379509449,0.7067267866805196,False,False
79,1.58,0.10406601428985596,-0.19688932597637177,4.88057804107666,0.3425998091697693,-0.016846351325511932,-0.06122560054063797,0.042628441005945206,0.37073254585266113,-0.20626351237297058,0.3071039915084839,-0.03208663687109947,0.005249690264463425,0.0,0.0,5.0,0.25269892418982387,0.02011573314666748,0.052078843116760254,0.01482093334197998,0.054889678955078125,0.009561453014612198,0.7162882396951318,False,False
80,1.6,0.10484293848276138,-0.18936890363693237,4.876587867736816,0.3426766097545624,-0.017511609941720963,-0.05499662831425667,0.03511524572968483,0.3810991048812866,-0.19273334741592407,0.31592443585395813,-0.0347830131649971,-0.001456855214200914,0.0,0.0,5.0,0.24916496102802935,0.016829609870910645,0.05565357208251953,0.018790602684020996,0.03831171989440918,0.009569705463945866,0.7258579451590776,False,False
81,1.62,0.10547301918268204,-0.18165452778339386,4.872857093811035,0.3426378667354584,-0.018377862870693207,-0.04888749122619629,0.027936680242419243,0.3901311457157135,-0.1803402453660965,0.29491889476776123,-0.05153369903564453,-0.0068891155533492565,0.0,0.0,5.0,0.245536644584661,0.01618814468383789,0.04814291000366211,0.014545083045959473,0.05066657066345215,0.009573478251695633,0.7354314234107733,False,False
82,1.6400000000000001,0.10596191138029099,-0.17377203702926636,4.869374752044678,0.3424838185310364,-0.01940733939409256,-0.042940910905599594,0.020988279953598976,0.39791712164878845,-0.16789329051971436,0.2994476556777954,-0.05060833320021629,-0.01322738453745842,0.0,0.0,5.0,0.2418421032823995,0.01458442211151123,0.0536724328994751,0.01810312271118164,0.037760257720947266,0.009580862708389759,0.745012286119163,False,False
83,1.6600000000000001,0.10631413757801056,-0.16574636101722717,4.86613655090332,0.3422105014324188,-0.020566653460264206,-0.03715801611542702,0.014263392426073551,0.4044497609138489,-0.15592838823795319,0.27829375863075256,-0.06414537131786346,-0.01869683712720871,0.0,0.0,5.0,0.23810496644015747,0.014025330543518066,0.04579508304595947,0.016968488693237305,0.04798531532287598,0.009585613384842873,0.7545978995040059,False,False
84,1.68,0.10653345286846161,-0.15760204195976257,4.863138198852539,0.34182053804397583,-0.02180841751396656,-0.03159220516681671,0.00769207626581192,0.4097910225391388,-0.14386048913002014,0.2774597406387329,-0.058626603335142136,-0.024542592465877533,0.0,0.0,5.0,0.23434788845494348,0.012375831604003906,0.046946167945861816,0.02075958251953125,0.036736369132995605,0.009593433700501919,0.7641913332045078,False,False
85,1.7,0.10662306845188141,-0.1493627429008484,4.8603739738464355,0.34131714701652527,-0.02301660180091858,-0.026234220713377,0.001292346278205514,0.4139535427093506,-0.13254135847091675,0.2572096586227417,-0.06069382652640343,-0.029248826205730438,0.0,0.0,5.0,0.23059300698936078,0.011212587356567383,0.039668917655944824,0.02086663246154785,0.04386627674102783,0.00959909986704588,0.7737904330715537,False,False
86,1.72,0.10658606141805649,-0.14105132222175598,4.857835292816162,0.3407096564769745,-0.024095281958580017,-0.021135270595550537,-0.00497033167630434,0.41701433062553406,-0.12131697684526443,0.25125300884246826,-0.045712266117334366,-0.034039631485939026,0.0,0.0,5.0,0.22686310400280102,0.011376738548278809,0.047815799713134766,0.023135781288146973,0.03623676300048828,0.009605872444808483,0.7833963055163622,False,False
87,1.74,0.10642523318529129,-0.13268917798995972,4.85552453994751,0.3399997651576996,-0.025021929293870926,-0.016346903517842293,-0.011087153106927872,0.4190364480018616,-0.10978591442108154,0.22584019601345062,-0.0456128865480423,-0.03865213692188263,0.0,0.0,5.0,0.22317237008996776,0.012050032615661621,0.03975355625152588,0.02292335033416748,0.04371356964111328,0.009611628949642181,0.7930079344660044,False,False
88,1.76,0.10614354908466339,-0.12429630756378174,4.8534440994262695,0.33919212222099304,-0.02578522264957428,-0.011884963139891624,-0.017055528238415718,0.4200975298881531,-0.09825548529624939,0.21830053627490997,-0.029574675485491753,-0.04316715896129608,0.0,0.0,5.0,0.21953281549521417,0.012809395790100098,0.04349720478057861,0.022208571434020996,0.03371632099151611,0.009618808515369892,0.8026267429813743,False,False
89,1.78,0.10574435442686081,-0.11589130759239197,4.851588249206543,0.3382950723171234,-0.02639065682888031,-0.007704403251409531,-0.022835800424218178,0.42026233673095703,-0.08732648193836212,0.1974150836467743,-0.030093368142843246,-0.04709582030773163,0.0,0.0,5.0,0.21595997648223422,0.009328842163085938,0.03725326061248779,0.021015286445617676,0.03461766242980957,0.009625716134905815,0.8122524591162801,False,False
90,1.8,0.10523146390914917,-0.10749129951000214,4.849941253662109,0.33731716871261597,-0.02690069004893303,-0.0038860139902681112,-0.028427239507436752,0.41961121559143066,-0.07737618684768677,0.18181730806827545,-0.0203475933521986,-0.05096222460269928,0.0,0.0,5.0,0.21247509929238992,0.00944364070892334,0.03471267223358154,0.02113020420074463,0.02919602394104004,0.009632649831473827,0.8218851089477539,False,False
91,1.82,0.10460857301950455,-0.09911177307367325,4.848484516143799,0.33626729249954224,-0.027243722230196,-0.00040853567770682275,-0.03383301571011543,0.4182262122631073,-0.06818336248397827,0.16308805346488953,-0.013734478503465652,-0.054065898060798645,0.0,0.0,5.0,0.2091005474865216,0.009475946426391602,0.029645085334777832,0.021007657051086426,0.027457594871520996,0.009639069437980652,0.8315241783857346,False,False
92,1.84,0.10387945175170898,-0.09076658636331558,4.847205638885498,0.33516064286231995,-0.027416368946433067,0.002734145848080516,-0.0390511155128479,0.4161902368068695,-0.05966787785291672,0.1481550931930542,-0.003661930561065674,-0.05654425919055939,0.0,0.0,5.0,0.2058534199003594,0.010757923126220703,0.028988957405090332,0.020180344581604004,0.02350461483001709,0.009645042940974236,0.8411692213267088,False,False
93,1.86,0.10304786264896393,-0.08246801048517227,4.84609317779541,0.33400917053222656,-0.027442844584584236,0.00556661793962121,-0.04407818242907524,0.413576602935791,-0.051561903208494186,0.13193371891975403,0.0005333942826837301,-0.058551207184791565,0.0,0.0,5.0,0.20274896959298572,0.010372519493103027,0.025107264518737793,0.01907527446746826,0.022127151489257812,0.00965087115764618,0.850820092484355,False,False
94,1.8800000000000001,0.10211769491434097,-0.07422687113285065,4.8451361656188965,0.33282169699668884,-0.02736259065568447,0.008110728114843369,-0.048908550292253494,0.4104585647583008,-0.04412061721086502,0.11922340095043182,0.006678055040538311,-0.06020723283290863,0.0,0.0,5.0,0.1998010490763477,0.010609865188598633,0.021971583366394043,0.01733982563018799,0.018636465072631836,0.009656601585447788,0.8604766940698028,False,False
95,1.9000000000000001,0.10109292715787888,-0.06605259329080582,4.844320297241211,0.33160701394081116,-0.027181584388017654,0.010418852791190147,-0.05353762209415436,0.4068993926048279,-0.03747919201850891,0.10827655345201492,0.010295230895280838,-0.06138576567173004,0.0,0.0,5.0,0.19702511223916033,0.009698987007141113,0.018241167068481445,0.01581871509552002,0.015370011329650879,0.009662186726927757,0.8701388807967305,False,False
96,1.92,0.09997761994600296,-0.05795343220233917,4.8436279296875,0.3303741216659546,-0.026926875114440918,0.012519982643425465,-0.057963550090789795,0.4029528796672821,-0.03176581859588623,0.09850110113620758,0.013759150169789791,-0.06213925778865814,0.0,0.0,5.0,0.1944385485646197,0.00732111930847168,0.015152812004089355,0.014050006866455078,0.01344156265258789,0.009667438454926014,0.8798063192516565,False,False
97,1.94,0.09877579659223557,-0.049936696887016296,4.843040466308594,0.3291287124156952,-0.02658092975616455,0.01443159207701683,-0.06218770518898964,0.3986646831035614,-0.026954377070069313,0.08932827413082123,0.0191534124314785,-0.06281176209449768,0.0,0.0,5.0,0.19205891519281298,0.006822824478149414,0.010610818862915039,0.010646343231201172,0.012045741081237793,0.009672421030700207,0.8894787402823567,False,False
98,1.96,0.09749156981706619,-0.04200877249240875,4.8425397872924805,0.3278741240501404,-0.026121973991394043,0.016225388273596764,-0.0662025734782219,0.3940775692462921,-0.02311096526682377,0.08674537390470505,0.024813469499349594,-0.06329473853111267,0.0,0.0,5.0,0.18990276916783533,0.002461075782775879,0.008690714836120605,0.008423686027526855,0.0077141523361206055,0.009677493944764137,0.8991562342271209,False,False
99,1.98,0.09612931311130524,-0.03417528048157692,4.842103481292725,0.32661229372024536,-0.025550417602062225,0.017917580902576447,-0.0699896514415741,0.3892259895801544,-0.02052920311689377,0.0792137086391449,0.030179519206285477,-0.06380864977836609,0.0,0.0,5.0,0.1879896413505882,0.0033676624298095703,0.005699276924133301,0.004050731658935547,0.005627870559692383,0.009682031348347664,0.9088382655754685,False,False
100,2.0,0.09469358623027802,-0.02644130028784275,4.841710567474365,0.32534363865852356,-0.024916881695389748,0.01952587068080902,-0.07354871928691864,0.38412967324256897,-0.018787847831845284,0.07841441035270691,0.03078867495059967,-0.06417253613471985,0.0,0.0,5.0,0.18633722677809297,-1.5139579772949219e-05,0.0046384334564208984,-0.001123666763305664,-0.0020660758018493652,0.009686490520834923,0.9185247560963035,False,False
101,2.02,0.09318908303976059,-0.01881134882569313,4.841336727142334,0.3240673243999481,-0.02436063438653946,0.021064890548586845,-0.07686983048915863,0.378824919462204,-0.018747035413980484,0.07234423607587814,0.022234618663787842,-0.06451806426048279,0.0,0.0,5.0,0.18496514859924146,0.001328587532043457,0.004785656929016113,-0.003875255584716797,-0.0016629695892333984,0.009689436294138432,0.9282141923904419,False,False
102,2.04,0.09161998331546783,-0.011289922520518303,4.8409624099731445,0.32277852296829224,-0.024015087634325027,0.022529495880007744,-0.08001507818698883,0.37327730655670166,-0.018794257193803787,0.07100094854831696,0.009503553621470928,-0.06504592299461365,0.0,0.0,5.0,0.1838875709089553,-0.0006710290908813477,0.007957220077514648,-0.0023065805435180664,-0.0009726285934448242,0.009692182764410973,0.9379063751548529,False,False
103,2.06,0.08998928219079971,-0.003882027231156826,4.84058952331543,0.3214699923992157,-0.023910056799650192,0.02390151098370552,-0.08303907513618469,0.3674716651439667,-0.01851024106144905,0.06306677311658859,-0.0020411198493093252,-0.0659734308719635,0.0,0.0,5.0,0.1830979003742008,-0.0011548399925231934,0.009776711463928223,-0.0018256306648254395,0.0016379356384277344,0.009694709442555904,0.9476010845974088,False,False
104,2.08,0.08829886466264725,0.0034072124399244785,4.840226650238037,0.320133775472641,-0.024014469236135483,0.025113539770245552,-0.08599445968866348,0.36141446232795715,-0.01779814064502716,0.05493558943271637,-0.01167121808975935,-0.06731370091438293,0.0,0.0,5.0,0.1825810009050279,-0.001901865005493164,0.00871431827545166,-0.00014162063598632812,0.002961277961730957,0.009697573259472847,0.9572986578568816,False,False
105,2.1,0.08654969185590744,0.010573036037385464,4.839879035949707,0.31876763701438904,-0.024256784468889236,0.026163361966609955,-0.08892142027616501,0.35513344407081604,-0.016975050792098045,0.04674995318055153,-0.01605464145541191,-0.06859102845191956,0.0,0.0,5.0,0.182322136285739,-0.00042724609375,0.007056832313537598,0.0005400180816650391,0.0036591291427612305,0.009700360707938671,0.9669990185648203,False,False
106,2.12,0.0847420021891594,0.01761118695139885,4.8395490646362305,0.3173767924308777,-0.024567749351263046,0.027084682136774063,-0.09184924513101578,0.3486507534980774,-0.016041137278079987,0.041987065225839615,-0.01873321644961834,-0.06957826018333435,0.0,0.0,5.0,0.18230705828347174,-0.0008432269096374512,0.0059365034103393555,0.0010173320770263672,0.0032917261123657227,0.009702940471470356,0.9767019590362906,False,False
107,2.14,0.08287563174962997,0.024517899379134178,4.839236259460449,0.31596639752388,-0.024912606924772263,0.027910135686397552,-0.094791479408741,0.34199193120002747,-0.01525321789085865,0.03706967085599899,-0.019617076963186264,-0.0704212486743927,0.0,0.0,5.0,0.18252254107406468,0.0053321123123168945,0.00832676887512207,-0.00038164854049682617,0.005033135414123535,0.009704124182462692,0.9864060832187533,False,False
108,2.16,0.08095000684261322,0.031289439648389816,4.8389482498168945,0.31453633308410645,-0.025362972170114517,0.028713608160614967,-0.09777761995792389,0.33513355255126953,-0.013598363846540451,0.03968406841158867,-0.029448430985212326,-0.071204274892807,0.0,0.0,5.0,0.18294698379139998,0.005384683609008789,0.01281726360321045,8.106231689453125e-06,0.007872939109802246,0.009704994037747383,0.9961110772565007,False,False
109,2.18,0.0789639949798584,0.03792174533009529,4.838700294494629,0.3130776882171631,-0.026022382080554962,0.029549170285463333,-0.1008366048336029,0.328064888715744,-0.011189011856913567,0.04012623801827431,-0.04071185737848282,-0.07262858748435974,0.0,0.0,5.0,0.18355099092126728,0.005930781364440918,0.019520163536071777,-0.0017743110656738281,0.012634873390197754,0.009704938158392906,1.0058160154148936,False,False
110,2.2,0.0769156739115715,0.04441032558679581,4.838510513305664,0.31157001852989197,-0.026950955390930176,0.030400140210986137,-0.10401595383882523,0.32075801491737366,-0.0077859037555754185,0.04097852110862732,-0.05662139505147934,-0.07523539662361145,0.0,0.0,5.0,0.18430179658591642,0.0023696422576904297,0.017534255981445312,0.000400543212890625,0.01868915557861328,0.009706332348287106,1.0155223477631807,False,False
111,2.22,0.07480225712060928,0.05075047165155411,4.838391304016113,0.30999910831451416,-0.028044698759913445,0.03129640966653824,-0.10735271126031876,0.3132188618183136,-0.004130703862756491,0.04432861879467964,-0.057544395327568054,-0.07835003733634949,0.0,0.0,5.0,0.18517116044569484,0.0003281831741333008,0.011496305465698242,0.004091382026672363,0.010037899017333984,0.009710266254842281,1.025232614018023,False,False
112,2.24,0.07262067496776581,0.05693799629807472,4.838332176208496,0.30838051438331604,-0.02912007085978985,0.03217193856835365,-0.11083175987005234,0.30549657344818115,-0.0017652572132647038,0.03859758749604225,-0.0550730898976326,-0.07994344830513,0.0,0.0,5.0,0.18615096858381966,0.0034067630767822266,0.0021480321884155273,0.006912946701049805,0.006358146667480469,0.009713307954370975,1.034945921972394,False,False
113,2.2600000000000002,0.07036803662776947,0.0629691630601883,4.838313579559326,0.3067503571510315,-0.03008534014225006,0.03299935534596443,-0.11445584893226624,0.29758578538894653,-0.00010974430915666744,0.03931816294789314,-0.04671129211783409,-0.07977458834648132,0.0,0.0,5.0,0.18724122043574176,0.006066083908081055,0.0007988214492797852,0.00809943675994873,0.0015857219696044922,0.009715051390230656,1.0446609733626246,False,False
114,2.2800000000000002,0.06804157793521881,0.0688401311635971,4.8383259773254395,0.3051357567310333,-0.03093579411506653,0.03382101282477379,-0.11820995062589645,0.28947973251342773,0.0013119745999574661,0.03792163357138634,-0.04367736354470253,-0.07867780327796936,0.0,0.0,5.0,0.18843330277397896,0.008173227310180664,-0.000680387020111084,0.011202335357666016,0.0029317140579223633,0.009715945459902287,1.054376918822527,False,False
115,2.3000000000000003,0.06563874334096909,0.07454680651426315,4.838371753692627,0.3035508990287781,-0.031683649867773056,0.03463507071137428,-0.12209146469831467,0.281156986951828,0.003220711136236787,0.03852168470621109,-0.03648494929075241,-0.07708343863487244,0.0,0.0,5.0,0.18970862129395555,0.009761691093444824,-0.0005054473876953125,0.0132598876953125,0.0010154247283935547,0.009717055596411228,1.0640939744189382,False,False
116,2.32,0.06315725296735764,0.08008505403995514,4.838457107543945,0.30200669169425964,-0.03230536729097366,0.035433102399110794,-0.12607204914093018,0.2726380228996277,0.00530627416446805,0.03634153679013252,-0.03105495497584343,-0.0749875009059906,0.0,0.0,5.0,0.19104596458976514,0.011418938636779785,-0.0031905770301818848,0.01500403881072998,0.0028908252716064453,0.009717915207147598,1.0738118896260858,False,False
117,2.34,0.0605953224003315,0.08545103669166565,4.838586807250977,0.30051353573799133,-0.032768432050943375,0.03623548522591591,-0.1301301270723343,0.263931006193161,0.007636649068444967,0.03903724253177643,-0.020567256957292557,-0.07249942421913147,0.0,0.0,5.0,0.1924263276215443,0.011286497116088867,-0.0034662485122680664,0.016081809997558594,-0.00045353174209594727,0.009719130583107471,1.0835310202091932,False,False
118,2.36,0.05795186012983322,0.09064127504825592,4.838759899139404,0.29908090829849243,-0.03304284065961838,0.03704383224248886,-0.13421925902366638,0.2550654113292694,0.00969662144780159,0.03708462789654732,-0.012100356630980968,-0.0695863664150238,0.0,0.0,5.0,0.1938366037682677,0.012796998023986816,-0.00436556339263916,0.016986608505249023,8.594989776611328e-05,0.009719949215650558,1.0932509694248438,False,False
119,2.38,0.05522648245096207,0.0956525132060051,4.8389763832092285,0.29771554470062256,-0.03314011171460152,0.03783348947763443,-0.13831590116024017,0.24603386223316193,0.011950861662626266,0.03736336901783943,-0.002726559527218342,-0.06641486287117004,0.0,0.0,5.0,0.1952638543379512,0.011786937713623047,-0.0052925944328308105,0.017011284828186035,0.002851247787475586,0.0097209382802248,1.1029719077050686,False,False
120,2.4,0.05241943150758743,0.10048160701990128,4.83923864364624,0.29642000794410706,-0.03299986198544502,0.03865540027618408,-0.1423800140619278,0.23685216903686523,0.014282725751399994,0.04054296016693115,0.011791246943175793,-0.06350633502006531,0.0,0.0,5.0,0.19669408696140578,0.01008296012878418,-0.0050866007804870605,0.015426039695739746,0.00035583972930908203,0.009722279384732246,1.1126941870898008,False,False
121,2.42,0.04953198507428169,0.10512591153383255,4.839541912078857,0.295192152261734,-0.03259871527552605,0.03950773924589157,-0.14634673297405243,0.22755667567253113,0.01606319285929203,0.040663182735443115,0.023498449474573135,-0.060690850019454956,0.0,0.0,5.0,0.1981203492842852,0.008557677268981934,-0.007019937038421631,0.015535950660705566,-0.0023622512817382812,0.00972301047295332,1.1224171975627542,False,False
122,2.44,0.04656657949090004,0.1095832884311676,4.839874744415283,0.29403364658355713,-0.03195567801594734,0.04033336043357849,-0.15016847848892212,0.21816319227218628,0.01724597066640854,0.03815880045294762,0.0361332893371582,-0.05757412314414978,0.0,0.0,5.0,0.19954207803103,0.009659886360168457,-0.008376777172088623,0.015860438346862793,-0.004394352436065674,0.009723320603370667,1.1321405181661248,False,False
123,2.46,0.04352647438645363,0.11385181546211243,4.840229511260986,0.29295215010643005,-0.031077712774276733,0.04110676795244217,-0.1538098007440567,0.208674356341362,0.018234919756650925,0.035771556198596954,0.04719031602144241,-0.05400896072387695,0.0,0.0,5.0,0.20095621147015288,0.010226845741271973,-0.008242964744567871,0.0160597562789917,-0.005486726760864258,0.009723739698529243,1.141864257864654,False,False
124,2.48,0.04041564464569092,0.11792971193790436,4.840603828430176,0.2919526696205139,-0.029998309910297394,0.04181955009698868,-0.15723498165607452,0.19910401105880737,0.019204938784241676,0.032453473657369614,0.05651652067899704,-0.05028325319290161,0.0,0.0,5.0,0.2023560742873826,0.011166214942932129,-0.005967617034912109,0.01567697525024414,-0.004528522491455078,0.009724385105073452,1.1515886429697275,False,False
125,2.5,0.037238672375679016,0.12181537598371506,4.841001510620117,0.291032612323761,-0.02876356616616249,0.04246256873011589,-0.16041895747184753,0.18945527076721191,0.020547419786453247,0.02914396859705448,0.06297403573989868,-0.04680681228637695,0.0,0.0,5.0,0.2037307639298536,0.010283470153808594,-0.004412353038787842,0.013980388641357422,-0.004763960838317871,0.009725280106067657,1.1613139230757952,False,False
126,2.52,0.0340007059276104,0.1255076825618744,4.841424942016602,0.29018351435661316,-0.027430342510342598,0.04302559792995453,-0.1633322834968567,0.17977263033390045,0.021768717095255852,0.02477133646607399,0.06659982353448868,-0.043693333864212036,0.0,0.0,5.0,0.205071390983887,0.008942246437072754,-0.004975557327270508,0.012661099433898926,-0.0036124587059020996,0.009725969284772873,1.171039892360568,False,False
127,2.54,0.030707290396094322,0.12900622189044952,4.841869831085205,0.28939828276634216,-0.026007868349552155,0.04351671412587166,-0.16596189141273499,0.17007961869239807,0.022789962589740753,0.022240925580263138,0.07211927324533463,-0.040882378816604614,0.0,0.0,5.0,0.20637512759763357,0.007423877716064453,-0.005869925022125244,0.011709094047546387,-0.007849633693695068,0.009726283140480518,1.1807661755010486,False,False
128,2.56,0.027364302426576614,0.13231121003627777,4.8423285484313965,0.28867584466934204,-0.024507485330104828,0.04391193389892578,-0.1682879626750946,0.16042116284370422,0.0230699572712183,0.01545596681535244,0.07461987435817719,-0.037823617458343506,0.0,0.0,5.0,0.20764235595924943,0.008115887641906738,-0.0059757232666015625,0.01206958293914795,-0.008268237113952637,0.009726443327963352,1.190492618829012,False,False
129,2.58,0.023977771401405334,0.1354231983423233,4.8427934646606445,0.28801843523979187,-0.02296663448214531,0.04416900873184204,-0.17031632363796234,0.15078361332416534,0.02340613678097725,0.008689669892191887,0.07642204314470291,-0.03461804986000061,0.0,0.0,5.0,0.20887381579328299,0.008238792419433594,-0.005760312080383301,0.012908339500427246,-0.009152054786682129,0.009726504795253277,1.2002191236242652,False,False
130,2.6,0.020553646609187126,0.13834287226200104,4.843265533447266,0.2874283492565155,-0.021396690979599953,0.044268473982810974,-0.17204736173152924,0.14119656383991241,0.023776408284902573,-5.333626177161932e-05,0.07781060039997101,-0.03126072883605957,0.0,0.0,5.0,0.2100640276206421,0.009108662605285645,-0.006469130516052246,0.013541698455810547,-0.009454131126403809,0.009726437740027905,1.209945561364293,False,False
131,2.62,0.017097845673561096,0.1410716027021408,4.843745231628418,0.28690916299819946,-0.019800184294581413,0.04419766366481781,-0.1734846830368042,0.13169173896312714,0.0242014080286026,-0.008098664693534374,0.07938789576292038,-0.027669250965118408,0.0,0.0,5.0,0.21120863158139236,0.009616374969482422,-0.007028043270111084,0.014041781425476074,-0.010236799716949463,0.009726308286190033,1.2196718696504831,False,False
132,2.64,0.013616212643682957,0.1436113566160202,4.844233512878418,0.2864648699760437,-0.018177995458245277,0.043961301445961,-0.17463110387325287,0.12230553478002548,0.024601200595498085,-0.01638239063322544,0.08071531355381012,-0.02385912835597992,0.0,0.0,5.0,0.21230360690777184,0.010555148124694824,-0.00785905122756958,0.014728069305419922,-0.011008679866790771,0.009726017713546753,1.2293978873640299,False,False
133,2.66,0.010114526376128197,0.1459648162126541,4.844729423522949,0.286100298166275,-0.016534974798560143,0.043560512363910675,-0.1754908561706543,0.11306853592395782,0.02501179650425911,-0.024330725893378258,0.08183380961418152,-0.01974835991859436,0.0,0.0,5.0,0.21334709544618355,0.011033296585083008,-0.008379995822906494,0.015071749687194824,-0.011823594570159912,0.009725753217935562,1.2391236405819654,False,False
134,2.68,0.006598474457859993,0.14813533425331116,4.845232963562012,0.28581979870796204,-0.014878077432513237,0.042997077107429504,-0.1760684996843338,0.10401462018489838,0.02538144402205944,-0.032455939799547195,0.08248681575059891,-0.015436843037605286,0.0,0.0,5.0,0.21433724055168024,0.011306285858154297,-0.0089111328125,0.0151137113571167,-0.01261281967163086,0.00972546637058258,1.248849106952548,False,False
135,2.7,0.003073638305068016,0.1501268595457077,4.845743179321289,0.2856263220310211,-0.013217377476394176,0.04226910322904587,-0.1763705164194107,0.0951770469546318,0.025662757456302643,-0.040614549070596695,0.0826067328453064,-0.01097298413515091,0.0,0.0,5.0,0.21527351889025043,0.01140129566192627,-0.009407877922058105,0.014886140823364258,-0.013406515121459961,0.009725149720907211,1.2585742566734552,False,False
136,2.72,-0.00045455273357219994,0.1519440859556198,4.846258163452148,0.28552162647247314,-0.011564956046640873,0.041376788169145584,-0.17640560865402222,0.08658821135759354,0.025815628468990326,-0.04874937981367111,0.08205211162567139,-0.006401306018233299,0.0,0.0,5.0,0.21615680461225986,0.012002825736999512,-0.009755909442901611,0.01449120044708252,-0.013870000839233398,0.009724804200232029,1.2682990608736873,False,False
137,2.74,-0.003980868961662054,0.15359224379062653,4.846776008605957,0.28550660610198975,-0.009939592331647873,0.04033017158508301,-0.17618511617183685,0.07827384024858475,0.025920812040567398,-0.055929750204086304,0.08028616011142731,-0.0017348132096230984,0.0,0.0,5.0,0.2169885163068565,0.012451410293579102,-0.009332597255706787,0.013678669929504395,-0.012110769748687744,0.009724770672619343,1.2780238315463066,False,False
138,2.7600000000000002,-0.007500328589230776,0.1550769805908203,4.847297191619873,0.2855793535709381,-0.008352372795343399,0.039167337119579315,-0.17572204768657684,0.07024873793125153,0.02621622569859028,-0.06028875708580017,0.07859808951616287,0.002694490132853389,0.0,0.0,5.0,0.21776885113645125,0.011290907859802246,-0.007910013198852539,0.012301087379455566,-0.009342849254608154,0.009725050069391727,1.2877488816156983,False,False
139,2.7800000000000002,-0.011008193716406822,0.15640424191951752,4.8478264808654785,0.28573164343833923,-0.006789737846702337,0.03793380782008171,-0.1750270426273346,0.06253010034561157,0.026685327291488647,-0.0629512369632721,0.07813511043787003,0.006497348193079233,0.0,0.0,5.0,0.21849541675994366,0.009797334671020508,-0.006570160388946533,0.010556936264038086,-0.00830167531967163,0.00972518976777792,1.2974740713834763,False,False
140,2.8000000000000003,-0.014499901793897152,0.1575803905725479,4.848364353179932,0.2859521806240082,-0.005244807340204716,0.0366462878882885,-0.17410719394683838,0.055138204246759415,0.0270820464938879,-0.06566867232322693,0.0770716443657875,0.009777176193892956,0.0,0.0,5.0,0.21916933186823817,0.00836193561553955,-0.005706906318664551,0.008789300918579102,-0.006834089756011963,0.009725295007228851,1.307199366390705,False,False
141,2.82,-0.017971020191907883,0.15861205756664276,4.848909378051758,0.2862304449081421,-0.003720081178471446,0.03531467169523239,-0.1729690581560135,0.04808158054947853,0.027404330670833588,-0.06736993789672852,0.07630220055580139,0.01254166942089796,0.0,0.0,5.0,0.21979335388716512,0.00725400447845459,-0.0048926472663879395,0.0070525407791137695,-0.0064043402671813965,0.009725256823003292,1.3169246232137084,False,False
142,2.84,-0.021417245268821716,0.15950597822666168,4.849459171295166,0.286557137966156,-0.002223193645477295,0.03395193815231323,-0.17161911725997925,0.04136841744184494,0.02758014388382435,-0.0688074454665184,0.07442731410264969,0.01492550503462553,0.0,0.0,5.0,0.22037104299813826,0.006431937217712402,-0.003931105136871338,0.005215883255004883,-0.005471706390380859,0.009725276380777359,1.3266498995944858,False,False
143,2.86,-0.024834418669342995,0.16026908159255981,4.850012302398682,0.28692352771759033,-0.0007761524175293744,0.03257158398628235,-0.1700655072927475,0.03499864786863327,0.027690820395946503,-0.06917332857847214,0.0714147686958313,0.016885457560420036,0.0,0.0,5.0,0.22090549177626012,0.005937695503234863,-0.0023480653762817383,0.0033686161041259766,-0.004933416843414307,0.009725282900035381,1.3363751824945211,False,False
144,2.88,-0.028218574821949005,0.16090820729732513,4.850566864013672,0.28732022643089294,0.0005839726654812694,0.03118777647614479,-0.1683204174041748,0.028968974947929382,0.027789056301116943,-0.06920485198497772,0.06579264998435974,0.0184298288077116,0.0,0.0,5.0,0.22140009320533116,0.00436556339263916,-0.001515030860900879,0.001753687858581543,-0.004478871822357178,0.009725296869874,1.3461004793643951,False,False
145,2.9,-0.03156609088182449,0.16143013536930084,4.85112190246582,0.287738174200058,0.0018268501153215766,0.02980022504925728,-0.16640526056289673,0.02327900379896164,0.027709465473890305,-0.06960107386112213,0.059711307287216187,0.01955762319266796,0.0,0.0,5.0,0.22185759987953335,0.0033205747604370117,-0.0016260743141174316,0.0007336139678955078,-0.003677546977996826,0.009725159034132957,1.355825638398528,False,False
146,2.92,-0.03487379476428032,0.16184160113334656,4.8516740798950195,0.2881711423397064,0.002958334982395172,0.028414953500032425,-0.16434213519096375,0.01792098395526409,0.02750280871987343,-0.06903024017810822,0.05464917793869972,0.020428938791155815,0.0,0.0,5.0,0.22228239694959076,0.0025331974029541016,-0.0016418099403381348,-1.8358230590820312e-05,-0.003464996814727783,0.009724859148263931,1.365550497546792,False,False
147,2.94,-0.038138922303915024,0.16214914619922638,4.8522210121154785,0.2886156141757965,0.003991623874753714,0.02704370766878128,-0.16215059161186218,0.012887118384242058,0.02717149443924427,-0.06824910640716553,0.04987220838665962,0.021138591691851616,0.0,0.0,5.0,0.22267813603453687,0.0015159845352172852,-0.0016991496086120605,-0.0003699064254760742,-0.003291308879852295,0.009724495932459831,1.3752749934792519,False,False
148,2.96,-0.041359078139066696,0.16235920786857605,4.852759838104248,0.2890692949295044,0.004939434118568897,0.025683827698230743,-0.1598476767539978,0.00816905777901411,0.02672385238111019,-0.06794144213199615,0.04607151821255684,0.02170996181666851,0.0,0.0,5.0,0.22304876372513738,0.001329183578491211,-0.0022819042205810547,-0.000576019287109375,-0.0031588077545166016,0.009723985567688942,1.3849989790469408,False,False
149,2.98,-0.044532179832458496,0.1624780148267746,4.853289604187012,0.289531409740448,0.0058191390708088875,0.02433856576681137,-0.15744724869728088,0.0037593073211610317,0.026199575513601303,-0.06683388352394104,0.04302703216671944,0.022286606952548027,0.0,0.0,5.0,0.22339686788825777,0.0004591941833496094,-0.002125561237335205,-0.0009194016456604004,-0.0026085972785949707,0.009723600000143051,1.3947225790470839,False,False
150,3.0,-0.047656379640102386,0.16251163184642792,4.8538079261779785,0.29000094532966614,0.0066483826376497746,0.023014452308416367,-0.1549595147371292,-0.000349924637703225,0.02563096396625042,-0.06587033718824387,0.04098527133464813,0.02268454246222973,0.0,0.0,5.0,0.2237259114500908,-0.0009692907333374023,-0.0028174519538879395,-0.000952303409576416,-0.002915501594543457,0.009722867980599403,1.4044454470276833,False,False
151,3.02,-0.050730038434267044,0.16246606409549713,4.854312419891357,0.29047638177871704,0.007456616498529911,0.021699046716094017,-0.1523936688899994,-0.004160374868661165,0.0248260535299778,-0.06600549817085266,0.040880754590034485,0.02303941361606121,0.0,0.0,5.0,0.22403934873172734,-0.002033412456512451,-0.004210531711578369,-0.0009596943855285645,-0.005485653877258301,0.009721613489091396,1.4141670605167747,False,False
152,3.04,-0.05375165492296219,0.16234730184078217,4.854795932769775,0.29096052050590515,0.00826187152415514,0.020357081666588783,-0.14975562691688538,-0.0076678162440657616,0.023531831800937653,-0.06857182830572128,0.04064471274614334,0.023663489148020744,0.0,0.0,5.0,0.22434372726274035,-0.0009701251983642578,-0.0063849687576293945,-0.0014442801475524902,-0.005517721176147461,0.0097207585349679,1.4238878190517426,False,False
153,3.06,-0.05671976879239082,0.16216139495372772,4.855251789093018,0.2914586663246155,0.009069224819540977,0.01900446228682995,-0.14704346656799316,-0.010873614810407162,0.022082066163420677,-0.06712191551923752,0.04105508327484131,0.024546874687075615,0.0,0.0,5.0,0.224645264241144,-0.00211411714553833,-0.005683183670043945,-0.0020754337310791016,-0.006630122661590576,0.009719976224005222,1.4336077952757478,False,False
154,3.08,-0.05963290110230446,0.1619143784046173,4.855677127838135,0.29197195172309875,0.009870979934930801,0.01765604130923748,-0.1442575603723526,-0.013778428547084332,0.020421480759978294,-0.06820644438266754,0.04004761576652527,0.02530328743159771,0.0,0.0,5.0,0.2249476389231079,-0.0013781189918518066,-0.006513714790344238,-0.0024449825286865234,-0.006190657615661621,0.009719309397041798,1.4433271046727896,False,False
155,3.1,-0.062489572912454605,0.16161224246025085,4.8560686111450195,0.29249969124794006,0.010654803365468979,0.016312336549162865,-0.14139796793460846,-0.016385652124881744,0.01876157335937023,-0.06670583784580231,0.03921933099627495,0.026130197569727898,0.0,0.0,5.0,0.22525476317613238,-0.002108335494995117,-0.00568312406539917,-0.002908647060394287,-0.006417334079742432,0.009718647226691246,1.4530457518994808,False,False
156,3.12,-0.06528834998607635,0.1612609326839447,4.85642671585083,0.2930408716201782,0.011413905769586563,0.014984795823693275,-0.13846850395202637,-0.01869863271713257,0.017046527937054634,-0.06664536893367767,0.03752852603793144,0.026789648458361626,0.0,0.0,5.0,0.22556804954465168,-0.001747429370880127,-0.005865931510925293,-0.003220081329345703,-0.005782783031463623,0.009718025103211403,1.4627637770026922,False,False
157,3.14,-0.06802784651517868,0.16086624562740326,4.856750965118408,0.2935934066772461,0.012141315266489983,0.013675222173333168,-0.1354725956916809,-0.020722409710288048,0.01538274809718132,-0.06496299803256989,0.03599641099572182,0.02741171233355999,0.0,0.0,5.0,0.22588940408584077,-0.002273082733154297,-0.005110740661621094,-0.0035897493362426758,-0.005622208118438721,0.009717363864183426,1.4724811408668756,False,False
158,3.16,-0.0707068219780922,0.16043393313884735,4.85704231262207,0.2941552996635437,0.012833889573812485,0.012391636148095131,-0.13241581618785858,-0.022462869063019753,0.013722932897508144,-0.06409750878810883,0.033987220376729965,0.027865095064044,0.0,0.0,5.0,0.226219808940525,-0.0021275877952575684,-0.0050040483474731445,-0.0038629770278930664,-0.004990935325622559,0.009716710075736046,1.4821978509426117,False,False
159,3.18,-0.07332410663366318,0.15996959805488586,4.8572998046875,0.29472407698631287,0.01348805706948042,0.011136090382933617,-0.12930315732955933,-0.023926883935928345,0.012124352157115936,-0.06220586597919464,0.03209386765956879,0.02823796682059765,0.0,0.0,5.0,0.22656134413816537,-0.0024120211601257324,-0.004180729389190674,-0.004334628582000732,-0.004738926887512207,0.009716016240417957,1.4919138671830297,False,False
160,3.2,-0.07587862759828568,0.15947866439819336,4.857526779174805,0.29529738426208496,0.01409674808382988,0.00991462729871273,-0.12614092230796814,-0.025122448801994324,0.01055812556296587,-0.06073133274912834,0.029375294223427773,0.028440339490771294,0.0,0.0,5.0,0.2269132635540192,-0.0027189254760742188,-0.003968298435211182,-0.004785776138305664,-0.003836512565612793,0.009715302847325802,1.5016291700303555,False,False
161,3.22,-0.07836946099996567,0.15896645188331604,4.857723236083984,0.2958717346191406,0.01465767715126276,0.008732092566788197,-0.12293650209903717,-0.026058534160256386,0.009027579799294472,-0.058348074555397034,0.027250289916992188,0.02846820466220379,0.0,0.0,5.0,0.22727688574118007,-0.003358900547027588,-0.0037459731101989746,-0.0052468180656433105,-0.0032288432121276855,0.009714488871395588,1.511343658901751,False,False
162,3.24,-0.08079584687948227,0.15843801200389862,4.857889175415039,0.296443909406662,0.015182927250862122,0.007599748205393553,-0.11969657987356186,-0.026745570823550224,0.007470833603292704,-0.055739909410476685,0.025740506127476692,0.028316376730799675,0.0,0.0,5.0,0.2276533746399069,-0.003606855869293213,-0.0038074254989624023,-0.0054863691329956055,-0.0027347803115844727,0.009713670238852501,1.5210573291406035,False,False
163,3.2600000000000002,-0.08315709233283997,0.15789823234081268,4.8580241203308105,0.29701149463653564,0.015684785321354866,0.006525753997266293,-0.11642370373010635,-0.027195263653993607,0.005908914376050234,-0.0525355190038681,0.024844909086823463,0.028078867122530937,0.0,0.0,5.0,0.22804408387293432,-0.003731250762939453,-0.0038378238677978516,-0.005392611026763916,-0.0023022890090942383,0.009712876752018929,1.5307702058926225,False,False
164,3.2800000000000002,-0.08545255661010742,0.15735173225402832,4.85812520980835,0.2975732982158661,0.016176793724298477,0.005518710240721703,-0.11311714351177216,-0.027420319616794586,0.004383320454508066,-0.0490640252828598,0.024692805483937263,0.027801064774394035,0.0,0.0,5.0,0.2284516648362884,-0.005002021789550781,-0.004124581813812256,-0.006215214729309082,-0.0014547109603881836,0.009711803868412971,1.5404820097610354,False,False
165,3.3000000000000003,-0.08768156170845032,0.15680284798145294,4.858195781707764,0.2981266975402832,0.01668356917798519,0.004588690120726824,-0.10977645963430405,-0.027433808892965317,0.002706824103370309,-0.04484708234667778,0.026263775303959846,0.02727617137134075,0.0,0.0,5.0,0.2288746943727061,-0.006354987621307373,-0.003688633441925049,-0.007664084434509277,-0.0010663866996765137,0.009710635058581829,1.5501926448196173,False,False
166,3.3200000000000003,-0.08984333276748657,0.15625569224357605,4.858231067657471,0.29866594076156616,0.017220763489603996,0.003743582870811224,-0.10639344900846481,-0.02724984474480152,0.0008355265599675477,-0.04057756066322327,0.02767990343272686,0.026413558050990105,0.0,0.0,5.0,0.2293165846135624,-0.007492482662200928,-0.0034333467483520508,-0.009940087795257568,-0.00022590160369873047,0.009709356352686882,1.5599020011723042,False,False
167,3.34,-0.09193696081638336,0.15571406483650208,4.858226776123047,0.29918336868286133,0.01778077892959118,0.0030025439336895943,-0.10295869410037994,-0.026884062215685844,-0.001264349208213389,-0.034431591629981995,0.02849588543176651,0.025131238624453545,0.0,0.0,5.0,0.22978015963203666,-0.008584558963775635,-0.00199812650680542,-0.010885953903198242,-0.0009762048721313477,0.009708287194371223,1.5696102883666754,False,False
168,3.36,-0.09396128356456757,0.1551814079284668,4.858179092407227,0.2996721863746643,0.0183353740721941,0.0023588247131556273,-0.09946215897798538,-0.026355983689427376,-0.0034984122030436993,-0.03082280606031418,0.02709503099322319,0.023595361039042473,0.0,0.0,5.0,0.23026758783250473,-0.008116066455841064,-0.0012494325637817383,-0.0114823579788208,-0.0008064508438110352,0.009707452729344368,1.5793177410960197,False,False
169,3.38,-0.09591500461101532,0.15466082096099854,4.858087539672852,0.30012887716293335,0.018844448029994965,0.0017922441475093365,-0.09589982032775879,-0.025681957602500916,-0.005656625144183636,-0.026684114709496498,0.023907208815217018,0.02196204476058483,0.0,0.0,5.0,0.2307786906236484,-0.008246243000030518,-4.929304122924805e-05,-0.011614441871643066,-0.0006586909294128418,0.009706620126962662,1.5890243612229824,False,False
170,3.4,-0.09779686480760574,0.15415501594543457,4.857954025268555,0.30055105686187744,0.019278598949313164,0.0012965801870450377,-0.09227779507637024,-0.02487953007221222,-0.007709864992648363,-0.023686939850449562,0.019573181867599487,0.020178867504000664,0.0,0.0,5.0,0.23131159643377308,-0.008092880249023438,0.0006642341613769531,-0.011651039123535156,-0.00014334917068481445,0.009705840609967709,1.5987302018329501,False,False
171,3.42,-0.09960578382015228,0.1536663919687271,4.857780456542969,0.300936222076416,0.01962210051715374,0.0008602242451161146,-0.08860735595226288,-0.023965170606970787,-0.009632519446313381,-0.020697707310318947,0.014818725176155567,0.018292127177119255,0.0,0.0,5.0,0.23186433691329028,-0.008197605609893799,0.0012001991271972656,-0.011322319507598877,0.0002663135528564453,0.009705093689262867,1.608435295522213,False,False
172,3.44,-0.10134091228246689,0.1531970500946045,4.857570171356201,0.30128273367881775,0.01987403817474842,0.00047692382941022515,-0.08490259200334549,-0.02295493148267269,-0.011441444978117943,-0.0183166041970253,0.010398391634225845,0.016338197514414787,0.0,0.0,5.0,0.23243401805121663,-0.007865428924560547,0.0026009082794189453,-0.010522603988647461,0.0011806488037109375,0.009704450145363808,1.6181397456675768,False,False
173,3.46,-0.10300169140100479,0.15274876356124878,4.857327938079834,0.3015889525413513,0.020037518814206123,0.00013015152944717556,-0.08117321133613586,-0.02186138555407524,-0.01291312649846077,-0.016971755772829056,0.005958803929388523,0.014274049550294876,0.0,0.0,5.0,0.23301684585778298,-0.007427632808685303,0.0028661489486694336,-0.009984374046325684,0.0020782947540283203,0.009703823365271091,1.6278435690328479,False,False
174,3.48,-0.10458777844905853,0.15232306718826294,4.857057094573975,0.30185365676879883,0.0201202854514122,-0.00018472727970220149,-0.07743585109710693,-0.02069609984755516,-0.014175450429320335,-0.015047539956867695,0.002317573642358184,0.012192491441965103,0.0,0.0,5.0,0.2336099193317421,-0.007074594497680664,0.003058195114135742,-0.009824275970458984,0.0032073259353637695,0.009703144431114197,1.637546713463962,False,False
175,3.5,-0.10609915107488632,0.15192130208015442,4.856762409210205,0.3020760118961334,0.020138392224907875,-0.0004496613109949976,-0.07370255142450333,-0.019470760598778725,-0.015258146449923515,-0.011893519200384617,-0.000514323590323329,0.010035719722509384,0.0,0.0,5.0,0.23420956278471172,-0.00664287805557251,0.005039334297180176,-0.009526073932647705,0.0027083158493041992,0.009702472016215324,1.6472491854801774,False,False
176,3.52,-0.1075359582901001,0.15154454112052917,4.856448650360107,0.3022546172142029,0.02007145993411541,-0.000677924370393157,-0.06998226046562195,-0.018198497593402863,-0.016123898327350616,-0.011292035691440105,-0.0061893039382994175,0.007808830123394728,0.0,0.0,5.0,0.23481209562592084,-0.0060656070709228516,0.0024057626724243164,-0.008633553981781006,0.003908991813659668,0.009702159091830254,1.6569513445720077,False,False
177,3.54,-0.10889866203069687,0.15119360387325287,4.856117248535156,0.30239138007164,0.019936181604862213,-0.0008567297481931746,-0.06629393249750137,-0.0168919637799263,-0.016985533758997917,-0.006862092763185501,-0.007348795887082815,0.005852359812706709,0.0,0.0,5.0,0.2354159523340592,-0.005703747272491455,0.003898024559020996,-0.007883906364440918,0.0012508630752563477,0.009701752103865147,1.6666530966758728,False,False
178,3.56,-0.11018797010183334,0.15086902678012848,4.855769157409668,0.302491158246994,0.0197367612272501,-0.0009970657993108034,-0.06264402717351913,-0.015565435402095318,-0.017851974815130234,-0.007369635626673698,-0.012602518312633038,0.004107918124645948,0.0,0.0,5.0,0.23601988888876035,-0.004340529441833496,0.0016380548477172852,-0.007704317569732666,0.0022851228713989258,0.009701460599899292,1.676354557275772,False,False
179,3.58,-0.11140476912260056,0.15057112276554108,4.855403423309326,0.3025587499141693,0.019455214962363243,-0.0010994808981195092,-0.05904591828584671,-0.014227727428078651,-0.018686432391405106,-0.0030044466257095337,-0.015559031628072262,0.002621229039505124,0.0,0.0,5.0,0.23662386943163086,-0.005055367946624756,0.004270672798156738,-0.0069106221199035645,0.0011968612670898438,0.009700844064354897,1.686055401340127,False,False
180,3.6,-0.11255019158124924,0.15029992163181305,4.85502290725708,0.3025953769683838,0.019090447574853897,-0.0011721084592863917,-0.055508214980363846,-0.012892086058855057,-0.01936049573123455,-0.004328959621489048,-0.020921995863318443,0.0009980566101148725,0.0,0.0,5.0,0.23722556668220704,-0.003892362117767334,0.0015170574188232422,-0.006617605686187744,0.0031856298446655273,0.009700609371066093,1.695756010711193,False,False
181,3.62,-0.11362561583518982,0.15005537867546082,4.854629993438721,0.30260169506073,0.018660513684153557,-0.0012107455404475331,-0.052047982811927795,-0.011566568166017532,-0.01996530219912529,0.0004531946324277669,-0.022071927785873413,-0.00041829890687949955,0.0,0.0,5.0,0.23782311925249922,-0.004831790924072266,0.004889726638793945,-0.0058446526527404785,0.002626180648803711,0.009699958376586437,1.7054559690877795,False,False
182,3.64,-0.11463263630867004,0.14983713626861572,4.854227542877197,0.3025769591331482,0.018183400854468346,-0.0012157382443547249,-0.048667460680007935,-0.010262792930006981,-0.020308850333094597,-0.0009071534732356668,-0.02563665434718132,-0.0021121157333254814,0.0,0.0,5.0,0.23841438288801894,-0.003453493118286133,0.001956462860107422,-0.005490899085998535,0.003924727439880371,0.00969987828284502,1.7151558473706245,False,False
183,3.66,-0.1155729591846466,0.14964468777179718,4.853817939758301,0.3025215268135071,0.01766985096037388,-0.0011912994086742401,-0.04538007453083992,-0.008987911976873875,-0.0206410214304924,0.0034501194022595882,-0.025711696594953537,-0.003492455231025815,0.0,0.0,5.0,0.23899756527948654,-0.004174590110778809,0.004954814910888672,-0.004655003547668457,0.0027707815170288086,0.009699373506009579,1.7248552208766341,False,False
184,3.68,-0.11644843965768814,0.14947737753391266,4.853403568267822,0.302436888217926,0.017126526683568954,-0.0011423128889873624,-0.04218440502882004,-0.007750980090349913,-0.02077927067875862,0.0015956290299072862,-0.0286104753613472,-0.005033823195844889,0.0,0.0,5.0,0.2395709483425174,-0.0028171539306640625,0.0017223358154296875,-0.004489243030548096,0.003928661346435547,0.009699382819235325,1.7345546036958694,False,False
185,3.7,-0.11726104468107224,0.1493343710899353,4.852985858917236,0.30232474207878113,0.016560005024075508,-0.0010700993007048965,-0.03909125551581383,-0.006556543055921793,-0.020969698205590248,0.005814412608742714,-0.02802947536110878,-0.006240206304937601,0.0,0.0,5.0,0.24013343096459033,-0.003533780574798584,0.0048950910568237305,-0.0035292506217956543,0.002426743507385254,0.009698959067463875,1.7442535627633333,False,False
186,3.72,-0.11801274865865707,0.14921477437019348,4.852566242218018,0.3021871745586395,0.01597246527671814,-0.0009829732589423656,-0.03609657287597656,-0.005411530379205942,-0.020970553159713745,0.003121814923360944,-0.030710360035300255,-0.0075795636512339115,0.0,0.0,5.0,0.24068396429765607,-0.0020179152488708496,0.0011931657791137695,-0.0033742189407348633,0.0036449432373046875,0.009699099697172642,1.753952662460506,False,False
187,3.74,-0.1187056452035904,0.14911754429340363,4.852146625518799,0.302026629447937,0.015370017848908901,-0.0008816429181024432,-0.03321056440472603,-0.004317840561270714,-0.021049223840236664,0.007262675557285547,-0.02951926365494728,-0.008532083593308926,0.0,0.0,5.0,0.24122125230744945,-0.002804994583129883,0.004829049110412598,-0.002546072006225586,0.0020328760147094727,0.009698662906885147,1.763651325367391,False,False
188,3.7600000000000002,-0.11934185028076172,0.14904166758060455,4.85172700881958,0.30184510350227356,0.014751865528523922,-0.0007723956950940192,-0.030427543446421623,-0.0032806480303406715,-0.020923495292663574,0.00393529562279582,-0.03228098154067993,-0.009669139049947262,0.0,0.0,5.0,0.2417452705167819,-0.001250922679901123,0.0009086132049560547,-0.0026447176933288574,0.0035399198532104492,0.009698839858174324,1.7733501652255654,False,False
189,3.7800000000000002,-0.11992351710796356,0.14898595213890076,4.851307392120361,0.3016444444656372,0.014119557105004787,-0.0006528253434225917,-0.02775801159441471,-0.002300234278663993,-0.02088991552591324,0.008311283774673939,-0.03093554452061653,-0.010446056723594666,0.0,0.0,5.0,0.24225597108910824,-0.0023391246795654297,0.004907846450805664,-0.0017995238304138184,0.0018320083618164062,0.009698392823338509,1.783048558048904,False,False
190,3.8000000000000003,-0.1204528659582138,0.14894923567771912,4.850892066955566,0.3014257252216339,0.013473116792738438,-0.0005289886030368507,-0.025196155533194542,-0.0013815698912367225,-0.020653650164604187,0.004374006763100624,-0.033695660531520844,-0.011458873748779297,0.0,0.0,5.0,0.24275078459874733,-0.000734865665435791,0.0003249645233154297,-0.0018290877342224121,0.003408074378967285,0.009698694571852684,1.7927472526207566,False,False
191,3.8200000000000003,-0.12093216925859451,0.14893025159835815,4.850480079650879,0.30119094252586365,0.012820729054510593,-0.0003991794364992529,-0.0227525494992733,-0.0005235201097093523,-0.02055610716342926,0.008915419690310955,-0.031532108783721924,-0.012045145034790039,0.0,0.0,5.0,0.24323037635942418,-0.0019077658653259277,0.004633307456970215,-0.0009076595306396484,0.001378178596496582,0.009698309004306793,1.8024455616250634,False,False
192,3.84,-0.12136369198560715,0.14892782270908356,4.850071907043457,0.3009420335292816,0.012165463529527187,-0.0002703204227145761,-0.020419081673026085,0.0002700529876165092,-0.020258044824004173,0.004281335044652224,-0.033986251801252365,-0.012866966426372528,0.0,0.0,5.0,0.24369463508011688,-0.00013250112533569336,-0.0004500150680541992,-0.0010010004043579102,0.0030624866485595703,0.009698660112917423,1.8121442217379808,False,False
193,3.86,-0.12174974381923676,0.14894065260887146,4.849667549133301,0.30068132281303406,0.011514448560774326,-0.0001401579356752336,-0.01820494420826435,0.0010024523362517357,-0.020126866176724434,0.009043521247804165,-0.031109550967812538,-0.013215750455856323,0.0,0.0,5.0,0.24414373615391988,-0.0016640424728393555,0.004159212112426758,-0.00013816356658935547,0.0008273124694824219,0.009698332287371159,1.821842554025352,False,False
194,3.88,-0.122092604637146,0.14896748960018158,4.849268436431885,0.3004107177257538,0.010872578248381615,-1.5224938579194713e-05,-0.01610027253627777,0.0016706124879419804,-0.01982692815363407,0.0037525722291320562,-0.03307555243372917,-0.013847872614860535,0.0,0.0,5.0,0.24457702533261666,0.0004172325134277344,-0.0013083815574645996,-0.00035327672958374023,0.0025787353515625,0.009698647074401379,1.8315412010997534,False,False
195,3.9,-0.12239455431699753,0.14900708198547363,4.848872661590576,0.3001325726509094,0.01024498138576746,0.00010752456000773236,-0.014111999422311783,0.002280092565342784,-0.019707094877958298,0.008815989829599857,-0.029685376212000847,-0.01396024227142334,0.0,0.0,5.0,0.2449959383806161,-0.0013818144798278809,0.0037823915481567383,0.0004684925079345703,0.00020611286163330078,0.009698392823338509,1.8412395939230919,False,False
196,3.92,-0.12265778332948685,0.1490582674741745,4.84848165512085,0.29984864592552185,0.009632532484829426,0.00022192506003193557,-0.01222880557179451,0.0028282501734793186,-0.019415291026234627,0.0029061788227409124,-0.03156429901719093,-0.014416612684726715,0.0,0.0,5.0,0.24539989353832867,0.0009520053863525391,-0.002063930034637451,0.0001474618911743164,0.0021572113037109375,0.009698601439595222,1.850938195362687,False,False
197,3.94,-0.12288447469472885,0.14911985397338867,4.848094463348389,0.299561083316803,0.009038494899868965,0.0003320021496620029,-0.010456864722073078,0.0033221894409507513,-0.01930692233145237,0.00836991984397173,-0.027847401797771454,-0.01432296633720398,0.0,0.0,5.0,0.2457897822031222,-0.0010644793510437012,0.00360870361328125,0.0009751319885253906,-0.00033152103424072266,0.009698441252112389,1.8606366366147995,False,False
198,3.96,-0.12307672202587128,0.1491907685995102,4.847711086273193,0.2992713451385498,0.00846097618341446,0.00043174612801522017,-0.008784152567386627,0.003759135492146015,-0.019001780077815056,0.0018580398755148053,-0.02991567924618721,-0.014636419713497162,0.0,0.0,5.0,0.24616595659033955,0.0014275312423706055,-0.002718806266784668,0.0005533695220947266,0.0018955469131469727,0.009698539972305298,1.8703351765871048,False,False
199,3.98,-0.12323657423257828,0.14926989376544952,4.84733247756958,0.2989809811115265,0.00790348555892706,0.0005262068589217961,-0.0072171385399997234,0.00414723064750433,-0.01889485865831375,0.007825552485883236,-0.025847287848591805,-0.014375314116477966,0.0,0.0,5.0,0.24652814609770854,-0.0008381009101867676,0.0035442113876342773,0.0013895034790039062,-0.0007638335227966309,0.009698486886918545,1.8800336634740233,False,False
200,4.0,-0.12336602061986923,0.14935626089572906,4.846957683563232,0.298691064119339,0.007364057935774326,0.000609343231189996,-0.005743155721575022,0.004483251366764307,-0.01857380010187626,0.0007094495231285691,-0.028111955150961876,-0.014582820236682892,0.0,0.0,5.0,0.24687733458676758,0.0018367767333984375,-0.003335416316986084,0.0008606910705566406,0.0017212629318237305,0.009698495268821716,1.889732158742845,False,False
201,4.0200000000000005,-0.12346698343753815,0.1494489312171936,4.846587657928467,0.2984030842781067,0.006846405565738678,0.0006870842189528048,-0.004368842579424381,0.00477629154920578,-0.018472570925951004,0.0072692143730819225,-0.023671742528676987,-0.014181330800056458,0.0,0.0,5.0,0.24721332031466245,-0.0006908178329467773,0.003564000129699707,0.0017101764678955078,-0.0011488795280456543,0.009698535315692425,1.8994306940585375,False,False
202,4.04,-0.12354134023189545,0.14954696595668793,4.846221446990967,0.2981177568435669,0.006348011549562216,0.0007531445007771254,-0.0030807966832071543,0.005022476427257061,-0.018139975145459175,-0.0004749058571178466,-0.02618834748864174,-0.0143112912774086,0.0,0.0,5.0,0.24753707023130042,0.0021485090255737305,-0.0037871599197387695,0.0011709928512573242,0.001529693603515625,0.009698496200144291,1.9091291902586818,False,False
203,4.0600000000000005,-0.1235908642411232,0.14964957535266876,4.845859050750732,0.2978363335132599,0.005871669389307499,0.0008103746804408729,-0.0018859413685277104,0.005231971852481365,-0.01803950034081936,0.006369831506162882,-0.021467767655849457,-0.013791978359222412,0.0,0.0,5.0,0.24784900516759617,-0.0004684329032897949,0.0032875537872314453,0.0018635988235473633,-0.0013446211814880371,0.009698671288788319,1.91882786154747,False,False
204,4.08,-0.12361730635166168,0.14975595474243164,4.845501899719238,0.29755958914756775,0.005417516455054283,0.0008603908936493099,-0.0007706311298534274,0.005400547757744789,-0.017715251073241234,-0.0012119377497583628,-0.023970721289515495,-0.013842940330505371,0.0,0.0,5.0,0.24814863973196008,0.002214670181274414,-0.0036895275115966797,0.0014755725860595703,0.0011845827102661133,0.009698621928691864,1.928526483476162,False,False
205,4.1,-0.12362229079008102,0.14986541867256165,4.84514856338501,0.29728808999061584,0.004983329679816961,0.0008957833633758128,0.00025898669264279306,0.005538375582545996,-0.017601732164621353,0.004892353434115648,-0.019471684470772743,-0.013266131281852722,0.0,0.0,5.0,0.24843727964179588,-6.073713302612305e-05,0.002414226531982422,0.0018259286880493164,-0.0012352466583251953,0.009698945097625256,1.9382254285737872,False,False
206,4.12,-0.12360743433237076,0.14997728168964386,4.844799518585205,0.2970229685306549,0.004574963357299566,0.0009320882963947952,0.0012152786366641521,0.005641859024763107,-0.017315279692411423,-0.0011351166758686304,-0.021389279514551163,-0.013211578130722046,0.0,0.0,5.0,0.24871504232078573,0.0019741058349609375,-0.002906620502471924,0.001687765121459961,0.0006617307662963867,0.009698886424303055,1.9479243149980903,False,False
207,4.14,-0.12357421219348907,0.15009091794490814,4.844454765319824,0.2967638373374939,0.004183133132755756,0.0009501680615358055,0.002094531198963523,0.005719282198697329,-0.017178315669298172,0.00305654713883996,-0.0178181491792202,-0.012661628425121307,0.0,0.0,5.0,0.24898230780619246,0.00046241283416748047,0.0011303424835205078,0.0017020702362060547,-0.0009071230888366699,0.009699265472590923,1.9576235804706812,False,False
208,4.16,-0.12352409213781357,0.1502058506011963,4.844113349914551,0.29651209712028503,0.0038183373399078846,0.0009746015421114862,0.0029061429668217897,0.005768804345279932,-0.016945814713835716,-0.0005124727031216025,-0.01868576370179653,-0.012480922043323517,0.0,0.0,5.0,0.24924013835689315,0.001547694206237793,-0.0017084479331970215,0.0018442869186401367,4.1365623474121094e-05,0.009699197486042976,1.9673227779567242,False,False
209,4.18,-0.12345843017101288,0.15032152831554413,4.843776226043701,0.2962668240070343,0.0034671255853027105,0.0009792398195713758,0.003649570979177952,0.005795858800411224,-0.016778070479631424,0.001065633725374937,-0.016459332779049873,-0.012009888887405396,0.0,0.0,5.0,0.24948830314177167,0.0009219646453857422,2.872943878173828e-05,0.0018333196640014648,-0.0006807446479797363,0.00969940610229969,1.9770221840590239,False,False
210,4.2,-0.12337853014469147,0.15043751895427704,4.843442916870117,0.2960295081138611,0.0031403705943375826,0.0009821171406656504,0.0043303342536091805,0.005801651161164045,-0.01657293550670147,-0.000699486758094281,-0.016239481046795845,-0.011692643165588379,0.0,0.0,5.0,0.24972750967388443,0.0014015436172485352,-0.0012188553810119629,0.001865983009338379,-0.00027757883071899414,0.009699365124106407,1.9867215491831303,False,False
211,4.22,-0.12328562885522842,0.15055346488952637,4.843113422393799,0.29579976201057434,0.002831095829606056,0.0009726082789711654,0.004950282629579306,0.005790065973997116,-0.016400177031755447,-0.00018280884250998497,-0.014710459858179092,-0.011249087750911713,0.0,0.0,5.0,0.24995817711260732,0.0011241436004638672,-0.00046539306640625,0.0018235445022583008,-0.0005941390991210938,0.009699488058686256,1.9964210372418165,False,False
212,4.24,-0.12318089604377747,0.15066902339458466,4.842787265777588,0.2955782413482666,0.0025433108676224947,0.0009593333234079182,0.005513705313205719,0.005762922111898661,-0.016215747222304344,-0.0010851469123736024,-0.014089450240135193,-0.010875970125198364,0.0,0.0,5.0,0.2501809976047593,0.0013227462768554688,-0.0010063648223876953,0.0017954111099243164,-0.00041687488555908203,0.009699493646621704,2.0061205308884382,False,False
213,4.26,-0.12306545674800873,0.15078389644622803,4.842464447021484,0.29536470770835876,0.0022732801735401154,0.0009383714059367776,0.006023251451551914,0.005723037291318178,-0.016050204634666443,-0.0009596269228495657,-0.012933923862874508,-0.010453149676322937,0.0,0.0,5.0,0.2503963668353627,0.0011788606643676758,-0.0006694197654724121,0.0017257928848266602,-0.000555574893951416,0.009699578396975994,2.015820109285414,False,False
214,4.28,-0.12294032424688339,0.15089787542819977,4.842144966125488,0.2951591908931732,0.0020219828002154827,0.0009140109177678823,0.006482503842562437,0.005672158673405647,-0.015886016190052032,-0.0014323070645332336,-0.012214919552206993,-0.010068647563457489,0.0,0.0,5.0,0.25060467644119605,0.0011398792266845703,-0.0008935332298278809,0.0015895366668701172,-0.0005335211753845215,0.0096996258944273,2.0255197351798415,False,False
215,4.3,-0.12280648201704025,0.15101073682308197,4.841828346252441,0.2949613332748413,0.0017866691341623664,0.0008840000373311341,0.006894152145832777,0.005612388718873262,-0.015758706256747246,-0.001531096058897674,-0.011334223672747612,-0.009681642055511475,0.0,0.0,5.0,0.25080659223889895,0.0010497570037841797,-0.0008303523063659668,0.0014619827270507812,-0.0005980134010314941,0.009699688293039799,2.0352194234728813,False,False
216,4.32,-0.12266487628221512,0.1511223316192627,4.841514587402344,0.29477113485336304,0.0015671603614464402,0.0008510915213264525,0.0072611235082149506,0.005545375868678093,-0.0156527329236269,-0.0017278779996559024,-0.010633161291480064,-0.009314760565757751,0.0,0.0,5.0,0.2510025039588707,0.0010200738906860352,-0.0008977651596069336,0.0013474225997924805,-0.0005852580070495605,0.009699731133878231,2.0449191546067595,False,False
217,4.34,-0.12251633405685425,0.1512325257062912,4.8412017822265625,0.29458826780319214,0.0013616082724183798,0.0008160995785146952,0.007586020044982433,0.005472542718052864,-0.015566272661089897,-0.0017445457633584738,-0.009937319904565811,-0.008956275880336761,0.0,0.0,5.0,0.25119395476455003,0.0009540319442749023,-0.0008541345596313477,0.0012278556823730469,-0.0005776882171630859,0.009699782356619835,2.0546189369633794,False,False
218,4.36,-0.1223616898059845,0.15134121477603912,4.8408918380737305,0.2944123446941376,0.0011689881794154644,0.0007810043753124774,0.007871368899941444,0.005394863896071911,-0.015492860227823257,-0.0017427235143259168,-0.009338744916021824,-0.008619844913482666,0.0,0.0,5.0,0.2513800978868836,0.0009077787399291992,-0.0008450746536254883,0.0011229515075683594,-0.0005480647087097168,0.009699823334813118,2.0643187602981925,False,False
219,4.38,-0.12220171838998795,0.1514482945203781,4.840582847595215,0.2942429482936859,0.0009879192803055048,0.0007468441617675126,0.008119489066302776,0.005313004832714796,-0.015430448576807976,-0.001655032392591238,-0.008781122975051403,-0.008301034569740295,0.0,0.0,5.0,0.2515624661420054,0.0008624792098999023,-0.0007953643798828125,0.0010406970977783203,-0.0005282163619995117,0.009699858725070953,2.0740186190232635,False,False
220,4.4,-0.1220371425151825,0.1515537053346634,4.840273857116699,0.29407984018325806,0.0008172621601261199,0.000714557187166065,0.008332558907568455,0.005227334797382355,-0.015373734757304192,-0.0015589350368827581,-0.008296518586575985,-0.008000597357749939,0.0,0.0,5.0,0.25174199187722646,0.000834345817565918,-0.0007589459419250488,0.0009819269180297852,-0.0004981756210327148,0.009699885733425617,2.083718504756689,False,False
221,4.42,-0.12186863273382187,0.151657372713089,4.839967250823975,0.293922483921051,0.0006558835157193244,0.0006844811141490936,0.008512548170983791,0.005138050764799118,-0.015318961814045906,-0.0014370884746313095,-0.007852357812225819,-0.007714399602264166,0.0,0.0,5.0,0.25191745305056695,0.0008124113082885742,-0.0007167458534240723,0.0009421110153198242,-0.00047218799591064453,0.009699906222522259,2.0934184109792113,False,False
222,4.44,-0.1216968446969986,0.15175917744636536,4.839662075042725,0.29377081990242004,0.000503013317938894,0.0006568977842107415,0.008661273866891861,0.005045225843787193,-0.015263523906469345,-0.0013124445686116815,-0.007444842252880335,-0.007440315093845129,0.0,0.0,5.0,0.2520897065094243,0.0007985830307006836,-0.0006761550903320312,0.0009183883666992188,-0.0004451274871826172,0.009699918329715729,2.103118329308927,False,False
223,4.46,-0.12152238190174103,0.1518590748310089,4.839356899261475,0.2936245799064636,0.0003580292977858335,0.000631790840998292,0.008780421689152718,0.004948866553604603,-0.015205143019557,-0.0011919635580852628,-0.007062992546707392,-0.007176039274781942,0.0,0.0,5.0,0.2522599328599185,0.0007913112640380859,-0.0006352066993713379,0.0009074211120605469,-0.00041675567626953125,0.009699924848973751,2.112818254157901,False,False
224,4.48,-0.12134581059217453,0.15195706486701965,4.839053153991699,0.29348355531692505,0.0002204946504207328,0.0006090202950872481,0.008871572092175484,0.004848963115364313,-0.015141716226935387,-0.0010809997329488397,-0.006699236109852791,-0.006920018699020147,0.0,0.0,5.0,0.25242749959402444,0.0007889270782470703,-0.0005972385406494141,0.0009059906005859375,-0.0003891587257385254,0.009699925780296326,2.122518179938197,False,False
225,4.5,-0.12116768956184387,0.15205299854278564,4.838751792907715,0.2933475375175476,9.013448288897052e-05,0.0005883678095415235,0.008936223573982716,0.004745515063405037,-0.015072234906256199,-0.0009821444982662797,-0.006344933062791824,-0.006670334842056036,0.0,0.0,5.0,0.25259197859410387,0.0007897615432739258,-0.0005629062652587891,0.0009111166000366211,-0.00036448240280151367,0.009699920192360878,2.132218100130558,False,False
226,4.5200000000000005,-0.12098852545022964,0.1521468460559845,4.8384504318237305,0.2932165265083313,-3.320865653222427e-05,0.0005695514846593142,0.00897582434117794,0.004638556391000748,-0.014996358193457127,-0.0008991098729893565,-0.005996973719447851,-0.006425594445317984,0.0,0.0,5.0,0.2527551167302919,0.00079345703125,-0.0005284547805786133,0.000920414924621582,-0.0003383159637451172,0.009699910879135132,2.141918011009693,False,False
227,4.54,-0.12080881744623184,0.15223851799964905,4.838151931762695,0.2930903136730194,-0.00014962088607717305,0.0005522636929526925,0.008991777896881104,0.004528170917183161,-0.014913246966898441,-0.0008308175601996481,-0.005651336628943682,-0.006185290869325399,0.0,0.0,5.0,0.2529152702539601,0.0007984638214111328,-0.0004987120628356934,0.0009319782257080078,-0.00031560659408569336,0.009699895977973938,2.151617906987667,False,False
228,4.5600000000000005,-0.12062902003526688,0.15232795476913452,4.837854385375977,0.2929689586162567,-0.000259136751992628,0.0005362106603570282,0.008985460735857487,0.004414492752403021,-0.014823445118963718,-0.0007769778021611273,-0.005306861363351345,-0.005948287900537252,0.0,0.0,5.0,0.25307383630201413,0.0008035898208618164,-0.0004679560661315918,0.0009437799453735352,-0.00029218196868896484,0.009699877351522446,2.1613177843391895,False,False
229,4.58,-0.12044954299926758,0.15241508185863495,4.837559223175049,0.2928522825241089,-0.0003617728070821613,0.0005210922681726515,0.008958227001130581,0.0042977100238204,-0.01472667045891285,-0.0007384789641946554,-0.00496292719617486,-0.005714827682822943,0.0,0.0,5.0,0.2532300447462749,0.0008089542388916016,-0.0004417300224304199,0.0009549856185913086,-0.00026994943618774414,0.00969985406845808,2.1710176384076476,False,False
230,4.6000000000000005,-0.12027081102132797,0.15249983966350555,4.837265491485596,0.29274025559425354,-0.0004575130878947675,0.0005066453013569117,0.008911418728530407,0.004178064875304699,-0.014623494818806648,-0.0007108086720108986,-0.004616864025592804,-0.005484235938638449,0.0,0.0,5.0,0.2533846667471171,0.0008139610290527344,-0.0004144906997680664,0.0009636878967285156,-0.0002487301826477051,0.009699828922748566,2.180717467330396,False,False
231,4.62,-0.1200931966304779,0.15258218348026276,4.836974620819092,0.2926327884197235,-0.0005463617853820324,0.0004926499095745385,0.008846361190080643,0.004055844619870186,-0.014514205977320671,-0.0006941225728951395,-0.004273382946848869,-0.005256911274045706,0.0,0.0,5.0,0.2535369260080474,0.0007865428924560547,-0.00042170286178588867,0.0009576082229614258,-0.00022590160369873047,0.009699801914393902,2.19041726924479,False,False
232,4.64,-0.11991705745458603,0.15266206860542297,4.836684703826904,0.292529821395874,-0.0006277834181673825,0.0004790943639818579,0.008764402940869331,0.003931377548724413,-0.014406701549887657,-0.0006674791220575571,-0.0038737962022423744,-0.00503419479355216,0.0,0.0,5.0,0.2536881822702022,0.0007562637329101562,-0.00042116641998291016,0.0009379386901855469,-0.00022417306900024414,0.009699774906039238,2.2001170441508293,False,False
233,4.66,-0.11974272131919861,0.15273943543434143,4.836398601531982,0.2924312651157379,-0.0007010940462350845,0.000465974910184741,0.008667035959661007,0.00380502175539732,-0.0143038434907794,-0.0006510117673315108,-0.0034619313664734364,-0.0048163584433496,0.0,0.0,5.0,0.25383670346586934,0.000748753547668457,-0.0004120469093322754,0.0009174346923828125,-0.0002319812774658203,0.009699740447103977,2.2098167845979333,False,False
234,4.68,-0.11957047134637833,0.15281425416469574,4.8361124992370605,0.2923370599746704,-0.0007664957083761692,0.00045314818271435797,0.008555804379284382,0.003677168395370245,-0.01420364249497652,-0.0006385757005773485,-0.0030825708527117968,-0.00460118567571044,0.0,0.0,5.0,0.2539850523165286,0.0007436275482177734,-0.0003902912139892578,0.0008970499038696289,-0.00022727251052856445,0.009699704125523567,2.219516488723457,False,False
235,4.7,-0.11940058320760727,0.1528865098953247,4.835830211639404,0.29224711656570435,-0.0008246591314673424,0.00044054220779798925,0.008432152681052685,0.003548200009390712,-0.014103387482464314,-0.0006291760946623981,-0.0027378045488148928,-0.004390889313071966,0.0,0.0,5.0,0.2541308788570424,0.0007367134094238281,-0.00036966800689697266,0.0008777379989624023,-0.00021630525588989258,0.009699664078652859,2.2292161528021097,False,False
236,4.72,-0.11923326551914215,0.15295617282390594,4.835548400878906,0.29216134548187256,-0.000876174308359623,0.00042817031498998404,0.00829740334302187,0.003418471897020936,-0.014002618379890919,-0.0006153072463348508,-0.0024174489080905914,-0.004185990896075964,0.0,0.0,5.0,0.2542764064257236,0.000727534294128418,-0.000340878963470459,0.0008594989776611328,-0.00020039081573486328,0.009699621237814426,2.238915774039924,False,False
237,4.74,-0.11906875669956207,0.15302324295043945,4.835269927978516,0.2920796275138855,-0.0009215281461365521,0.0004160253156442195,0.008152778260409832,0.003288301872089505,-0.013900157995522022,-0.0006065423367545009,-0.0021213931031525135,-0.003987831529229879,0.0,0.0,5.0,0.2544198858840483,0.0007179975509643555,-0.00031870603561401367,0.0008426904678344727,-0.00018322467803955078,0.009699573740363121,2.2486153477802873,False,False
238,4.76,-0.11890722811222076,0.15308770537376404,4.834992408752441,0.29200178384780884,-0.0009610957931727171,0.00040408308268524706,0.007999413646757603,0.00315799075178802,-0.013796400278806686,-0.0005950076156295836,-0.0018385585863143206,-0.0037957741878926754,0.0,0.0,5.0,0.25456291875145026,0.000708460807800293,-0.00029152631759643555,0.0008261203765869141,-0.0001658797264099121,0.009699522517621517,2.258314870297909,False,False
239,4.78,-0.11874883621931076,0.1531495600938797,4.834717750549316,0.2919277250766754,-0.0009951894171535969,0.00039234114228747785,0.007838386110961437,0.00302781886421144,-0.013690855354070663,-0.0005864309496246278,-0.001573767513036728,-0.003610269632190466,0.0,0.0,5.0,0.25470433024168937,0.0006983280181884766,-0.0002682209014892578,0.0008102655410766602,-0.00014895200729370117,0.00969946850091219,2.268014338798821,False,False
240,4.8,-0.1185937225818634,0.15320882201194763,4.834444999694824,0.2918573021888733,-0.0010241189738735557,0.00038076270720921457,0.007670706603676081,0.0028980544302612543,-0.013583989813923836,-0.0005785280372947454,-0.0013219082029536366,-0.003430882003158331,0.0,0.0,5.0,0.25484480042598356,0.0006881952285766602,-0.00024366378784179688,0.0007941722869873047,-0.00013214349746704102,0.009699411690235138,2.277713750489056,False,False
241,4.82,-0.11844203621149063,0.15326549112796783,4.834174156188965,0.2917903661727905,-0.0010481671197339892,0.00036932359216734767,0.007497334387153387,0.002768953563645482,-0.013475636020302773,-0.0005723205395042896,-0.001085431780666113,-0.003257793840020895,0.0,0.0,5.0,0.2549843861656299,0.0006777048110961914,-0.0002200007438659668,0.0007783174514770508,-0.00011461973190307617,0.009699351154267788,2.287413101643324,False,False
242,4.84,-0.11829385906457901,0.1533195823431015,4.833906173706055,0.29172688722610474,-0.0010676109232008457,0.000357997661922127,0.007319170981645584,0.0026407616678625345,-0.013365786522626877,-0.000566986680496484,-0.0008612547535449266,-0.003091029357165098,0.0,0.0,5.0,0.25512250107588874,0.0006666183471679688,-0.00019818544387817383,0.0007627010345458984,-9.876489639282227e-05,0.00969928689301014,2.297112388536334,False,False
243,4.86,-0.1181492879986763,0.15337112545967102,4.833639144897461,0.2916666865348816,-0.001082690549083054,0.0003467586648184806,0.007137068081647158,0.002513712737709284,-0.013254884630441666,-0.000563377165235579,-0.0006488327053375542,-0.0029302421025931835,0.0,0.0,5.0,0.2552604365933121,0.0006560087203979492,-0.0001748204231262207,0.0007464885711669922,-8.171796798706055e-05,0.009699220769107342,2.3068116093054414,False,False
244,4.88,-0.11800839751958847,0.15342013537883759,4.833375930786133,0.29160967469215393,-0.0010936514008790255,0.00033558046561665833,0.006951830815523863,0.002388033550232649,-0.013142626732587814,-0.0005606469931080937,-0.00044920266373082995,-0.0027756518684327602,0.0,0.0,5.0,0.2553963591482652,0.0006439685821533203,-0.00015473365783691406,0.0007299184799194336,-6.669759750366211e-05,0.00969915185123682,2.316510761156678,False,False
245,4.9,-0.1178712323307991,0.15346665680408478,4.833114147186279,0.29155558347702026,-0.0011007230496034026,0.0003244451654609293,0.0067642186768352985,0.002263940405100584,-0.013029713183641434,-0.0005588264903053641,-0.000259756954619661,-0.0026270090602338314,0.0,0.0,5.0,0.25553185717473037,0.0006333589553833008,-0.00013452768325805664,0.0007129907608032227,-5.2094459533691406e-05,0.009699080139398575,2.3262098412960768,False,False
246,4.92,-0.11773783713579178,0.15351071953773499,4.832854747772217,0.29150453209877014,-0.0011041376274079084,0.0003133486316073686,0.006574947386980057,0.002141640055924654,-0.01291615143418312,-0.0005564591265283525,-8.32947698654607e-05,-0.0024841814301908016,0.0,0.0,5.0,0.25566633460175514,0.0006213188171386719,-0.00011295080184936523,0.0006958246231079102,-3.6597251892089844e-05,0.009699005633592606,2.3359088469296694,False,False
247,4.94,-0.11760825663805008,0.1535523235797882,4.832597732543945,0.2914561927318573,-0.0011041451944038272,0.00030228449031710625,0.006384685635566711,0.002021324820816517,-0.012801799923181534,-0.000555293052457273,8.103601430775598e-05,-0.0023475843481719494,0.0,0.0,5.0,0.2557997991704096,0.0006098747253417969,-9.495019912719727e-05,0.0006786584854125977,-2.205371856689453e-05,0.009698928333818913,2.3456077752634883,False,False
248,4.96,-0.117482490837574,0.1535915583372116,4.832342147827148,0.2914105951786041,-0.0011009697336703539,0.0002912806230597198,0.006194059271365404,0.001903174095787108,-0.012687098234891891,-0.0005501277046278119,0.00023515937209594995,-0.0022166590206325054,0.0,0.0,5.0,0.2559329166814372,0.0005966424942016602,-7.18832015991211e-05,0.0006612539291381836,-6.735324859619141e-06,0.009698850102722645,2.355306625366211,False,False
249,4.98,-0.11736053973436356,0.15362845361232758,4.832090377807617,0.2913675308227539,-0.0010948372073471546,0.0002803331008180976,0.006003651302307844,0.0017873476026579738,-0.012571601197123528,-0.0005493527860380709,0.00037686448195017874,-0.0020921300165355206,0.0,0.0,5.0,0.25606413116804344,0.0005844831466674805,-5.650520324707031e-05,0.0006437301635742188,6.079673767089844e-06,0.009698770008981228,2.365005395375192,False,False
250,5.0,-0.11724234372377396,0.1536630541086197,4.8318400382995605,0.2913268506526947,-0.0010859636822715402,0.0002694296126719564,0.005814004689455032,0.0016739994753152132,-0.012456288561224937,-0.0005454350612126291,0.0005093530053272843,-0.001973038073629141,0.0,0.0,5.0,0.2561949922986892,0.0005724430084228516,-3.74913215637207e-05,0.0006263256072998047,1.895427703857422e-05,0.009698686189949512,2.3747040815651417,False,False
251,5.0200000000000005,-0.11712795495986938,0.15369541943073273,4.831592082977295,0.2912885546684265,-0.001074568834155798,0.00025858753360807896,0.005625618621706963,0.0015632673166692257,-0.012340685352683067,-0.0005429042503237724,0.0006291506579145789,-0.0018596961162984371,0.0,0.0,5.0,0.2563249232965776,0.0005595684051513672,-2.0503997802734375e-05,0.0006085634231567383,3.2782554626464844e-05,0.009698602370917797,2.3844026839360595,False,False
252,5.04,-0.11701730638742447,0.15372560918331146,4.83134651184082,0.29125240445137024,-0.0010608633747324347,0.00024782054242677987,0.005438955035060644,0.0014552755746990442,-0.012225067242980003,-0.0005376547342166305,0.0007404765929095447,-0.0017519635148346424,0.0,0.0,5.0,0.2564539178511554,0.0005471706390380859,-2.86102294921875e-06,0.0005910396575927734,4.482269287109375e-05,0.009698514826595783,2.3941011987626553,False,False
253,5.0600000000000005,-0.11691037565469742,0.15375366806983948,4.83110237121582,0.2912183701992035,-0.0010450453264638782,0.0002371407754253596,0.005254437681287527,0.0013501334469765425,-0.012109478935599327,-0.0005339033086784184,0.0008405083208344877,-0.0016498086042702198,0.0,0.0,5.0,0.25658260928903853,0.0005353689193725586,1.430511474609375e-05,0.0005736351013183594,5.8650970458984375e-05,0.00969842728227377,2.403799626044929,False,False
254,5.08,-0.11680711060762405,0.15377964079380035,4.830862045288086,0.29118645191192627,-0.0010273329680785537,0.00022655900102108717,0.005072450265288353,0.0012479375582188368,-0.011993682943284512,-0.0005275874864310026,0.0009299936937168241,-0.00155330216512084,0.0,0.0,5.0,0.2567094208152507,0.0005211830139160156,2.968311309814453e-05,0.0005565881729125977,7.021427154541016e-05,0.009698336943984032,2.413497962988913,False,False
255,5.1000000000000005,-0.1167074516415596,0.15380360186100006,4.830623149871826,0.29115626215934753,-0.0010079046478495002,0.00021609460236504674,0.004893340636044741,0.0011487688170745969,-0.011878318153321743,-0.0005219273152761161,0.001012192340567708,-0.0014622299931943417,0.0,0.0,5.0,0.2568359292883802,0.0005095005035400391,4.458427429199219e-05,0.0005396604537963867,8.14199447631836e-05,0.00969824567437172,2.423196208663285,False,False
256,5.12,-0.11661134660243988,0.15382565557956696,4.830386638641357,0.29112786054611206,-0.0009869305649772286,0.0002057531091850251,0.0047174254432320595,0.0010526975383982062,-0.011763117276132107,-0.0005150541546754539,0.001084603602066636,-0.001376188825815916,0.0,0.0,5.0,0.2569615356863657,0.0004973411560058594,5.888938903808594e-05,0.0005229711532592773,9.226799011230469e-05,0.009698153473436832,2.4328943621367216,False,False
257,5.14,-0.11651872843503952,0.15384580194950104,4.830152988433838,0.2911011278629303,-0.000964598439168185,0.0001955635816557333,0.00454498827457428,0.0009597800672054291,-0.011648294515907764,-0.0005065074074082077,0.0011480648536235094,-0.001295196358114481,0.0,0.0,5.0,0.2570858848547691,0.00048470497131347656,7.30752944946289e-05,0.0005066394805908203,0.0001024007797241211,0.009698059409856796,2.4425924215465784,False,False
258,5.16,-0.11642953008413315,0.1538640856742859,4.829920291900635,0.29107603430747986,-0.0009410741622559726,0.00018553587142378092,0.0043762787245213985,0.000870058371219784,-0.011533995158970356,-0.0004986576386727393,0.00120389717631042,-0.0012191538698971272,0.0,0.0,5.0,0.2572102242197252,0.00047326087951660156,8.797645568847656e-05,0.0004909038543701172,0.00011360645294189453,0.00969796534627676,2.452290386892855,False,False
259,5.18,-0.1163436621427536,0.15388061106204987,4.829691410064697,0.2910524010658264,-0.0009165216470137239,0.00017567256873007864,0.004211517050862312,0.0007835648721083999,-0.011419777758419514,-0.0004898705519735813,0.001250947592779994,-0.0011481004767119884,0.0,0.0,5.0,0.25733267570864016,0.00046062469482421875,9.989738464355469e-05,0.00047516822814941406,0.0001227855682373047,0.009697869420051575,2.4619882563129067,False,False
260,5.2,-0.11626104265451431,0.15389545261859894,4.829463958740234,0.29103001952171326,-0.0008910991018638015,0.00016598835645709187,0.004050894174724817,0.000700320873875171,-0.01130629051476717,-0.00048056960804387927,0.0012909022625535727,-0.001081641297787428,0.0,0.0,5.0,0.25745481495662637,0.00044989585876464844,0.00011181831359863281,0.0004603862762451172,0.00013196468353271484,0.00969777349382639,2.471686029806733,False,False
261,5.22,-0.11618158966302872,0.15390866994857788,4.8292388916015625,0.29100900888442993,-0.0008649462834000587,0.0001565105776535347,0.0038945728447288275,0.0006203360971994698,-0.01119320746511221,-0.0004690539208240807,0.0013240310363471508,-0.0010195919312536716,0.0,0.0,5.0,0.2575760016061892,0.0004379749298095703,0.00012481212615966797,0.00044596195220947266,0.00014030933380126953,0.009697675704956055,2.481383705511689,False,False
262,5.24,-0.11610522121191025,0.15392030775547028,4.829016208648682,0.2909891605377197,-0.0008382066152989864,0.00014723614731337875,0.0037426897324621677,0.0005436079227365553,-0.011080688796937466,-0.00046007888158783317,0.0013496468309313059,-0.0009619860793463886,0.0,0.0,5.0,0.2576962173511215,0.00042760372161865234,0.00013434886932373047,0.00043201446533203125,0.000148773193359375,0.009697576984763145,2.4910812824964523,False,False
263,5.26,-0.11603184789419174,0.1539304405450821,4.828794956207275,0.29097050428390503,-0.000811008270829916,0.00013815458805765957,0.003595355898141861,0.00047012942377477884,-0.010968687944114208,-0.00044961381354369223,0.0013699345290660858,-0.0009082608739845455,0.0,0.0,5.0,0.25781609195745064,0.00041675567626953125,0.0001462697982788086,0.00041806697845458984,0.00015783309936523438,0.00969747919589281,2.500778761692345,False,False
264,5.28,-0.11596139520406723,0.1539391428232193,4.828577518463135,0.2909528315067291,-0.0007834627176634967,0.0001292852684855461,0.0034526605159044266,0.00039988502976484597,-0.010857036337256432,-0.000438727845903486,0.0013843899359926581,-0.0008588393102400005,0.0,0.0,5.0,0.2579340459246865,0.00040602684020996094,0.00015473365783691406,0.0004050731658935547,0.00016415119171142578,0.009697380475699902,2.510476142168045,False,False
265,5.3,-0.11589372158050537,0.15394647419452667,4.8283610343933105,0.290936142206192,-0.0007556841592304409,0.00012063731992384419,0.0033146715722978115,0.00033285075915046036,-0.010746357962489128,-0.0004273490631021559,0.0013932738220319152,-0.0008130210335366428,0.0,0.0,5.0,0.25805194464146186,0.0003954172134399414,0.00016510486602783203,0.00039196014404296875,0.00017189979553222656,0.009697281755506992,2.520173423923552,False,False
266,5.32,-0.11582877486944199,0.1539524793624878,4.8281474113464355,0.290920227766037,-0.0007277822005562484,0.00011221701424801722,0.003181436099112034,0.00026899430667981505,-0.01063612662255764,-0.0004158654191996902,0.0013967253034934402,-0.0007710495847277343,0.0,0.0,5.0,0.25816851709018346,0.0003857612609863281,0.00017273426055908203,0.0003800392150878906,0.0001779794692993164,0.009697182103991508,2.5298706060275435,False,False
267,5.34,-0.11576644331216812,0.15395724773406982,4.827935695648193,0.2909051477909088,-0.0006998546305112541,0.00010402512270957232,0.0030529825016856194,0.00020827705156989396,-0.010526742786169052,-0.0004044018860440701,0.0013958625495433807,-0.0007323657046072185,0.0,0.0,5.0,0.2582843943390121,0.0003762245178222656,0.00018084049224853516,0.0003682374954223633,0.00018405914306640625,0.009697082452476025,2.5395676884800196,False,False
268,5.36,-0.11570662260055542,0.15396082401275635,4.827725887298584,0.29089081287384033,-0.0006719913217239082,9.60700708674267e-05,0.0029293212573975325,0.00015065450861584395,-0.010417986661195755,-0.0003920889867004007,0.0013903118669986725,-0.0006970164249651134,0.0,0.0,5.0,0.258399550602114,0.0003666877746582031,0.00018930435180664062,0.00035691261291503906,0.00019025802612304688,0.00969698280096054,2.54926467128098,False,False
269,5.38,-0.1156492531299591,0.15396329760551453,4.827518939971924,0.29087719321250916,-0.0006442830781452358,8.83539833012037e-05,0.002810446545481682,9.607538959244266e-05,-0.010309826582670212,-0.000380413286620751,0.0013803951442241669,-0.0006649104761891067,0.0,0.0,5.0,0.2585133706938394,0.0003571510314941406,0.0001952648162841797,0.00034606456756591797,0.00019550323486328125,0.009696883149445057,2.558961554430425,False,False
270,5.4,-0.11559418588876724,0.15396468341350555,4.82731294631958,0.2908641993999481,-0.0006167941028252244,8.088003232842311e-05,0.0026963362470269203,4.4484317186288536e-05,-0.010202649980783463,-0.00036780431400984526,0.001368397963233292,-0.0006358341197483242,0.0,0.0,5.0,0.25862706366258753,0.0003485679626464844,0.00020396709442138672,0.000335693359375,0.0002009868621826172,0.009696783497929573,2.5686583379283547,False,False
271,5.42,-0.11554136872291565,0.15396510064601898,4.827110767364502,0.29085174202919006,-0.0005896047805435956,7.363603072008118e-05,0.002586957300081849,-4.178536073595751e-06,-0.010095836594700813,-0.00035734809353016317,0.001350443926639855,-0.0006097845616750419,0.0,0.0,5.0,0.25873876181313626,0.00033986568450927734,0.0002067089080810547,0.0003256797790527344,0.0002052783966064453,0.009696684777736664,2.5783550227060914,False,False
272,5.44,-0.11549068987369537,0.153964564204216,4.82690954208374,0.2908398509025574,-0.0005627623177133501,6.66331616230309e-05,0.002482260577380657,-4.997435462428257e-05,-0.009990239515900612,-0.0003436259867157787,0.001333722029812634,-0.0005862332764081657,0.0,0.0,5.0,0.2588503295337998,0.00033164024353027344,0.00021505355834960938,0.0003161430358886719,0.00020897388458251953,0.00969658512622118,2.5880516078323126,False,False
273,5.46,-0.11544205248355865,0.1539631336927414,4.826711177825928,0.29082831740379333,-0.0005363193340599537,5.9868696553166956e-05,0.002382192760705948,-9.297081123804674e-05,-0.009885163977742195,-0.0003334534994792193,0.0013105125399306417,-0.000565389811526984,0.0,0.0,5.0,0.25896047943379874,0.0003243684768676758,0.00021779537200927734,0.0003070831298828125,0.00021278858184814453,0.00969648640602827,2.597748094238341,False,False
274,5.48,-0.11539538204669952,0.15396086871623993,4.82651424407959,0.2908172607421875,-0.0005103509174659848,5.3332263632910326e-05,0.0022866835352033377,-0.00013323493476491421,-0.009781042113900185,-0.00032076859497465193,0.0012862748699262738,-0.0005467130686156452,0.0,0.0,5.0,0.2590701657868755,0.0003161430358886719,0.0002237558364868164,0.0002981424331665039,0.0002168416976928711,0.009696388617157936,2.607444482855499,False,False
275,5.5,-0.11535056680440903,0.1539578139781952,4.826319694519043,0.2908065617084503,-0.0004849048564210534,4.704471575678326e-05,0.0021956544369459152,-0.00017084011051338166,-0.009677650406956673,-0.0003085210919380188,0.0012582849012687802,-0.0005305755767039955,0.0,0.0,5.0,0.25917872262012853,0.0003082752227783203,0.0002275705337524414,0.0002900362014770508,0.0002200603485107422,0.009696290828287601,2.6171407736837864,False,False
276,5.5200000000000005,-0.1153075248003006,0.15395404398441315,4.826127052307129,0.290796160697937,-0.0004600133979693055,4.099908983334899e-05,0.002109017688781023,-0.00020586317987181246,-0.009575152769684792,-0.00029653136152774096,0.0012308285804465413,-0.0005164977046661079,0.0,0.0,5.0,0.2592864726015116,0.0003014802932739258,0.0002315044403076172,0.00028192996978759766,0.0002225637435913086,0.009696193039417267,2.6268369667232037,False,False
277,5.54,-0.11526617407798767,0.1539495885372162,4.825936317443848,0.2907859683036804,-0.0004357061116024852,3.518615267239511e-05,0.002026680391281843,-0.00023838072957005352,-0.009473409503698349,-0.00028521966305561364,0.001199868624098599,-0.0005044836434535682,0.0,0.0,5.0,0.25939339290422203,0.0002951622009277344,0.0002340078353881836,0.000274658203125,0.000225067138671875,0.009696096181869507,2.636533062905073,False,False
278,5.5600000000000005,-0.11522643268108368,0.15394450724124908,4.825747966766357,0.2907760739326477,-0.0004120304947718978,2.961527388833929e-05,0.0019485410302877426,-0.000268471019808203,-0.009372528642416,-0.0002722852223087102,0.0011676690774038434,-0.0004941915976814926,0.0,0.0,5.0,0.2594991583497291,0.00028777122497558594,0.00023806095123291016,0.0002675056457519531,0.0002269744873046875,0.009696000255644321,2.6462290631607175,False,False
279,5.58,-0.11518820375204086,0.15393885970115662,4.825561046600342,0.29076623916625977,-0.00038902362575754523,2.426559876766987e-05,0.0018744922708719969,-0.0002962159051094204,-0.009272430092096329,-0.00026307732332497835,0.001132986624725163,-0.00048579199938103557,0.0,0.0,5.0,0.25960439763779464,0.00028312206268310547,0.0002377033233642578,0.0002608299255371094,0.0002295970916748047,0.00969590526074171,2.655924968421459,False,False
280,5.6000000000000005,-0.11515142023563385,0.15393266081809998,4.825376987457275,0.2907565236091614,-0.0003666942357085645,1.915858047141228e-05,0.00180441839620471,-0.0003216941258870065,-0.009173300117254257,-0.0002479927788954228,0.0010999237420037389,-0.00047863618237897754,0.0,0.0,5.0,0.25970812493705375,0.0002765655517578125,0.00024127960205078125,0.0002548694610595703,0.00022923946380615234,0.0096958102658391,2.6656207786872983,False,False
281,5.62,-0.11511600017547607,0.15392598509788513,4.825193881988525,0.2907469570636749,-0.00034505510120652616,1.4304117939900607e-05,0.0017382072983309627,-0.0003449936048127711,-0.009075123816728592,-0.00023779408365953714,0.0010639718966558576,-0.00047296303091570735,0.0,0.0,5.0,0.25981162652775214,0.0002714395523071289,0.000244140625,0.0002478361129760742,0.00023853778839111328,0.009695716202259064,2.6753164948895574,False,False
282,5.64,-0.11508186161518097,0.15391887724399567,4.825014114379883,0.29073747992515564,-0.0003240961523260921,9.749910532264039e-06,0.0016757416306063533,-0.00036620069295167923,-0.008976925164461136,-0.00021794487838633358,0.0010319073917344213,-0.0004695928073488176,0.0,0.0,5.0,0.2599132851762768,0.0002611875534057617,0.0002579689025878906,0.00023603439331054688,0.00028192996978759766,0.009695618413388729,2.685012113302946,False,False
283,5.66,-0.11504893749952316,0.15391136705875397,4.824834823608398,0.29072803258895874,-0.00030346703715622425,5.927358870394528e-06,0.0016169381560757756,-0.0003854325332213193,-0.008875224739313126,-0.00016460652113892138,0.0010309965582564473,-0.00047353695845231414,0.0,0.0,5.0,0.2600150110089119,0.00025200843811035156,0.00028645992279052734,0.00022876262664794922,0.00028514862060546875,0.009695524349808693,2.694707637652755,False,False
284,5.68,-0.11501716077327728,0.15390348434448242,4.82465934753418,0.2907184064388275,-0.00028311251662671566,2.872891400329536e-06,0.0015618056058883667,-0.0004028611001558602,-0.008772071450948715,-0.00014112280041445047,0.001004449324682355,-0.00048199499724432826,0.0,0.0,5.0,0.26011454048718197,0.0002512931823730469,0.00028192996978759766,0.000225067138671875,0.00029087066650390625,0.00969543308019638,2.704403070732951,False,False
285,5.7,-0.11498644202947617,0.1538952738046646,4.824484348297119,0.29070860147476196,-0.00026320936740376055,4.289996411444008e-07,0.001510303351096809,-0.0004186271398793906,-0.008669231086969376,-0.00010353226389270276,0.0009858685079962015,-0.0004909771378152072,0.0,0.0,5.0,0.2602141063484026,0.0002484321594238281,0.00029337406158447266,0.00022292137145996094,0.000286102294921875,0.009695342741906643,2.714098413474858,False,False
286,5.72,-0.11495669931173325,0.15388676524162292,4.824312686920166,0.29069873690605164,-0.00024385015422012657,-1.447625550099474e-06,0.001462382497265935,-0.0004328772774897516,-0.008566223084926605,-8.438057557214051e-05,0.0009500544983893633,-0.0005010689492337406,0.0,0.0,5.0,0.26031175772598175,0.0002474784851074219,0.00028955936431884766,0.00022161006927490234,0.00028693675994873047,0.009695254266262054,2.72379366774112,False,False
287,5.74,-0.11492790281772614,0.15387797355651855,4.824141979217529,0.290688693523407,-0.00022516335593536496,-2.8789659154426772e-06,0.0014179506106302142,-0.0004457364557310939,-0.00846371054649353,-5.898713425267488e-05,0.0009186363313347101,-0.0005111477221362293,0.0,0.0,5.0,0.2604090955889775,0.00024437904357910156,0.00029456615447998047,0.00022137165069580078,0.0002821683883666992,0.00969516672194004,2.73348883446306,False,False
288,5.76,-0.11489995568990707,0.15386894345283508,4.823974132537842,0.2906784415245056,-0.00020718105952255428,-3.942767307307804e-06,0.00137690722476691,-0.0004573258338496089,-0.008361563086509705,-4.7613633796572685e-05,0.0008796022739261389,-0.0005215305718593299,0.0,0.0,5.0,0.2605048129932337,0.0002442598342895508,0.00028908252716064453,0.0002218484878540039,0.0002799034118652344,0.009695081040263176,2.743183915503323,False,False
289,5.78,-0.11487279832363129,0.1538596898317337,4.823807716369629,0.29066792130470276,-0.00018993740377482027,-4.753382654598681e-06,0.0013391299871727824,-0.0004677416000049561,-0.008260093629360199,-3.365581505931914e-05,0.0008447722066193819,-0.0005311334389261901,0.0,0.0,5.0,0.2605998556421398,0.00024235248565673828,0.0002892017364501953,0.0002218484878540039,0.000274658203125,0.00969499722123146,2.7528789127245545,False,False
290,5.8,-0.1148463636636734,0.1538502275943756,4.823643684387207,0.29065725207328796,-0.00017342879436910152,-5.35958770342404e-06,0.0013044964289292693,-0.00047707126941531897,-0.008159294724464417,-2.715757545956876e-05,0.0008060990367084742,-0.0005404103430919349,0.0,0.0,5.0,0.2606935554134949,0.00024056434631347656,0.00028455257415771484,0.00022208690643310547,0.00027108192443847656,0.00969491433352232,2.762573827058077,False,False
291,5.82,-0.11482059210538864,0.15384061634540558,4.823481559753418,0.29064643383026123,-0.00015765888383612037,-5.84455801799777e-06,0.0012728746514767408,-0.0004853865539189428,-0.008059456944465637,-2.1517722416319884e-05,0.0007708997000008821,-0.0005490162293426692,0.0,0.0,5.0,0.2607862407337712,0.00023865699768066406,0.00028204917907714844,0.0002218484878540039,0.00026595592498779297,0.009694833308458328,2.772268660366535,False,False
292,5.84,-0.11479543149471283,0.15383082628250122,4.823321342468262,0.2906353771686554,-0.0001425976661266759,-6.262996521400055e-06,0.001244135433807969,-0.0004927474656142294,-0.007960587739944458,-2.0491854229476303e-05,0.0007352305110543966,-0.0005571848596446216,0.0,0.0,5.0,0.26087786842511507,0.0002372264862060547,0.0002764463424682617,0.00022161006927490234,0.00026106834411621094,0.009694753214716911,2.781963413581252,False,False
293,5.86,-0.1147708147764206,0.15382090210914612,4.823163032531738,0.2906241714954376,-0.0001282381999772042,-6.665618457191158e-06,0.0012181474594399333,-0.0004992008907720447,-0.007862918078899384,-1.99218175112037e-05,0.0007007250096648932,-0.0005645250785164535,0.0,0.0,5.0,0.26096843279118265,0.00023436546325683594,0.00027251243591308594,0.00022089481353759766,0.0002562999725341797,0.009694674983620644,2.7916580885648727,False,False
294,5.88,-0.11474670469760895,0.15381085872650146,4.823006629943848,0.2906128466129303,-0.00011455101048341021,-7.088890015438665e-06,0.0011947815073654056,-0.0005047865561209619,-0.007766427472233772,-2.254297214676626e-05,0.0006680011283606291,-0.0005713917198590934,0.0,0.0,5.0,0.2610579237352855,0.000232696533203125,0.00026726722717285156,0.00021982192993164062,0.00025093555450439453,0.009694596752524376,2.801352685317397,False,False
295,5.9,-0.11472301930189133,0.15380072593688965,4.82285213470459,0.2906014025211334,-0.00010150846355827525,-7.571836704300949e-06,0.00117391103412956,-0.0005095337983220816,-0.007671309635043144,-2.5874984203255735e-05,0.0006362616550177336,-0.0005775538156740367,0.0,0.0,5.0,0.2611463203554229,0.0002301931381225586,0.0002627372741699219,0.0002181529998779297,0.00024628639221191406,0.009694521315395832,2.811047206632793,False,False
296,5.92,-0.11469972878694534,0.15379047393798828,4.822699546813965,0.290589839220047,-8.909558528102934e-05,-8.133756637107581e-06,0.0011554127559065819,-0.0005134657840244472,-0.007577521726489067,-3.0427787351072766e-05,0.0006050344090908766,-0.0005832237075082958,0.0,0.0,5.0,0.26123358964314547,0.0002275705337524414,0.0002570152282714844,0.0002162456512451172,0.0002415180206298828,0.009694446809589863,2.820741653442383,False,False
297,5.94,-0.11467678099870682,0.15378017723560333,4.822548866271973,0.29057812690734863,-7.728521450189874e-05,-8.79646722751204e-06,0.0011391646694391966,-0.0005166008486412466,-0.007485145702958107,-3.594057488953695e-05,0.0005760116036981344,-0.000588344584684819,0.0,0.0,5.0,0.2613197502528295,0.00022542476654052734,0.0002512931823730469,0.00021386146545410156,0.00023639202117919922,0.009694373235106468,2.8304360266774893,False,False
298,5.96,-0.11465414613485336,0.15376980602741241,4.822400093078613,0.2905663549900055,-6.604531517950818e-05,-9.5486448117299e-06,0.0011250508250668645,-0.000518952903803438,-0.007394300773739815,-3.9362068491755053e-05,0.0005479881074279547,-0.0005928647588007152,0.0,0.0,5.0,0.2614047692948726,0.0002218484878540039,0.0002474784851074219,0.0002111196517944336,0.00023055076599121094,0.009694300591945648,2.840130327269435,False,False
299,5.98,-0.1146317645907402,0.1537594348192215,4.8222527503967285,0.2905545234680176,-5.538438563235104e-05,-1.0401062354503665e-05,0.00111295934766531,-0.0005205380730330944,-0.0073050204664468765,-4.595177961164154e-05,0.0005181150045245886,-0.0005970720085315406,0.0,0.0,5.0,0.2614889863658525,0.00021910667419433594,0.0002422332763671875,0.00020813941955566406,0.00022745132446289062,0.009694229811429977,2.849824557080865,False,True
