step,time,pos_x,pos_y,pos_z,euler_z,euler_y,euler_x,vel_x,vel_y,vel_z,omega_x,omega_y,omega_z,target_x,target_y,target_z,target_dist,action_0,action_1,action_2,action_3,reward,cumulative_reward,terminated,truncated
0,0.0,0.5037939548492432,-0.5734556913375854,5.729946136474609,3.1353695392608643,-3.1358776092529297,3.0643973350524902,0.6059491634368896,-0.45070403814315796,0.7771470546722412,0.0,0.0,0.0,0.0,0.0,5.0,1.0561634064027774,0.018282413482666016,-0.9847416281700134,-0.33186638355255127,-0.9991015791893005,-0.0509834922850132,-0.0509834922850132,False,False
1,0.02,0.5159091353416443,-0.5824181437492371,5.744198322296143,3.136293411254883,-3.132126808166504,3.0682008266448975,0.6055272817611694,-0.44557827711105347,0.6480876803398132,0.38109156489372253,-0.3809112012386322,0.06390894949436188,0.0,0.0,5.0,1.0766634910712183,-0.05870753526687622,-0.976952314376831,-0.15472018718719482,-0.9992499947547913,-0.051100317388772964,-0.10208380967378616,False,False
2,0.04,0.5280109643936157,-0.5912747979164124,5.755967617034912,3.138897180557251,-3.123626708984375,3.0768351554870605,0.6045482754707336,-0.44019392132759094,0.5288556218147278,0.4860551357269287,-0.4848927855491638,0.13714295625686646,0.0,0.0,5.0,1.0953942227236795,0.03183472156524658,-0.9743368625640869,-0.1274126172065735,-0.9991766214370728,0.006907622329890728,-0.09517618734389544,False,False
3,0.06,0.540083646774292,-0.6000236868858337,5.765468120574951,0.0015584914945065975,-0.029155394062399864,-0.05339418351650238,0.6025539636611938,-0.4348663091659546,0.421195924282074,0.6604848504066467,-0.6570164561271667,0.22134943306446075,0.0,0.0,5.0,1.1125017815507692,-0.8237135410308838,-0.7756914496421814,0.6388359069824219,-0.9629301428794861,0.006835902575403452,-0.08834028476849198,False,False
4,0.08,0.5520999431610107,-0.6086636781692505,5.773046016693115,0.007080583833158016,-0.02961699105799198,-0.05274388566613197,0.5990293025970459,-0.42917656898498535,0.3365149199962616,-0.5787053108215332,0.5821690559387207,0.32738107442855835,0.0,0.0,5.0,1.1282224799595177,0.02216196060180664,-0.8939012289047241,0.4864678382873535,-0.9802738428115845,0.00645620608702302,-0.08188407868146896,False,False
5,0.1,0.564041793346405,-0.6171638369560242,5.77929162979126,0.014001390896737576,-0.012501128017902374,-0.06955073028802872,0.5955470204353333,-0.42044320702552795,0.2880094051361084,-1.0876682996749878,1.0836399793624878,0.4678425192832947,0.0,0.0,5.0,1.1429478511946327,0.4298948049545288,-0.8717712759971619,0.21242880821228027,-0.9820131659507751,0.006543903145939112,-0.07534017553552985,False,False
6,0.12,0.5759398341178894,-0.6254518032073975,5.784696102142334,0.02332816831767559,0.007558016572147608,-0.08900994062423706,0.594778835773468,-0.40782520174980164,0.25241953134536743,-0.8568273186683655,0.8411655426025391,0.6207513809204102,0.0,0.0,5.0,1.1569981086313406,0.1729515790939331,-0.8068529963493347,0.0690910816192627,-0.9797518253326416,0.006545024458318949,-0.0687951510772109,False,False
7,0.14,0.5878474116325378,-0.6334941387176514,5.788995742797852,0.035323839634656906,0.02443689852952957,-0.10487795621156693,0.5962754487991333,-0.3960792124271393,0.1774846762418747,-0.7496957778930664,0.7221086025238037,0.7363920211791992,0.0,0.0,5.0,1.1702109576079975,0.1354532241821289,-0.7507893443107605,-0.0110090970993042,-0.9787819385528564,0.006543078925460577,-0.062252072151750326,False,False
8,0.16,0.599799633026123,-0.6412949562072754,5.791679382324219,0.049586061388254166,0.03890625387430191,-0.11787748336791992,0.5991640686988831,-0.383745938539505,0.09086132794618607,-0.5959155559539795,0.5568587183952332,0.8410835266113281,0.0,0.0,5.0,1.182275376142301,0.029637694358825684,-0.6173086166381836,-0.0694204568862915,-0.9791001677513123,0.006513150408864021,-0.055738921742886305,False,False
9,0.18,0.6118162870407104,-0.6488543748855591,5.792469024658203,0.06595708429813385,0.05101333186030388,-0.12802782654762268,0.6026504039764404,-0.37201735377311707,-0.01194032933562994,-0.493043452501297,0.4437217116355896,0.9304847717285156,0.0,0.0,5.0,1.1930374361012879,-0.10814636945724487,-0.40002596378326416,-0.14709168672561646,-0.9776405692100525,0.006455991882830858,-0.04928292986005545,False,False
10,0.2,0.6239057779312134,-0.6561838984489441,5.791088581085205,0.08406214416027069,0.06080039218068123,-0.13757696747779846,0.6063910126686096,-0.3607941269874573,-0.12612120807170868,-0.5633401274681091,0.28691980242729187,0.9905180931091309,0.0,0.0,5.0,1.2023547194746689,-0.2381058931350708,-0.281868577003479,-0.2531532049179077,-0.9693961143493652,0.006339974235743284,-0.04294295562431216,False,False
11,0.22,0.6360688209533691,-0.6632962822914124,5.787309169769287,0.10353518277406693,0.06676851212978363,-0.14982600510120392,0.6099352836608887,-0.35028859972953796,-0.2518828511238098,-0.7860576510429382,0.025659358128905296,1.0175756216049194,0.0,0.0,5.0,1.2101244695870843,-0.31074756383895874,-0.2888638973236084,-0.3313707113265991,-0.9393933415412903,0.006179697811603546,-0.036763257812708616,False,False
12,0.24,0.6482951641082764,-0.6702128648757935,5.78085994720459,0.12415389716625214,0.06790772080421448,-0.16621743142604828,0.6126604080200195,-0.3412160277366638,-0.39307260513305664,-0.9921557307243347,-0.23664598166942596,1.0312379598617554,0.0,0.0,5.0,1.2162294854177604,-0.34543919563293457,-0.26366978883743286,-0.2896905541419983,-0.8804212808609009,0.005941201467067003,-0.030822056345641613,False,False
13,0.26,0.6605740785598755,-0.6769322752952576,5.771616458892822,0.1458292156457901,0.0648331567645073,-0.1877596527338028,0.6151354312896729,-0.3305160105228424,-0.5313277840614319,-1.3060352802276611,-0.44638773798942566,1.0432056188583374,0.0,0.0,5.0,1.2206503914864164,-0.2630465030670166,-0.3344823122024536,-0.2253727912902832,-0.7525428533554077,0.005720914341509342,-0.02510114200413227,False,False
14,0.28,0.6728981137275696,-0.6834092736244202,5.759678363800049,0.16873015463352203,0.058792728930711746,-0.2146146148443222,0.6171040534973145,-0.31690630316734314,-0.662545919418335,-1.5209578275680542,-0.6021420955657959,1.0754255056381226,0.0,0.0,5.0,1.223499621234064,-0.1676466464996338,-0.3776450753211975,-0.14712494611740112,-0.49932003021240234,0.0055320980027318,-0.01956904400140047,False,False
15,0.3,0.685252845287323,-0.6895672678947449,5.745236873626709,0.1932607740163803,0.05082787573337555,-0.2451569139957428,0.6181183457374573,-0.2985321283340454,-0.7816242575645447,-1.6675169467926025,-0.7317311763763428,1.127768874168396,0.0,0.0,5.0,1.2249295803184386,-0.1175316572189331,-0.3927258253097534,-0.16460084915161133,-0.2209729552268982,0.005657043308019638,-0.013912000693380833,False,False
16,0.32,0.6976110935211182,-0.6952614784240723,5.728688716888428,0.2188456654548645,0.04369078576564789,-0.2748367488384247,0.6173539161682129,-0.2704121768474579,-0.8732271194458008,-1.4208571910858154,-0.6156678795814514,1.1586393117904663,0.0,0.0,5.0,1.2251681547055735,-0.2690778970718384,-0.23156261444091797,-0.19871735572814941,-0.2535703182220459,0.0055288164876401424,-0.00838318420574069,False,False
17,0.34,0.7099345922470093,-0.7003814578056335,5.710247993469238,0.24450397491455078,0.03881692886352539,-0.30312585830688477,0.6146910786628723,-0.2411697804927826,-0.9710001945495605,-1.5136511325836182,-0.5819563865661621,1.160253882408142,0.0,0.0,5.0,1.2243339103095818,-0.2218104600906372,-0.26152992248535156,-0.2138316035270691,-0.04449665546417236,0.005644293501973152,-0.002738890703767538,False,False
18,0.36,0.7221776843070984,-0.7048280835151672,5.69003963470459,0.26936787366867065,0.03710118308663368,-0.3301253616809845,0.6092855930328369,-0.203018918633461,-1.0499305725097656,-1.2801622152328491,-0.35503146052360535,1.1481860876083374,0.0,0.0,5.0,1.222488418139849,-0.2566099166870117,-0.04934585094451904,-0.276045560836792,-0.03984862565994263,0.005610642489045858,0.0028717517852783203,False,False
19,0.38,0.7342875003814697,-0.7084455490112305,5.668354034423828,0.2931012809276581,0.03772958368062973,-0.35447973012924194,0.6013774275779724,-0.15827149152755737,-1.1188035011291504,-1.2440651655197144,-0.3816590905189514,1.1068977117538452,0.0,0.0,5.0,1.219741917153337,-0.23662519454956055,-0.12049716711044312,-0.20917123556137085,0.08520066738128662,0.005686317570507526,0.008558069355785847,False,False
20,0.4,0.7462107539176941,-0.7110927104949951,5.64540958404541,0.3153001666069031,0.04061480611562729,-0.3765247166156769,0.5906525254249573,-0.10598112642765045,-1.175891637802124,-1.0469411611557007,-0.14181271195411682,1.0686782598495483,0.0,0.0,5.0,1.2161565949166258,-0.19569933414459229,-0.07011079788208008,-0.2740514278411865,0.0476226806640625,0.0057286606170237064,0.014286729972809553,False,False
21,0.42,0.7579047083854675,-0.712671160697937,5.621301174163818,0.33568423986434937,0.04616354778409004,-0.3944319486618042,0.5785443186759949,-0.05148865655064583,-1.235120415687561,-0.8321088552474976,-0.10990794748067856,1.0270360708236694,0.0,0.0,5.0,1.2117486865273446,-0.1747940182685852,-0.025448322296142578,-0.31270158290863037,0.08535706996917725,0.005771286319941282,0.020058016292750835,False,False
22,0.44,0.769339382648468,-0.7131143808364868,5.596056938171387,0.35515421628952026,0.051617056131362915,-0.40740156173706055,0.5647388696670532,0.007459105458110571,-1.2894458770751953,-0.5600494146347046,-0.14715756475925446,0.9760698080062866,0.0,0.0,5.0,1.2065235511136865,-0.14096981287002563,0.0835714340209961,-0.29205453395843506,0.06896746158599854,0.005775280762463808,0.025833297055214643,False,False
23,0.46,0.7804734110832214,-0.7123072743415833,5.569850921630859,0.37449511885643005,0.05481741577386856,-0.4160603880882263,0.5484464168548584,0.07344047725200653,-1.3312594890594482,-0.4090220630168915,-0.33256271481513977,0.9215506315231323,0.0,0.0,5.0,1.2005209166738222,-0.09874451160430908,0.10975468158721924,-0.27577710151672363,0.19103538990020752,0.0057899984531104565,0.0316232955083251,False,False
24,0.48,0.7912464737892151,-0.7100914716720581,5.542988300323486,0.393930584192276,0.05499716103076935,-0.4203227758407593,0.5285713076591492,0.1482044905424118,-1.3550543785095215,-0.12413503229618073,-0.43940412998199463,0.8586753606796265,0.0,0.0,5.0,1.193791093413519,-0.09677565097808838,0.16067004203796387,-0.27057981491088867,0.1837550401687622,0.005771100055426359,0.03739439556375146,False,False
25,0.5,0.8015990853309631,-0.7063605189323425,5.515693187713623,0.413289338350296,0.05220940709114075,-0.41957443952560425,0.5063811540603638,0.22477594017982483,-1.3744467496871948,0.09487726539373398,-0.6035522222518921,0.7924050092697144,0.0,0.0,5.0,1.1863581837556663,-0.11872696876525879,0.21512746810913086,-0.2659642696380615,0.2076793909072876,0.005732332356274128,0.04312672792002559,False,False
26,0.52,0.8114809393882751,-0.7010848522186279,5.488065719604492,0.4326837658882141,0.04577142000198364,-0.41514384746551514,0.4814480245113373,0.302519828081131,-1.3881386518478394,0.2527341842651367,-0.7704211473464966,0.7172225713729858,0.0,0.0,5.0,1.178231484749047,-0.1638714075088501,0.2773869037628174,-0.2077919840812683,0.30339574813842773,0.005743207409977913,0.0488699353300035,False,False
27,0.54,0.8208187818527222,-0.6942093968391418,5.460323810577393,0.45126989483833313,0.03688205033540726,-0.4084981083869934,0.45191845297813416,0.3846170902252197,-1.3859648704528809,0.3346489667892456,-0.7877218723297119,0.6285446882247925,0.0,0.0,5.0,1.169430703328095,-0.12815994024276733,0.24203455448150635,-0.1453472375869751,0.3218960762023926,0.005799345672130585,0.054669281002134085,False,False
28,0.56,0.8295297622680664,-0.6856885552406311,5.432705402374268,0.4680408835411072,0.0276905819773674,-0.40015584230422974,0.41878896951675415,0.46699467301368713,-1.3757648468017578,0.4451819062232971,-0.7169786691665649,0.5505746603012085,0.0,0.0,5.0,1.1599665454315378,-0.03934067487716675,0.2400987148284912,-0.11942589282989502,0.26346659660339355,0.005817844532430172,0.06048712553456426,False,False
29,0.58,0.8375479578971863,-0.6755314469337463,5.405348300933838,0.4833836555480957,0.0179144237190485,-0.38973045349121094,0.38269612193107605,0.5481468439102173,-1.3597818613052368,0.5620577931404114,-0.7757914066314697,0.4889081120491028,0.0,0.0,5.0,1.1498419729006666,-0.03748476505279541,0.24254965782165527,-0.08379662036895752,0.28384220600128174,0.0058425432071089745,0.06632966874167323,False,False
30,0.6,0.8448142409324646,-0.6637674570083618,5.37837553024292,0.497709184885025,0.006940484046936035,-0.3773157000541687,0.3436155319213867,0.6275861263275146,-1.3372842073440552,0.6613411903381348,-0.7781403064727783,0.4286063313484192,0.0,0.0,5.0,1.139063817594192,-0.00924140214920044,0.22539973258972168,-0.07757806777954102,0.26837408542633057,0.0058570741675794125,0.07218674290925264,False,False
31,0.62,0.8512797951698303,-0.6504562497138977,5.351866245269775,0.510915219783783,-0.004887628369033337,-0.36282607913017273,0.30264902114868164,0.7027913928031921,-1.3134444952011108,0.7859857082366943,-0.8025140166282654,0.3745501637458801,0.0,0.0,5.0,1.1276437722155461,-0.0246008038520813,0.2537107467651367,-0.07358193397521973,0.26177406311035156,0.005875992123037577,0.07806273503229022,False,False
32,0.64,0.8569073677062988,-0.6356852054595947,5.3258562088012695,0.5231226086616516,-0.01792067475616932,-0.34659016132354736,0.25984418392181396,0.7734782099723816,-1.2873772382736206,0.8512194752693176,-0.8438939452171326,0.3174143433570862,0.0,0.0,5.0,1.115602162997133,-0.0710710883140564,0.24622321128845215,-0.05650734901428223,0.25213634967803955,0.005944381933659315,0.08400711696594954,False,False
33,0.66,0.8616714477539062,-0.6195650100708008,5.300338268280029,0.5340818762779236,-0.03169063478708267,-0.3299022912979126,0.216316357254982,0.8376888036727905,-1.264327883720398,0.8444710969924927,-0.8188973069190979,0.25913625955581665,0.0,0.0,5.0,1.1029694288473235,-0.06942939758300781,0.19551551342010498,-0.04835563898086548,0.23364317417144775,0.006022433750331402,0.09002955071628094,False,False
34,0.68,0.8655617833137512,-0.6022272706031799,5.275236129760742,0.5434893369674683,-0.04511703923344612,-0.3131658136844635,0.17251648008823395,0.8952592611312866,-1.245635986328125,0.8650707006454468,-0.7522600889205933,0.20821291208267212,0.0,0.0,5.0,1.08978429669229,-0.07936298847198486,0.16604852676391602,-0.09195232391357422,0.20520532131195068,0.0060689859092235565,0.0960985366255045,False,False
35,0.7000000000000001,0.868586540222168,-0.5838139653205872,5.250414848327637,0.5514097213745117,-0.05807734280824661,-0.29569271206855774,0.12981614470481873,0.9452782869338989,-1.2362918853759766,0.922875165939331,-0.7215376496315002,0.15769678354263306,0.0,0.0,5.0,1.0760989360748465,-0.07828712463378906,0.17398416996002197,-0.11150181293487549,0.21331250667572021,0.006093410309404135,0.10219194693490863,False,False
36,0.72,0.8707500100135803,-0.5644496083259583,5.225788116455078,0.5579869747161865,-0.07110122591257095,-0.2768576443195343,0.08643240481615067,0.990330159664154,-1.226193904876709,1.0028526782989502,-0.7134894132614136,0.10396700352430344,0.0,0.0,5.0,1.0619742058121326,-0.07248282432556152,0.19263577461242676,-0.10887086391448975,0.2190418243408203,0.006119668949395418,0.10831161588430405,False,False
37,0.74,0.872033953666687,-0.5442295074462891,5.201404571533203,0.5632634162902832,-0.08455690741539001,-0.25651901960372925,0.04189451038837433,1.0307981967926025,-1.2120431661605835,1.0717886686325073,-0.7234743237495422,0.04875265434384346,0.0,0.0,5.0,1.0474697010211118,-0.06644600629806519,0.18461894989013672,-0.11732429265975952,0.22460365295410156,0.006134170573204756,0.1144457864575088,False,False
38,0.76,0.8724244832992554,-0.5232558846473694,5.177308082580566,0.567236065864563,-0.09859837591648102,-0.2344536930322647,-0.0028761522844433784,1.0656193494796753,-1.1974291801452637,1.1708292961120605,-0.7350693941116333,-0.006458119954913855,0.0,0.0,5.0,1.0326467721474129,-0.09134244918823242,0.1729658842086792,-0.1154334545135498,0.23305606842041016,0.006164017599076033,0.12060980405658484,False,False
39,0.78,0.8719233870506287,-0.5016480684280396,5.153487682342529,0.5697280168533325,-0.11270996183156967,-0.21038413047790527,-0.04722892865538597,1.0941730737686157,-1.1844382286071777,1.262151837348938,-0.6963767409324646,-0.06351279467344284,0.0,0.0,5.0,1.0175753761143715,-0.08065176010131836,0.1799863576889038,-0.06827813386917114,0.2544938325881958,0.0062235635705292225,0.12683336762711406,False,False
40,0.8,0.8705195784568787,-0.47952091693878174,5.1300177574157715,0.5705094933509827,-0.12580351531505585,-0.18456213176250458,-0.09306496381759644,1.1174888610839844,-1.162410855293274,1.329110026359558,-0.6031489372253418,-0.117831289768219,0.0,0.0,5.0,1.0023219360574616,-0.05272406339645386,0.23256969451904297,-0.006619095802307129,0.2577047348022461,0.006327512674033642,0.1331608803011477,False,False
41,0.8200000000000001,0.8681768774986267,-0.45698025822639465,5.107134819030762,0.5696054697036743,-0.13743145763874054,-0.15809649229049683,-0.1410512924194336,1.135469913482666,-1.1257156133651733,1.3053945302963257,-0.5277298092842102,-0.16900357604026794,0.0,0.0,5.0,0.9869346059798906,-0.06911319494247437,0.27445030212402344,-0.003252685070037842,0.26155412197113037,0.006455649621784687,0.1396165299229324,False,False
42,0.84,0.864878237247467,-0.4341447651386261,5.085024356842041,0.5671244263648987,-0.14789900183677673,-0.13250187039375305,-0.18861500918865204,1.147020697593689,-1.085248589515686,1.2186037302017212,-0.47286128997802734,-0.22564610838890076,0.0,0.0,5.0,0.9714551886824021,-0.10506510734558105,0.31408143043518066,-0.05197405815124512,0.24317967891693115,0.006584060378372669,0.14620059030130506,False,False
43,0.86,0.8606515526771545,-0.4111429452896118,5.063666820526123,0.5630995035171509,-0.15813173353672028,-0.10887762904167175,-0.23390990495681763,1.1522042751312256,-1.0504488945007324,1.0822921991348267,-0.4955410957336426,-0.2921513020992279,0.0,0.0,5.0,0.9559357094611118,-0.10639870166778564,0.3208155632019043,-0.07521182298660278,0.2953301668167114,0.006677892524749041,0.1528784828260541,False,False
44,0.88,0.855520486831665,-0.3880942463874817,5.043040752410889,0.557435154914856,-0.16861094534397125,-0.08694307506084442,-0.27909570932388306,1.1517596244812012,-1.0121402740478516,1.0188180208206177,-0.49317634105682373,-0.366426557302475,0.0,0.0,5.0,0.9404174359484473,-0.1365112066268921,0.2977968454360962,-0.014085352420806885,0.3026857376098633,0.006828193552792072,0.15970667637884617,False,False
45,0.9,0.8494888544082642,-0.36510878801345825,5.023196697235107,0.5499749779701233,-0.17771761119365692,-0.06657660752534866,-0.32396942377090454,1.1459643840789795,-0.9723085165023804,0.8890334367752075,-0.3588898479938507,-0.4363561272621155,0.0,0.0,5.0,0.9249182815855348,-0.061241209506988525,0.29567670822143555,0.0059931278228759766,0.2577371597290039,0.006960737053304911,0.16666741343215108,False,False
46,0.92,0.8425576686859131,-0.3422887325286865,5.004195213317871,0.5409439206123352,-0.1851385235786438,-0.048327237367630005,-0.36904293298721313,1.1353164911270142,-0.9278579354286194,0.77281254529953,-0.3312971591949463,-0.49302583932876587,0.0,0.0,5.0,0.9094408179163271,-0.08154922723770142,0.31638622283935547,0.08825290203094482,0.27794528007507324,0.007111281156539917,0.173778694588691,False,False
47,0.9400000000000001,0.8347126841545105,-0.3197290599346161,4.986180782318115,0.5305767059326172,-0.19078926742076874,-0.033212773501873016,-0.4153592884540558,1.120050072669983,-0.8736022710800171,0.5447137355804443,-0.19215798377990723,-0.547737181186676,0.0,0.0,5.0,0.8939591196651222,0.021663904190063477,0.17981457710266113,0.03061962127685547,0.20025348663330078,0.007227562367916107,0.1810062569566071,False,False
48,0.96,0.8259768486022949,-0.29749593138694763,4.969088077545166,0.5192055106163025,-0.19464467465877533,-0.02002612315118313,-0.45812997221946716,1.1028183698654175,-0.8356878757476807,0.5560965538024902,-0.16361574828624725,-0.5782557129859924,0.0,0.0,5.0,0.8784629363659116,-0.05862438678741455,0.15602564811706543,0.08348047733306885,0.17506885528564453,0.007344232872128487,0.1883504898287356,False,False
49,0.98,0.816405177116394,-0.27562764286994934,4.952679634094238,0.5071508884429932,-0.19635909795761108,-0.007904822006821632,-0.4989098310470581,1.0836467742919922,-0.8052055835723877,0.42168641090393066,0.008516480214893818,-0.6067681908607483,0.0,0.0,5.0,0.862975797902786,-0.018863558769226074,0.043665528297424316,0.02824234962463379,0.11176800727844238,0.00744327949360013,0.19579376932233572,False,False
50,1.0,0.8060594797134399,-0.25414541363716125,4.9366960525512695,0.4946392774581909,-0.19499345123767853,0.0031959908083081245,-0.5354833006858826,1.0643336772918701,-0.7931046485900879,0.4450104832649231,0.1309230923652649,-0.620366632938385,0.0,0.0,5.0,0.8475430171214302,-0.012025058269500732,0.07858920097351074,0.037528157234191895,0.07906985282897949,0.007530862465500832,0.20332463178783655,False,False
51,1.02,0.794991672039032,-0.23306545615196228,4.920973300933838,0.4818998873233795,-0.191751167178154,0.014021803624927998,-0.5710636973381042,1.043451189994812,-0.7791483998298645,0.39270514249801636,0.1824505627155304,-0.6326709389686584,0.0,0.0,5.0,0.8322118027449693,-0.013578176498413086,0.007714509963989258,0.03488123416900635,0.1314558982849121,0.007572412956506014,0.21089704474434257,False,False
52,1.04,0.7832308411598206,-0.2124129831790924,4.9055094718933105,0.4690195918083191,-0.1860109269618988,0.025134732946753502,-0.6047269701957703,1.0216121673583984,-0.7672401666641235,0.47657009959220886,0.36674240231513977,-0.6436448693275452,0.0,0.0,5.0,0.8170056828865039,0.04951155185699463,0.0878220796585083,0.10848879814147949,-0.008135497570037842,0.007687992881983519,0.21858503762632608,False,False
53,1.06,0.7708054184913635,-0.1922161728143692,4.890360355377197,0.45622336864471436,-0.17872127890586853,0.03532541170716286,-0.6374695301055908,0.9979186058044434,-0.7476768493652344,0.3104383647441864,0.3237040936946869,-0.6363535523414612,0.0,0.0,5.0,0.801940709741103,0.030813217163085938,-0.10406500101089478,0.031681060791015625,0.11175286769866943,0.007682645693421364,0.22626768331974745,False,False
54,1.08,0.7577692866325378,-0.17248298227787018,4.8754425048828125,0.44372686743736267,-0.16941332817077637,0.046070847660303116,-0.6657731533050537,0.9752750992774963,-0.7440540790557861,0.5474270582199097,0.556464433670044,-0.6312509179115295,0.0,0.0,5.0,0.7870700353392458,0.09415662288665771,0.13954174518585205,0.1583542823791504,-0.1497843861579895,0.007841969840228558,0.234109653159976,False,False
55,1.1,0.7441704273223877,-0.1532304584980011,4.8607659339904785,0.4316394031047821,-0.16013987362384796,0.055183641612529755,-0.6937046647071838,0.9498662352561951,-0.7235540747642517,0.16573402285575867,0.3090364634990692,-0.6067872643470764,0.0,0.0,5.0,0.7724346726100768,0.014603257179260254,-0.25231605768203735,-0.048175930976867676,0.2236185073852539,0.007692630402743816,0.24180228356271982,False,False
56,1.12,0.7300705313682556,-0.1344560831785202,4.846207141876221,0.4200250208377838,-0.148782879114151,0.06618717312812805,-0.7158910632133484,0.927460789680481,-0.7322975397109985,0.7555074095726013,0.7554909586906433,-0.6072412133216858,0.0,0.0,5.0,0.7581119061760718,0.08477401733398438,0.3360707759857178,0.30593419075012207,-0.3866621255874634,0.007931996136903763,0.24973427969962358,False,False
57,1.1400000000000001,0.7155143618583679,-0.11618664115667343,4.831864356994629,0.4088857173919678,-0.13834871351718903,0.07264842092990875,-0.7392798066139221,0.8994264006614685,-0.7018553614616394,-0.26839679479599,0.2080952376127243,-0.5661540031433105,0.0,0.0,5.0,0.7441301848854719,0.020744800567626953,-0.47486793994903564,-0.25980496406555176,0.4709599018096924,0.007581416983157396,0.257315696682781,False,False
58,1.16,0.700564444065094,-0.09840618073940277,4.817568778991699,0.3981471657752991,-0.12612542510032654,0.08208315819501877,-0.7553727626800537,0.8785703182220459,-0.7277166843414307,1.0697062015533447,0.9293991327285767,-0.588047981262207,0.0,0.0,5.0,0.7305857014030112,0.11323583126068115,0.5566670894622803,0.5086126327514648,-0.6402308940887451,0.007960137911140919,0.2652758345939219,False,False
59,1.18,0.6852508187294006,-0.08116607367992401,4.803651332855225,0.3878752291202545,-0.11382303386926651,0.08893834799528122,-0.7753809094429016,0.8453425168991089,-0.6640352010726929,-0.5067012310028076,0.20800399780273438,-0.5354266166687012,0.0,0.0,5.0,0.7174325161124624,0.12448108196258545,-0.5361141562461853,-0.32515251636505127,0.5128688812255859,0.007732173427939415,0.2730080080218613,False,False
60,1.2,0.6696195602416992,-0.06447902321815491,4.790168285369873,0.37788107991218567,-0.10260025411844254,0.0958331897854805,-0.7874595522880554,0.8233621716499329,-0.684237539768219,1.0877939462661743,0.8190802335739136,-0.5553083419799805,0.0,0.0,5.0,0.7046823740935153,0.06795954704284668,0.5283808708190918,0.5277433395385742,-0.6422255039215088,0.008089065551757812,0.2810970735736191,False,False
61,1.22,0.6537297368049622,-0.0483432374894619,4.77707052230835,0.36833974719047546,-0.0914166197180748,0.10234715044498444,-0.8009700179100037,0.7900875806808472,-0.6255344748497009,-0.5284804105758667,0.19865769147872925,-0.5024876594543457,0.0,0.0,5.0,0.6923851452897583,0.1843651533126831,-0.5111143589019775,-0.2940176725387573,0.4832521677017212,0.00790137518197298,0.2889984487555921,False,False
62,1.24,0.6376248002052307,-0.03277420252561569,4.764419078826904,0.3591991066932678,-0.08096058666706085,0.10849931836128235,-0.8092448115348816,0.7668159604072571,-0.6396022439002991,1.0646122694015503,0.7464916706085205,-0.5111374855041504,0.0,0.0,5.0,0.6805423606276944,0.09551656246185303,0.5258345603942871,0.48261547088623047,-0.6412197351455688,0.008233125321567059,0.29723157407715917,False,False
63,1.26,0.6213559508323669,-0.017775287851691246,4.752195835113525,0.3504284918308258,-0.07195550203323364,0.11510509252548218,-0.8171793818473816,0.7328979969024658,-0.5827409029006958,-0.47064247727394104,0.04979972913861275,-0.4597156345844269,0.0,0.0,5.0,0.6691831458039633,0.1269214153289795,-0.4430258274078369,-0.23387229442596436,0.48262155055999756,0.008109500631690025,0.3053410747088492,False,False
64,1.28,0.6049613356590271,-0.0033663026988506317,4.740458011627197,0.3419671356678009,-0.0637870654463768,0.12028663605451584,-0.8220644593238831,0.7079847455024719,-0.5910562872886658,0.93100905418396,0.6632145047187805,-0.4733598530292511,0.0,0.0,5.0,0.6582944579477503,0.1984332799911499,0.5254517793655396,0.45949554443359375,-0.6107978820800781,0.008343962021172047,0.31368503673002124,False,False
65,1.3,0.5884783267974854,0.010434125550091267,4.729282379150391,0.33375129103660583,-0.05779377743601799,0.1254151463508606,-0.8259083032608032,0.6718860864639282,-0.5265328288078308,-0.46760332584381104,-0.1697475165128708,-0.4144728481769562,0.0,0.0,5.0,0.6478453845824912,0.10563051700592041,-0.39129966497421265,-0.15579557418823242,0.5436406135559082,0.008281738497316837,0.3219667752273381,False,False
66,1.32,0.5719324350357056,0.023591095581650734,4.718832492828369,0.32582390308380127,-0.05283045396208763,0.12953299283981323,-0.8285594582557678,0.643778920173645,-0.5184510946273804,0.8351175785064697,0.5622252821922302,-0.43332722783088684,0.0,0.0,5.0,0.6377447899636055,0.2585623264312744,0.5274181365966797,0.45047199726104736,-0.5905897617340088,0.008427893742918968,0.33039466897025704,False,False
67,1.34,0.5553463697433472,0.036087628453969955,4.709158897399902,0.31813278794288635,-0.0496441125869751,0.1333618313074112,-0.8298417329788208,0.6057089567184448,-0.4489220380783081,-0.49111825227737427,-0.34774860739707947,-0.36986520886421204,0.0,0.0,5.0,0.6279334791808657,0.15580201148986816,-0.34500694274902344,-0.06320583820343018,0.562286376953125,0.008455921895802021,0.33885059086605906,False,False
68,1.36,0.538735032081604,0.04788243770599365,4.7004618644714355,0.310750812292099,-0.048117246478796005,0.1361609548330307,-0.8312845230102539,0.5737361311912537,-0.4207949936389923,0.7345447540283203,0.40066367387771606,-0.3814738094806671,0.0,0.0,5.0,0.6182647145588723,0.1598217487335205,0.42032063007354736,0.386358380317688,-0.5338059067726135,0.008548139594495296,0.34739873046055436,False,False
69,1.3800000000000001,0.5221045613288879,0.05900461971759796,4.692477703094482,0.30382466316223145,-0.04669070243835449,0.13869838416576385,-0.8316641449928284,0.5383579134941101,-0.3776322305202484,-0.5132355690002441,-0.3547530472278595,-0.32320287823677063,0.0,0.0,5.0,0.6088059470820684,0.22154486179351807,-0.291811466217041,0.02113628387451172,0.5055017471313477,0.008621006272733212,0.3560197367332876,False,False
70,1.4000000000000001,0.5054612159729004,0.06942296028137207,4.685347557067871,0.2973604202270508,-0.046398550271987915,0.13959281146526337,-0.8327415585517883,0.5034874677658081,-0.33540114760398865,0.5722905397415161,0.2946436405181885,-0.32050374150276184,0.0,0.0,5.0,0.5994303530104133,0.11732983589172363,0.28187358379364014,0.2936067581176758,-0.4376966953277588,0.008700291626155376,0.36472002835944295,False,False
71,1.42,0.48880240321159363,0.07916528731584549,4.678865432739258,0.291525661945343,-0.04559193179011345,0.1415567547082901,-0.8330821990966797,0.4706518054008484,-0.31282538175582886,-0.4024676978588104,-0.296845406293869,-0.2677355110645294,0.0,0.0,5.0,0.5901883956763077,0.20464622974395752,-0.21767884492874146,0.09959447383880615,0.3849896192550659,0.008773833513259888,0.37349386187270284,False,False
72,1.44,0.4721313714981079,0.08822135627269745,4.6730451583862305,0.2862716317176819,-0.04537418484687805,0.14144833385944366,-0.8340872526168823,0.4349914789199829,-0.26920515298843384,0.3675302565097809,0.24467788636684418,-0.25498655438423157,0.0,0.0,5.0,0.5810253936877146,0.09974050521850586,0.1629023551940918,0.18404579162597656,-0.3077225685119629,0.008849228732287884,0.3823430906049907,False,False
73,1.46,0.4554451107978821,0.09660882502794266,4.667774200439453,0.2817114293575287,-0.044024910777807236,0.14296406507492065,-0.8344805240631104,0.40369999408721924,-0.2579193711280823,-0.23619160056114197,-0.17587539553642273,-0.21508100628852844,0.0,0.0,5.0,0.5719593481329065,0.14497590065002441,-0.13487398624420166,0.13865816593170166,0.24967920780181885,0.008895221166312695,0.3912383117713034,False,False
74,1.48,0.438748836517334,0.10433369129896164,4.662980556488037,0.27768972516059875,-0.042843565344810486,0.1426699012517929,-0.835159420967102,0.36882391571998596,-0.22143268585205078,0.18918271362781525,0.23574768006801605,-0.19936218857765198,0.0,0.0,5.0,0.5629992593161153,0.11871492862701416,0.1034308671951294,0.1456514596939087,-0.17952144145965576,0.008954225108027458,0.4001925368793309,False,False
75,1.5,0.4220440089702606,0.11139100790023804,4.658712387084961,0.2743297517299652,-0.04041093587875366,0.14322291314601898,-0.8352323770523071,0.3369016945362091,-0.2053496241569519,-0.1478065550327301,-0.04287853464484215,-0.1676638424396515,0.0,0.0,5.0,0.5540815254797491,0.07963907718658447,-0.06252038478851318,0.1423943042755127,0.13993871212005615,0.008988998830318451,0.4091815357096493,False,False
76,1.52,0.40533968806266785,0.11779606342315674,4.654874324798584,0.271428644657135,-0.037944793701171875,0.1419030874967575,-0.8351567983627319,0.3036782443523407,-0.17843350768089294,0.004384803585708141,0.2458348125219345,-0.1541995108127594,0.0,0.0,5.0,0.5452411456960732,0.14118516445159912,0.03941059112548828,0.09851622581481934,-0.06410765647888184,0.00903495866805315,0.4182164943777025,False,False
77,1.54,0.38864266872406006,0.12355249375104904,4.651493549346924,0.2690879702568054,-0.034250903874635696,0.14141568541526794,-0.8344283103942871,0.27201351523399353,-0.15966252982616425,-0.06156127154827118,0.08681046962738037,-0.12958255410194397,0.0,0.0,5.0,0.5364374043743292,0.03365302085876465,0.08593082427978516,0.11687648296356201,0.0950632095336914,0.009056410752236843,0.4272729051299393,False,False
78,1.56,0.3719661235809326,0.12866270542144775,4.648601531982422,0.2668764591217041,-0.031168397516012192,0.1394527554512024,-0.8331514000892639,0.2391030639410019,-0.1295238733291626,-0.14198048412799835,0.1874529868364334,-0.1324189007282257,0.0,0.0,5.0,0.5276303366783346,0.1033017635345459,0.06309032440185547,0.10550081729888916,0.10155701637268066,0.009079965762794018,0.43635287089273334,False,False
79,1.58,0.35532110929489136,0.13311588764190674,4.646354675292969,0.26487067341804504,-0.02665575221180916,0.13706892728805542,-0.8312215209007263,0.2063491940498352,-0.09521207958459854,-0.10221393406391144,0.231878861784935,-0.12830772995948792,0.0,0.0,5.0,0.5186886792097803,0.10911810398101807,0.13020789623260498,0.09945690631866455,0.11192488670349121,0.009102018550038338,0.4454548894427717,False,False
80,1.6,0.33872389793395996,0.1369113028049469,4.644869327545166,0.2628847062587738,-0.02200854755938053,0.134982168674469,-0.8283544182777405,0.17331618070602417,-0.0532953254878521,-0.11128303408622742,0.201626256108284,-0.13143208622932434,0.0,0.0,5.0,0.5095060140818224,0.1078040599822998,0.1538759469985962,0.09931087493896484,0.16398024559020996,0.009120621718466282,0.45457551116123796,False,False
81,1.62,0.32219353318214417,0.14004379510879517,4.644295692443848,0.26071810722351074,-0.017628418281674385,0.1330047845840454,-0.8245437741279602,0.1400550901889801,-0.0040688225999474525,-0.09074023365974426,0.2035321146249771,-0.1417427361011505,0.0,0.0,5.0,0.49994648892343413,0.10305249691009521,0.12455487251281738,0.10741376876831055,0.15249991416931152,0.009148293174803257,0.4637238043360412,False,False
82,1.6400000000000001,0.30574727058410645,0.14252305030822754,4.644670486450195,0.25842922925949097,-0.012861683033406734,0.13148504495620728,-0.8199241161346436,0.10797533392906189,0.04159480333328247,-0.06472217291593552,0.23880992829799652,-0.147942453622818,0.0,0.0,5.0,0.48995232067858724,0.09582912921905518,0.09674632549285889,0.1194617748260498,0.11903548240661621,0.009174300357699394,0.4728981046937406,False,False
83,1.6600000000000001,0.2894022464752197,0.14437414705753326,4.645904541015625,0.2561834752559662,-0.007243716157972813,0.1302030086517334,-0.8143942952156067,0.07723458111286163,0.0818285271525383,-0.06575103849172592,0.2888854146003723,-0.14798811078071594,0.0,0.0,5.0,0.4795634980655317,0.08550691604614258,0.02624833583831787,0.10733413696289062,0.11132335662841797,0.009191312827169895,0.4820894175209105,False,False
84,1.68,0.2731773555278778,0.1456291228532791,4.647846221923828,0.2541978657245636,1.5925894331303425e-05,0.12958930432796478,-0.807854175567627,0.048354100435972214,0.11231565475463867,0.00362976361066103,0.4052577614784241,-0.14284220337867737,0.0,0.0,5.0,0.46887737459760387,0.05364251136779785,-0.01981210708618164,0.10264432430267334,0.07066547870635986,0.009193585254251957,0.49128300277516246,False,False
85,1.7,0.2570957541465759,0.14632657170295715,4.650277614593506,0.252707839012146,0.009914541617035866,0.13011372089385986,-0.799976110458374,0.021456394344568253,0.13081365823745728,0.04949556663632393,0.5569868087768555,-0.13302579522132874,0.0,0.0,5.0,0.45805615293427254,-0.003365635871887207,-0.01075071096420288,0.05691862106323242,-0.0036830902099609375,0.009215237572789192,0.5004982403479517,False,False
86,1.72,0.24118633568286896,0.14651049673557281,4.652915000915527,0.251676470041275,0.022023620083928108,0.13051702082157135,-0.7905864715576172,-0.0029816951137036085,0.13292954862117767,-0.007554246578365564,0.6302431225776672,-0.1266959011554718,0.0,0.0,5.0,0.4473300467924128,-0.011525630950927734,-0.015333890914916992,0.010999798774719238,-0.012987315654754639,0.009236384183168411,0.5097346245311201,False,False
87,1.74,0.22548465430736542,0.1462194323539734,4.655529022216797,0.25086310505867004,0.03511608764529228,0.1301322728395462,-0.7791895866394043,-0.026012178510427475,0.12838336825370789,-0.028613321483135223,0.6573306918144226,-0.12410808354616165,0.0,0.0,5.0,0.4369023990102896,-0.005799233913421631,-0.019657671451568604,0.0005130767822265625,-0.037105679512023926,0.009256532415747643,0.5189911569468677,False,False
88,1.76,0.21003271639347076,0.14547866582870483,4.658018589019775,0.25013405084609985,0.048347488045692444,0.1292799562215805,-0.7656167149543762,-0.047939423471689224,0.12053775042295456,-0.053585976362228394,0.645268976688385,-0.11931527405977249,0.0,0.0,5.0,0.42688296946932114,-0.0034668445587158203,-0.027067482471466064,-0.009977281093597412,-0.0677749514579773,0.009281846694648266,0.528273003641516,False,False
89,1.78,0.19487182796001434,0.1443122774362564,4.660305500030518,0.24943099915981293,0.060933925211429596,0.12780584394931793,-0.7501141428947449,-0.06856407225131989,0.1081111952662468,-0.09000004082918167,0.593982994556427,-0.11173666268587112,0.0,0.0,5.0,0.4173648476582966,0.014964580535888672,-0.03598135709762573,-0.004662632942199707,-0.06499028205871582,0.009311944246292114,0.5375849478878081,False,False
90,1.8,0.18004362285137177,0.14273995161056519,4.662359714508057,0.24875174462795258,0.07246389985084534,0.1258653998374939,-0.7323786616325378,-0.08852643519639969,0.09730221331119537,-0.09953559190034866,0.5411738157272339,-0.1013764813542366,0.0,0.0,5.0,0.4084009822494487,0.005545258522033691,-0.04201740026473999,0.007775306701660156,-0.06245046854019165,0.009332746267318726,0.5469176941551268,False,False
91,1.82,0.1655893474817276,0.1407770812511444,4.664196491241455,0.24816954135894775,0.08324654400348663,0.12358872592449188,-0.7127489447593689,-0.10761453211307526,0.08634716272354126,-0.12362885475158691,0.5214851498603821,-0.09040982276201248,0.0,0.0,5.0,0.4000025188665264,0.01230776309967041,-0.05128180980682373,0.009388208389282227,-0.06980371475219727,0.009350595995783806,0.5562682901509106,False,False
92,1.84,0.1515447497367859,0.13844230771064758,4.665804862976074,0.24774911999702454,0.09357240051031113,0.12091429531574249,-0.6914283633232117,-0.1257079541683197,0.07448732107877731,-0.14013102650642395,0.49827754497528076,-0.07711607962846756,0.0,0.0,5.0,0.39219698283831206,0.010433316230773926,-0.04677915573120117,0.014245033264160156,-0.07674294710159302,0.009368195198476315,0.5656364853493869,False,False
93,1.86,0.13794353604316711,0.13575516641139984,4.667175769805908,0.24750687181949615,0.10335297137498856,0.11772441864013672,-0.6684277653694153,-0.14284148812294006,0.0625714510679245,-0.17650437355041504,0.4699443578720093,-0.06331772357225418,0.0,0.0,5.0,0.3850063019585124,0.019744873046875,-0.04623138904571533,0.00874793529510498,-0.06806749105453491,0.00938903447240591,0.5750255198217928,False,False
94,1.8800000000000001,0.12481969594955444,0.13273455202579498,4.668319225311279,0.24742667376995087,0.11246621608734131,0.11407085508108139,-0.643713116645813,-0.1590421050786972,0.05181335285305977,-0.18801361322402954,0.43433302640914917,-0.05002305656671524,0.0,0.0,5.0,0.3784317033449201,0.02713477611541748,-0.015390992164611816,0.02703678607940674,-0.08721500635147095,0.00940540712326765,0.5844309269450605,False,False
95,1.9000000000000001,0.11220945417881012,0.12939783930778503,4.669283390045166,0.24746137857437134,0.12041736394166946,0.10953626781702042,-0.6171005964279175,-0.17443101108074188,0.0445769801735878,-0.2658708691596985,0.35618048906326294,-0.035426147282123566,0.0,0.0,5.0,0.37243554949097923,0.0357053279876709,-0.03316003084182739,0.017592310905456543,-0.06020909547805786,0.00942718330770731,0.5938581102527678,False,False
96,1.92,0.10014434903860092,0.12576529383659363,4.67011022567749,0.24760164320468903,0.1270737200975418,0.10414019227027893,-0.5892459750175476,-0.18860873579978943,0.038087956607341766,-0.2754887342453003,0.3071250915527344,-0.021770691499114037,0.0,0.0,5.0,0.3669782867973612,0.02621901035308838,-0.019073843955993652,0.021945476531982422,-0.08644735813140869,0.009436323307454586,0.6032944335602224,False,False
97,1.94,0.08864305168390274,0.12186359614133835,4.670790195465088,0.24785545468330383,0.13243933022022247,0.09797726571559906,-0.5607635974884033,-0.20133429765701294,0.029890097677707672,-0.34410446882247925,0.22921474277973175,-0.007461765315383673,0.0,0.0,5.0,0.36205997027875,0.04459381103515625,-0.0448644757270813,0.019950032234191895,-0.0643720030784607,0.009453320875763893,0.6127477544359863,False,False
98,1.96,0.077719546854496,0.11772088706493378,4.671318054199219,0.2482597380876541,0.13652388751506805,0.09120543301105499,-0.5315104126930237,-0.21269647777080536,0.02292061224579811,-0.3385167717933655,0.18117082118988037,0.00871811993420124,0.0,0.0,5.0,0.3576735337007909,0.02637314796447754,-0.014993369579315186,0.0279008150100708,-0.09964382648468018,0.00945199839770794,0.6221997528336942,False,False
99,1.98,0.06738262623548508,0.11336636543273926,4.67169189453125,0.24883438646793365,0.13920293748378754,0.08357623964548111,-0.5021517872810364,-0.22250355780124664,0.014463884755969048,-0.4323118031024933,0.09065154939889908,0.02444465272128582,0.0,0.0,5.0,0.35380582703836344,0.042758941650390625,-0.05297684669494629,0.020672202110290527,-0.05490511655807495,0.00947071984410286,0.6316704726777971,False,False
100,2.0,0.05763591080904007,0.10883096605539322,4.671913146972656,0.24961164593696594,0.14069712162017822,0.0752575621008873,-0.4725341200828552,-0.2307666540145874,0.0076223136857151985,-0.41040506958961487,0.06436911970376968,0.04039488360285759,0.0,0.0,5.0,0.3504383833382463,0.04186522960662842,-0.030705273151397705,0.02337050437927246,-0.08519148826599121,0.009471870958805084,0.6411423436366022,False,False
101,2.02,0.04847928509116173,0.10414674878120422,4.671992301940918,0.2506318688392639,0.14111776649951935,0.06680109351873398,-0.44317427277565,-0.2373918741941452,0.00026841400540433824,-0.44957923889160156,-0.015277104452252388,0.05725924298167229,0.0,0.0,5.0,0.34754256768151914,0.040511369705200195,-0.030714809894561768,0.020882010459899902,-0.06011700630187988,0.009482298977673054,0.6506246426142752,False,False
102,2.04,0.03990918770432472,0.09934574365615845,4.671945571899414,0.2518768906593323,0.14019718766212463,0.0578780472278595,-0.4139280617237091,-0.2424352914094925,-0.004911910276859999,-0.4601824879646301,-0.06895434856414795,0.07143215835094452,0.0,0.0,5.0,0.3450826391492575,0.03867745399475098,-0.019208848476409912,0.017184734344482422,-0.05651283264160156,0.009486518800258636,0.6601111614145339,False,False
103,2.06,0.03191902115941048,0.09446031600236893,4.6718058586120605,0.2533331513404846,0.13809478282928467,0.04870522394776344,-0.3852202594280243,-0.2458345890045166,-0.009024050086736679,-0.4772995114326477,-0.1333361119031906,0.08368323743343353,0.0,0.0,5.0,0.3430057866165075,0.03240847587585449,-0.023255765438079834,0.02050042152404785,-0.03417080640792847,0.009496215730905533,0.6696073771454394,False,False
104,2.08,0.024496382102370262,0.08952339738607407,4.671600818634033,0.2549951374530792,0.1350998431444168,0.03939776495099068,-0.35720738768577576,-0.24758422374725342,-0.011490699835121632,-0.4760742485523224,-0.15864013135433197,0.09395603835582733,0.0,0.0,5.0,0.34126314441716,0.040499210357666016,-0.020823895931243896,0.018811583518981934,-0.03200125694274902,0.009501920081675053,0.6791092972271144,False,False
105,2.1,0.017625145614147186,0.08456799387931824,4.671358108520508,0.25687170028686523,0.13149762153625488,0.030241956934332848,-0.3300996720790863,-0.2476898729801178,-0.012730935588479042,-0.46444231271743774,-0.19491969048976898,0.10439644753932953,0.0,0.0,5.0,0.3398056564889858,0.043300628662109375,-0.020615816116333008,0.02648007869720459,-0.025039613246917725,0.009507750160992146,0.6886170473881066,False,False
106,2.12,0.011286762543022633,0.07962653785943985,4.671109199523926,0.25897783041000366,0.12730753421783447,0.021362222731113434,-0.3039419949054718,-0.24620066583156586,-0.012101181782782078,-0.4507001042366028,-0.21859391033649445,0.11514411866664886,0.0,0.0,5.0,0.33858076610755117,0.04174518585205078,-0.025617539882659912,0.026449084281921387,-0.009192287921905518,0.009519113227725029,0.6981361606158316,False,False
107,2.14,0.005460081156343222,0.07473024725914001,4.670883655548096,0.2613198161125183,0.12290190905332565,0.012988404370844364,-0.27893567085266113,-0.2431899607181549,-0.010423501953482628,-0.41589295864105225,-0.21794193983078003,0.12473432719707489,0.0,0.0,5.0,0.33753813195997656,0.03489542007446289,-0.016566216945648193,0.02039778232574463,-0.010398626327514648,0.009527775458991528,0.7076639360748231,False,False
108,2.16,0.00012022791634080932,0.06990820169448853,4.670688152313232,0.2638692557811737,0.11842367798089981,0.0052053919062018394,-0.2552570700645447,-0.23879629373550415,-0.009107940830290318,-0.39308804273605347,-0.22758406400680542,0.13239304721355438,0.0,0.0,5.0,0.3366503588974501,0.03298664093017578,-0.015428006649017334,0.019367456436157227,-0.009440958499908447,0.009533432312309742,0.7171973683871329,False,False
109,2.18,-0.004758856724947691,0.0651869922876358,4.6705193519592285,0.26660048961639404,0.11377917230129242,-0.0021232233848422766,-0.23286163806915283,-0.23312214016914368,-0.007758758030831814,-0.37140434980392456,-0.23646628856658936,0.13958291709423065,0.0,0.0,5.0,0.33590100939741696,0.030107498168945312,-0.0110398530960083,0.01743292808532715,-0.006244242191314697,0.009538313373923302,0.7267356817610562,False,False
110,2.2,-0.009202617220580578,0.060591377317905426,4.67038106918335,0.2694975435733795,0.10897453874349594,-0.009035459719598293,-0.21172790229320526,-0.22625252604484558,-0.006034931633621454,-0.3520122170448303,-0.24561256170272827,0.1456184834241867,0.0,0.0,5.0,0.3352680162522233,0.018191099166870117,-0.005000412464141846,0.01497805118560791,0.006235480308532715,0.009545068256556988,0.7362807500176132,False,False
111,2.22,-0.013236329890787601,0.05614445358514786,4.670282363891602,0.2725161015987396,0.10418065637350082,-0.015593511052429676,-0.19185598194599152,-0.2182646244764328,-0.003813012270256877,-0.3358955681324005,-0.23744451999664307,0.14859168231487274,0.0,0.0,5.0,0.3347254392158786,0.015389800071716309,-0.0066291093826293945,0.006187915802001953,0.012670516967773438,0.009551351889967918,0.7458321019075811,False,False
112,2.24,-0.016886021941900253,0.05186745524406433,4.670223236083984,0.2756045460700989,0.09959288686513901,-0.02168336696922779,-0.1733161062002182,-0.20927411317825317,-0.0021742344833910465,-0.30449753999710083,-0.22698818147182465,0.15003816783428192,0.0,0.0,5.0,0.33425751251009583,0.009350895881652832,-0.0011997222900390625,0.0010149478912353516,0.014960408210754395,0.009556260891258717,0.7553883627988398,False,False
113,2.2600000000000002,-0.020177355036139488,0.047779567539691925,4.670193195343018,0.27872514724731445,0.0952080711722374,-0.02719961293041706,-0.15600904822349548,-0.19937153160572052,-0.0008115436648949981,-0.2774713635444641,-0.21895922720432281,0.1497221440076828,0.0,0.0,5.0,0.3338600621946018,0.001295924186706543,0.0013890266418457031,-0.006343841552734375,0.01818060874938965,0.009559432975947857,0.7649477957747877,False,False
114,2.2800000000000002,-0.023134823888540268,0.04389764368534088,4.670181751251221,0.28183606266975403,0.09101425111293793,-0.032190416008234024,-0.1399194598197937,-0.1886933594942093,-0.0003331376938149333,-0.2505332827568054,-0.20943765342235565,0.14742998778820038,0.0,0.0,5.0,0.3335300592228391,-0.006871283054351807,-0.0009502172470092773,-0.011118888854980469,0.020965576171875,0.009562057442963123,0.7745098532177508,False,False
115,2.3000000000000003,-0.025782261043787003,0.04023601487278938,4.670168399810791,0.28489741683006287,0.08711656183004379,-0.03664086014032364,-0.12499169260263443,-0.17735888063907623,-0.0010312036611139774,-0.2217404842376709,-0.19059491157531738,0.14389149844646454,0.0,0.0,5.0,0.33327548118748174,-0.012762665748596191,0.002606987953186035,-0.011143267154693604,0.021633148193359375,0.009563827887177467,0.7840736811049283,False,False
116,2.32,-0.028141124173998833,0.03680745139718056,4.670139789581299,0.28787773847579956,0.08363806456327438,-0.040629297494888306,-0.11104480177164078,-0.1653984934091568,-0.001860747579485178,-0.20251743495464325,-0.1684640645980835,0.1394088715314865,0.0,0.0,5.0,0.3330982884459211,-0.014518260955810547,0.0061196088790893555,-0.016785860061645508,0.023442745208740234,0.009564333595335484,0.7936380147002637,False,False
117,2.34,-0.030230024829506874,0.03362380713224411,4.670092582702637,0.290752649307251,0.08054843544960022,-0.04422828555107117,-0.09798040241003036,-0.1528763771057129,-0.0028689256869256496,-0.18095704913139343,-0.15237215161323547,0.13374190032482147,0.0,0.0,5.0,0.33299146955301356,-0.019159138202667236,0.014472484588623047,-0.026479601860046387,0.031142115592956543,0.009562619961798191,0.8032006346620619,False,False
118,2.36,-0.0320654958486557,0.030695931985974312,4.670027256011963,0.29348334670066833,0.07772193849086761,-0.04736834764480591,-0.08568909019231796,-0.13983473181724548,-0.0036917217075824738,-0.1546410322189331,-0.14244137704372406,0.12524573504924774,0.0,0.0,5.0,0.3329451126529753,-0.023488402366638184,0.021208882331848145,-0.03494900465011597,0.03784000873565674,0.009560954757034779,0.8127615894190967,False,False
119,2.38,-0.033662375062704086,0.028033297508955002,4.669945240020752,0.2960195541381836,0.07504734396934509,-0.04996003583073616,-0.07411068677902222,-0.12636782228946686,-0.004437136463820934,-0.12388835102319717,-0.13700060546398163,0.11430715024471283,0.0,0.0,5.0,0.33294919409580614,-0.027217090129852295,0.02515852451324463,-0.039036691188812256,0.04072070121765137,0.009560107253491879,0.8223216966725886,False,False
120,2.4,-0.0350344181060791,0.02564326487481594,4.6698479652404785,0.2983238399028778,0.07246042788028717,-0.051968351006507874,-0.06319829821586609,-0.11259298771619797,-0.005262739025056362,-0.09393157809972763,-0.1330593079328537,0.10200493037700653,0.0,0.0,5.0,0.3329945247918107,-0.025457561016082764,0.03005361557006836,-0.036778926849365234,0.045264482498168945,0.00955986138433218,0.8318815580569208,False,False
121,2.42,-0.03619370609521866,0.023531902581453323,4.669748306274414,0.3003764748573303,0.06994504481554031,-0.05341077223420143,-0.05282682552933693,-0.09851840138435364,-0.004754927475005388,-0.06492254137992859,-0.12891215085983276,0.08919785916805267,0.0,0.0,5.0,0.3330614297822975,-0.023235023021697998,0.033383727073669434,-0.034254252910614014,0.04769408702850342,0.00955977477133274,0.8414413328282535,False,False
122,2.44,-0.037150777876377106,0.02170395292341709,4.669670104980469,0.3021702468395233,0.06749492138624191,-0.0543091855943203,-0.04296962544322014,-0.08426861464977264,-0.0031986332032829523,-0.037244170904159546,-0.12537865340709686,0.07629655301570892,0.0,0.0,5.0,0.33312022066055424,-0.02511066198348999,0.03381681442260742,-0.03129768371582031,0.04185974597930908,0.009560457430779934,0.8510017902590334,False,False
123,2.46,-0.03791620582342148,0.02016087993979454,4.669617652893066,0.30371028184890747,0.06508751213550568,-0.05479617416858673,-0.03365659713745117,-0.0700438842177391,-0.0020394313614815474,-0.021663911640644073,-0.12338278442621231,0.063998743891716,0.0,0.0,5.0,0.33316151492013185,-0.021335840225219727,0.030124187469482422,-0.03268557786941528,0.03852713108062744,0.009560995735228062,0.8605627859942615,False,False
124,2.48,-0.03850055858492851,0.018901444971561432,4.669583797454834,0.30501410365104675,0.06265541166067123,-0.054930418729782104,-0.024858549237251282,-0.055916234850883484,-0.0013063533697277308,-9.030252113007009e-05,-0.12659712135791779,0.052577268332242966,0.0,0.0,5.0,0.33318827190904043,-0.02176731824874878,0.03048086166381836,-0.034023821353912354,0.043771982192993164,0.009559962898492813,0.8701227488927543,False,False
125,2.5,-0.038913577795028687,0.017923513427376747,4.66956901550293,0.3060832917690277,0.060189541429281235,-0.05458787456154823,-0.01651873253285885,-0.041908808052539825,-0.00016753927047830075,0.02777293138206005,-0.12546423077583313,0.04046950861811638,0.0,0.0,5.0,0.33319687031257395,-0.023464083671569824,0.03288471698760986,-0.03571677207946777,0.04014098644256592,0.009559470228850842,0.8796822191216052,False,False
126,2.52,-0.03916448354721069,0.017223123461008072,4.669572830200195,0.3069089353084564,0.05766701325774193,-0.05377095565199852,-0.008643276058137417,-0.028178086504340172,0.0005554106319323182,0.049049247056245804,-0.13088580965995789,0.028160348534584045,0.0,0.0,5.0,0.33318554484728446,-0.022220909595489502,0.02863621711730957,-0.03745841979980469,0.029965519905090332,0.009560015052556992,0.8892422341741621,False,False
127,2.54,-0.039262805134058,0.01679314486682415,4.669576644897461,0.30750957131385803,0.05492614954710007,-0.0525754876434803,-0.0012618975015357137,-0.014881406910717487,-0.00014100086991675198,0.06711013615131378,-0.1460048407316208,0.01714773289859295,0.0,0.0,5.0,0.3331713840934299,-0.023437440395355225,0.024642586708068848,-0.037378907203674316,0.027320384979248047,0.009559815749526024,0.8988020499236882,False,False
128,2.56,-0.03921832889318466,0.016624556854367256,4.669559478759766,0.3079053461551666,0.051900044083595276,-0.051031045615673065,0.0056315516121685505,-0.0020523760467767715,-0.0015533622354269028,0.085212841629982,-0.1582510769367218,0.0066473460756242275,0.0,0.0,5.0,0.33317471586135683,-0.024497628211975098,0.021994352340698242,-0.03544652462005615,0.022246599197387695,0.00956014171242714,0.9083621916361153,False,False
129,2.58,-0.039041027426719666,0.0167072881013155,4.6695075035095215,0.3081059157848358,0.048624616116285324,-0.049194712191820145,0.01201703492552042,0.01023878064006567,-0.0035874000750482082,0.09740449488162994,-0.16988873481750488,-0.003052785526961088,0.0,0.0,5.0,0.33320958199719164,-0.0234563946723938,0.018313884735107422,-0.032429397106170654,0.01950705051422119,0.009560903534293175,0.9179230951704085,False,False
130,2.6,-0.03874114900827408,0.017030227929353714,4.6694135665893555,0.3081255257129669,0.045139044523239136,-0.04713515192270279,0.017884941771626472,0.02195977233350277,-0.005802028812468052,0.10845133662223816,-0.17836211621761322,-0.011777416802942753,0.0,0.0,5.0,0.33328410589912255,-0.02247530221939087,0.01702594757080078,-0.029222428798675537,0.019970178604125977,0.009561559185385704,0.9274846543557942,False,False
131,2.62,-0.03832908719778061,0.017581788823008537,4.6692795753479,0.3079736530780792,0.041519466787576675,-0.04486749693751335,0.023233532905578613,0.03309250250458717,-0.0076364255510270596,0.11896513402462006,-0.18252018094062805,-0.02003532461822033,0.0,0.0,5.0,0.3333980166493152,-0.021504759788513184,0.016477465629577637,-0.02559739351272583,0.018073439598083496,0.00956273265182972,0.9370473870076239,False,False
132,2.64,-0.03781535103917122,0.018349668011069298,4.66910982131958,0.3076576292514801,0.037824321538209915,-0.04243924096226692,0.028051774948835373,0.043585579842329025,-0.009210041724145412,0.12510643899440765,-0.18526966869831085,-0.027637658640742302,0.0,0.0,5.0,0.33354912897126926,-0.02044498920440674,0.013383030891418457,-0.021392762660980225,0.015176534652709961,0.009564709849655628,0.9466120968572795,False,False
133,2.66,-0.03721064701676369,0.019320612773299217,4.668909549713135,0.30719175934791565,0.03410542011260986,-0.03992461413145065,0.03233030065894127,0.053396016359329224,-0.01080695353448391,0.12802481651306152,-0.18439285457134247,-0.034192003309726715,0.0,0.0,5.0,0.33373463200648074,-0.017545998096466064,0.011145234107971191,-0.017248570919036865,0.012391924858093262,0.009566964581608772,0.9561790614388883,False,False
134,2.68,-0.03652568161487579,0.020480960607528687,4.668679714202881,0.3065957725048065,0.030408097431063652,-0.037373706698417664,0.036079030483961105,0.06252514570951462,-0.012161314487457275,0.12898249924182892,-0.18276534974575043,-0.03962294012308121,0.0,0.0,5.0,0.33395617518698933,-0.014340996742248535,0.010947346687316895,-0.012832462787628174,0.011006355285644531,0.009569129906594753,0.9657481913454831,False,False
135,2.7,-0.03577093034982681,0.021817216649651527,4.668429851531982,0.30588915944099426,0.026741405948996544,-0.034830812364816666,0.039309486746788025,0.07098686695098877,-0.012883370742201805,0.12732109427452087,-0.18111954629421234,-0.044197000563144684,0.0,0.0,5.0,0.33420699237977236,-0.010868251323699951,0.012454867362976074,-0.007847189903259277,0.011350750923156738,0.009571111761033535,0.9753193031065166,False,False
136,2.72,-0.034956686198711395,0.02331622503697872,4.66817569732666,0.3050868809223175,0.023110272362828255,-0.03235015273094177,0.042028121650218964,0.07880166172981262,-0.012558361515402794,0.1227397695183754,-0.179098442196846,-0.04815591126680374,0.0,0.0,5.0,0.334474190491013,-0.007587730884552002,0.011042118072509766,-0.002874135971069336,0.012425541877746582,0.009573349729180336,0.9848926528356969,False,False
137,2.74,-0.034093234688043594,0.02496505156159401,4.667935848236084,0.30420199036598206,0.019564731046557426,-0.02995140850543976,0.04423125833272934,0.0859719067811966,-0.011425243690609932,0.11901960521936417,-0.17253108322620392,-0.051314838230609894,0.0,0.0,5.0,0.33474199518084985,-0.005527973175048828,0.009898662567138672,0.0007643699645996094,0.012045621871948242,0.009575579315423965,0.9944682321511209,False,False
138,2.7600000000000002,-0.03319082409143448,0.026750851422548294,4.667724132537842,0.3032478392124176,0.016176404431462288,-0.027634117752313614,0.045928847044706345,0.0925028920173645,-0.009854999370872974,0.11441099643707275,-0.16341644525527954,-0.0538015142083168,0.0,0.0,5.0,0.3349992402281377,-0.002667844295501709,0.00894618034362793,0.003545999526977539,0.011517763137817383,0.009577667340636253,1.0040458994917572,False,False
139,2.7800000000000002,-0.03225930780172348,0.028661079704761505,4.667547225952148,0.30223801732063293,0.012975105084478855,-0.02540118247270584,0.04714565351605415,0.09841901063919067,-0.00785350427031517,0.11035199463367462,-0.15392526984214783,-0.05562508851289749,0.0,0.0,5.0,0.3352416552306722,-0.0002454519271850586,0.008325934410095215,0.006114363670349121,0.010721564292907715,0.009579562582075596,1.0136254620738328,False,False
140,2.8000000000000003,-0.03130804002285004,0.030683672055602074,4.667413711547852,0.30118608474731445,0.009964733384549618,-0.02325025200843811,0.04790946841239929,0.10374370962381363,-0.005482251290231943,0.10594538599252701,-0.1444656103849411,-0.05685210973024368,0.0,0.0,5.0,0.33546284498773304,0.001878499984741211,0.007173418998718262,0.008712530136108398,0.009840846061706543,0.009581387042999268,1.023206849116832,False,False
141,2.82,-0.03034578077495098,0.03280704468488693,4.667330741882324,0.3001052141189575,0.007153457496315241,-0.02118680812418461,0.04824909567832947,0.1085011214017868,-0.0028314616065472364,0.10132322460412979,-0.13419212400913239,-0.057450152933597565,0.0,0.0,5.0,0.3356575693893441,0.00378572940826416,0.006085634231567383,0.01096498966217041,0.008718252182006836,0.009583131410181522,1.0327899805270135,False,False
142,2.84,-0.029380712658166885,0.03502010926604271,4.66730260848999,0.2990085184574127,0.0045530651696026325,-0.019217045977711678,0.04819595068693161,0.11271819472312927,2.3015982151264325e-05,0.09629438817501068,-0.12357913702726364,-0.0574551597237587,0.0,0.0,5.0,0.33582315085007475,0.005587458610534668,0.005062103271484375,0.012845635414123535,0.007715344429016113,0.009584772400557995,1.0423747529275715,False,False
143,2.86,-0.028420360758900642,0.03731236234307289,4.667333126068115,0.29790815711021423,0.002168217906728387,-0.017345713451504707,0.04778311774134636,0.11642502248287201,0.003049757331609726,0.09120810031890869,-0.11285441368818283,-0.05692858248949051,0.0,0.0,5.0,0.33595710782910865,0.007165312767028809,0.004232645034790039,0.014380693435668945,0.006775379180908203,0.009586344473063946,1.0519610974006355,False,False
144,2.88,-0.027471577748656273,0.039673902094364166,4.667425155639648,0.2968149781227112,-1.5244030464600655e-06,-0.015574248507618904,0.0470443069934845,0.11965253949165344,0.006215707864612341,0.08605663478374481,-0.10229112207889557,-0.05594746023416519,0.0,0.0,5.0,0.3360576337366936,0.008179783821105957,0.003168940544128418,0.015717148780822754,0.004943966865539551,0.009587987326085567,1.061549084726721,False,False
145,2.9,-0.026540545746684074,0.04209543764591217,4.667581558227539,0.29573947191238403,-0.001962601440027356,-0.013915356248617172,0.04601350054144859,0.12243039160966873,0.009333820082247257,0.07972681522369385,-0.09220944344997406,-0.054477907717227936,0.0,0.0,5.0,0.33612266640255567,0.007434368133544922,0.0005763769149780273,0.0174868106842041,0.0009279251098632812,0.009589803405106068,1.0711388881318271,False,False
146,2.92,-0.02563275583088398,0.04456828534603119,4.667794227600098,0.29469460248947144,-0.0037079351022839546,-0.012423931621015072,0.04472523555159569,0.1247907280921936,0.011907922104001045,0.06911946833133698,-0.0809328481554985,-0.052297718822956085,0.0,0.0,5.0,0.33616074346357977,0.00993359088897705,-0.002102971076965332,0.01833510398864746,-0.000202178955078125,0.009591101668775082,1.0807299898006022,False,False
147,2.94,-0.02475307509303093,0.047084636986255646,4.668057918548584,0.2936949133872986,-0.0052267275750637054,-0.011108235456049442,0.04320782795548439,0.12678898870944977,0.01443904172629118,0.06200365722179413,-0.069759301841259,-0.04945112019777298,0.0,0.0,5.0,0.33617736866866454,0.010645389556884766,-0.0010070204734802246,0.01748788356781006,-0.0010962486267089844,0.009592673741281033,1.0903226635418832,False,False
148,2.96,-0.02390577271580696,0.049637701362371445,4.668372631072998,0.29274800419807434,-0.006558786146342754,-0.009938365779817104,0.04149207845330238,0.12846828997135162,0.016978086903691292,0.05442585423588753,-0.062442339956760406,-0.046635933220386505,0.0,0.0,5.0,0.3361727222531978,0.010495781898498535,-9.846687316894531e-05,0.015737175941467285,-0.00028645992279052734,0.009594319388270378,1.0999169829301536,False,False
149,2.98,-0.023094583302736282,0.052221473306417465,4.668736934661865,0.29185134172439575,-0.007761411834508181,-0.008902808651328087,0.039599400013685226,0.12986521422863007,0.019499817863106728,0.048488181084394455,-0.05696995183825493,-0.044157661497592926,0.0,0.0,5.0,0.3361482716145321,0.00907886028289795,-0.0007467865943908691,0.014760136604309082,-0.0006083846092224121,0.009595915675163269,1.1095128986053169,False,False
150,3.0,-0.02232285402715206,0.05483059957623482,4.669148921966553,0.29100075364112854,-0.008844926953315735,-0.007986552082002163,0.03754826635122299,0.13100890815258026,0.02169152908027172,0.042431384325027466,-0.05065946280956268,-0.041811950504779816,0.0,0.0,5.0,0.3361058468662828,0.008949041366577148,-0.0018042922019958496,0.013588547706604004,-0.0006620287895202637,0.0095972940325737,1.1191101926378906,False,False
151,3.02,-0.021593602374196053,0.05746033042669296,4.669601917266846,0.29019489884376526,-0.009801516309380531,-0.00716867670416832,0.03535475209355354,0.1319294571876526,0.023646263405680656,0.03860507160425186,-0.04438607767224312,-0.03948391228914261,0.0,0.0,5.0,0.3360518803845381,0.009632110595703125,-0.0015219449996948242,0.012452244758605957,-0.0007752180099487305,0.00959846656769514,1.1287086592055857,False,False
152,3.04,-0.020909516140818596,0.060106441378593445,4.670094013214111,0.28943368792533875,-0.0106557821854949,-0.006411530543118715,0.033034563064575195,0.1326504349708557,0.02557247318327427,0.03633125126361847,-0.04052122309803963,-0.03721380978822708,0.0,0.0,5.0,0.3359880240092084,0.011925220489501953,-4.744529724121094e-05,0.011747241020202637,0.00031387805938720703,0.009599204175174236,1.13830786338076,False,False
153,3.06,-0.02027304284274578,0.06276510655879974,4.670628547668457,0.28871604800224304,-0.011468714103102684,-0.00567126227542758,0.030594345182180405,0.13318583369255066,0.027905093505978584,0.03690212592482567,-0.040336597710847855,-0.035034485161304474,0.0,0.0,5.0,0.33591071503962355,0.01078653335571289,0.0007532835006713867,0.012211918830871582,0.00055694580078125,0.009600233286619186,1.1479080966673791,False,False
154,3.08,-0.01968649961054325,0.06543263047933578,4.671210289001465,0.2880397140979767,-0.012265811674296856,-0.004942993633449078,0.028041988611221313,0.13353672623634338,0.030273012816905975,0.03512253984808922,-0.03901292011141777,-0.03301522880792618,0.0,0.0,5.0,0.3358149214327164,0.011462926864624023,0.000821232795715332,0.01223456859588623,0.0017006397247314453,0.009601025842130184,1.1575091225095093,False,False
155,3.1,-0.019152117893099785,0.06810537725687027,4.671841621398926,0.28740260004997253,-0.01303116325289011,-0.004231453873217106,0.025378534570336342,0.13370858132839203,0.032827187329530716,0.03522586077451706,-0.03722882270812988,-0.03104371577501297,0.0,0.0,5.0,0.33569788125214284,0.010940909385681152,0.0011037588119506836,0.01240384578704834,0.001344919204711914,0.009601982310414314,1.1671111048199236,False,False
156,3.12,-0.018672039732336998,0.07077979296445847,4.672523498535156,0.28680384159088135,-0.013759646564722061,-0.003532340284436941,0.022612815722823143,0.13370485603809357,0.035338208079338074,0.03388381376862526,-0.03538632020354271,-0.029098249971866608,0.0,0.0,5.0,0.33555816659934146,0.010820150375366211,0.0005644559860229492,0.012262344360351562,0.0012623071670532227,0.009602917358279228,1.1767140221782029,False,False
157,3.14,-0.018248245120048523,0.0734524354338646,4.673254489898682,0.28624382615089417,-0.01444598101079464,-0.0028549847193062305,0.01975153759121895,0.1335316002368927,0.03776107355952263,0.033062227070331573,-0.03306770697236061,-0.027119286358356476,0.0,0.0,5.0,0.33539661162942325,0.008762598037719727,-0.001605391502380371,0.011083841323852539,0.0004825592041015625,0.009604253806173801,1.1863182759843767,False,False
158,3.16,-0.017882488667964935,0.07611997425556183,4.674028396606445,0.2857224643230438,-0.015060773119330406,-0.0021886713802814484,0.016811219975352287,0.13319598138332367,0.03957567736506462,0.03280004486441612,-0.028279637917876244,-0.025166891515254974,0.0,0.0,5.0,0.33521861538493386,0.005755305290222168,-0.00452810525894165,0.006784200668334961,0.0002950429916381836,0.009605924598872662,1.1959242005832493,False,False
159,3.18,-0.017576118931174278,0.07877922803163528,4.674827575683594,0.28523561358451843,-0.015563690103590488,-0.001484005362726748,0.013815966434776783,0.13270427286624908,0.04036715626716614,0.03692113608121872,-0.0219219122081995,-0.023605279624462128,0.0,0.0,5.0,0.33504058300712186,0.003577113151550293,-0.003461122512817383,0.004463672637939453,-0.002538025379180908,0.009607285261154175,1.2055314858444035,False,False
160,3.2,-0.01733006164431572,0.08142707496881485,4.6756367683410645,0.2847769856452942,-0.015983041375875473,-0.0007380010792985559,0.010783578269183636,0.13205267488956451,0.040542952716350555,0.03695600479841232,-0.019962253049016,-0.022298119962215424,0.0,0.0,5.0,0.33487640350851994,0.003294229507446289,-0.004548847675323486,0.003145456314086914,-0.0025974512100219727,0.009608034044504166,1.2151395198889077,False,False
161,3.22,-0.01714496873319149,0.08406026661396027,4.676445960998535,0.28434377908706665,-0.01636292040348053,3.092464612564072e-05,0.007720813620835543,0.13123956322669983,0.040448036044836044,0.039236072450876236,-0.018009807914495468,-0.02103317528963089,0.0,0.0,5.0,0.33473466287528936,0.002817869186401367,-0.00330960750579834,0.002583146095275879,-0.003302335739135742,0.009608878754079342,1.224748398642987,False,False
162,3.24,-0.01702139712870121,0.08667554706335068,4.677253723144531,0.283934086561203,-0.016725508496165276,0.0008250166429206729,0.004632151685655117,0.13026027381420135,0.04030241817235947,0.039495520293712616,-0.01826614700257778,-0.01991467922925949,0.0,0.0,5.0,0.3346155071765368,0.0027648210525512695,-0.0034188032150268555,0.0025478601455688477,-0.0028197765350341797,0.009609527885913849,1.2343579265289009,False,False
163,3.2600000000000002,-0.01695985160768032,0.08926954120397568,4.678058624267578,0.2835460603237152,-0.01708628609776497,0.0016303220763802528,0.0015181631315499544,0.12911193072795868,0.04018343985080719,0.04037916660308838,-0.017859144136309624,-0.01883915811777115,0.0,0.0,5.0,0.3345189635309294,0.003111720085144043,-0.002055227756500244,0.002770066261291504,-0.0026340484619140625,0.009610181674361229,1.243968108203262,False,False
164,3.2800000000000002,-0.016960857436060905,0.09183885157108307,4.678863525390625,0.28317832946777344,-0.017452817410230637,0.002441630931571126,-0.001623133779503405,0.12779109179973602,0.04027084633708,0.04011690616607666,-0.018868492916226387,-0.01785489171743393,0.0,0.0,5.0,0.3344408477853738,0.002818584442138672,-0.002402961254119873,0.003366231918334961,-0.002080082893371582,0.009610696695744991,1.253578804899007,False,False
165,3.3000000000000003,-0.01702495850622654,0.09438002854585648,4.679670333862305,0.28283002972602844,-0.017819810658693314,0.0032476268243044615,-0.004791076295077801,0.12629826366901398,0.0404064804315567,0.03986852616071701,-0.017929451540112495,-0.0168616846203804,0.0,0.0,5.0,0.33437783121544223,0.0027823448181152344,-0.0024958252906799316,0.004081368446350098,-0.00225222110748291,0.009611096233129501,1.2631899011321366,False,False
166,3.3200000000000003,-0.01715266890823841,0.09688963741064072,4.680480003356934,0.28250232338905334,-0.018160497769713402,0.00403937604278326,-0.007983539253473282,0.12463551759719849,0.04058104753494263,0.03871691972017288,-0.016258275136351585,-0.015780620276927948,0.0,0.0,5.0,0.33432745047786044,0.004309654235839844,0.00010478496551513672,0.002453327178955078,-0.0012081265449523926,0.009611678309738636,1.2728015794418752,False,False
167,3.34,-0.01734449714422226,0.09936431050300598,4.6812968254089355,0.2821924686431885,-0.018518848344683647,0.004825273994356394,-0.011203303001821041,0.12280363589525223,0.041101355105638504,0.03930475562810898,-0.019713565707206726,-0.015048228204250336,0.0,0.0,5.0,0.3342840278525826,0.0027778148651123047,0.0010219812393188477,0.0018402338027954102,-0.0003228187561035156,0.00961240567266941,1.2824139851145446,False,False
168,3.36,-0.017600998282432556,0.10180065035820007,4.682124137878418,0.28189292550086975,-0.018936464563012123,0.005612509325146675,-0.014452801086008549,0.12080300599336624,0.04158588871359825,0.03885803744196892,-0.022203534841537476,-0.01468338817358017,0.0,0.0,5.0,0.3342427729561699,0.0024503469467163086,-0.00020104646682739258,0.0033693313598632812,-0.00015884637832641602,0.009612700901925564,1.2920266860164702,False,False
169,3.38,-0.01792287826538086,0.10419527441263199,4.682960510253906,0.2816023528575897,-0.019368400797247887,0.006385659333318472,-0.01774151623249054,0.11863193660974503,0.04208196699619293,0.03790043294429779,-0.02116340957581997,-0.01410800963640213,0.0,0.0,5.0,0.33420341535313913,0.003110527992248535,-0.00040411949157714844,0.004772186279296875,-4.76837158203125e-07,0.009612825699150562,1.3016395117156208,False,False
170,3.4,-0.018310951068997383,0.10654477775096893,4.683809280395508,0.281325101852417,-0.01976739428937435,0.007135378662496805,-0.021071717143058777,0.11629222333431244,0.04277348518371582,0.036529116332530975,-0.01892240159213543,-0.013336434960365295,0.0,0.0,5.0,0.33416111646788166,0.0034613609313964844,0.0016273260116577148,0.0037183761596679688,0.002126455307006836,0.009613207541406155,1.311252719257027,False,False
171,3.42,-0.018766019493341446,0.10884583741426468,4.684675216674805,0.28105872869491577,-0.020135676488280296,0.007873887196183205,-0.024440255016088486,0.11378777027130127,0.043801385909318924,0.03679034486413002,-0.01810465380549431,-0.01301746815443039,0.0,0.0,5.0,0.3341097107076033,0.002043485641479492,0.00229799747467041,0.0026384592056274414,0.0037147998809814453,0.009613655507564545,1.3208663747645915,False,False
172,3.44,-0.019288741052150726,0.11109521239995956,4.685561656951904,0.28079432249069214,-0.020473767071962357,0.008623986504971981,-0.02783612720668316,0.11112426221370697,0.044803351163864136,0.03768256679177284,-0.015921398997306824,-0.013141386210918427,0.0,0.0,5.0,0.3340444181967437,0.0011292695999145508,0.002509593963623047,0.0019354820251464844,0.0038486719131469727,0.009614158421754837,1.3304805331863463,False,False
173,3.46,-0.019879573956131935,0.1132897436618805,4.686466217041016,0.280525803565979,-0.02076650783419609,0.00938895158469677,-0.031249504536390305,0.10830255597829819,0.0456780269742012,0.03826023265719414,-0.013593234121799469,-0.013448044657707214,0.0,0.0,5.0,0.3339658613334953,0.0008208751678466797,0.0033255815505981445,0.0010294914245605469,0.004477858543395996,0.009614473208785057,1.3400950063951313,False,False
174,3.48,-0.020538795739412308,0.11542623490095139,4.687388896942139,0.2802487313747406,-0.021020928397774696,0.010170192457735538,-0.03467393293976784,0.10532036423683167,0.04657280072569847,0.03928498923778534,-0.012118728831410408,-0.01400226354598999,0.0,0.0,5.0,0.33387237020886845,0.0004665851593017578,0.004935503005981445,2.3484230041503906e-05,0.005990743637084961,0.009614518843591213,1.3497095252387226,False,False
175,3.5,-0.02126658521592617,0.11750143021345139,4.688331127166748,0.2799564301967621,-0.021253637969493866,0.010978360660374165,-0.038105156272649765,0.10217306762933731,0.047637760639190674,0.04091392457485199,-0.011459987610578537,-0.014973945915699005,0.0,0.0,5.0,0.3337609025067235,-0.0006232261657714844,0.00531315803527832,-0.00047844648361206055,0.0066231489181518555,0.00961487740278244,1.359324402641505,False,False
176,3.52,-0.022062987089157104,0.11951202899217606,4.68929386138916,0.27964237332344055,-0.021463507786393166,0.011816011741757393,-0.04153402894735336,0.0988597497344017,0.04864295572042465,0.04218027740716934,-0.009883644059300423,-0.016187898814678192,0.0,0.0,5.0,0.3336288432428789,-0.0011092424392700195,0.004881739616394043,-0.000341951847076416,0.006305813789367676,0.009615542367100716,1.3689399450086057,False,False
177,3.54,-0.022927874699234962,0.12145469337701797,4.690275192260742,0.2793046236038208,-0.021633293479681015,0.012674027122557163,-0.04495266452431679,0.09537824243307114,0.049537576735019684,0.042893558740615845,-0.0075072781182825565,-0.017364583909511566,0.0,0.0,5.0,0.3334762158095379,-0.001148521900177002,0.004144906997680664,0.00029015541076660156,0.005524158477783203,0.009616388939321041,1.3785563339479268,False,False
178,3.56,-0.023860957473516464,0.12332604825496674,4.691274642944336,0.2789458632469177,-0.021748162806034088,0.013539023697376251,-0.04835188388824463,0.09172822535037994,0.050338756293058395,0.042827822268009186,-0.004449223168194294,-0.018344782292842865,0.0,0.0,5.0,0.33330167350147916,-0.0008918046951293945,0.003245830535888672,0.0012454986572265625,0.004582881927490234,0.009617321193218231,1.388173655141145,False,False
179,3.58,-0.024861743673682213,0.12512272596359253,4.692289352416992,0.2785712778568268,-0.02179420366883278,0.014395015314221382,-0.05172085016965866,0.08791262656450272,0.05107567459344864,0.04195559769868851,-0.0006776757072657347,-0.019040681421756744,0.0,0.0,5.0,0.3331060574156678,-0.0006251335144042969,0.002772212028503418,0.0027513504028320312,0.0032777786254882812,0.009618225507438183,1.3977918806485832,False,False
180,3.6,-0.025929510593414307,0.1268414855003357,4.693317890167236,0.2781871557235718,-0.021759912371635437,0.015211251564323902,-0.05504779890179634,0.08393818140029907,0.05180952325463295,0.03883188217878342,0.003537970595061779,-0.01940598338842392,0.0,0.0,5.0,0.332888898065137,0.00015211105346679688,0.001787424087524414,0.004530906677246094,0.002403855323791504,0.009618973359465599,1.4074108540080488,False,False
181,3.62,-0.02706329897046089,0.12847928702831268,4.694362163543701,0.27780142426490784,-0.02162885293364525,0.015955349430441856,-0.05832073092460632,0.07981870323419571,0.05260980501770973,0.03474033251404762,0.00896519236266613,-0.019360221922397614,0.0,0.0,5.0,0.332646714128,0.0012116432189941406,0.0010257959365844727,0.005965471267700195,0.0018786191940307617,0.009619592688977718,1.4170304466970265,False,False
182,3.64,-0.028261885046958923,0.13003338873386383,4.695423603057861,0.27742210030555725,-0.0213824100792408,0.016615893691778183,-0.06152470409870148,0.07557355612516403,0.05352707579731941,0.030498400330543518,0.015058380551636219,-0.01896243542432785,0.0,0.0,5.0,0.33237659049077883,0.0019456148147583008,0.0003609657287597656,0.0066977739334106445,0.0011681318283081055,0.009620304219424725,1.4266507509164512,False,False
183,3.66,-0.029523693025112152,0.13150155544281006,4.696503639221191,0.27705562114715576,-0.021014561876654625,0.01719074882566929,-0.06463991850614548,0.07122741639614105,0.05445238575339317,0.026209671050310135,0.021102022379636765,-0.018300063908100128,0.0,0.0,5.0,0.332075817456948,0.0024912357330322266,-0.00029850006103515625,0.00691831111907959,0.0003440380096435547,0.009621096774935722,1.436271847691387,False,False
184,3.68,-0.03084675222635269,0.1328819990158081,4.697601318359375,0.27670663595199585,-0.020531240850687027,0.0176810584962368,-0.06764712184667587,0.06680461764335632,0.05530737340450287,0.02209644392132759,0.026614099740982056,-0.017428241670131683,0.0,0.0,5.0,0.3317440435687419,0.0034421682357788086,-0.002207517623901367,0.007369518280029297,-0.00046640634536743164,0.009621716104447842,1.4458935637958348,False,False
185,3.7,-0.032228726893663406,0.13417337834835052,4.6987152099609375,0.2763812243938446,-0.01993141695857048,0.018105844035744667,-0.07052811980247498,0.06232748180627823,0.0560336671769619,0.019723473116755486,0.03277721256017685,-0.016172640025615692,0.0,0.0,5.0,0.3313815188019361,0.0031691789627075195,-0.00198286771774292,0.008593559265136719,-0.0019942522048950195,0.009622343815863132,1.455515907611698,False,False
186,3.72,-0.033666908740997314,0.13537482917308807,4.69984245300293,0.2760855257511139,-0.019211476668715477,0.018447015434503555,-0.07326517254114151,0.05781245976686478,0.056726641952991486,0.01381419226527214,0.03866465389728546,-0.014707176014780998,0.0,0.0,5.0,0.3309899668224339,0.0046460628509521484,-0.003185749053955078,0.009618878364562988,-0.00263291597366333,0.009622800163924694,1.4651387077756226,False,False
187,3.74,-0.03515826538205147,0.13648580014705658,4.700984954833984,0.27582553029060364,-0.018373094499111176,0.018680162727832794,-0.0758424699306488,0.05328276380896568,0.057486213743686676,0.009011606685817242,0.044676605612039566,-0.012837274000048637,0.0,0.0,5.0,0.3305668986787567,0.004955649375915527,-0.003075242042541504,0.01004326343536377,-0.0034697651863098145,0.009623495861887932,1.4747622036375105,False,False
188,3.7600000000000002,-0.03669941425323486,0.13750624656677246,4.702142715454102,0.27560660243034363,-0.01742423139512539,0.018804728984832764,-0.07824245095252991,0.04876575246453285,0.058249082416296005,0.003052379470318556,0.04978281259536743,-0.010831406340003014,0.0,0.0,5.0,0.330111764117047,0.005394935607910156,-0.003969788551330566,0.01008152961730957,-0.0036907196044921875,0.009624187834560871,1.4843863914720714,False,False
189,3.7800000000000002,-0.038286663591861725,0.1384367048740387,4.703314781188965,0.27543124556541443,-0.01637106016278267,0.018820837140083313,-0.08045020699501038,0.04428964853286743,0.05895264446735382,-0.001738153980113566,0.05518569052219391,-0.008677234873175621,0.0,0.0,5.0,0.3296251036045797,0.005410194396972656,-0.004521310329437256,0.00962674617767334,-0.004334688186645508,0.009624967351555824,1.4940113588236272,False,False
190,3.8000000000000003,-0.0399160161614418,0.13927829265594482,4.704499244689941,0.27530163526535034,-0.01521679013967514,0.018744317814707756,-0.08245022594928741,0.03988105431199074,0.059499435126781464,-0.006119099911302328,0.0599774569272995,-0.006452720146626234,0.0,0.0,5.0,0.3291085345902938,0.005390286445617676,-0.0049839019775390625,0.008803367614746094,-0.004987478256225586,0.009625795297324657,1.503637154120952,False,False
191,3.8200000000000003,-0.04158317670226097,0.140032559633255,4.705692768096924,0.2752181887626648,-0.013978356495499611,0.018586019054055214,-0.08422920852899551,0.03556215763092041,0.0598580576479435,-0.009833262301981449,0.06368833035230637,-0.004202831070870161,0.0,0.0,5.0,0.3285651002351644,0.005025625228881836,-0.005078554153442383,0.00797724723815918,-0.005449831485748291,0.009626677259802818,1.5132638313807547,False,False
192,3.84,-0.043283626437187195,0.1407015174627304,4.706892013549805,0.2751801013946533,-0.012675577774643898,0.018353726714849472,-0.08577744662761688,0.03135088458657265,0.060049545019865036,-0.013447417877614498,0.06649698317050934,-0.002011972712352872,0.0,0.0,5.0,0.3279979894065768,0.004749298095703125,-0.0052942633628845215,0.007070422172546387,-0.005752384662628174,0.009627548977732658,1.5228913803584874,False,False
193,3.86,-0.04501267895102501,0.1412874311208725,4.708093643188477,0.2751857042312622,-0.011325240135192871,0.018054481595754623,-0.08708827942609787,0.027263440191745758,0.060078445822000504,-0.016470998525619507,0.06852419674396515,0.00011695108696585521,0.0,0.0,5.0,0.32741044669658875,0.004303693771362305,-0.005299210548400879,0.006184816360473633,-0.006023049354553223,0.009628432802855968,1.5325198131613433,False,False
194,3.88,-0.0467655323445797,0.14179295301437378,4.709294319152832,0.27523303031921387,-0.009942787699401379,0.017696212977170944,-0.08815760910511017,0.02331341803073883,0.059953898191452026,-0.0193061213940382,0.06978337466716766,0.002147622872143984,0.0,0.0,5.0,0.3268058283091411,0.003894209861755371,-0.005414843559265137,0.005388021469116211,-0.006151318550109863,0.009629280306398869,1.5421490934677422,False,False
195,3.9,-0.048537347465753555,0.14222095906734467,4.710490703582764,0.2753199636936188,-0.008540190756320953,0.017285000532865524,-0.08898380398750305,0.019512368366122246,0.0596911795437336,-0.02173551544547081,0.07060664147138596,0.004088724497705698,0.0,0.0,5.0,0.3261875350301569,0.0034542083740234375,-0.005426168441772461,0.0046613216400146484,-0.006276428699493408,0.009630104526877403,1.5517791979946196,False,False
196,3.92,-0.0503232479095459,0.14257453382015228,4.711680889129639,0.27544429898262024,-0.007126109674572945,0.016826899722218513,-0.08956670761108398,0.0158701092004776,0.059304554015398026,-0.023977840319275856,0.07099270820617676,0.0059339203871786594,0.0,0.0,5.0,0.32555773169635377,0.0030835866928100586,-0.00546950101852417,0.003939032554626465,-0.0062773823738098145,0.009630904532968998,1.5614101025275886,False,False
197,3.94,-0.05211838334798813,0.1428568959236145,4.71286153793335,0.2756040096282959,-0.005708211101591587,0.01632816530764103,-0.08990743011236191,0.012394998222589493,0.058809902518987656,-0.02579372562468052,0.07104204595088959,0.00768146151676774,0.0,0.0,5.0,0.32491985934032946,0.0030655860900878906,-0.005228161811828613,0.0026886463165283203,-0.005110800266265869,0.00963189173489809,1.5710419942624867,False,False
198,3.96,-0.05391792580485344,0.14307145774364471,4.714033126831055,0.27579542994499207,-0.0042931074276566505,0.015816660597920418,-0.09000775218009949,0.009090795181691647,0.058332253247499466,-0.025261692702770233,0.07075731456279755,0.009179833345115185,0.0,0.0,5.0,0.3242740157552141,0.0019435882568359375,-0.004058182239532471,0.001809239387512207,-0.0050127506256103516,0.009632875211536884,1.5806748694740236,False,False
199,3.98,-0.05571708455681801,0.1432216912508011,4.715194225311279,0.27601274847984314,-0.0028930562548339367,0.015301652252674103,-0.08986916393041611,0.005959070287644863,0.05778546631336212,-0.02616148442029953,0.06956877559423447,0.010373781435191631,0.0,0.0,5.0,0.323621964106724,0.002366304397583008,-0.00400155782699585,0.0006282329559326172,-0.005523502826690674,0.009633575566112995,1.5903084450401366,False,False
200,4.0,-0.05751112475991249,0.1433110237121582,4.716343402862549,0.27625226974487305,-0.001540628494694829,0.01478015910834074,-0.08949745446443558,0.0030007800087332726,0.05712208151817322,-0.025934923440217972,0.06601870059967041,0.011539424769580364,0.0,0.0,5.0,0.32296539147124614,0.0015895366668701172,-0.003107607364654541,2.765655517578125e-05,-0.005446672439575195,0.009634464047849178,1.5999429090879858,False,False
201,4.0200000000000005,-0.059295497834682465,0.14334286749362946,4.717478275299072,0.276511013507843,-0.00026635723770596087,0.014252695254981518,-0.08890480548143387,0.00021180625481065363,0.05642068758606911,-0.026788625866174698,0.06177045777440071,0.012486408464610577,0.0,0.0,5.0,0.3223067772367591,0.0011245012283325195,-0.003513336181640625,-0.00016188621520996094,-0.005052506923675537,0.009635192342102528,1.6095781014300883,False,False
202,4.04,-0.06106594577431679,0.14332060515880585,4.718599796295166,0.2767864465713501,0.0009345359867438674,0.013714183121919632,-0.0881069004535675,-0.002409627428278327,0.05565551295876503,-0.027072148397564888,0.05869198963046074,0.013373556546866894,0.0,0.0,5.0,0.32164564390260314,0.0004019737243652344,-0.003746926784515381,-0.0001024007797241211,-0.005047202110290527,0.009635813534259796,1.619213914964348,False,False
203,4.0600000000000005,-0.0628184825181961,0.143247589468956,4.719704627990723,0.277077853679657,0.0020848866552114487,0.013164438307285309,-0.08711643517017365,-0.004864875692874193,0.0548042431473732,-0.027946513146162033,0.05672416836023331,0.014220240525901318,0.0,0.0,5.0,0.32098524764290126,0.00027740001678466797,-0.004369020462036133,-4.6193599700927734e-05,-0.00515824556350708,0.009636311791837215,1.6288502267561853,False,False
204,4.08,-0.06454936414957047,0.14312712848186493,4.720791339874268,0.27738577127456665,0.003203337313607335,0.012601175345480442,-0.08594214916229248,-0.007153702434152365,0.05387530103325844,-0.028461577370762825,0.055508092045784,0.01512880902737379,0.0,0.0,5.0,0.3203271315527064,0.00033855438232421875,-0.004427671432495117,1.0251998901367188e-05,-0.005342543125152588,0.009636840783059597,1.638487067539245,False,False
205,4.1,-0.06625498086214066,0.14296256005764008,4.721859455108643,0.27771130204200745,0.004295994061976671,0.012026694603264332,-0.0845896452665329,-0.009276114404201508,0.05293475091457367,-0.029108794406056404,0.05414995551109314,0.016070924699306488,0.0,0.0,5.0,0.31967198622922555,0.0002859830856323242,-0.00391000509262085,0.00016176700592041016,-0.005202233791351318,0.009637459181249142,1.648124526720494,False,False
206,4.12,-0.06793180853128433,0.14275719225406647,4.722909450531006,0.2780540883541107,0.005359576549381018,0.011433368548750877,-0.08306416869163513,-0.011231735348701477,0.052068956196308136,-0.030389564111828804,0.05260297283530235,0.01696097105741501,0.0,0.0,5.0,0.31901962189750127,0.0004900693893432617,-0.0034677982330322266,1.0609626770019531e-05,-0.005360007286071777,0.009638006798923016,1.657762533519417,False,False
207,4.14,-0.0695764422416687,0.1425144225358963,4.723942756652832,0.27841344475746155,0.006381832994520664,0.010812226682901382,-0.08137348294258118,-0.013017300516366959,0.051236558705568314,-0.0319359116256237,0.0500158928334713,0.017829395830631256,0.0,0.0,5.0,0.31836903673282324,0.0002582073211669922,-0.003053009510040283,0.00014030933380126953,-0.0053907036781311035,0.009638536721467972,1.667401070240885,False,False
208,4.16,-0.07118570059537888,0.14223764836788177,4.724959373474121,0.27878841757774353,0.007351489271968603,0.010151831433176994,-0.07952836155891418,-0.014629148878157139,0.05043189600110054,-0.034361355006694794,0.04733732342720032,0.01865265518426895,0.0,0.0,5.0,0.31772047277792487,0.00018465518951416016,-0.0033829808235168457,0.0003097057342529297,-0.005308389663696289,0.009638967923820019,1.677040038164705,False,False
209,4.18,-0.07275662571191788,0.1419304460287094,4.725959777832031,0.27917906641960144,0.008274794556200504,0.0094452528283,-0.0775412917137146,-0.01606125943362713,0.0496123805642128,-0.036601774394512177,0.04537133499979973,0.01950787752866745,0.0,0.0,5.0,0.3170738422840367,6.723403930664062e-05,-0.0035604238510131836,0.0003333091735839844,-0.0053206682205200195,0.009639366529881954,1.686679404694587,False,False
210,4.2,-0.07428646832704544,0.1415964514017105,4.7269439697265625,0.27958595752716064,0.009162227623164654,0.008694613352417946,-0.07542270421981812,-0.01730719953775406,0.0487649142742157,-0.038817234337329865,0.04373720660805702,0.020371995866298676,0.0,0.0,5.0,0.31642950256692326,-3.2842159271240234e-05,-0.0037679672241210938,0.00022804737091064453,-0.005309343338012695,0.009639736264944077,1.696319140959531,False,False
211,4.22,-0.0757727101445198,0.1412394493818283,4.727910041809082,0.2800092101097107,0.010019469074904919,0.007902615703642368,-0.07318146526813507,-0.018360493704676628,0.04787781834602356,-0.04078860208392143,0.04233517125248909,0.021235264837741852,0.0,0.0,5.0,0.31578953594548215,-0.00017702579498291016,-0.0038532614707946777,7.152557373046875e-06,-0.005281388759613037,0.009640095755457878,1.705959236714989,False,False
212,4.24,-0.07721295207738876,0.1408633589744568,4.72885799407959,0.2804484963417053,0.01084927935153246,0.00707378052175045,-0.07082530111074448,-0.019215235486626625,0.04694893956184387,-0.04255347326397896,0.040972236543893814,0.022069893777370453,0.0,0.0,5.0,0.31515442761385337,-0.0008069872856140137,-0.004118978977203369,-0.00018072128295898438,-0.005731403827667236,0.009640300646424294,1.7155995373614132,False,False
213,4.26,-0.07860500365495682,0.1404722034931183,4.729786396026611,0.28090354800224304,0.011654875241219997,0.006203376688063145,-0.0683627501130104,-0.019865412265062332,0.04586903750896454,-0.04499918222427368,0.03988773003220558,0.022895030677318573,0.0,0.0,5.0,0.3145259581117195,-0.0008068084716796875,-0.004618048667907715,-0.0006061792373657227,-0.006111502647399902,0.009640474803745747,1.725240012165159,False,False
214,4.28,-0.07994680851697922,0.14007017016410828,4.730691909790039,0.28137460350990295,0.012435747310519218,0.005290527828037739,-0.06580066680908203,-0.02030426636338234,0.04466051980853081,-0.04685339331626892,0.03846859559416771,0.023762397468090057,0.0,0.0,5.0,0.3139076173245709,-0.0007796287536621094,-0.004727303981781006,-0.002139151096343994,-0.005942404270172119,0.009640754200518131,1.7348807663656771,False,False
215,4.3,-0.08123642951250076,0.1396614909172058,4.731571674346924,0.28186067938804626,0.013174646534025669,0.00436115637421608,-0.06314706802368164,-0.020527323707938194,0.04330927133560181,-0.046706248074769974,0.03565489500761032,0.02448410540819168,0.0,0.0,5.0,0.3133024984548802,-0.0014429092407226562,-0.0037686824798583984,-0.003055870532989502,-0.005428433418273926,0.00964114535599947,1.7445219117216766,False,False
216,4.32,-0.08247211575508118,0.1392505019903183,4.732424259185791,0.282357394695282,0.013850073330104351,0.0034331511706113815,-0.060410548001527786,-0.020536668598651886,0.0419464074075222,-0.04676561430096626,0.03208083659410477,0.024921484291553497,0.0,0.0,5.0,0.3127125345328324,-0.0018063783645629883,-0.0035845041275024414,-0.003780364990234375,-0.004717111587524414,0.009641449898481369,1.754163361620158,False,False
217,4.34,-0.08365235477685928,0.1388414204120636,4.733249664306641,0.2828602194786072,0.014456271193921566,0.002514027990400791,-0.05760392174124718,-0.02033640816807747,0.04056365415453911,-0.04585844278335571,0.028687894344329834,0.025174178183078766,0.0,0.0,5.0,0.31213842774364203,-0.0024815797805786133,-0.0030443668365478516,-0.0043108463287353516,-0.004198193550109863,0.00964170042425394,1.763805062044412,False,False
218,4.36,-0.08477587252855301,0.1384384036064148,4.734046936035156,0.2833653390407562,0.014996408484876156,0.0016115689650177956,-0.05473926290869713,-0.019932830706238747,0.03916528820991516,-0.04513128101825714,0.025430113077163696,0.025216154754161835,0.0,0.0,5.0,0.31158172665988987,-0.00322800874710083,-0.0030164718627929688,-0.005084991455078125,-0.0038436055183410645,0.00964179914444685,1.7734468611888587,False,False
219,4.38,-0.08584162592887878,0.13804543018341064,4.73481559753418,0.2838689386844635,0.015475094318389893,0.0007277553668245673,-0.05182936042547226,-0.01933281496167183,0.0376540832221508,-0.04401735961437225,0.022497504949569702,0.02508089691400528,0.0,0.0,5.0,0.3110435545832619,-0.0036621689796447754,-0.0028098225593566895,-0.005646228790283203,-0.0036954879760742188,0.009641903452575207,1.783088764641434,False,False
220,4.4,-0.08684881776571274,0.13766637444496155,4.735553741455078,0.2843681573867798,0.01589355058968067,-0.00013287302863318473,-0.04888380318880081,-0.018543574959039688,0.036078814417123795,-0.042828574776649475,0.019362978637218475,0.02481994777917862,0.0,0.0,5.0,0.31052628142965616,-0.003545224666595459,-0.0024083852767944336,-0.006084442138671875,-0.002944469451904297,0.009642116725444794,1.7927308813668787,False,False
221,4.42,-0.08779680728912354,0.13730493187904358,4.736261367797852,0.28486040234565735,0.016247497871518135,-0.0009597872849553823,-0.04591073840856552,-0.01757279597222805,0.03458385914564133,-0.04065396636724472,0.016004640609025955,0.024421758949756622,0.0,0.0,5.0,0.31003062720372065,-0.0037847161293029785,-0.001160264015197754,-0.008320510387420654,-0.0011882781982421875,0.009642069227993488,1.8023729505948722,False,False
222,4.44,-0.08868514001369476,0.1369646042585373,4.7369384765625,0.2853394150733948,0.016518469899892807,-0.0017160073621198535,-0.042921341955661774,-0.016433147713541985,0.0331396721303463,-0.03575298935174942,0.01102801226079464,0.023513339459896088,0.0,0.0,5.0,0.3095573000143992,-0.004920661449432373,0.0008436441421508789,-0.009007871150970459,-9.399652481079102e-05,0.00964204128831625,1.8120149918831885,False,False
223,4.46,-0.0895136222243309,0.13664861023426056,4.737587928771973,0.28579574823379517,0.016685200855135918,-0.002389246365055442,-0.039927661418914795,-0.015144768171012402,0.03181954473257065,-0.03232854604721069,0.005551424343138933,0.022146739065647125,0.0,0.0,5.0,0.3091045557232348,-0.005296826362609863,0.0009232759475708008,-0.009379446506500244,0.0008260011672973633,0.009642109274864197,1.8216571011580527,False,False
224,4.48,-0.09028232842683792,0.13635966181755066,4.738211154937744,0.28622332215309143,0.01675182394683361,-0.002985298167914152,-0.036946721374988556,-0.013728352263569832,0.03052349016070366,-0.027991540729999542,0.0009959391318261623,0.02061738818883896,0.0,0.0,5.0,0.3086717602829874,-0.005636990070343018,0.001601099967956543,-0.009106278419494629,0.0010486841201782227,0.009642262011766434,1.8312993631698191,False,False
225,4.5,-0.09099165350198746,0.136100172996521,4.738809585571289,0.2866195738315582,0.016729207709431648,-0.003506744047626853,-0.03399094194173813,-0.01220356673002243,0.029308779165148735,-0.024816568940877914,-0.0033857040107250214,0.018998034298419952,0.0,0.0,5.0,0.3082582856731518,-0.005511462688446045,0.0016601085662841797,-0.008934974670410156,0.0014389753341674805,0.009642455726861954,1.840941818896681,False,False
226,4.5200000000000005,-0.09164222329854965,0.13587209582328796,4.739384651184082,0.2869836091995239,0.016623148694634438,-0.003962146118283272,-0.031073039397597313,-0.01058812066912651,0.02816706709563732,-0.02133086510002613,-0.007356200832873583,0.017364434897899628,0.0,0.0,5.0,0.3078634170422926,-0.00599747896194458,0.0022660493850708008,-0.009544909000396729,0.002747774124145508,0.009642413817346096,1.8505842327140272,False,False
227,4.54,-0.09223491698503494,0.13567711412906647,4.7399373054504395,0.2873125672340393,0.01644398458302021,-0.004339464008808136,-0.028203893452882767,-0.00889955647289753,0.027105774730443954,-0.016944918781518936,-0.01069631613790989,0.015450499951839447,0.0,0.0,5.0,0.3074868522490125,-0.006150722503662109,0.002985239028930664,-0.00994342565536499,0.0034232139587402344,0.009642457589507103,1.8602266903035343,False,False
228,4.5600000000000005,-0.0927707701921463,0.1355164647102356,4.740469932556152,0.2876018285751343,0.01619482785463333,-0.004627582151442766,-0.025391988456249237,-0.007157556712627411,0.026127556338906288,-0.012339148670434952,-0.014348667114973068,0.013355359435081482,0.0,0.0,5.0,0.3071269833749758,-0.005450785160064697,0.00387418270111084,-0.01008915901184082,0.002702474594116211,0.009642661549150944,1.8698693518526852,False,False
229,4.58,-0.09325104206800461,0.1353910267353058,4.740983486175537,0.2878500521183014,0.01584578864276409,-0.0048326472751796246,-0.0226474367082119,-0.005383249372243881,0.025220898911356926,-0.008565264753997326,-0.02067207545042038,0.011296220123767853,0.0,0.0,5.0,0.30678337862567984,-0.00539851188659668,0.0038204193115234375,-0.009583055973052979,0.0033338069915771484,0.009642915800213814,1.879512267652899,False,False
230,4.6000000000000005,-0.09367723017930984,0.13530121743679047,4.741479396820068,0.2880576252937317,0.015382512472569942,-0.004960442893207073,-0.01998639665544033,-0.0035973829217255116,0.024426713585853577,-0.004538774024695158,-0.02575654536485672,0.00923522561788559,0.0,0.0,5.0,0.30645512748600034,-0.005379021167755127,0.00413668155670166,-0.008689284324645996,0.00336611270904541,0.009643247351050377,1.8891555150039494,False,False
231,4.62,-0.09405115246772766,0.13524708151817322,4.741961479187012,0.28822505474090576,0.014823810197412968,-0.005021025892347097,-0.017424240708351135,-0.0018199387704953551,0.023757802322506905,-0.0017727657686918974,-0.030196603387594223,0.007226863410323858,0.0,0.0,5.0,0.30613929927901473,-0.005000889301300049,0.0036835670471191406,-0.007796585559844971,0.0034531354904174805,0.00964368786662817,1.8987992028705776,False,False
232,4.64,-0.09437494724988937,0.1352282464504242,4.742430686950684,0.2883542776107788,0.014187589287757874,-0.00502666924148798,-0.014974722638726234,-6.7502012825571e-05,0.02317926287651062,0.0010205252328887582,-0.03348938748240471,0.00537083437666297,0.0,0.0,5.0,0.3058353484003653,-0.004677295684814453,0.0037077665328979492,-0.006793022155761719,0.0033159255981445312,0.009644141420722008,1.9084433442912996,False,False
233,4.66,-0.09465095400810242,0.13524408638477325,4.742889404296875,0.2884480059146881,0.013490970246493816,-0.004986175801604986,-0.012647543102502823,0.0016463286010548472,0.02272174321115017,0.002898851176723838,-0.03621864691376686,0.003648945363238454,0.0,0.0,5.0,0.3055415265058282,-0.0041120052337646484,0.0033086538314819336,-0.005814015865325928,0.003359079360961914,0.009644662961363792,1.9180880072526634,False,False
234,4.68,-0.09488172829151154,0.13529372215270996,4.743340492248535,0.28850916028022766,0.012748917564749718,-0.00490831583738327,-0.010450770147144794,0.0033106927294284105,0.022382760420441628,0.004806691315025091,-0.0380159392952919,0.00210395734757185,0.0,0.0,5.0,0.30525569042483575,-0.0037134885787963867,0.0032976865768432617,-0.004878818988800049,0.0032612085342407227,0.009645162150263786,1.9277331694029272,False,False
235,4.7,-0.09506990015506744,0.13537611067295074,4.743785858154297,0.28854092955589294,0.011975665576756,-0.004799496382474899,-0.008389702998101711,0.004916613455861807,0.022165784612298012,0.006035621743649244,-0.03932393342256546,0.000693301553837955,0.0,0.0,5.0,0.3049764970258521,-0.0032377243041992188,0.0029544830322265625,-0.004095911979675293,0.003255009651184082,0.009645693935453892,1.937378863338381,False,False
236,4.72,-0.09521825611591339,0.13548995554447174,4.744228363037109,0.2885459363460541,0.011183146387338638,-0.004666115622967482,-0.0064682080410420895,0.006457164883613586,0.022039959207177162,0.007296332623809576,-0.03992965444922447,-0.0005676287692040205,0.0,0.0,5.0,0.30470177982065566,-0.002874910831451416,0.0028786659240722656,-0.0033681392669677734,0.003121614456176758,0.009646212682127953,1.947025076020509,False,False
237,4.74,-0.09532959014177322,0.1356339305639267,4.744668006896973,0.2885269224643707,0.010381728410720825,-0.004512382671236992,-0.004687740467488766,0.007927000522613525,0.02200252376496792,0.008097338490188122,-0.04020252078771591,-0.001707538845948875,0.0,0.0,5.0,0.3044317995525155,-0.0024676918983459473,0.0025767087936401367,-0.0027605295181274414,0.0030542612075805664,0.009646753780543804,1.9566718298010528,False,False
238,4.76,-0.09540672600269318,0.13580654561519623,4.7451066970825195,0.28848618268966675,0.0095794927328825,-0.004342467058449984,-0.0030486530158668756,0.009322211146354675,0.022030193358659744,0.00893477164208889,-0.04000207036733627,-0.002718530362471938,0.0,0.0,5.0,0.30416518056915687,-0.002110004425048828,0.0024541616439819336,-0.002262711524963379,0.0028656721115112305,0.009647290222346783,1.9663191200233996,False,False
239,4.78,-0.09545247256755829,0.13600628077983856,4.745549201965332,0.2884261906147003,0.008782004937529564,-0.004158193711191416,-0.00154978281352669,0.010639810934662819,0.022113002836704254,0.009547560475766659,-0.039720602333545685,-0.0036209390964359045,0.0,0.0,5.0,0.3038981598353372,-0.0017899870872497559,0.0022203922271728516,-0.001811206340789795,0.0027581453323364258,0.009647833183407784,1.9759669532068074,False,False
240,4.8,-0.0954696387052536,0.13623158633708954,4.745992183685303,0.2883489727973938,0.007992889732122421,-0.003961825743317604,-0.0001894131419248879,0.011877559125423431,0.022239547222852707,0.010153735987842083,-0.03915884345769882,-0.00441976822912693,0.0,0.0,5.0,0.30363377246181383,-0.001531064510345459,0.002083301544189453,-0.0013632774353027344,0.0026105642318725586,0.009648376144468784,1.9856153293512762,False,False
241,4.82,-0.09546095132827759,0.13648083806037903,4.746438503265381,0.28825652599334717,0.007216909900307655,-0.0037555613089352846,0.0010350343072786927,0.013033847324550152,0.022408880293369293,0.010542848147451878,-0.038402896374464035,-0.0051263365894556046,0.0,0.0,5.0,0.3033698155922297,-0.0012607574462890625,0.0018534660339355469,-0.000951230525970459,0.002482295036315918,0.009648934938013554,1.9952642642892897,False,False
242,4.84,-0.09542912244796753,0.13675238192081451,4.746888637542725,0.2881506383419037,0.006458662915974855,-0.0035419741179794073,0.002126753330230713,0.014107833616435528,0.02261122316122055,0.01088818907737732,-0.03738267347216606,-0.005735965445637703,0.0,0.0,5.0,0.30310607578401283,-0.0010158419609069824,0.0016908645629882812,-0.0005732178688049316,0.0023115873336791992,0.009649494662880898,2.0049137589521706,False,False
243,4.86,-0.09537675231695175,0.13704457879066467,4.74734354019165,0.28803327679634094,0.0057221585884690285,-0.003323005046695471,0.003089762292802334,0.015099335461854935,0.022843101993203163,0.01108007412403822,-0.03622708469629288,-0.006256507709622383,0.0,0.0,5.0,0.30284191939249105,-0.0007744431495666504,0.0014846324920654297,-0.0002377629280090332,0.0021637678146362305,0.00965005625039339,2.014563815202564,False,False
244,4.88,-0.09530636668205261,0.13735580444335938,4.747803211212158,0.28790608048439026,0.005010431166738272,-0.0031005602795630693,0.0039285640232264996,0.016008781269192696,0.02309771254658699,0.011232533492147923,-0.034904491156339645,-0.006690407171845436,0.0,0.0,5.0,0.3025774955599235,-0.0005581974983215332,0.0013277530670166016,6.258487701416016e-05,0.001995563507080078,0.00965061318129301,2.024214428383857,False,False
245,4.9,-0.0952204093337059,0.1376844048500061,4.748267650604248,0.28777071833610535,0.004325945861637592,-0.0028760505374521017,0.004648171830922365,0.01683705858886242,0.02337203361093998,0.011281577870249748,-0.03350329399108887,-0.0070460494607687,0.0,0.0,5.0,0.30231291309648656,-0.00035250186920166016,0.0011490583419799805,0.00032651424407958984,0.001845717430114746,0.009651167318224907,2.033865595702082,False,False
246,4.92,-0.09512120485305786,0.13802875578403473,4.7487382888793945,0.2876288592815399,0.003670443780720234,-0.0026508269365876913,0.005253877490758896,0.017585458233952522,0.02366088517010212,0.011297440156340599,-0.032007426023483276,-0.007327260449528694,0.0,0.0,5.0,0.30204706340443155,-0.00017124414443969727,0.001003861427307129,0.0005602836608886719,0.0016862154006958008,0.00965171493589878,2.0435173106379807,False,False
247,4.94,-0.09501098841428757,0.1383872926235199,4.7492146492004395,0.28748178482055664,0.003045298857614398,-0.0024259414058178663,0.005751247983425856,0.018255582079291344,0.023961085826158524,0.01124050747603178,-0.03046960011124611,-0.007541501894593239,0.0,0.0,5.0,0.3017804215895827,-1.3709068298339844e-06,0.0008481740951538086,0.0007638931274414062,0.0015380382537841797,0.009652257896959782,2.0531695685349405,False,False
248,4.96,-0.09489185363054276,0.13875846564769745,4.749697208404541,0.2873308062553406,0.0024513837415724993,-0.0022024023346602917,0.006145987659692764,0.018849309533834457,0.02426864765584469,0.01115487888455391,-0.02888679690659046,-0.007692703977227211,0.0,0.0,5.0,0.3015126251997142,0.00011432170867919922,0.0008062124252319336,0.0008107423782348633,0.0014394521713256836,0.009652788750827312,2.062822357285768,False,False
249,4.98,-0.094765804708004,0.1391407698392868,4.750185966491699,0.28717687726020813,0.001887783408164978,-0.001980363391339779,0.006443844176828861,0.019368669018149376,0.024578694254159927,0.011082363314926624,-0.027440901845693588,-0.007815668359398842,0.0,0.0,5.0,0.3012436935623904,0.0001951456069946289,0.0007100105285644531,0.000903010368347168,0.0013437271118164062,0.009653318673372269,2.07247567595914,False,False
250,5.0,-0.09463471919298172,0.13953271508216858,4.750680446624756,0.287020742893219,0.001353254891000688,-0.0017598028061911464,0.006650273688137531,0.019815592095255852,0.024887340143322945,0.010998928919434547,-0.025982629507780075,-0.0079046580940485,0.0,0.0,5.0,0.300973999458703,0.00026798248291015625,0.0005980730056762695,0.0008207559585571289,0.0013093948364257812,0.009653856977820396,2.0821295329369605,False,False
251,5.0200000000000005,-0.09450037032365799,0.13993290066719055,4.751181602478027,0.28686264157295227,0.0008470861939713359,-0.0015382906422019005,0.006770651787519455,0.020191853865981102,0.025180870667099953,0.011169655248522758,-0.024608103558421135,-0.00798092968761921,0.0,0.0,5.0,0.30070272966144607,0.0002416372299194336,0.0006226301193237305,0.00045478343963623047,0.0013793706893920898,0.009654387831687927,2.0917839207686484,False,False
252,5.04,-0.09436442703008652,0.1403399109840393,4.751687526702881,0.286702424287796,0.00036523956805467606,-0.0013091028667986393,0.006810251623392105,0.020498285070061684,0.02544528804719448,0.011758783832192421,-0.02355371229350567,-0.008102471008896828,0.0,0.0,5.0,0.30043139000220515,0.00010645389556884766,0.0007686614990234375,0.0003027915954589844,0.0013251304626464844,0.009654909372329712,2.101438830140978,False,False
253,5.0600000000000005,-0.09422846883535385,0.14075236022472382,4.752198696136475,0.2865394055843353,-9.784693247638643e-05,-0.0010700487764552236,0.00677370885387063,0.020734336227178574,0.025690708309412003,0.012148804031312466,-0.022735534235835075,-0.008259305730462074,0.0,0.0,5.0,0.3001594866805794,6.937980651855469e-05,0.0006390810012817383,0.0002963542938232422,0.0012519359588623047,0.009655455127358437,2.1110942852683365,False,False
254,5.08,-0.09409397095441818,0.14116883277893066,4.75271463394165,0.2863732576370239,-0.0005435821949504316,-0.0008228413062170148,0.0066648200154304504,0.020899366587400436,0.025911899283528328,0.012566600926220417,-0.02182224951684475,-0.0084014181047678,0.0,0.0,5.0,0.299887257122987,6.54458999633789e-05,0.0005679130554199219,0.00039708614349365234,0.0010634660720825195,0.009656012058258057,2.1207502973265946,False,False
255,5.1000000000000005,-0.09396233409643173,0.14158788323402405,4.75323486328125,0.28620439767837524,-0.0009711567545309663,-0.000569623545743525,0.006487368140369654,0.020992973819375038,0.026117147877812386,0.012742356397211552,-0.02092345990240574,-0.008510293439030647,0.0,0.0,5.0,0.299614888827916,0.0001207590103149414,0.00037610530853271484,0.0005561113357543945,0.0008989572525024414,0.009656566195189953,2.1304068635217845,False,False
256,5.12,-0.09383490681648254,0.14200809597969055,4.753758907318115,0.2860337793827057,-0.0013792800018563867,-0.0003136501181870699,0.006245055235922337,0.021015403792262077,0.02630838192999363,0.012834911234676838,-0.01988138258457184,-0.008566038683056831,0.0,0.0,5.0,0.2993425542521536,0.00018477439880371094,0.00023663043975830078,0.000751495361328125,0.0006959438323974609,0.009657107293605804,2.1400639708153903,False,False
257,5.14,-0.0937129333615303,0.14242807030677795,4.754286766052246,0.28586262464523315,-0.0017657869029790163,-5.786427209386602e-05,0.005941817071288824,0.020967504009604454,0.0264914408326149,0.012716742232441902,-0.018766134977340698,-0.00856570340692997,0.0,0.0,5.0,0.29906999586651745,0.00027060508728027344,4.1961669921875e-05,0.0009557008743286133,0.0005178451538085938,0.00965762510895729,2.1497215959243476,False,False
258,5.16,-0.09359760582447052,0.14284639060497284,4.754818439483643,0.28569188714027405,-0.002128469292074442,0.0001945108233485371,0.005581767298281193,0.020850881934165955,0.026666302233934402,0.012487522326409817,-0.017503350973129272,-0.008503654971718788,0.0,0.0,5.0,0.2987969222434824,0.00035560131072998047,-0.00012415647506713867,0.0011562108993530273,0.0003222227096557617,0.009658126160502434,2.15937972208485,False,False
259,5.18,-0.09349001199007034,0.14326168596744537,4.7553534507751465,0.2855229675769806,-0.0024649181868880987,0.0004407798405736685,0.005169341340661049,0.02066778764128685,0.026833459734916687,0.012100557796657085,-0.01614692620933056,-0.008381271734833717,0.0,0.0,5.0,0.2985234112356468,0.0004444122314453125,-0.00031000375747680664,0.0013388395309448242,0.0001423358917236328,0.009658613242208958,2.169038335327059,False,False
260,5.2,-0.09339115023612976,0.14367267489433289,4.7558913230896,0.28535696864128113,-0.0027731177397072315,0.0006783991702832282,0.004709223750978708,0.02042112685739994,0.026991166174411774,0.011617936193943024,-0.014682422392070293,-0.008199552074074745,0.0,0.0,5.0,0.2982495441684132,0.0005240440368652344,-0.0004748702049255371,0.0014973878860473633,-4.07099723815918e-05,0.009659095667302608,2.1786974309943616,False,False
261,5.22,-0.093301922082901,0.1440781205892563,4.756433010101318,0.28519508242607117,-0.0030513377860188484,0.0009053439716808498,0.004206356592476368,0.020114319398999214,0.027137940749526024,0.01102940272539854,-0.013152376748621464,-0.007963279262185097,0.0,0.0,5.0,0.2979742137588427,0.0005970001220703125,-0.0006443262100219727,0.0016268491744995117,-0.00021314620971679688,0.009659571573138237,2.1883570025675,False,False
262,5.24,-0.09322313964366913,0.14447687566280365,4.756977081298828,0.28503847122192383,-0.0032983398996293545,0.0011199028231203556,0.0036658523604273796,0.01975124143064022,0.027270911261439323,0.010376772843301296,-0.011563670821487904,-0.007676402106881142,0.0,0.0,5.0,0.2976982707043235,0.0006569623947143555,-0.0007932186126708984,0.0017257928848266602,-0.00038230419158935547,0.009660044685006142,2.198017047252506,False,False
263,5.26,-0.09315550327301025,0.14486785233020782,4.757523059844971,0.28488802909851074,-0.003513340139761567,0.0013207856100052595,0.003092948580160737,0.019336096942424774,0.02738802134990692,0.009660284034907818,-0.009954715147614479,-0.007345063611865044,0.0,0.0,5.0,0.2974217694382178,0.000706791877746582,-0.0009378194808959961,0.001793980598449707,-0.000539243221282959,0.009660515934228897,2.207677563186735,False,False
264,5.28,-0.09309960156679153,0.14525000751018524,4.758072376251221,0.28474459052085876,-0.0036960672587156296,0.0015070048393681645,0.0024929195642471313,0.018873345106840134,0.027486996725201607,0.008909931406378746,-0.008338295854628086,-0.00697464682161808,0.0,0.0,5.0,0.2971431904424786,0.0007417201995849609,-0.0010683536529541016,0.0018328428268432617,-0.0006913542747497559,0.009660981595516205,2.217338544782251,False,False
265,5.3,-0.09305592626333237,0.14562249183654785,4.758621692657471,0.2846089005470276,-0.003846646985039115,0.0016779361758381128,0.001871021930128336,0.018367603421211243,0.027565259486436844,0.008132023736834526,-0.006741245277225971,-0.0065710823982954025,0.0,0.0,5.0,0.29686495717237615,0.000766754150390625,-0.0011855363845825195,0.0018447637557983398,-0.0008305907249450684,0.009661445394158363,2.2269999901764095,False,False
266,5.32,-0.09302486479282379,0.1459844559431076,4.759174823760986,0.28448161482810974,-0.0039656562730669975,0.0018332026666030288,0.0012324163690209389,0.017823554575443268,0.027621835470199585,0.007344923913478851,-0.005182068329304457,-0.006140207871794701,0.0,0.0,5.0,0.29658363467541543,0.0007758140563964844,-0.0012930035591125488,0.0018326044082641602,-0.0009623169898986816,0.0096619026735425,2.236661892849952,False,False
267,5.34,-0.09300670772790909,0.14633521437644958,4.759727954864502,0.28436315059661865,-0.004053980577737093,0.001972677418962121,0.0005821193335577846,0.017245901748538017,0.02765459194779396,0.006554997526109219,-0.0036728468257933855,-0.005687357857823372,0.0,0.0,5.0,0.29630203901185187,0.0007778406143188477,-0.001387953758239746,0.0017951726913452148,-0.0010856389999389648,0.009662353433668613,2.2463242462836206,False,False
268,5.36,-0.09300162643194199,0.14667411148548126,4.760281085968018,0.2842540144920349,-0.0041128541342914104,0.0020964446011930704,-7.504865789087489e-05,0.016639279201626778,0.027662282809615135,0.005777199286967516,-0.0022367348428815603,-0.005217498168349266,0.0,0.0,5.0,0.2960198561646074,0.0007852315902709961,-0.0014733672142028809,0.001708388328552246,-0.0012116432189941406,0.00966279860585928,2.25598704488948,False,False
269,5.38,-0.09300972521305084,0.14700062572956085,4.760834217071533,0.28415438532829285,-0.004144481848925352,0.0022052060812711716,-0.0007345391786657274,0.016008196398615837,0.027641424909234047,0.005057801492512226,-0.0009475038386881351,-0.004735367372632027,0.0,0.0,5.0,0.29573681656648054,0.000744938850402832,-0.0015216469764709473,0.001626729965209961,-0.0012963414192199707,0.009663240984082222,2.265650285873562,False,False
270,5.4,-0.09303099662065506,0.14731429517269135,4.761387348175049,0.28406450152397156,-0.004151185508817434,0.0022995942272245884,-0.001392247388139367,0.015356828458607197,0.027595432475209236,0.004343748092651367,0.0002569578937254846,-0.004252148792147636,0.0,0.0,5.0,0.29545264511490593,0.0007041692733764648,-0.0015839338302612305,0.0015448331832885742,-0.001374959945678711,0.00966367032378912,2.275313956197351,False,False
271,5.42,-0.09306537359952927,0.14761482179164886,4.761938571929932,0.28398430347442627,-0.004134438466280699,0.002379940589889884,-0.0020443880930542946,0.014689196832478046,0.027523580938577652,0.0036576685961335897,0.0013989120488986373,-0.0037672389298677444,0.0,0.0,5.0,0.29516866857876456,0.000659942626953125,-0.0016295313835144043,0.0014629364013671875,-0.0014539361000061035,0.009664088487625122,2.2849780446849763,False,False
272,5.44,-0.09311272203922272,0.14790181815624237,4.762487888336182,0.28391388058662415,-0.004095645155757666,0.0024465566966682673,-0.00268742092885077,0.014009163714945316,0.027427036315202713,0.00297493115067482,0.0024634532164782286,-0.003282446414232254,0.0,0.0,5.0,0.2948846045599564,0.0006172657012939453,-0.0016788840293884277,0.001376509666442871,-0.001521468162536621,0.009664494544267654,2.294642539229244,False,False
273,5.46,-0.09317279607057571,0.14817512035369873,4.763035297393799,0.2838532626628876,-0.004036253783851862,0.0024997538421303034,-0.003318066941574216,0.013320461846888065,0.02730639837682247,0.0023201224394142628,0.0034607085399329662,-0.0027987584471702576,0.0,0.0,5.0,0.29460024864328876,0.0005687475204467773,-0.0017111897468566895,0.0012878179550170898,-0.0015836358070373535,0.009664892219007015,2.304307431448251,False,False
274,5.48,-0.09324532747268677,0.1484345942735672,4.763580322265625,0.283802330493927,-0.003957698587328196,0.002539918525144458,-0.003933292347937822,0.012626666575670242,0.027163082733750343,0.001676002866588533,0.004381956998258829,-0.0023190937936306,0.0,0.0,5.0,0.29431578940429415,0.0005203485488891602,-0.0017438530921936035,0.0011936426162719727,-0.0016350150108337402,0.009665277786552906,2.313972709234804,False,False
275,5.5,-0.09332998842000961,0.148680180311203,4.764122009277344,0.2837609350681305,-0.003861440345644951,0.0025674644857645035,-0.004530319012701511,0.01193121075630188,0.026997655630111694,0.0010623858543112874,0.00523330457508564,-0.0018448550254106522,0.0,0.0,5.0,0.29403181675323586,0.0004673004150390625,-0.0017606019973754883,0.0010963678359985352,-0.0016794800758361816,0.00966565404087305,2.323638363275677,False,False
276,5.5200000000000005,-0.09342639893293381,0.14891186356544495,4.764659881591797,0.28372901678085327,-0.003748965449631214,0.002582874847576022,-0.005106616299599409,0.011237352155148983,0.026811502873897552,0.00046647118870168924,0.006005909759551287,-0.001378992572426796,0.0,0.0,5.0,0.2937485429078695,0.00041425228118896484,-0.0017750263214111328,0.0009953975677490234,-0.0017113685607910156,0.009666020050644875,2.333304383326322,False,False
277,5.54,-0.09353410452604294,0.149129718542099,4.765194416046143,0.28370630741119385,-0.0036217686720192432,0.0025866571813821793,-0.0056599159725010395,0.010548178106546402,0.026605766266584396,-9.661595686338842e-05,0.006707893218845129,-0.0009230942814610898,0.0,0.0,5.0,0.29346543905176703,0.00035691261291503906,-0.0017777681350708008,0.0008914470672607422,-0.0017382502555847168,0.009666375815868378,2.34297075914219,False,False
278,5.5600000000000005,-0.0936526283621788,0.14933384954929352,4.765724182128906,0.2836926579475403,-0.003481330117210746,0.002579387044534087,-0.006188190076500177,0.00986658688634634,0.026381399482488632,-0.000635245000012219,0.007332393433898687,-0.00047948159044608474,0.0,0.0,5.0,0.29318351293946476,0.0002987384796142578,-0.0017763376235961914,0.0007848739624023438,-0.00175398588180542,0.00966672133654356,2.352637480478734,False,False
279,5.58,-0.09378144890069962,0.14952446520328522,4.766249179840088,0.2836877703666687,-0.003329133614897728,0.0025616525672376156,-0.006689666770398617,0.009195294231176376,0.02613954432308674,-0.0011398893548175693,0.007885959930717945,-4.989871376892552e-05,0.0,0.0,5.0,0.29290266604739973,0.00023925304412841797,-0.001764535903930664,0.0006769895553588867,-0.0017639994621276855,0.009667056612670422,2.362304537091404,False,False
280,5.6000000000000005,-0.0939200147986412,0.1497017741203308,4.7667694091796875,0.28369128704071045,-0.0031666485592722893,0.002534087747335434,-0.007162814028561115,0.008536811918020248,0.025881601497530937,-0.0016154756303876638,0.00836340431123972,0.0003639618225861341,0.0,0.0,5.0,0.2926227927707334,0.0001786947250366211,-0.0017502307891845703,0.0005677938461303711,-0.0017650723457336426,0.009667381644248962,2.371971918735653,False,False
281,5.62,-0.09406775236129761,0.1498660445213318,4.767284393310547,0.2837029993534088,-0.0029953480698168278,0.002497344743460417,-0.007606343366205692,0.0078934570774436,0.025608375668525696,-0.002055172808468342,0.008769558742642403,0.0007607531733810902,0.0,0.0,5.0,0.29234419257378186,0.00011599063873291016,-0.0017270445823669434,0.0004590749740600586,-0.001759648323059082,0.009667696431279182,2.3816396151669323,False,False
282,5.64,-0.09422405809164047,0.1500176340341568,4.767793655395508,0.283722460269928,-0.0028166237752884626,0.0024520999286323786,-0.008019203320145607,0.007267340086400509,0.02532128244638443,-0.0024636811576783657,0.009107669815421104,0.0011388633865863085,0.0,0.0,5.0,0.2920672013750315,5.5909156799316406e-05,-0.0017002224922180176,0.00035071372985839844,-0.0017489790916442871,0.009668000973761082,2.3913076161406934,False,False
283,5.66,-0.09438831359148026,0.1501568853855133,4.768296718597412,0.2837492525577545,-0.0026318547315895557,0.0023990103509277105,-0.008400564081966877,0.006660372484475374,0.02502148412168026,-0.0028379522264003754,0.009375697001814842,0.0014978342223912477,0.0,0.0,5.0,0.29179214277298254,-5.066394805908203e-06,-0.001667618751525879,0.0002429485321044922,-0.0017301440238952637,0.009668296203017235,2.4009759123437107,False,False
284,5.68,-0.09455987066030502,0.15028418600559235,4.768794059753418,0.2837830185890198,-0.0024424069561064243,0.002338787540793419,-0.008749817498028278,0.0060742623172700405,0.024710282683372498,-0.003175819292664528,0.00957701075822115,0.001836316892877221,0.0,0.0,5.0,0.29151859719057915,-6.687641143798828e-05,-0.0016297101974487305,0.00013756752014160156,-0.0017066597938537598,0.009668581187725067,2.4106444935314357,False,False
285,5.7,-0.09473808854818344,0.15039998292922974,4.769284725189209,0.2838234305381775,-0.002249567536637187,0.0022721081040799618,-0.009066570550203323,0.005510515067726374,0.024388711899518967,-0.003482649102807045,0.009716223925352097,0.002153431996703148,0.0,0.0,5.0,0.2912473146964532,-0.00012570619583129883,-0.0015887022018432617,3.421306610107422e-05,-0.0016775131225585938,0.009668856859207153,2.420313350390643,False,False
286,5.72,-0.09492230415344238,0.15050475299358368,4.769769191741943,0.28386983275413513,-0.00205456605181098,0.002199647482484579,-0.009350627660751343,0.0049704392440617085,0.02405831217765808,-0.0037534539587795734,0.00979429017752409,0.002448996528983116,0.0,0.0,5.0,0.29097791938670586,-0.00018477439880371094,-0.0015435218811035156,-6.628036499023438e-05,-0.0016443133354187012,0.009669123217463493,2.4299824736081064,False,False
287,5.74,-0.09511188417673111,0.15059895813465118,4.770246982574463,0.283922016620636,-0.0018586033256724477,0.0021220906637609005,-0.009601984173059464,0.004455151502043009,0.02371996082365513,-0.003992034588009119,0.00981320533901453,0.00272241048514843,0.0,0.0,5.0,0.29071079394998306,-0.0002422332763671875,-0.0014955997467041016,-0.0001634359359741211,-0.001604914665222168,0.009669381193816662,2.439651854801923,False,False
288,5.76,-0.0953061655163765,0.15068311989307404,4.770718097686768,0.2839793860912323,-0.0016627911245450377,0.0020401026122272015,-0.00982082262635231,0.003965576644986868,0.023375198245048523,-0.00419669458642602,0.009779899381101131,0.002973277121782303,0.0,0.0,5.0,0.290445964913476,-0.00029796361923217773,-0.001444399356842041,-0.0002568364143371582,-0.0015638470649719238,0.009669629856944084,2.449321484658867,False,False
289,5.78,-0.0955045074224472,0.15075774490833282,4.771182060241699,0.28404149413108826,-0.0014681735774502158,0.0019543177913874388,-0.01000748760998249,0.003502459963783622,0.023024940863251686,-0.004372071009129286,0.009694214910268784,0.0032016653567552567,0.0,0.0,5.0,0.2901838350823209,-0.0003503561019897461,-0.0013930797576904297,-0.0003465414047241211,-0.001517951488494873,0.00966986920684576,2.458991353865713,False,False
290,5.8,-0.09570624679327011,0.15082339942455292,4.771638870239258,0.2841079831123352,-0.001275736722163856,0.0018653799779713154,-0.010162483900785446,0.0030663732904940844,0.022670410573482513,-0.00451261829584837,0.009562145918607712,0.0034078024327754974,0.0,0.0,5.0,0.2899244540821541,-0.00040209293365478516,-0.0013353824615478516,-0.0004317164421081543,-0.0014690160751342773,0.00967010110616684,2.4686614549718797,False,False
291,5.82,-0.09591079503297806,0.1508805900812149,4.772089004516602,0.28417831659317017,-0.001086402335204184,0.0017739094328135252,-0.010286458767950535,0.002657712670043111,0.02231302298605442,-0.004626152105629444,0.009384085424244404,0.0035912562161684036,0.0,0.0,5.0,0.28966749028730715,-0.0004512667655944824,-0.0012801289558410645,-0.0005124211311340332,-0.001417398452758789,0.009670324623584747,2.4783317795954645,False,False
292,5.84,-0.09611750394105911,0.15092988312244415,4.772531509399414,0.2842520475387573,-0.0009010116918943822,0.0016804795013740659,-0.010380196385085583,0.0022767193149775267,0.021953485906124115,-0.004709535278379917,0.009167687967419624,0.0037527140229940414,0.0,0.0,5.0,0.28941374949943727,-0.0004970431327819824,-0.0012220144271850586,-0.0005884170532226562,-0.0013641119003295898,0.009670541621744633,2.488002321217209,False,False
293,5.86,-0.09632580727338791,0.15097182989120483,4.772967338562012,0.284328818321228,-0.0007203269633464515,0.001585673657245934,-0.010444599203765392,0.0019234787905588746,0.021593032404780388,-0.00476484838873148,0.008913319557905197,0.0038924384862184525,0.0,0.0,5.0,0.28916255623296905,-0.000541388988494873,-0.0011627674102783203,-0.0006592869758605957,-0.001308739185333252,0.009670751169323921,2.497673072386533,False,False
294,5.88,-0.0965351089835167,0.15100698173046112,4.773395538330078,0.2844080924987793,-0.0005450533353723586,0.0014900144888088107,-0.010480675846338272,0.0015979325398802757,0.021232467144727707,-0.004796032793819904,0.008626229129731655,0.004010764881968498,0.0,0.0,5.0,0.28891472417742636,-0.0005809664726257324,-0.0011044144630432129,-0.0007253289222717285,-0.0012515783309936523,0.009670953266322613,2.5073440256528556,False,False
295,5.9,-0.09674485772848129,0.15103590488433838,4.7738165855407715,0.2844895124435425,-0.0003758239618036896,0.0013940184144303203,-0.01048953551799059,0.0012998891761526465,0.020872926339507103,-0.004799847491085529,0.00830844696611166,0.004108523949980736,0.0,0.0,5.0,0.28866996559664837,-0.0006192922592163086,-0.0010443329811096191,-0.0007861852645874023,-0.0011929869651794434,0.009671149775385857,2.5170151754282415,False,False
296,5.92,-0.09695452451705933,0.1510591357946396,4.774230480194092,0.2845727205276489,-0.00021319944062270224,0.0012981911422684789,-0.010472372174263,0.0010290261125192046,0.02051534503698349,-0.004780447576195002,0.00796519871801138,0.004185935482382774,0.0,0.0,5.0,0.288428359224163,-0.0006488561630249023,-0.0009861588478088379,-0.0008503198623657227,-0.0011388063430786133,0.009671338833868504,2.52668651426211,False,False
297,5.94,-0.09716358780860901,0.15107722580432892,4.774637222290039,0.28465723991394043,-5.7857898354995996e-05,0.0012031076475977898,-0.010430458933115005,0.0007848949171602726,0.02015959471464157,-0.004726769402623177,0.007579519413411617,0.004244210198521614,0.0,0.0,5.0,0.28818999380568844,-0.0006682276725769043,-0.0009281039237976074,-0.0009344816207885742,-0.001092374324798584,0.009671519510447979,2.536358033772558,False,False
298,5.96,-0.09737158566713333,0.15109071135520935,4.775036811828613,0.2847426235675812,8.894904749467969e-05,0.0011096788803115487,-0.01036519929766655,0.0005668673547916114,0.019804026931524277,-0.004616250284016132,0.007111060433089733,0.0042831022292375565,0.0,0.0,5.0,0.2879549700654424,-0.0007116198539733887,-0.0008527636528015137,-0.0009992718696594238,-0.0010222196578979492,0.009671698324382305,2.5460297320969403,False,False
299,5.98,-0.09757805615663528,0.15110008418560028,4.7754292488098145,0.2848285734653473,0.00022609892766922712,0.0010186522267758846,-0.010278195142745972,0.00037405797047540545,0.019452163949608803,-0.004487769678235054,0.006613082718104124,0.004298390820622444,0.0,0.0,5.0,0.28772336501286644,-0.0007508993148803711,-0.0007928013801574707,-0.001046597957611084,-0.0009534955024719238,0.009671872481703758,2.555701604578644,False,True
