step,time,pos_x,pos_y,pos_z,euler_z,euler_y,euler_x,vel_x,vel_y,vel_z,omega_x,omega_y,omega_z,target_x,target_y,target_z,target_dist,action_0,action_1,action_2,action_3,reward,cumulative_reward,terminated,truncated
0,0.0,0.16713035106658936,0.179144024848938,5.13997220993042,3.006706714630127,3.0543484687805176,3.0021018981933594,-0.6603975296020508,-0.8551946878433228,0.7254812717437744,0.0,0.0,0.0,0.0,0.0,5.0,0.282165475279177,0.4019813537597656,-0.9938521385192871,0.6197798252105713,-0.9640363454818726,-0.045539744198322296,-0.045539744198322296,False,False
1,0.02,0.1541297435760498,0.16229090094566345,5.154476165771484,3.008244514465332,3.051738977432251,2.9998672008514404,-0.6395885348320007,-0.830061137676239,0.7249133586883545,-0.23715509474277496,0.23682470619678497,0.18823663890361786,0.0,0.0,5.0,0.27195073115554064,0.4562891721725464,-0.9933141469955444,0.4420161247253418,-0.945929229259491,-0.045463670045137405,-0.0910034142434597,False,False
2,0.04,0.14153951406478882,0.1459304243326187,5.168848037719727,3.0130844116210938,3.046416997909546,2.9957215785980225,-0.6192779541015625,-0.8058670163154602,0.7122380137443542,-0.22232483327388763,0.22059057652950287,0.36497896909713745,0.0,0.0,5.0,0.26427028328852437,0.34923791885375977,-0.9903127551078796,0.2974433898925781,-0.9299291968345642,-0.04543923959136009,-0.1364426538348198,False,False
3,0.06,0.12933668494224548,0.13002806901931763,5.1827216148376465,3.021296501159668,3.041320562362671,2.9926323890686035,-0.6008906960487366,-0.7842777371406555,0.6750686168670654,-0.16690094769001007,0.16328592598438263,0.5182937979698181,0.0,0.0,5.0,0.2588869740516493,0.25189340114593506,-0.9854092597961426,0.1608598232269287,-0.9177465438842773,-0.045494724065065384,-0.18193737789988518,False,False
4,0.08,0.11748091131448746,0.11453120410442352,5.195624351501465,3.0325679779052734,3.0373361110687256,2.9914300441741943,-0.5846267342567444,-0.7653607130050659,0.6151958107948303,-0.06856946647167206,0.06347879022359848,0.6498283743858337,0.0,0.0,5.0,0.25531950206997556,0.147377610206604,-0.9768857955932617,0.06527447700500488,-0.9086194634437561,-0.04564104601740837,-0.22757842391729355,False,False
5,0.1,0.10592971742153168,0.09938785433769226,5.207136631011963,3.0465574264526367,3.034858465194702,2.992424726486206,-0.570482075214386,-0.7489639520645142,0.5359694361686707,0.020631060004234314,-0.02603798918426037,0.7627329230308533,0.0,0.0,5.0,0.2529913724415162,0.058963775634765625,-0.9625515341758728,0.007904410362243652,-0.9029238820075989,-0.045859914273023605,-0.27343833819031715,False,False
6,0.12,0.09464435279369354,0.08455277979373932,5.216923236846924,3.062880039215088,3.0335254669189453,2.995148181915283,-0.5580718517303467,-0.7345572710037231,0.44268742203712463,0.07667902857065201,-0.08115275949239731,0.8620638251304626,0.0,0.0,5.0,0.2513213416539318,0.00851905345916748,-0.935583770275116,-0.043425023555755615,-0.9024306535720825,-0.046138737350702286,-0.31957707554101944,False,False
7,0.14,0.08359397202730179,0.06999099254608154,5.224746227264404,3.081252098083496,3.0330698490142822,2.999243974685669,-0.546999990940094,-0.7216506600379944,0.33962348103523254,0.13430234789848328,-0.13660632073879242,0.9519190192222595,0.0,0.0,5.0,0.24979503170893977,0.011435747146606445,-0.8962027430534363,-0.08903765678405762,-0.9064507484436035,-0.04650108143687248,-0.3660781569778919,False,False
8,0.16,0.07275773584842682,0.05567953735589981,5.230466842651367,3.1016032695770264,3.0340728759765625,3.005239486694336,-0.5366807579994202,-0.7095469832420349,0.2325017750263214,0.24574099481105804,-0.24382434785366058,1.0377992391586304,0.0,0.0,5.0,0.24800980740213993,-0.001759350299835205,-0.8236861824989319,-0.11960828304290771,-0.9162666201591492,-0.04696524515748024,-0.41304340213537216,False,False
9,0.18,0.06211905553936958,0.04160075634717941,5.234004974365234,3.123920440673828,3.037299394607544,3.013833522796631,-0.5272717475891113,-0.6984137296676636,0.1212538331747055,0.3776535987854004,-0.368313193321228,1.119604468345642,0.0,0.0,5.0,0.24565774568988186,-0.01884293556213379,-0.6964544057846069,-0.13338589668273926,-0.9284512400627136,0.009067120961844921,-0.40397628117352724,False,False
10,0.2,0.051659565418958664,0.027735082432627678,5.235289096832275,0.006502985488623381,0.09862513095140457,-0.11645504832267761,-0.5187910795211792,-0.6882697939872742,0.0071618990041315556,0.5078091025352478,-0.48723942041397095,1.1985362768173218,0.0,0.0,5.0,0.2424848543413963,-0.9894322156906128,-0.09559297561645508,-0.7444892525672913,0.39469361305236816,0.008991432376205921,-0.3949848487973213,False,False
11,0.22,0.041405029594898224,0.014114140532910824,5.234732151031494,0.029722435399889946,0.09679704904556274,-0.09867788851261139,-0.5067574977874756,-0.6741344928741455,-0.06295693665742874,1.0440897941589355,0.05600739270448685,1.0775827169418335,0.0,0.0,5.0,0.23877346621140577,-0.9887049794197083,0.07400321960449219,-0.6862993240356445,0.1722126007080078,0.009013441391289234,-0.3859714074060321,False,False
12,0.24,0.031384702771902084,0.0007482407963834703,5.232722282409668,0.04993835464119911,0.1008758470416069,-0.07474727183580399,-0.4952116012573242,-0.6628888249397278,-0.1379726529121399,1.1496554613113403,0.1752862185239792,0.961553156375885,0.0,0.0,5.0,0.23483019431566987,-0.9819375276565552,0.29066014289855957,-0.5955522656440735,0.07847392559051514,0.009172039106488228,-0.37679936829954386,False,False
13,0.26,0.021611563861370087,-0.012410585768520832,5.229334354400635,0.06786168366670609,0.10331618785858154,-0.05223992094397545,-0.48203763365745544,-0.6534517407417297,-0.20084430277347565,0.9180956482887268,-0.04525694623589516,0.834079384803772,0.0,0.0,5.0,0.23068447810810297,-0.9712555408477783,0.2803046703338623,-0.4286518692970276,0.16127479076385498,0.009295778349041939,-0.3675035899505019,False,False
14,0.28,0.012118151411414146,-0.025398993864655495,5.22482967376709,0.0833919420838356,0.10263316333293915,-0.034346092492341995,-0.46730276942253113,-0.6457926630973816,-0.24955981969833374,0.7115153074264526,-0.09014144539833069,0.7065035104751587,0.0,0.0,5.0,0.2265840698045271,-0.9427616000175476,0.3240755796432495,-0.2602084279060364,0.10636651515960693,0.009433737955987453,-0.35806985199451447,False,False
15,0.3,0.0029343313071876764,-0.038250163197517395,5.219505786895752,0.0965198278427124,0.10148128122091293,-0.023750580847263336,-0.45109620690345764,-0.639592170715332,-0.28283199667930603,0.21425609290599823,-0.06271354854106903,0.5956474542617798,0.0,0.0,5.0,0.22283284265471354,-0.8351437449455261,0.22600769996643066,-0.12236815690994263,0.10726761817932129,0.00946198869496584,-0.3486078632995486,False,False
16,0.32,-0.005922122858464718,-0.05098672956228256,5.213556289672852,0.10756167769432068,0.10329774767160416,-0.023745164275169373,-0.43451741337776184,-0.634049117565155,-0.31210482120513916,-0.3263084590435028,0.2186923772096634,0.5066720247268677,0.0,0.0,5.0,0.21963835500532,-0.5179633498191833,0.24786341190338135,-0.05978798866271973,0.01867091655731201,0.009299363940954208,-0.3393084993585944,False,False
17,0.34,-0.014443189837038517,-0.06360484659671783,5.2070159912109375,0.11677683889865875,0.11020398885011673,-0.036593493074178696,-0.4174572825431824,-0.6273905038833618,-0.34187909960746765,-1.0564069747924805,0.44476068019866943,0.4297372102737427,0.0,0.0,5.0,0.21704792756510644,-0.04572564363479614,0.2937847375869751,-0.018651604652404785,-0.008409380912780762,0.009218154475092888,-0.33009034488350153,False,False
18,0.36,-0.02256108447909355,-0.07603158056735992,5.200379371643066,0.12482050806283951,0.11643928289413452,-0.06040722131729126,-0.3942212462425232,-0.6143958568572998,-0.32183751463890076,-1.4160406589508057,0.139729842543602,0.39717328548431396,0.0,0.0,5.0,0.21550335578944904,0.05507373809814453,-0.09944069385528564,-0.049914538860321045,0.23114657402038574,0.009421595372259617,-0.3206687495112419,False,False
19,0.38,-0.03021984174847603,-0.08814860135316849,5.194057464599609,0.13229259848594666,0.12218596786260605,-0.08311206847429276,-0.371601402759552,-0.596463143825531,-0.31041333079338074,-0.9432122111320496,0.38007405400276184,0.38539111614227295,0.0,0.0,5.0,0.21527125753953175,0.018848538398742676,0.06835317611694336,-0.0551835298538208,0.012410521507263184,0.00947633571922779,-0.3111924137920141,False,False
20,0.4,-0.037430115044116974,-0.09987003356218338,5.187869548797607,0.13935424387454987,0.12900583446025848,-0.10090738534927368,-0.34931060671806335,-0.5750461220741272,-0.3084547519683838,-0.9248286485671997,0.23470351099967957,0.3744884729385376,0.0,0.0,5.0,0.2160324153485862,0.040534138679504395,-0.08488398790359497,-0.02755451202392578,0.044637322425842285,0.009527982212603092,-0.30166443157941103,False,False
21,0.42,-0.04419693350791931,-0.11113402992486954,5.181646823883057,0.14632835984230042,0.13512103259563446,-0.11634694784879684,-0.3272891938686371,-0.550811767578125,-0.3139225244522095,-0.7109220027923584,0.29812493920326233,0.3794442415237427,0.0,0.0,5.0,0.21748496537840825,0.04184901714324951,-0.06221073865890503,-0.03417772054672241,-0.015607655048370361,0.009561484679579735,-0.2921029468998313,False,False
22,0.44,-0.05052236095070839,-0.12188857793807983,5.175268173217773,0.15332067012786865,0.14163051545619965,-0.12827831506729126,-0.30514827370643616,-0.5242202281951904,-0.32399463653564453,-0.5786828994750977,0.2633626461029053,0.38740384578704834,0.0,0.0,5.0,0.2193815555850046,0.043641090393066406,-0.07333213090896606,-0.03901851177215576,-0.04140365123748779,0.009578789584338665,-0.28252415731549263,False,False
23,0.46,-0.05640352889895439,-0.13209311664104462,5.16864538192749,0.16056393086910248,0.14732445776462555,-0.13757213950157166,-0.2828810513019562,-0.49590063095092773,-0.3383316099643707,-0.45502233505249023,0.20590604841709137,0.39851677417755127,0.0,0.0,5.0,0.22152023470028387,0.04725384712219238,-0.0571138858795166,-0.05784350633621216,-0.05702692270278931,0.009593418799340725,-0.2729307385161519,False,False
24,0.48,-0.06183645874261856,-0.14171482622623444,5.161717891693115,0.1682211458683014,0.1513873040676117,-0.14439454674720764,-0.26036491990089417,-0.46601876616477966,-0.3544132709503174,-0.34123119711875916,0.08985954523086548,0.40815794467926025,0.0,0.0,5.0,0.22373984020693663,0.0301816463470459,-0.0602986216545105,-0.05494505167007446,-0.025219380855560303,0.009606416337192059,-0.26332432217895985,False,False
25,0.5,-0.06681549549102783,-0.1507227122783661,5.15447998046875,0.17626528441905975,0.1538151651620865,-0.14869089424610138,-0.23753327131271362,-0.4345949590206146,-0.3693472146987915,-0.21071527898311615,0.034142859280109406,0.4138144254684448,0.0,0.0,5.0,0.22593297855754496,-0.009445011615753174,-0.020536422729492188,-0.07566678524017334,-0.01914578676223755,0.009609069675207138,-0.2537152525037527,False,False
26,0.52,-0.07133974879980087,-0.15909551084041595,5.146928310394287,0.18451005220413208,0.1550142914056778,-0.1509009599685669,-0.2149122655391693,-0.40258124470710754,-0.3858146667480469,-0.13713867962360382,-0.03719576448202133,0.409584641456604,0.0,0.0,5.0,0.22801024039220602,-0.025966227054595947,-0.014552056789398193,-0.0777774453163147,0.011459112167358398,0.009608774445950985,-0.24410647805780172,False,False
27,0.54,-0.07541122287511826,-0.16681960225105286,5.139063835144043,0.19276997447013855,0.15521743893623352,-0.1515183001756668,-0.19227734208106995,-0.3697752058506012,-0.4006226658821106,-0.05222764611244202,-0.06569583714008331,0.4002135992050171,0.0,0.0,5.0,0.22990081008054278,-0.03308820724487305,0.010552644729614258,-0.09090101718902588,0.022288799285888672,0.0096037108451128,-0.23450276721268892,False,False
28,0.56,-0.07903088629245758,-0.17388269305229187,5.130918025970459,0.20090964436531067,0.154604971408844,-0.1505458950996399,-0.16974402964115143,-0.33653220534324646,-0.4139215052127838,0.023845160380005836,-0.11589472740888596,0.385611891746521,0.0,0.0,5.0,0.23156122614827096,-0.023882925510406494,0.007177233695983887,-0.09395605325698853,0.05137670040130615,0.00959726795554161,-0.2249054992571473,False,False
29,0.58,-0.082199826836586,-0.18027649819850922,5.122537612915039,0.20885369181632996,0.15315984189510345,-0.14760223031044006,-0.14721715450286865,-0.3029111325740814,-0.4240886867046356,0.14873073995113373,-0.14368902146816254,0.36918866634368896,0.0,0.0,5.0,0.23296328876798972,-0.02793365716934204,0.017213106155395508,-0.10220414400100708,0.05656397342681885,0.009585014544427395,-0.21532048471271992,False,False
30,0.6,-0.0849219560623169,-0.18600286543369293,5.113958358764648,0.2165297120809555,0.15098826587200165,-0.142221599817276,-0.12506237626075745,-0.2698683738708496,-0.43381431698799133,0.2730114758014679,-0.18084418773651123,0.35020315647125244,0.0,0.0,5.0,0.23408398514919146,-0.035044193267822266,0.009625554084777832,-0.0971534252166748,0.06319749355316162,0.009571205824613571,-0.20574927888810635,False,False
31,0.62,-0.0872054323554039,-0.19107922911643982,5.1051836013793945,0.22387009859085083,0.14826686680316925,-0.1344011276960373,-0.10334763675928116,-0.23799072206020355,-0.44358766078948975,0.39958590269088745,-0.1888633519411087,0.33111464977264404,0.0,0.0,5.0,0.23490348918473986,-0.039784014225006104,0.004572391510009766,-0.07376211881637573,0.027882099151611328,0.009569214656949043,-0.1961800642311573,False,False
32,0.64,-0.08906055986881256,-0.19553644955158234,5.096195220947266,0.23087865114212036,0.14526031911373138,-0.1247539222240448,-0.08221609890460968,-0.2080124318599701,-0.45515117049217224,0.46262162923812866,-0.1989193558692932,0.31752121448516846,0.0,0.0,5.0,0.23541411801435805,-0.02994084358215332,-0.014712870121002197,-0.03878909349441528,-0.009920954704284668,0.00957456137984991,-0.1866055028513074,False,False
33,0.66,-0.09049742668867111,-0.1994137167930603,5.086967945098877,0.2376910299062729,0.14203564822673798,-0.11437071859836578,-0.0615173876285553,-0.18001960217952728,-0.46757960319519043,0.4781656563282013,-0.20168446004390717,0.31341564655303955,0.0,0.0,5.0,0.23562478256163025,-0.017186403274536133,-0.019526541233062744,-0.029728293418884277,-0.0340876579284668,0.009572204202413559,-0.17703329864889383,False,False
34,0.68,-0.09152397513389587,-0.20275092124938965,5.077487945556641,0.24446389079093933,0.1384325921535492,-0.10387499630451202,-0.041190095245838165,-0.15401172637939453,-0.48038941621780396,0.47672054171562195,-0.22951193153858185,0.31403934955596924,0.0,0.0,5.0,0.23556093860904675,-0.01997607946395874,-0.011803209781646729,-0.014329493045806885,-0.05411785840988159,0.009574586525559425,-0.1674587121233344,False,False
35,0.7000000000000001,-0.09214749932289124,-0.20558689534664154,5.067754745483398,0.25129666924476624,0.1341061145067215,-0.09392531961202621,-0.021235154941678047,-0.12988875806331635,-0.4928708076477051,0.4254048466682434,-0.26782962679862976,0.31698286533355713,0.0,0.0,5.0,0.23526121377152945,-0.00917661190032959,0.025582313537597656,0.008977532386779785,-0.08517712354660034,0.009573952294886112,-0.1578847598284483,False,False
36,0.72,-0.09237302839756012,-0.20795343816280365,5.057814121246338,0.25829362869262695,0.12835334241390228,-0.08589264750480652,-0.0014448486035689712,-0.10703334957361221,-0.5011537671089172,0.2862609922885895,-0.3673308491706848,0.32251298427581787,0.0,0.0,5.0,0.23477623694606256,0.010343432426452637,0.03331351280212402,0.012612223625183105,-0.044922471046447754,0.00957418791949749,-0.1483105719089508,False,False
37,0.74,-0.09220511466264725,-0.20986999571323395,5.047779560089111,0.26548460125923157,0.12075386941432953,-0.08013496547937393,0.018029239028692245,-0.08484373986721039,-0.5022625923156738,0.20013314485549927,-0.4491158723831177,0.32573115825653076,0.0,0.0,5.0,0.23415824698894072,0.006165027618408203,0.04524075984954834,0.01639533042907715,-0.016473591327667236,0.009569385088980198,-0.1387411868199706,False,False
38,0.76,-0.09165796637535095,-0.21135126054286957,5.037765979766846,0.27276527881622314,0.11175353080034256,-0.07605310529470444,0.03641733527183533,-0.06347283720970154,-0.49921292066574097,0.1235722228884697,-0.5045500993728638,0.3251532316207886,0.0,0.0,5.0,0.23344551261670185,-0.0004407167434692383,0.04242062568664551,0.030546903610229492,0.011412382125854492,0.00957066286355257,-0.12917052395641804,False,False
39,0.78,-0.09075760096311569,-0.21241255104541779,5.027846336364746,0.28002193570137024,0.10217738151550293,-0.07346325367689133,0.053313300013542175,-0.042810212820768356,-0.4927292764186859,0.05792946368455887,-0.5042455792427063,0.3229440450668335,0.0,0.0,5.0,0.23266166943254948,-0.014560222625732422,0.034290194511413574,0.018201112747192383,0.01914381980895996,0.009574731811881065,-0.11959579214453697,False,False
40,0.8,-0.08954010158777237,-0.21307168900966644,5.018032550811768,0.28717002272605896,0.09277752041816711,-0.07211262732744217,0.0681285560131073,-0.02321723662316799,-0.48863160610198975,0.007562842220067978,-0.48496150970458984,0.3183079957962036,0.0,0.0,5.0,0.23182352628359268,-0.03057849407196045,0.025817036628723145,-0.00531083345413208,0.024174213409423828,0.009575990960001945,-0.11001980118453503,False,False
41,0.8200000000000001,-0.08804769814014435,-0.21334928274154663,5.008260250091553,0.29414474964141846,0.08381067961454391,-0.0716225877404213,0.0808185562491417,-0.00462564080953598,-0.4885353446006775,-0.02007000707089901,-0.45927688479423523,0.3103121519088745,0.0,0.0,5.0,0.23095139169462778,-0.04411959648132324,0.03833329677581787,-0.029405832290649414,0.04198122024536133,0.009570106863975525,-0.1004496943205595,False,False
42,0.84,-0.08631960302591324,-0.21326051652431488,4.9984846115112305,0.30085620284080505,0.0752808004617691,-0.071595698595047,0.09171013534069061,0.013434204272925854,-0.48900294303894043,-0.030597548931837082,-0.43938174843788147,0.29598891735076904,0.0,0.0,5.0,0.2300726367411838,-0.04955136775970459,0.0684659481048584,-0.04613453149795532,0.06109273433685303,0.009559632278978825,-0.09089006204158068,False,False
43,0.86,-0.08438942581415176,-0.21281224489212036,4.98872709274292,0.3072003722190857,0.06688078492879868,-0.07186000794172287,0.10102549940347672,0.03132858872413635,-0.48670321702957153,-0.04093870893120766,-0.4438003599643707,0.2750173807144165,0.0,0.0,5.0,0.22921104947906146,-0.06602340936660767,0.06762802600860596,-0.05496925115585327,0.09492743015289307,0.009558998048305511,-0.08133106399327517,False,False
44,0.88,-0.08228979259729385,-0.21200931072235107,4.979024410247803,0.31304335594177246,0.058819763362407684,-0.07212228327989578,0.10866586863994598,0.04890098050236702,-0.4835452437400818,-0.022030368447303772,-0.4021594822406769,0.2486175149679184,0.0,0.0,5.0,0.2283846167414183,-0.06498187780380249,0.07291543483734131,-0.06006038188934326,0.1260209083557129,0.009562330320477486,-0.07176873367279768,False,False
45,0.9,-0.08005224913358688,-0.21085630357265472,4.969417095184326,0.31824320554733276,0.051763150840997696,-0.07174122333526611,0.11485091596841812,0.06632113456726074,-0.4771382510662079,0.03136294707655907,-0.3390083909034729,0.218453511595726,0.0,0.0,5.0,0.22760504698849265,-0.060462236404418945,0.09642887115478516,-0.048389554023742676,0.14204680919647217,0.009566259570419788,-0.06220247410237789,False,False
46,0.92,-0.07770305126905441,-0.20935551822185516,4.959993362426758,0.3227216601371765,0.0459151454269886,-0.07052307575941086,0.11987677961587906,0.08366017043590546,-0.4652039110660553,0.06855720281600952,-0.27612292766571045,0.18611548840999603,0.0,0.0,5.0,0.22686566121028448,-0.04580545425415039,0.10985672473907471,-0.024973034858703613,0.15299665927886963,0.009572453796863556,-0.052630020305514336,False,False
47,0.9400000000000001,-0.07526281476020813,-0.20750918984413147,4.950870037078857,0.3264647126197815,0.04133959859609604,-0.06874112784862518,0.12400129437446594,0.10086556524038315,-0.44709068536758423,0.09328968822956085,-0.20636005699634552,0.15505264699459076,0.0,0.0,5.0,0.22613780845323067,-0.020006954669952393,0.10642850399017334,0.00012731552124023438,0.13354337215423584,0.00958242081105709,-0.043047599494457245,False,False
48,0.96,-0.07274754345417023,-0.2053232043981552,4.942137241363525,0.32956433296203613,0.03792992979288101,-0.06667355448007584,0.1274251937866211,0.11762583255767822,-0.4261727035045624,0.10117411613464355,-0.1547933667898178,0.13085900247097015,0.0,0.0,5.0,0.22538394392672678,-0.014217019081115723,0.10495781898498535,0.008275628089904785,0.11327886581420898,0.009589784778654575,-0.03345781471580267,False,False
49,0.98,-0.07016940414905548,-0.20280896127223969,4.9338154792785645,0.33215051889419556,0.03533473238348961,-0.06470761448144913,0.1303160935640335,0.13370287418365479,-0.4059622585773468,0.08593863248825073,-0.12113898247480392,0.109986811876297,0.0,0.0,5.0,0.22457874083288568,-0.0046294331550598145,0.09355318546295166,0.011724710464477539,0.10672962665557861,0.009595299139618874,-0.023862515576183796,False,False
50,1.0,-0.06753750890493393,-0.1999790221452713,4.925894260406494,0.3343016505241394,0.03336741030216217,-0.0629483014345169,0.1328209787607193,0.14920872449874878,-0.38618889451026917,0.08259925991296768,-0.08891227096319199,0.09200003743171692,0.0,0.0,5.0,0.2237064707333327,-0.0006007552146911621,0.08783674240112305,0.013623595237731934,0.09136295318603516,0.009600549936294556,-0.01426196563988924,False,False
51,1.02,-0.06485845893621445,-0.19684477150440216,4.9183526039123535,0.3360830247402191,0.031890809535980225,-0.06135382130742073,0.13504795730113983,0.16414648294448853,-0.3678628206253052,0.07103282958269119,-0.06952579319477081,0.07652804255485535,0.0,0.0,5.0,0.22275722446666896,0.009853363037109375,0.07851862907409668,0.016400933265686035,0.08554661273956299,0.009604154154658318,-0.004657811485230923,False,False
52,1.04,-0.06213684380054474,-0.19341595470905304,4.911177158355713,0.3375587463378906,0.030735846608877182,-0.05988122522830963,0.13708804547786713,0.1786731481552124,-0.34969380497932434,0.07160413265228271,-0.05469859763979912,0.06369712948799133,0.0,0.0,5.0,0.22172103213559569,0.01703929901123047,0.08162057399749756,0.01571178436279297,0.07747089862823486,0.009606096893548965,0.004948285408318043,False,False
53,1.06,-0.059375811368227005,-0.1897002011537552,4.904367923736572,0.3387817144393921,0.029653145000338554,-0.05844251066446304,0.1389939785003662,0.19283901154994965,-0.3313497304916382,0.06857048720121384,-0.060613956302404404,0.051934123039245605,0.0,0.0,5.0,0.22058365148819284,0.030138373374938965,0.0853341817855835,0.011115312576293945,0.08085477352142334,0.00960529688745737,0.014553582295775414,False,False
54,1.08,-0.05657797306776047,-0.18570388853549957,4.897939205169678,0.3397875130176544,0.028241168707609177,-0.056883301585912704,0.14075954258441925,0.20672442018985748,-0.3114525079727173,0.08443345129489899,-0.08614860475063324,0.04030191898345947,0.0,0.0,5.0,0.21932488936520317,0.030939459800720215,0.1016467809677124,0.011870622634887695,0.08236861228942871,0.009603222832083702,0.024156805127859116,False,False
55,1.1,-0.05374684929847717,-0.18143309652805328,4.891928195953369,0.3405810296535492,0.026142440736293793,-0.05517484247684479,0.1423019915819168,0.2202715426683426,-0.2896268963813782,0.08424535393714905,-0.12784235179424286,0.027154920622706413,0.0,0.0,5.0,0.21791330192341288,0.02806246280670166,0.09670472145080566,0.016984939575195312,0.09430646896362305,0.009603959508240223,0.03376076463609934,False,False
56,1.12,-0.050888389348983765,-0.17689602077007294,4.886363506317139,0.3411344289779663,0.023465298116207123,-0.053381361067295074,0.14347414672374725,0.23334363102912903,-0.2668626606464386,0.09371990710496902,-0.1424856036901474,0.013564941473305225,0.0,0.0,5.0,0.21632171188152802,0.023636460304260254,0.09102857112884521,0.020063161849975586,0.08783912658691406,0.00960804894566536,0.0433688135817647,False,False
57,1.1400000000000001,-0.048010922968387604,-0.17210406064987183,4.881240367889404,0.34143298864364624,0.02055378258228302,-0.05149601399898529,0.1441960334777832,0.2457549124956131,-0.24538367986679077,0.09414883702993393,-0.1498364806175232,0.0009800306288525462,0.0,0.0,5.0,0.2145430181467,0.023763298988342285,0.08010268211364746,0.019436120986938477,0.07828140258789062,0.009613177739083767,0.052981991320848465,False,False
58,1.16,-0.04512376710772514,-0.16707101464271545,4.876527309417725,0.3415002226829529,0.01748962700366974,-0.04958447813987732,0.1444404125213623,0.2574493885040283,-0.22592541575431824,0.09686776250600815,-0.15653258562088013,-0.009744183160364628,0.0,0.0,5.0,0.2125897072093684,0.019414186477661133,0.06890738010406494,0.019515633583068848,0.07332026958465576,0.009618536569178104,0.06260052789002657,False,False
59,1.18,-0.04223658889532089,-0.1618112474679947,4.872183799743652,0.3413592576980591,0.014397487975656986,-0.047602616250514984,0.14419865608215332,0.2684236466884613,-0.2084357887506485,0.101534403860569,-0.15163619816303253,-0.01936171017587185,0.0,0.0,5.0,0.21048465572728034,0.018930554389953613,0.06128060817718506,0.01616048812866211,0.07309651374816895,0.009622602723538876,0.07222313061356544,False,False
60,1.2,-0.03935890644788742,-0.15633882582187653,4.868178844451904,0.341016560792923,0.011443818919360638,-0.045417964458465576,0.14349807798862457,0.27871188521385193,-0.19206111133098602,0.11736637353897095,-0.14182282984256744,-0.028605734929442406,0.0,0.0,5.0,0.20824929537977277,0.016476750373840332,0.06174826622009277,0.016707897186279297,0.06355500221252441,0.009627225808799267,0.08185035642236471,False,False
61,1.22,-0.03649936988949776,-0.1506677120923996,4.864490032196045,0.34048375487327576,0.008602816611528397,-0.04305927827954292,0.14239062368869781,0.2882886230945587,-0.17673316597938538,0.11902958899736404,-0.13964858651161194,-0.037182461470365524,0.0,0.0,5.0,0.20590268294443745,0.01968550682067871,0.053507208824157715,0.015905022621154785,0.06277096271514893,0.009631290100514889,0.0914816465228796,False,False
62,1.24,-0.03366583585739136,-0.14481210708618164,4.861102104187012,0.3397800028324127,0.005837158299982548,-0.04054239019751549,0.14090245962142944,0.29716014862060547,-0.16202673316001892,0.133161261677742,-0.1337389498949051,-0.04469488188624382,0.0,0.0,5.0,0.20346144677553119,0.018475890159606934,0.052126526832580566,0.01703321933746338,0.054671525955200195,0.009635972790420055,0.10111761931329966,False,False
63,1.26,-0.03086555190384388,-0.1387864649295807,4.857998847961426,0.3389248251914978,0.0031381133012473583,-0.03784027323126793,0.1390702724456787,0.3052850365638733,-0.14823168516159058,0.13742896914482117,-0.13261204957962036,-0.051332276314496994,0.0,0.0,5.0,0.20094450060218338,0.017693161964416504,0.04536747932434082,0.016201019287109375,0.05246937274932861,0.009640634059906006,0.11075825337320566,False,False
64,1.28,-0.028105152770876884,-0.13260596990585327,4.855162143707275,0.33793383836746216,0.0005082589341327548,-0.03500073403120041,0.13691803812980652,0.312642902135849,-0.13544961810112,0.1467018723487854,-0.12659423053264618,-0.05728567764163017,0.0,0.0,5.0,0.1983740090899469,0.017369627952575684,0.044148802757263184,0.017786383628845215,0.04361391067504883,0.009645728394389153,0.12040398176759481,False,False
65,1.3,-0.025390764698386192,-0.1262860745191574,4.852572917938232,0.33682477474212646,-0.0020644906908273697,-0.03207699954509735,0.13447216153144836,0.319225549697876,-0.12350986152887344,0.14558224380016327,-0.12682059407234192,-0.062183599919080734,0.0,0.0,5.0,0.19577438053707166,0.016818523406982422,0.03663361072540283,0.016714930534362793,0.04532480239868164,0.009650200605392456,0.13005418237298727,False,False
66,1.32,-0.022728141397237778,-0.11984220147132874,4.850214958190918,0.33561140298843384,-0.0045467559248209,-0.029066484421491623,0.1317448765039444,0.32503700256347656,-0.11227955669164658,0.1550639420747757,-0.11758358031511307,-0.06669221073389053,0.0,0.0,5.0,0.19316904621241943,0.016872525215148926,0.037998080253601074,0.017762064933776855,0.036006808280944824,0.00965522788465023,0.1397094102576375,False,False
67,1.34,-0.020122604444622993,-0.11328988522291183,4.8480753898620605,0.3343064785003662,-0.006948384921997786,-0.02598993293941021,0.1287672221660614,0.33007028698921204,-0.10170486569404602,0.1518385410308838,-0.1188998743891716,-0.0703577771782875,0.0,0.0,5.0,0.19057965386950462,0.01741313934326172,0.03125607967376709,0.019342899322509766,0.03848147392272949,0.009659601375460625,0.14936901163309813,False,False
68,1.36,-0.01757911778986454,-0.10664452612400055,4.846145153045654,0.3329247832298279,-0.00926243420690298,-0.022885223850607872,0.12554240226745605,0.3343411386013031,-0.09132734686136246,0.1575094759464264,-0.10906137526035309,-0.07342848926782608,0.0,0.0,5.0,0.1880249830895557,0.01609182357788086,0.035649776458740234,0.022062301635742188,0.030347824096679688,0.009664669632911682,0.1590336812660098,False,False
69,1.3800000000000001,-0.015102362260222435,-0.09992136061191559,4.844419956207275,0.33147698640823364,-0.011469035409390926,-0.0198435690253973,0.12209691107273102,0.33785417675971985,-0.08116884529590607,0.1451531946659088,-0.10845902562141418,-0.07602081447839737,0.0,0.0,5.0,0.1855195668357426,0.01802694797515869,0.02618885040283203,0.02213001251220703,0.03736841678619385,0.009668903425335884,0.1687025846913457,False,False
70,1.4000000000000001,-0.012696703895926476,-0.09313520789146423,4.842897891998291,0.3299718499183655,-0.01350114680826664,-0.01684553734958172,0.1184367835521698,0.3406435549259186,-0.07104592025279999,0.15276765823364258,-0.09195791184902191,-0.07819954305887222,0.0,0.0,5.0,0.1830749725587518,0.01571357250213623,0.031018853187561035,0.0227128267288208,0.022013306617736816,0.009675107896327972,0.17837769258767366,False,False
71,1.42,-0.010365809313952923,-0.08630052953958511,4.84156608581543,0.3284229040145874,-0.015387426130473614,-0.01394277811050415,0.11462487280368805,0.34271174669265747,-0.06211985647678375,0.13527055084705353,-0.09426668286323547,-0.07955942302942276,0.0,0.0,5.0,0.18071119656897253,0.01697361469268799,0.0207749605178833,0.017009615898132324,0.030602693557739258,0.009679323062300682,0.18805701564997435,False,False
72,1.44,-0.008112777955830097,-0.07943123579025269,4.840406894683838,0.3268377482891083,-0.01718667894601822,-0.011105776764452457,0.1106514036655426,0.34410905838012695,-0.05378943681716919,0.14584565162658691,-0.08365953713655472,-0.08117900043725967,0.0,0.0,5.0,0.17845194773322853,0.010120630264282227,0.02909719944000244,0.017317652702331543,0.010491728782653809,0.009685567580163479,0.19774258323013783,False,False
73,1.46,-0.0059403954073786736,-0.07254069298505783,4.8393964767456055,0.32522013783454895,-0.019001055508852005,-0.008441179059445858,0.10655899345874786,0.3448428809642792,-0.04725676774978638,0.11768820881843567,-0.09619252383708954,-0.08231029659509659,0.0,0.0,5.0,0.1763262093906441,0.013279557228088379,0.011519312858581543,0.012113094329833984,0.027343034744262695,0.009689304046332836,0.20743188727647066,False,False
74,1.48,-0.003851673100143671,-0.06564153730869293,4.8385138511657715,0.3235738277435303,-0.020778432488441467,-0.005870587658137083,0.10228365659713745,0.34497442841529846,-0.04099860042333603,0.13609379529953003,-0.08036099374294281,-0.08356443792581558,0.0,0.0,5.0,0.17436003863050012,0.0048770904541015625,0.02427041530609131,0.01456749439239502,-0.001570284366607666,0.009695233777165413,0.21712712105363607,False,False
75,1.5,-0.0018496388802304864,-0.05874573439359665,4.837734222412109,0.3219073414802551,-0.022570250555872917,-0.00350006390362978,0.09788969159126282,0.3445121943950653,-0.03691300004720688,0.09734867513179779,-0.09804310649633408,-0.08386758714914322,0.0,0.0,5.0,0.17258234280955007,0.011865019798278809,-0.00048798322677612305,0.01194775104522705,0.02561652660369873,0.009698018431663513,0.2268251394852996,False,False
76,1.52,6.230654253158718e-05,-0.05186456814408302,4.837043285369873,0.32023242115974426,-0.02425120398402214,-0.001231484580785036,0.09327410906553268,0.3435176908969879,-0.032167401164770126,0.12558478116989136,-0.06965213268995285,-0.08399007469415665,0.0,0.0,5.0,0.17101119306619114,0.0016465187072753906,0.014429330825805664,0.016074180603027344,-0.011877357959747314,0.009703988209366798,0.23652912769466639,False,False
77,1.54,0.0018810491310432553,-0.04500845447182655,4.836419582366943,0.31856629252433777,-0.02577470988035202,0.0008779191412031651,0.08857531100511551,0.3420124650001526,-0.0302401352673769,0.08119042962789536,-0.08267384022474289,-0.08257780224084854,0.0,0.0,5.0,0.16966983336109312,0.01492464542388916,-0.008708000183105469,0.00902092456817627,0.019724607467651367,0.009705763310194016,0.2462348910048604,False,False
78,1.56,0.0036037557292729616,-0.0381871834397316,4.835848808288574,0.31692370772361755,-0.02718088962137699,0.002918221289291978,0.08367050439119339,0.3400396406650543,-0.02688043750822544,0.11848845332860947,-0.05825041979551315,-0.08137402683496475,0.0,0.0,5.0,0.16857301615234047,0.0003701448440551758,0.012991547584533691,0.01254880428314209,-0.01878678798675537,0.00971029419451952,0.2559451851993799,False,False
79,1.58,0.005227820482105017,-0.03140983730554581,4.835317611694336,0.31530746817588806,-0.02855369634926319,0.004854077938944101,0.07871409505605698,0.33762168884277344,-0.02625897340476513,0.070596843957901,-0.07966198772192001,-0.07963166385889053,0.0,0.0,5.0,0.1677325162412211,0.012218594551086426,-0.011439025402069092,0.004561066627502441,0.017845988273620605,0.009712491184473038,0.26565767638385296,False,False
80,1.6,0.0067507256753742695,-0.0246852096170187,4.834814071655273,0.3137161433696747,-0.02990327589213848,0.00671392772346735,0.07355119287967682,0.3347724378108978,-0.024072015658020973,0.11073505133390427,-0.05620841309428215,-0.07866594940423965,0.0,0.0,5.0,0.16715658166548347,-0.003344237804412842,0.008791208267211914,0.009545683860778809,-0.02228081226348877,0.009715982712805271,0.27537365909665823,False,False
81,1.62,0.008169914595782757,-0.018021494150161743,4.834324359893799,0.3121502697467804,-0.031214112415909767,0.008497520349919796,0.0683458223938942,0.33153167366981506,-0.024883205071091652,0.06284239143133163,-0.07606687396764755,-0.07683262974023819,0.0,0.0,5.0,0.1668530475613382,0.01019442081451416,-0.011927187442779541,0.005133986473083496,0.014334321022033691,0.009718707762658596,0.2850923668593168,False,False
82,1.6400000000000001,0.009482719004154205,-0.011426801793277264,4.8338422775268555,0.31061306595802307,-0.03249122202396393,0.010143612511456013,0.06290916353464127,0.3278762102127075,-0.02325180172920227,0.09686943143606186,-0.053065598011016846,-0.0756295695900917,0.0,0.0,5.0,0.16681991037162533,-0.004012763500213623,0.0001404285430908203,0.00959169864654541,-0.02461165189743042,0.009720906615257263,0.2948132734745741,False,False
83,1.6600000000000001,0.010686532594263554,-0.004908403381705284,4.833357334136963,0.3091146945953369,-0.03365812823176384,0.011712686158716679,0.057452164590358734,0.32390448451042175,-0.025222422555088997,0.055084679275751114,-0.06525849550962448,-0.0728316679596901,0.0,0.0,5.0,0.16705709349975423,0.008452296257019043,-0.012933790683746338,0.006972193717956543,0.00674283504486084,0.009724412113428116,0.3045376855880022,False,False
84,1.68,0.011778995394706726,0.0015266981208696961,4.832861423492432,0.30766379833221436,-0.03474796190857887,0.013093778863549232,0.05177194997668266,0.3195543885231018,-0.02444649487733841,0.07806166261434555,-0.045511357486248016,-0.07081911712884903,0.0,0.0,5.0,0.1675600766788947,-0.001471102237701416,-0.004794061183929443,0.010323643684387207,-0.02034938335418701,0.009725837036967278,0.3142635226249695,False,False
85,1.7,0.012757482007145882,0.007872161455452442,4.83235502243042,0.3062652051448822,-0.035680439323186874,0.014406273141503334,0.04606045037508011,0.31494322419166565,-0.026183227077126503,0.048264723271131516,-0.04965144023299217,-0.06765387207269669,0.0,0.0,5.0,0.1683138817134474,0.008027911186218262,-0.01286625862121582,0.009526848793029785,0.0019828081130981445,0.009728451259434223,0.3239919738844037,False,False
86,1.72,0.01361999474465847,0.014122141525149345,4.831836700439453,0.30492570996284485,-0.03647604212164879,0.015564863570034504,0.04017558693885803,0.3100127577781677,-0.02567860297858715,0.06276139616966248,-0.03190330043435097,-0.06500611454248428,0.0,0.0,5.0,0.16930397058897081,0.002010822296142578,-0.005952239036560059,0.011472225189208984,-0.015574634075164795,0.00972979050129652,0.3337217643857002,False,False
87,1.74,0.014364530332386494,0.02027130126953125,4.831313610076904,0.3036472201347351,-0.03709570690989494,0.016659237444400787,0.03426879271864891,0.3048642873764038,-0.02662486955523491,0.04197417572140694,-0.03211516514420509,-0.061746515333652496,0.0,0.0,5.0,0.17050619792874638,0.009220361709594727,-0.009270131587982178,0.011801600456237793,-0.0014110207557678223,0.009731529280543327,0.34345329366624355,False,False
88,1.76,0.014989780262112617,0.026314834132790565,4.830789566040039,0.3024320602416992,-0.037603989243507385,0.017601357772946358,0.028248116374015808,0.2994559109210968,-0.025776678696274757,0.04769953712821007,-0.02078498899936676,-0.0587947741150856,0.0,0.0,5.0,0.17189920002333053,0.005411744117736816,-0.005561649799346924,0.012892365455627441,-0.00837242603302002,0.00973284337669611,0.35318613704293966,False,False
89,1.78,0.015494436956942081,0.03224837779998779,4.8302764892578125,0.3012789487838745,-0.03794840723276138,0.01848679408431053,0.02221432887017727,0.29386842250823975,-0.02552003040909767,0.0364893302321434,-0.01573055610060692,-0.05579317361116409,0.0,0.0,5.0,0.17345346795609717,0.012635588645935059,-0.0020071864128112793,0.009225130081176758,0.001080155372619629,0.009733835235238075,0.36291997227817774,False,False
90,1.8,0.01587774232029915,0.03806798532605171,4.829784870147705,0.3001776933670044,-0.0382460318505764,0.0193291325122118,0.01611396297812462,0.28806477785110474,-0.023645279929041862,0.04355005919933319,-0.016105879098176956,-0.053671516478061676,0.0,0.0,5.0,0.17514127051785347,0.008112072944641113,0.0034532546997070312,0.010573863983154297,0.001424551010131836,0.009734981693327427,0.37265495397150517,False,False
91,1.82,0.016138838604092598,0.04376969113945961,4.829333305358887,0.2991102635860443,-0.03854266554117203,0.020192155614495277,0.00999393966048956,0.2820776402950287,-0.021518418565392494,0.03865461051464081,-0.015658661723136902,-0.052385903894901276,0.0,0.0,5.0,0.17692758019499288,0.011511921882629395,0.0040656328201293945,0.01126563549041748,0.00667881965637207,0.009734702296555042,0.3823896562680602,False,False
92,1.84,0.016277115792036057,0.04934964329004288,4.828932762145996,0.29806727170944214,-0.03880889713764191,0.021036610007286072,0.003832346061244607,0.2758902907371521,-0.018421238288283348,0.04175763949751854,-0.013106920756399632,-0.05126557499170303,0.0,0.0,5.0,0.17878571435760793,0.013220906257629395,0.011753201484680176,0.009886503219604492,0.0079878568649292,0.009734353050589561,0.39212400931864977,False,False
93,1.86,0.01629181019961834,0.05480383709073067,4.828604221343994,0.297037273645401,-0.03912649303674698,0.021907096728682518,-0.0023652175441384315,0.2695000171661377,-0.014415616169571877,0.04127899184823036,-0.02085554599761963,-0.05095217376947403,0.0,0.0,5.0,0.18068037132059,0.010967493057250977,0.012828350067138672,0.009467363357543945,0.012444376945495605,0.00973446574062109,0.40185847505927086,False,False
94,1.8800000000000001,0.01618223637342453,0.06012832373380661,4.8283586502075195,0.2960033416748047,-0.03954135999083519,0.022785352542996407,-0.008597665466368198,0.2629184126853943,-0.01013663038611412,0.042480479925870895,-0.022928379476070404,-0.051402635872364044,0.0,0.0,5.0,0.182587056079196,0.009138226509094238,0.009029865264892578,0.008637428283691406,0.007453203201293945,0.009735980071127415,0.4115944551303983,False,False
95,1.9000000000000001,0.01594799943268299,0.06531967967748642,4.828186988830566,0.2949647605419159,-0.03999878838658333,0.023664407432079315,-0.014833181165158749,0.2561865746974945,-0.00698697566986084,0.0412956103682518,-0.025213031098246574,-0.05128229409456253,0.0,0.0,5.0,0.1845012467334088,0.008911728858947754,0.006803750991821289,0.008594989776611328,0.005571603775024414,0.009736674837768078,0.42133112996816635,False,False
96,1.92,0.0155887296423316,0.07037467509508133,4.8280744552612305,0.2939307987689972,-0.04049539566040039,0.024521809071302414,-0.021102366968989372,0.24928268790245056,-0.0042740944772958755,0.040285058319568634,-0.02692217007279396,-0.050804562866687775,0.0,0.0,5.0,0.18642423748086678,0.008687257766723633,0.00534975528717041,0.00964057445526123,0.004521846771240234,0.009737038053572178,0.43106816802173853,False,False
97,1.94,0.015103590674698353,0.07528980076313019,4.828013896942139,0.2929086685180664,-0.04100740700960159,0.025349615141749382,-0.02742093615233898,0.2422008067369461,-0.0017342858482152224,0.038331545889377594,-0.02680834010243416,-0.050017185509204865,0.0,0.0,5.0,0.1883504504779587,0.008983850479125977,0.003792405128479004,0.011494040489196777,0.005539655685424805,0.00973703246563673,0.44080520048737526,False,False
98,1.96,0.014491465874016285,0.08006144315004349,4.828006267547607,0.29190561175346375,-0.04147179424762726,0.026149163022637367,-0.03379979729652405,0.23493610322475433,0.0009552190895192325,0.037488292902708054,-0.022196516394615173,-0.04897940903902054,0.0,0.0,5.0,0.19026739412035532,0.009210944175720215,0.001769423484802246,0.013815641403198242,0.00410306453704834,0.009737063199281693,0.45054226368665695,False,False
99,1.98,0.013751347549259663,0.08468613028526306,4.828051567077637,0.29093170166015625,-0.04181473329663277,0.026914671063423157,-0.040217023342847824,0.22750718891620636,0.003547960426658392,0.035007353872060776,-0.014665992930531502,-0.04738227277994156,0.0,0.0,5.0,0.192164262563489,0.008941411972045898,-0.0014317035675048828,0.016203761100769043,0.0010644197463989258,0.009737027809023857,0.4602792914956808,False,False
100,2.0,0.012882805429399014,0.08916086703538895,4.828144073486328,0.2900022566318512,-0.041976794600486755,0.02760184556245804,-0.04663737863302231,0.2199442982673645,0.005730792880058289,0.029816564172506332,-0.004064473323523998,-0.04500693827867508,0.0,0.0,5.0,0.1940363016657106,0.009774088859558105,-0.0049926042556762695,0.0182192325592041,-0.0001500844955444336,0.009736618958413601,0.4700159104540944,False,False
101,2.02,0.011886034160852432,0.09348317235708237,4.8282790184021,0.28913432359695435,-0.04188941419124603,0.02819538302719593,-0.05303305387496948,0.2122686505317688,0.007720725145190954,0.025897881016135216,0.010379952378571033,-0.041921742260456085,0.0,0.0,5.0,0.19587872994014272,0.011341094970703125,-0.008181095123291016,0.020121455192565918,-0.001035928726196289,0.00973590835928917,0.4797518188133836,False,False
102,2.04,0.010761951096355915,0.09765102714300156,4.8284525871276855,0.2883443534374237,-0.04148600623011589,0.028728565201163292,-0.059359289705753326,0.20450598001480103,0.00965004600584507,0.024126863107085228,0.02769855596125126,-0.03813425451517105,0.0,0.0,5.0,0.1976867662658983,0.012247323989868164,-0.008893370628356934,0.020699262619018555,-0.0037817955017089844,0.009735447354614735,0.4894872661679983,False,False
103,2.06,0.009512578137218952,0.10166304558515549,4.828662872314453,0.28764426708221436,-0.0407639779150486,0.02920370176434517,-0.0655524879693985,0.19668936729431152,0.011387592181563377,0.0205064807087183,0.042448606342077255,-0.03388661891222,0.0,0.0,5.0,0.19945494554911264,0.013064861297607422,-0.008489370346069336,0.019580602645874023,-0.006214499473571777,0.00973523873835802,0.49922250490635633,False,False
104,2.08,0.008141124621033669,0.10551846772432327,4.82890510559082,0.2870382070541382,-0.0398012138903141,0.029592273756861687,-0.07156048715114594,0.18884944915771484,0.012900987640023232,0.015907995402812958,0.0520070381462574,-0.02947814017534256,0.0,0.0,5.0,0.201181231316126,0.013167381286621094,-0.0071683526039123535,0.017189621925354004,-0.007349908351898193,0.009735353291034698,0.508957858197391,False,False
105,2.1,0.006651640869677067,0.1092170774936676,4.829176425933838,0.28652241826057434,-0.03870350867509842,0.029885107651352882,-0.07735194265842438,0.18101298809051514,0.014214543625712395,0.011350085027515888,0.05618160590529442,-0.02530006319284439,0.0,0.0,5.0,0.20286278071458677,0.011996150016784668,-0.007028460502624512,0.015770554542541504,-0.006876707077026367,0.009735358878970146,0.5186932170763612,False,False
106,2.12,0.005048615392297506,0.11275918781757355,4.829472064971924,0.28609007596969604,-0.03752370551228523,0.030089328065514565,-0.08291275799274445,0.173202246427536,0.015341551974415779,0.007423340808600187,0.060450684279203415,-0.021420203149318695,0.0,0.0,5.0,0.20449914322460605,0.011855125427246094,-0.004993557929992676,0.013672828674316406,-0.005591750144958496,0.009735473431646824,0.528428690508008,False,False
107,2.14,0.0033366845455020666,0.11614537984132767,4.82979154586792,0.28573209047317505,-0.036290090531110764,0.030224859714508057,-0.08824121206998825,0.16542424261569977,0.016582412645220757,0.004807818681001663,0.06177585944533348,-0.018057875335216522,0.0,0.0,5.0,0.20608687629316644,0.010467767715454102,-0.0031796693801879883,0.012151479721069336,-0.0038742423057556152,0.00973556935787201,0.53816425986588,False,False
108,2.16,0.0015205590752884746,0.11937647312879562,4.830136299133301,0.28543621301651,-0.03503428399562836,0.030305813997983932,-0.09333193302154541,0.15769363939762115,0.01789254881441593,0.002231732476502657,0.06285153329372406,-0.01529515441507101,0.0,0.0,5.0,0.2076216060738934,0.009352564811706543,-0.002610921859741211,0.011063694953918457,-0.0028054118156433105,0.00973539985716343,0.5478996597230434,False,False
109,2.18,-0.0003949598758481443,0.12245355546474457,4.830506801605225,0.28519293665885925,-0.033752795308828354,0.030338196083903313,-0.09818016737699509,0.15002579987049103,0.01915566623210907,0.0001689519122010097,0.06450169533491135,-0.012890039943158627,0.0,0.0,5.0,0.2091003910597766,0.00855553150177002,-0.0023514628410339355,0.010160684585571289,-0.0025666356086730957,0.009735075756907463,0.5576347354799509,False,False
110,2.2,-0.002404977800324559,0.12537802755832672,4.830901622772217,0.28499674797058105,-0.03244107961654663,0.030328355729579926,-0.10278121381998062,0.14243288338184357,0.020309656858444214,-0.00180314970202744,0.06601495295763016,-0.01068957056850195,0.0,0.0,5.0,0.21052243323148784,0.007933616638183594,-0.0024860501289367676,0.009513497352600098,-0.002474963665008545,0.009734628722071648,0.5673693642020226,False,False
111,2.22,-0.004504513461142778,0.12815146148204803,4.831318378448486,0.28484439849853516,-0.031098224222660065,0.030280135571956635,-0.10713132470846176,0.13492433726787567,0.02134368196129799,-0.003503083484247327,0.06774678826332092,-0.00860328134149313,0.0,0.0,5.0,0.21188812418527506,0.006808757781982422,-0.003866255283355713,0.009706735610961914,-0.0026752352714538574,0.009733923710882664,0.5771032879129052,False,False
112,2.24,-0.006688476540148258,0.13077566027641296,4.831753253936768,0.28473609685897827,-0.029694879427552223,0.030194850638508797,-0.1112225204706192,0.12751340866088867,0.02214030921459198,-0.005355692468583584,0.07219638675451279,-0.006456518545746803,0.0,0.0,5.0,0.21319938226933421,0.007144808769226074,-0.0038257241249084473,0.010148048400878906,-0.002993762493133545,0.009733048267662525,0.5868363361805677,False,False
113,2.2600000000000002,-0.008951636031270027,0.13325262069702148,4.832204341888428,0.28467416763305664,-0.028206683695316315,0.03006594069302082,-0.11504864692687988,0.12020033597946167,0.022994939237833023,-0.007714504841715097,0.07636906951665878,-0.004211524501442909,0.0,0.0,5.0,0.2144569317866789,0.0075457096099853516,-0.003767549991607666,0.01044154167175293,-0.0034008026123046875,0.00973216351121664,0.5965684996917844,False,False
114,2.2800000000000002,-0.011288551613688469,0.13558441400527954,4.832673072814941,0.2846602499485016,-0.02664267271757126,0.02988453581929207,-0.1185961440205574,0.11299904435873032,0.023892829194664955,-0.010464907623827457,0.07991968840360641,-0.001869400730356574,0.0,0.0,5.0,0.21565914142434084,0.0077370405197143555,-0.0037016868591308594,0.010457158088684082,-0.0038260221481323242,0.009731325320899487,0.6062998250126839,False,False
115,2.3000000000000003,-0.013693530112504959,0.13777343928813934,4.833159923553467,0.28469526767730713,-0.02501634508371353,0.02964339591562748,-0.12185359001159668,0.10592558979988098,0.0247853584587574,-0.013559899292886257,0.08274484425783157,0.000525419251061976,0.0,0.0,5.0,0.21680554524483395,0.008213162422180176,-0.0035634636878967285,0.010216951370239258,-0.004295170307159424,0.009730502031743526,0.6160303270444274,False,False
116,2.32,-0.016160694882273674,0.13982237875461578,4.833664417266846,0.28477951884269714,-0.023349367082118988,0.029340391978621483,-0.12481394410133362,0.0989941954612732,0.02567833662033081,-0.016537807881832123,0.08412832021713257,0.002973053837195039,0.0,0.0,5.0,0.21789674559950453,0.008442044258117676,-0.0030269622802734375,0.009621024131774902,-0.003080129623413086,0.009729848243296146,0.6257601752877235,False,False
117,2.34,-0.018684091046452522,0.14173416793346405,4.834188461303711,0.2849108874797821,-0.02165766805410385,0.028993235900998116,-0.1274760216474533,0.0922122597694397,0.026716578751802444,-0.0178824495524168,0.08535239100456238,0.005223475396633148,0.0,0.0,5.0,0.21893180669526865,0.006874680519104004,-0.0020557045936584473,0.008684635162353516,-0.001529395580291748,0.009729407727718353,0.6354895830154419,False,False
118,2.36,-0.02125769667327404,0.14351193606853485,4.834733009338379,0.2850830554962158,-0.01992945186793804,0.028617996722459793,-0.12983424961566925,0.08559246361255646,0.02776612900197506,-0.01928517408668995,0.08789294958114624,0.007005959749221802,0.0,0.0,5.0,0.21991076295702425,0.005954384803771973,-0.00137251615524292,0.007554411888122559,-0.0013200044631958008,0.009728864766657352,0.6452184477820992,False,False
119,2.38,-0.023875361308455467,0.1451590210199356,4.83529806137085,0.28528863191604614,-0.01815875619649887,0.02821146883070469,-0.13188081979751587,0.07914647459983826,0.028711169958114624,-0.020976630970835686,0.08968862891197205,0.00851438194513321,0.0,0.0,5.0,0.22083455990690365,0.00492548942565918,-0.0014849305152893066,0.0064465999603271484,-0.0008794665336608887,0.009728293865919113,0.6549467416480184,False,False
120,2.4,-0.026530791074037552,0.14667902886867523,4.835879802703857,0.28552255034446716,-0.016347697004675865,0.02777785062789917,-0.1336095929145813,0.07288425415754318,0.029487667605280876,-0.02198203094303608,0.09200063347816467,0.009793274104595184,0.0,0.0,5.0,0.22170714816035286,0.0040580034255981445,-0.0012499094009399414,0.0052165985107421875,-0.0013237595558166504,0.009727745316922665,0.664674486964941,False,False
121,2.42,-0.029217563569545746,0.14807568490505219,4.836475372314453,0.2857804000377655,-0.014502308331429958,0.027320725843310356,-0.1350143849849701,0.06681383401155472,0.030046362429857254,-0.023333268240094185,0.09317847341299057,0.010896384716033936,0.0,0.0,5.0,0.22253174681545435,0.003595590591430664,-0.0011446475982666016,0.004118919372558594,-0.0016638636589050293,0.009727160446345806,0.6744016474112868,False,False
122,2.44,-0.03192916885018349,0.14935289323329926,4.837080001831055,0.28605854511260986,-0.012645570561289787,0.02683882787823677,-0.13609296083450317,0.0609394833445549,0.030436916276812553,-0.024479525163769722,0.09317994117736816,0.01187615841627121,0.0,0.0,5.0,0.22331297397148683,0.0031119585037231445,-0.0009711384773254395,0.0031290054321289062,-0.0020088553428649902,0.009726590476930141,0.684128237888217,False,False
123,2.46,-0.034659095108509064,0.150514617562294,4.837691307067871,0.28635382652282715,-0.010800308547914028,0.026334185153245926,-0.13684698939323425,0.055265117436647415,0.03067341446876526,-0.025638863444328308,0.09206558018922806,0.012734651565551758,0.0,0.0,5.0,0.2240535979961054,0.002684950828552246,-0.0008368492126464844,0.0022782087326049805,-0.0022551417350769043,0.00972601305693388,0.6938542509451509,False,False
124,2.48,-0.037400901317596436,0.15156486630439758,4.838305473327637,0.2866634130477905,-0.0089863371104002,0.02580721117556095,-0.13728219270706177,0.04979301244020462,0.030780291184782982,-0.026752755045890808,0.09007681906223297,0.01348460465669632,0.0,0.0,5.0,0.22475732707308588,0.002268552780151367,-0.0007167458534240723,0.001549839973449707,-0.002452075481414795,0.009725429117679596,0.7035796800628304,False,False
125,2.5,-0.0401482991874218,0.1525077223777771,4.838919639587402,0.28698480129241943,-0.007219176273792982,0.02525835856795311,-0.13740751147270203,0.044524677097797394,0.030773187056183815,-0.027872443199157715,0.08740217983722687,0.01413515955209732,0.0,0.0,5.0,0.22542709203454722,0.0018836259841918945,-0.0006294846534729004,0.0009354352951049805,-0.002597510814666748,0.009724833071231842,0.7133045131340623,False,False
126,2.52,-0.04289519786834717,0.15334723889827728,4.839533805847168,0.2873159348964691,-0.005510642658919096,0.024687569588422775,-0.1372344195842743,0.039460863918066025,0.03066767007112503,-0.02899612858891487,0.08422444760799408,0.014698080718517303,0.0,0.0,5.0,0.22606364843509089,0.0018793344497680664,-0.0003908872604370117,0.0005947351455688477,-0.002590656280517578,0.009724216535687447,0.7230287296697497,False,False
127,2.54,-0.045635759830474854,0.15408752858638763,4.840146064758301,0.2876550555229187,-0.0038719018921256065,0.024095965549349785,-0.1367761790752411,0.03459978103637695,0.030557023361325264,-0.030005255714058876,0.08042778819799423,0.015206031501293182,0.0,0.0,5.0,0.2266690752030876,0.0006583929061889648,0.0004429817199707031,0.0004150867462158203,-0.00253373384475708,0.009723667986690998,0.7327523976564407,False,False
128,2.56,-0.04836442694067955,0.1547326296567917,4.840755939483643,0.2879994213581085,-0.0023061835672706366,0.023464921861886978,-0.13604815304279327,0.0299433171749115,0.030400509014725685,-0.03299293294548988,0.0769185945391655,0.015500612556934357,0.0,0.0,5.0,0.22724430748325355,0.0007822513580322266,3.981590270996094e-05,-6.812810897827148e-05,-0.002484142780303955,0.009723047725856304,0.742475445382297,False,False
129,2.58,-0.051075976341962814,0.15528668463230133,4.8413615226745605,0.2883470058441162,-0.0008122228900901973,0.02278619259595871,-0.13506685197353363,0.0254970770329237,0.030177829787135124,-0.03482604771852493,0.07324118912220001,0.015794645994901657,0.0,0.0,5.0,0.22779129981522675,0.00034999847412109375,-3.3855438232421875e-05,-0.000883638858795166,-0.004060328006744385,0.009722145274281502,0.7521975906565785,False,False
130,2.6,-0.05376552417874336,0.1557539850473404,4.8419599533081055,0.2886977195739746,0.000587792310398072,0.022059129551053047,-0.1338510662317276,0.021269630640745163,0.029674390330910683,-0.03787709400057793,0.0675114169716835,0.01612621173262596,0.0,0.0,5.0,0.2283127061876285,0.0002510547637939453,-0.0008795261383056641,-0.0012938976287841797,-0.0049759745597839355,0.009721356444060802,0.7619189471006393,False,False
131,2.62,-0.05642860755324364,0.15613897144794464,4.842545509338379,0.2890526354312897,0.0018691719742491841,0.021274147555232048,-0.13242438435554504,0.017263591289520264,0.02895139344036579,-0.04066494479775429,0.061365168541669846,0.016574259847402573,0.0,0.0,5.0,0.2288132050051539,0.0008870363235473633,-0.0023189187049865723,-0.0012633800506591797,-0.0047907233238220215,0.009720714762806892,0.7716396618634462,False,False
132,2.64,-0.05906124785542488,0.15644605457782745,4.843116760253906,0.28941482305526733,0.0030388031154870987,0.020458122715353966,-0.13081088662147522,0.013478155247867107,0.028173699975013733,-0.041026368737220764,0.056328143924474716,0.017201151698827744,0.0,0.0,5.0,0.22929446112900073,-0.00029206275939941406,-0.002003192901611328,-0.0009530186653137207,-0.005817592144012451,0.00971993338316679,0.781359595246613,False,False
133,2.66,-0.06165993958711624,0.15667961537837982,4.843670845031738,0.2897864878177643,0.004109357949346304,0.019604505971074104,-0.129032701253891,0.009913940913975239,0.02724367380142212,-0.044468414038419724,0.05145024508237839,0.017813365906476974,0.0,0.0,5.0,0.22975912325323372,0.0003243684768676758,-0.0035055875778198242,-0.0005366206169128418,-0.005795001983642578,0.009719165973365307,0.7910787612199783,False,False
134,2.68,-0.0642215758562088,0.1568441092967987,4.8442063331604,0.29017025232315063,0.005096826236695051,0.018701257184147835,-0.12710954248905182,0.006573125720024109,0.026272395625710487,-0.0460331104695797,0.048013120889663696,0.018659468740224838,0.0,0.0,5.0,0.23020893130782108,-0.0002881288528442383,-0.0034251809120178223,-0.0006641745567321777,-0.006128370761871338,0.009718426503241062,0.8007971877232194,False,False
135,2.7,-0.06674346327781677,0.15694408118724823,4.84472131729126,0.29056838154792786,0.006016382947564125,0.017757384106516838,-0.1250583529472351,0.00346013018861413,0.025206061080098152,-0.048575662076473236,0.044652581214904785,0.019460361450910568,0.0,0.0,5.0,0.23064605744254219,0.00012373924255371094,-0.00404435396194458,-0.0012088418006896973,-0.005286872386932373,0.009717821143567562,0.810515008866787,False,False
136,2.72,-0.06922314316034317,0.15698407590389252,4.84521484375,0.29098016023635864,0.006874323356896639,0.01678941212594509,-0.12289272993803024,0.0005769532290287316,0.024150852113962173,-0.04848725348711014,0.04183970391750336,0.0202280692756176,0.0,0.0,5.0,0.23107204121600988,-0.0007752776145935059,-0.003257274627685547,-0.0016688704490661621,-0.005298614501953125,0.009717182256281376,0.8202321911230683,False,False
137,2.74,-0.07165848463773727,0.15696869790554047,4.845686912536621,0.29140350222587585,0.007672282867133617,0.015810171142220497,-0.1206253319978714,-0.0020764500368386507,0.023040467873215675,-0.04974476248025894,0.03863540291786194,0.020797129720449448,0.0,0.0,5.0,0.23148788198352432,-0.0007213354110717773,-0.0035909414291381836,-0.002092719078063965,-0.004786968231201172,0.00971651915460825,0.8299487102776766,False,False
138,2.7600000000000002,-0.07404755800962448,0.15690253674983978,4.846136093139648,0.2918359637260437,0.008410402573645115,0.01482057198882103,-0.11826822906732559,-0.004501126706600189,0.0219131950289011,-0.04956277459859848,0.03583003580570221,0.021315138787031174,0.0,0.0,5.0,0.23189555562807682,-0.001300513744354248,-0.003196895122528076,-0.0024548768997192383,-0.004735410213470459,0.009715819731354713,0.8396645300090313,False,False
139,2.7800000000000002,-0.07638869434595108,0.15679016709327698,4.84656286239624,0.292275995016098,0.00909135490655899,0.013828911818563938,-0.11583296209573746,-0.006699298974126577,0.020738884806632996,-0.0499885119497776,0.03288838639855385,0.02170410379767418,0.0,0.0,5.0,0.23229581209537972,-0.001361072063446045,-0.0033483505249023438,-0.0027884244918823242,-0.004394948482513428,0.009715121239423752,0.849379651248455,False,False
140,2.8000000000000003,-0.07868041843175888,0.1566360592842102,4.846965789794922,0.29272180795669556,0.009716199710965157,0.012837405316531658,-0.11333028972148895,-0.008673859760165215,0.019546041265130043,-0.04958154261112213,0.03018474578857422,0.022038694471120834,0.0,0.0,5.0,0.2326906375550493,-0.001732945442199707,-0.0030954480171203613,-0.003080308437347412,-0.00426483154296875,0.009714404121041298,0.8590940553694963,False,False
141,2.82,-0.08092152327299118,0.1564446985721588,4.847343921661377,0.29317203164100647,0.010286879725754261,0.011852152645587921,-0.11077048629522324,-0.010428644716739655,0.018327048048377037,-0.049394190311431885,0.027434535324573517,0.022275816649198532,0.0,0.0,5.0,0.2330817772668698,-0.0020467042922973633,-0.0031964778900146484,-0.003405749797821045,-0.0038666129112243652,0.0097136739641428,0.8688077293336391,False,False
142,2.84,-0.08311092853546143,0.15622037649154663,4.847698211669922,0.2936250567436218,0.01080825924873352,0.010876481421291828,-0.10816334933042526,-0.01196779403835535,0.017075706273317337,-0.048650696873664856,0.025214752182364464,0.02242576703429222,0.0,0.0,5.0,0.23346962800700025,-0.0023148655891418457,-0.0033921003341674805,-0.0034676790237426758,-0.0034435391426086426,0.009712949395179749,0.8785206787288189,False,False
143,2.86,-0.08524777740240097,0.15596738457679749,4.848026752471924,0.29407966136932373,0.011294631287455559,0.009920417331159115,-0.10551612079143524,-0.013296594843268394,0.015815353021025658,-0.04745814949274063,0.023892521858215332,0.022523846477270126,0.0,0.0,5.0,0.23385652988104877,-0.0023787617683410645,-0.0035429000854492188,-0.0033575892448425293,-0.0031899213790893555,0.009712228551506996,0.8882329072803259,False,False
144,2.88,-0.08733131736516953,0.15568986535072327,4.848330974578857,0.2945355176925659,0.011761260218918324,0.0089909378439188,-0.10283256322145462,-0.014421035535633564,0.014570327475667,-0.04601529613137245,0.023199236020445824,0.022616680711507797,0.0,0.0,5.0,0.2342425803261685,-0.0024347901344299316,-0.003946959972381592,-0.0038499832153320312,-0.002623915672302246,0.009711445309221745,0.8979443525895476,False,False
145,2.9,-0.08936084061861038,0.1553918719291687,4.848609447479248,0.2949921488761902,0.012220241129398346,0.008105839602649212,-0.10011444240808487,-0.015347632579505444,0.013288016431033611,-0.04304177314043045,0.02308734878897667,0.022643383592367172,0.0,0.0,5.0,0.23462969353910518,-0.0032632946968078613,-0.003401458263397217,-0.004069328308105469,-0.002723991870880127,0.009710640646517277,0.9076549932360649,False,False
146,2.92,-0.09133564680814743,0.1550772488117218,4.8488616943359375,0.2954474687576294,0.01267700269818306,0.0072667570784688,-0.09736021608114243,-0.01608588546514511,0.011946790851652622,-0.041433483362197876,0.022937189787626266,0.02253102883696556,0.0,0.0,5.0,0.23501902245537257,-0.005165159702301025,-0.0038260221481323242,-0.006372570991516113,-0.00063323974609375,0.009709453210234642,0.9173644464462996,False,False
147,2.94,-0.09325502067804337,0.15474969148635864,4.849084854125977,0.2958948314189911,0.013154185377061367,0.00649168761447072,-0.09456945210695267,-0.01664377562701702,0.010356646031141281,-0.036651015281677246,0.025087617337703705,0.02187195047736168,0.0,0.0,5.0,0.23541314141517938,-0.006941020488739014,-0.002476513385772705,-0.007639884948730469,-0.0009774565696716309,0.009708380326628685,0.9270728267729282,False,False
148,2.96,-0.09511812776327133,0.154412642121315,4.849274158477783,0.29632508754730225,0.01366192102432251,0.005788285285234451,-0.09173166006803513,-0.017034342512488365,0.008566326461732388,-0.03426579758524895,0.02594912424683571,0.020835991948843002,0.0,0.0,5.0,0.23581560927694276,-0.0065762996673583984,-0.0024039149284362793,-0.00860685110092163,-0.0010043978691101074,0.00970756821334362,0.9367803949862719,False,False
149,2.98,-0.09692392498254776,0.15406936407089233,4.849426746368408,0.29673367738723755,0.014171740040183067,0.0051459139212965965,-0.08883802592754364,-0.01726837456226349,0.006720729637891054,-0.03053976409137249,0.025255469605326653,0.01973966881632805,0.0,0.0,5.0,0.2362285352967236,-0.0068933963775634766,-0.0013431310653686523,-0.008998334407806396,-0.0012961030006408691,0.009706790558993816,0.9464871855452657,False,False
150,3.0,-0.09867126494646072,0.1537228673696518,4.849542617797852,0.2971184551715851,0.014652533456683159,0.004564026836305857,-0.08588623255491257,-0.01735878735780716,0.004880361258983612,-0.02820339798927307,0.02301006205379963,0.0185057632625103,0.0,0.0,5.0,0.23665198570391413,-0.006591439247131348,-0.00106734037399292,-0.009332418441772461,-0.001087784767150879,0.009706099517643452,0.9561932850629091,False,False
151,3.02,-0.1003590002655983,0.15337590873241425,4.8496222496032715,0.2974776327610016,0.01508109550923109,0.004034856799989939,-0.08288024365901947,-0.017317896708846092,0.0030835543293505907,-0.025247376412153244,0.020000498741865158,0.017223741859197617,0.0,0.0,5.0,0.2370855671022279,-0.006835997104644775,-0.000561058521270752,-0.009169816970825195,-0.001019895076751709,0.00970542710274458,0.9658987121656537,False,False
152,3.04,-0.10198614746332169,0.15303096175193787,4.849666595458984,0.2978101670742035,0.015449411235749722,0.0035553534980863333,-0.07982758432626724,-0.01715894602239132,0.0013342389138415456,-0.02321045473217964,0.016957322135567665,0.01588071510195732,0.0,0.0,5.0,0.23752848681795227,-0.006685137748718262,-0.0006473660469055176,-0.008927702903747559,-0.0008668303489685059,0.009704820811748505,0.9756035329774022,False,False
153,3.06,-0.10355184972286224,0.15269026160240173,4.849676132202148,0.29811573028564453,0.015760712325572968,0.003117893123999238,-0.07673688232898712,-0.016893615946173668,-0.0003707307332661003,-0.021012302488088608,0.014274579472839832,0.014568056911230087,0.0,0.0,5.0,0.23798018152556755,-0.006785750389099121,-0.00048166513442993164,-0.008620798587799072,-0.0010295510292053223,0.009704201482236385,0.9853077344596386,False,False
154,3.08,-0.10505542904138565,0.1523558497428894,4.84965181350708,0.29839497804641724,0.016019431874155998,0.0027160728350281715,-0.0736163929104805,-0.01653267629444599,-0.0020557662937790155,-0.01961336098611355,0.011678929440677166,0.013274382799863815,0.0,0.0,5.0,0.23843977290640364,-0.006430208683013916,-0.0005820989608764648,-0.008416295051574707,-0.0009709596633911133,0.009703639894723892,0.9950113743543625,False,False
155,3.1,-0.10649635642766953,0.15202951431274414,4.8495941162109375,0.2986485958099365,0.016226505860686302,0.0023452553432434797,-0.07047352939844131,-0.016084983944892883,-0.0036904611624777317,-0.017877275124192238,0.009092466905713081,0.012036692351102829,0.0,0.0,5.0,0.23890662827327977,-0.0061487555503845215,0.0007817745208740234,-0.007845818996429443,-0.00048601627349853516,0.009703145362436771,1.0047145197167993,False,False
156,3.12,-0.10787423700094223,0.15171298384666443,4.849506855010986,0.29887640476226807,0.016375578939914703,0.001996082253754139,-0.0673130601644516,-0.015558533370494843,-0.005060676485300064,-0.017411375418305397,0.005864536855369806,0.010706204921007156,0.0,0.0,5.0,0.23937808413653494,-0.005556643009185791,0.0005397796630859375,-0.0076277852058410645,0.00019073486328125,0.00970266479998827,1.0144171845167875,False,False
157,3.14,-0.10918883979320526,0.15140768885612488,4.849392890930176,0.2990777790546417,0.01646614260971546,0.0016698961844667792,-0.06414750963449478,-0.01496041752398014,-0.006309017073363066,-0.015537844970822334,0.0032288164366036654,0.009410623461008072,0.0,0.0,5.0,0.2398520216352351,-0.005727887153625488,0.00014257431030273438,-0.006718933582305908,0.0007530450820922852,0.009702209383249283,1.0241193939000368,False,False
158,3.16,-0.11044014990329742,0.15111498534679413,4.849255561828613,0.2992537319660187,0.016526302322745323,0.0013794710393995047,-0.06098474562168121,-0.01429934985935688,-0.0074689663015306,-0.01379483938217163,0.0028139122296124697,0.008168388158082962,0.0,0.0,5.0,0.2403261349637855,-0.005058407783508301,0.0008387565612792969,-0.006169378757476807,-6.133317947387695e-05,0.009701820090413094,1.03382121399045,False,False
159,3.18,-0.11162825673818588,0.15083611011505127,4.849095344543457,0.2994060218334198,0.01656048372387886,0.0011083782883360982,-0.05782679095864296,-0.013582292944192886,-0.00852111168205738,-0.013566340319812298,0.0006235018954612315,0.007050641812384129,0.0,0.0,5.0,0.24079994778966243,-0.0042836666107177734,0.00033295154571533203,-0.005986273288726807,0.0003821849822998047,0.009701422415673733,1.0435226364061236,False,False
160,3.2,-0.11275329440832138,0.15057207643985748,4.848915100097656,0.2995368242263794,0.016554828733205795,0.0008582792361266911,-0.0546797476708889,-0.012814155779778957,-0.009485305286943913,-0.01166008785367012,-0.0011762728681787848,0.006027896888554096,0.0,0.0,5.0,0.24127142926969433,-0.003992617130279541,0.0016014575958251953,-0.005795538425445557,-0.0002468228340148926,0.009700939059257507,1.0532235754653811,False,False
161,3.22,-0.1138155609369278,0.15032383799552917,4.848716735839844,0.2996469736099243,0.0164914783090353,0.0006264064577408135,-0.05154990032315254,-0.012002180330455303,-0.010339474305510521,-0.011709211394190788,-0.00515033258125186,0.004990451969206333,0.0,0.0,5.0,0.24173924835666474,-0.003460109233856201,0.0008072853088378906,-0.005853414535522461,0.0005962848663330078,0.009700529277324677,1.0629241047427058,False,False
162,3.24,-0.11481550335884094,0.1500922441482544,4.848501682281494,0.29973673820495605,0.01636008359491825,0.00041744078043848276,-0.048450082540512085,-0.011152987368404865,-0.011141907423734665,-0.009334773756563663,-0.007984352298080921,0.003992539830505848,0.0,0.0,5.0,0.2422024397823865,-0.003919422626495361,0.002135038375854492,-0.005580604076385498,0.000293731689453125,0.009700004011392593,1.0726241087540984,False,False
163,3.2600000000000002,-0.11575383692979813,0.14987792074680328,4.848271369934082,0.2998054325580597,0.016162261366844177,0.00022990598517935723,-0.045389968901872635,-0.01027586404234171,-0.011861497536301613,-0.009530468843877316,-0.011795425787568092,0.0028819581493735313,0.0,0.0,5.0,0.24266008957600657,-0.0035046935081481934,0.0007205009460449219,-0.005591094493865967,0.0011371374130249023,0.009699661284685135,1.0823237700387836,False,False
164,3.2800000000000002,-0.11663147807121277,0.14968134462833405,4.848027229309082,0.29985281825065613,0.015908177942037582,6.729746382916346e-05,-0.04238279163837433,-0.009377779439091682,-0.012596774846315384,-0.006806429009884596,-0.013612215407192707,0.0018621429335325956,0.0,0.0,5.0,0.24311135234352227,-0.0039955973625183105,0.0021582841873168945,-0.005233347415924072,0.0003374814987182617,0.009699201211333275,1.0920229712501168,False,False
165,3.3000000000000003,-0.11744954437017441,0.14950287342071533,4.847768306732178,0.29987913370132446,0.015602650120854378,-7.475631718989462e-05,-0.03943463787436485,-0.008467515930533409,-0.01328161358833313,-0.007440430577844381,-0.016940338537096977,0.000770596438087523,0.0,0.0,5.0,0.243556960625231,-0.003346860408782959,0.000542759895324707,-0.005032598972320557,0.0011713504791259766,0.009698979556560516,1.1017219508066773,False,False
166,3.3200000000000003,-0.11820933222770691,0.14934268593788147,4.8474955558776855,0.29988524317741394,0.015252344310283661,-0.00019829200755339116,-0.03655583783984184,-0.0075501613318920135,-0.013958865776658058,-0.004922656808048487,-0.01809048093855381,-0.00016918827896006405,0.0,0.0,5.0,0.24399649494596684,-0.003717482089996338,0.0019435882568359375,-0.004762053489685059,0.0009237527847290039,0.009698571637272835,1.1114205224439502,False,False
167,3.34,-0.11891226470470428,0.14920085668563843,4.847210884094238,0.29987141489982605,0.014868061058223248,-0.0002966922183986753,-0.03374969959259033,-0.0066330572590231895,-0.01453169621527195,-0.004896589554846287,-0.020337434485554695,-0.001225658692419529,0.0,0.0,5.0,0.24442900047292745,-0.0032194852828979492,0.001390218734741211,-0.004590392112731934,0.001832723617553711,0.009698321111500263,1.1211188435554504,False,False
168,3.36,-0.11955985426902771,0.14907732605934143,4.846915245056152,0.29983678460121155,0.01445120107382536,-0.0003754089993890375,-0.03102237358689308,-0.005721316672861576,-0.015002855099737644,-0.0029243864119052887,-0.02134721539914608,-0.0022529037669301033,0.0,0.0,5.0,0.2448541404470266,-0.0033036470413208008,0.002410292625427246,-0.0045018792152404785,0.0019522905349731445,0.00969795510172844,1.1308167986571789,False,False
169,3.38,-0.12015371769666672,0.14897193014621735,4.846611976623535,0.29978057742118835,0.01400621235370636,-0.00042664899956434965,-0.028377244248986244,-0.004821798764169216,-0.015360531397163868,-0.002119762822985649,-0.02314942143857479,-0.003385881893336773,0.0,0.0,5.0,0.2452701318203231,-0.003051280975341797,0.0020939111709594727,-0.004222989082336426,0.002295374870300293,0.009697755798697472,1.1405145544558764,False,False
170,3.4,-0.12069553136825562,0.1488843411207199,4.846301555633545,0.2997021973133087,0.013532633893191814,-0.000455196772236377,-0.025819627568125725,-0.003940793219953775,-0.01566215232014656,-0.0006272432510741055,-0.024204952642321587,-0.004471851512789726,0.0,0.0,5.0,0.24567696294908228,-0.0030027031898498535,0.002333998680114746,-0.003976941108703613,0.002269148826599121,0.009697545319795609,1.150212099775672,False,False
171,3.42,-0.12118710577487946,0.1488141268491745,4.8459858894348145,0.299602210521698,0.013037186115980148,-0.00045918658724986017,-0.023352695629000664,-0.0030845487490296364,-0.015912629663944244,0.00036101826117374003,-0.025335421785712242,-0.005550285801291466,0.0,0.0,5.0,0.2460737800115226,-0.00276869535446167,0.0021272897720336914,-0.0036415457725524902,0.002264261245727539,0.009697429835796356,1.1599095296114683,False,False
172,3.44,-0.12163026630878448,0.14876075088977814,4.84566593170166,0.2994813919067383,0.01252241525799036,-0.0004425362276379019,-0.02097940817475319,-0.002258503809571266,-0.016126791015267372,0.0014582438161596656,-0.026136159896850586,-0.006556009873747826,0.0,0.0,5.0,0.24646031592358453,-0.002553284168243408,0.0021216869354248047,-0.0032387971878051758,0.0021015405654907227,0.00969734601676464,1.169606875628233,False,False
173,3.46,-0.12202692031860352,0.1487235426902771,4.845341682434082,0.2993411421775818,0.011991946958005428,-0.0004078694910276681,-0.018701743334531784,-0.0014674555277451873,-0.01629551500082016,0.002180257113650441,-0.026904752478003502,-0.00748847983777523,0.0,0.0,5.0,0.2468369028834826,-0.002257227897644043,0.0019072294235229492,-0.002794504165649414,0.001984238624572754,0.009697318077087402,1.1793041937053204,False,False
174,3.48,-0.12237899750471115,0.14870178699493408,4.8450140953063965,0.29918327927589417,0.011448775418102741,-0.0003594570735003799,-0.016521651297807693,-0.0007152333273552358,-0.016422931104898453,0.002845876384526491,-0.027406364679336548,-0.00832112692296505,0.0,0.0,5.0,0.24720329920824197,-0.001983344554901123,0.0017933845520019531,-0.0023342370986938477,0.0018090009689331055,0.009697312489151955,1.1890015061944723,False,False
175,3.5,-0.12268844991922379,0.14869466423988342,4.8446855545043945,0.29900965094566345,0.01089694257825613,-0.00030051529756747186,-0.014440406113862991,-4.844072464038618e-06,-0.01650550588965416,0.0032422002404928207,-0.027771171182394028,-0.00905846618115902,0.0,0.0,5.0,0.24755834846880231,-0.0016824603080749512,0.0015804767608642578,-0.0018741488456726074,0.0016595125198364258,0.009697339497506618,1.198698845691979,False,False
176,3.52,-0.1229572743177414,0.14870131015777588,4.844353675842285,0.2988223433494568,0.010340237058699131,-0.00023474513727705926,-0.012458949349820614,0.0006616472383029759,-0.01654777117073536,0.003533612936735153,-0.027894411236047745,-0.00969124399125576,0.0,0.0,5.0,0.24790391117143717,-0.0014026165008544922,0.0014194250106811523,-0.0014304518699645996,0.001489877700805664,0.009697381407022476,1.2083962270990014,False,False
177,3.54,-0.12318747490644455,0.14872083067893982,4.844021797180176,0.29862329363822937,0.009782768785953522,-0.0001650446793064475,-0.010577562265098095,0.0012829937040805817,-0.016550321131944656,0.003636613953858614,-0.027848467230796814,-0.010225867852568626,0.0,0.0,5.0,0.24823827103523344,-0.0011230111122131348,0.0012133121490478516,-0.0010131001472473145,0.0013360977172851562,0.009697441942989826,1.2180936690419912,False,False
178,3.56,-0.12338105589151382,0.14875230193138123,4.843689918518066,0.2984144985675812,0.009228300303220749,-9.418628906132653e-05,-0.008796042762696743,0.0018587480299174786,-0.016518715769052505,0.0036475970409810543,-0.02759571000933647,-0.010662084445357323,0.0,0.0,5.0,0.2485618109357879,-0.0009669065475463867,0.0009380578994750977,-0.0006741881370544434,0.0011855363845825195,0.00969750713557005,1.2277911761775613,False,False
179,3.58,-0.1235399842262268,0.14879485964775085,4.84335994720459,0.2981977164745331,0.0086822509765625,-2.3699863959336653e-05,-0.007113669533282518,0.0023890638258308172,-0.01647930219769478,0.003595115151256323,-0.027007918804883957,-0.011012597009539604,0.0,0.0,5.0,0.24887375132777487,-0.0007879734039306641,0.0007066726684570312,-0.00038433074951171875,0.0009670257568359375,0.009697589091956615,1.237488765269518,False,False
180,3.6,-0.12366624176502228,0.1488475799560547,4.843031883239746,0.2979747951030731,0.008149308152496815,4.474210800253786e-05,-0.005528539884835482,0.002874772995710373,-0.016437113285064697,0.00343667552806437,-0.026286531239748,-0.011277629062533379,0.0,0.0,5.0,0.24917449927775462,-0.0005629062652587891,0.0005130767822265625,-0.00012123584747314453,0.0007594823837280273,0.009697675704956055,1.247186440974474,False,False
181,3.62,-0.12376174330711365,0.1489095687866211,4.842703819274902,0.2977474331855774,0.007631080690771341,0.00010953008313663304,-0.004038162063807249,0.003317260416224599,-0.016385585069656372,0.0032214608509093523,-0.025538001209497452,-0.01145978830754757,0.0,0.0,5.0,0.24946566347562926,-0.0003516674041748047,0.0003612041473388672,0.00011479854583740234,0.0005974769592285156,0.009697751142084599,1.2568841921165586,False,False
182,3.64,-0.12382837384939194,0.1489800065755844,4.842375755310059,0.2975170612335205,0.007127990480512381,0.00016972087905742228,-0.0026399665512144566,0.003718196414411068,-0.016320249065756798,0.0029676102567464113,-0.024774231016635895,-0.011571122333407402,0.0,0.0,5.0,0.24974769477118397,-0.0001627206802368164,0.00023233890533447266,0.0003260374069213867,0.00047206878662109375,0.00969780795276165,1.2665820000693202,False,False
183,3.66,-0.1238679364323616,0.14905805885791779,4.842051029205322,0.2972850203514099,0.006640472915023565,0.0002247350348625332,-0.0013313839444890618,0.004079412203282118,-0.016239913180470467,0.0026935089845210314,-0.023982087150216103,-0.011621510609984398,0.0,0.0,5.0,0.25001889520914217,3.933906555175781e-06,0.00011682510375976562,0.0005133152008056641,0.0003648996353149414,0.00969784241169691,1.2762798424810171,False,False
184,3.68,-0.1238822191953659,0.14914293587207794,4.841726779937744,0.2970525622367859,0.006169131025671959,0.00027423648862168193,-0.00010979022044921294,0.004402851685881615,-0.016146067529916763,0.0024055088870227337,-0.023157985880970955,-0.011618217453360558,0.0,0.0,5.0,0.25028150499424984,0.00015342235565185547,1.5020370483398438e-05,0.0006771087646484375,0.00027370452880859375,0.009697861969470978,1.285977704450488,False,False
185,3.7,-0.12387291342020035,0.14923390746116638,4.841405391693115,0.2968205213546753,0.0057145459577441216,0.0003180490166414529,0.001027543330565095,0.00469054514542222,-0.01603984832763672,0.0021136407740414143,-0.022307127714157104,-0.011567717418074608,0.0,0.0,5.0,0.2505344439380554,0.0002856254577636719,-7.790327072143555e-05,0.0008183717727661133,0.00019156932830810547,0.00969787873327732,1.2956755831837654,False,False
186,3.72,-0.12384167313575745,0.14933031797409058,4.841084957122803,0.2965899705886841,0.005277207121253014,0.0003561610938049853,0.0020834384486079216,0.004944571293890476,-0.015923425555229187,0.0018242887454107404,-0.021434558555483818,-0.011475427076220512,0.0,0.0,5.0,0.25077937459840716,0.0004029273986816406,-0.00015866756439208984,0.0009375810623168945,0.00012028217315673828,0.009697899222373962,1.3053734824061394,False,False
187,3.74,-0.12379010766744614,0.1494314968585968,4.840768337249756,0.29636162519454956,0.004857450723648071,0.00038867536932229996,0.0030608077067881823,0.005167026072740555,-0.01579827070236206,0.001542871119454503,-0.020549481734633446,-0.01134701631963253,0.0,0.0,5.0,0.2510149107760856,0.0005058050155639648,-0.00023251771926879883,0.0010367631912231445,5.5670738220214844e-05,0.009697924368083477,1.3150714067742229,False,False
188,3.7600000000000002,-0.12371975183486938,0.1495368331670761,4.840453624725342,0.29613614082336426,0.004455460701137781,0.00041581675759516656,0.003962622489780188,0.005359991453588009,-0.015666496008634567,0.0012762685073539615,-0.01965854875743389,-0.011186880990862846,0.0,0.0,5.0,0.2512426861243958,0.0005959272384643555,-0.0002949833869934082,0.001117706298828125,-4.76837158203125e-07,0.00969795510172844,1.3247693618759513,False,False
189,3.7800000000000002,-0.12363209575414658,0.14964571595191956,4.840141296386719,0.2959141135215759,0.00407126871868968,0.00043789722258225083,0.004791900981217623,0.00552550470456481,-0.015529210679233074,0.0010264768498018384,-0.01877005584537983,-0.010999811813235283,0.0,0.0,5.0,0.2514628014721938,0.0006742477416992188,-0.00034809112548828125,0.0011824369430541992,-4.89354133605957e-05,0.009697990491986275,1.3344673523679376,False,False
190,3.8000000000000003,-0.12352854758501053,0.14975768327713013,4.839832305908203,0.2956960201263428,0.003704747185111046,0.00045527867041528225,0.005551676731556654,0.005665536038577557,-0.015387576073408127,0.0007964653195813298,-0.01789177395403385,-0.01078995130956173,0.0,0.0,5.0,0.25167510007880967,0.0007416009902954102,-0.00039386749267578125,0.0012331008911132812,-9.071826934814453e-05,0.009698029607534409,1.344165381975472,False,False
191,3.8200000000000003,-0.12341047823429108,0.14987219870090485,4.839526176452637,0.295482337474823,0.003355645341798663,0.0004683809820562601,0.0062449718825519085,0.005781971849501133,-0.015242675319314003,0.0005892182816751301,-0.017028214409947395,-0.010560920462012291,0.0,0.0,5.0,0.25188026942452285,0.0007472038269042969,-0.0004253983497619629,0.0012364387512207031,-0.00015401840209960938,0.009698082692921162,1.3538634646683931,False,False
192,3.84,-0.12327917665243149,0.1499887853860855,4.839222431182861,0.2952733337879181,0.003023455385118723,0.00047711245133541524,0.00687473313882947,0.005876617506146431,-0.01510596089065075,0.0003505988570395857,-0.016200626268982887,-0.010322248563170433,0.0,0.0,5.0,0.2520789911365967,0.0007287263870239258,-0.0004942417144775391,0.0011974573135375977,-0.0002225637435913086,0.009698139503598213,1.3635616041719913,False,False
193,3.86,-0.12313589453697205,0.15010710060596466,4.838921070098877,0.29506921768188477,0.002707589650526643,0.0004813768027815968,0.007443791721016169,0.00595129607245326,-0.014988191425800323,0.00013434961147140712,-0.015395681373775005,-0.010076155886054039,0.0,0.0,5.0,0.25227170240405566,0.0007368326187133789,-0.0005628466606140137,0.001160264015197754,-0.00027102231979370117,0.009698192588984966,1.3732597967609763,False,False
194,3.88,-0.12298182398080826,0.15022669732570648,4.838623046875,0.2948700487613678,0.0024075526744127274,0.00048210142995230854,0.007954954169690609,0.006007737014442682,-0.014884576201438904,-1.0920394743152428e-05,-0.01461754646152258,-0.009821852669119835,0.0,0.0,5.0,0.2524581363690709,0.0007426738739013672,-0.0005940794944763184,0.0011284351348876953,-0.0003090500831604004,0.009698244743049145,1.3829580415040255,False,False
195,3.9,-0.12281809002161026,0.1503472626209259,4.838325500488281,0.2946760654449463,0.002122587291523814,0.00048033095663413405,0.008410979062318802,0.006047423928976059,-0.014790188521146774,-0.0001221687562065199,-0.013888262212276459,-0.009563533589243889,0.0,0.0,5.0,0.2526405082454648,0.000752568244934082,-0.0006163120269775391,0.0011031627655029297,-0.0003268122673034668,0.0096982941031456,1.392656335607171,False,False
196,3.92,-0.12264575064182281,0.15046848356723785,4.83803129196167,0.2944872975349426,0.0018518782453611493,0.0004768262733705342,0.008814506232738495,0.006071627140045166,-0.014701059088110924,-0.00019076542230322957,-0.013191621750593185,-0.009302949532866478,0.0,0.0,5.0,0.2528173393601122,0.0007615089416503906,-0.0006226897239685059,0.0010856389999389648,-0.0003390312194824219,0.00969834066927433,1.4023546762764454,False,False
197,3.94,-0.12246584892272949,0.15059003233909607,4.837737560272217,0.29430368542671204,0.0015947433421388268,0.00047224073205143213,0.009168078191578388,0.006081431172788143,-0.014614471234381199,-0.0002361200749874115,-0.012530531734228134,-0.009041381999850273,0.0,0.0,5.0,0.25299079299189386,0.0007607936859130859,-0.0006339550018310547,0.0010497570037841797,-0.00032520294189453125,0.009698390029370785,1.4120530663058162,False,False
198,3.96,-0.1222793459892273,0.15071162581443787,4.837446689605713,0.29412534832954407,0.0013507198309525847,0.00046745483996346593,0.009474154561758041,0.006077760364860296,-0.014531160704791546,-0.00021619253675453365,-0.011880168691277504,-0.008783427998423576,0.0,0.0,5.0,0.253159655812939,0.0007519721984863281,-0.0006151795387268066,0.001017928123474121,-0.0003210306167602539,0.00969843752682209,1.4217515038326383,False,False
199,3.98,-0.12208717316389084,0.15083304047584534,4.837156772613525,0.293952077627182,0.001119294436648488,0.00046320862020365894,0.009735172614455223,0.006061329040676355,-0.014449624344706535,-0.00018701243971008807,-0.011270413175225258,-0.008531479164958,0.0,0.0,5.0,0.2533254836292254,0.0007562637329101562,-0.0006036758422851562,0.0010012388229370117,-0.00031512975692749023,0.009698476642370224,1.4314499804750085,False,False
200,4.0,-0.12189022451639175,0.1509539932012558,4.8368682861328125,0.29378384351730347,0.0008997688419185579,0.0004597587394528091,0.009953474625945091,0.0060327304527163506,-0.014367449097335339,-0.00014097461826168,-0.010689886286854744,-0.008282249793410301,0.0,0.0,5.0,0.25348824620740723,0.0007634162902832031,-0.0005846619606018066,0.0009958744049072266,-0.0003101825714111328,0.009698512963950634,1.4411484934389591,False,False
201,4.0200000000000005,-0.1216893121600151,0.15107427537441254,4.836582183837891,0.29362061619758606,0.0006915650446899235,0.00045725665404461324,0.010131297633051872,0.005992474965751171,-0.014282804913818836,-9.62337726377882e-05,-0.01013793982565403,-0.008035099133849144,0.0,0.0,5.0,0.25364760596755964,0.0007748603820800781,-0.0005680322647094727,0.0010004043579101562,-0.0003037452697753906,0.009698541834950447,1.4508470352739096,False,False
202,4.04,-0.12148524075746536,0.15119363367557526,4.836296558380127,0.29346224665641785,0.000494210165925324,0.00045565012260340154,0.010270776227116585,0.005941030569374561,-0.014194260351359844,-5.5014690587995574e-05,-0.009604739025235176,-0.007788618560880423,0.0,0.0,5.0,0.2538050341977372,0.0007899999618530273,-0.000549614429473877,0.0010116100311279297,-0.0002955198287963867,0.009698566980659962,1.4605456022545695,False,False
203,4.0600000000000005,-0.12127874046564102,0.15131184458732605,4.836014270782471,0.2933088541030884,0.0003073618863709271,0.00045483314897865057,0.010373963043093681,0.005878856871277094,-0.014100533910095692,-2.0520676116575487e-05,-0.00908704288303852,-0.00754218315705657,0.0,0.0,5.0,0.25395890728296233,0.0008047819137573242,-0.000532984733581543,0.0010277032852172852,-0.00028771162033081055,0.009698587469756603,1.4702441897243261,False,False
204,4.08,-0.12107051908969879,0.1514287292957306,4.835732460021973,0.29316040873527527,0.00013078245683573186,0.0004546227282844484,0.010442848317325115,0.005806419532746077,-0.014001310802996159,2.744238599916571e-06,-0.008577631786465645,-0.007295092102140188,0.0,0.0,5.0,0.25411130502046064,0.0008215904235839844,-0.000514984130859375,0.0010460615158081055,-0.0002783536911010742,0.009698604233562946,1.479942793957889,False,False
205,4.1,-0.1208612397313118,0.15154404938220978,4.835453987121582,0.2930169105529785,-3.5690198274096474e-05,0.00045479583786800504,0.010479372926056385,0.005724210757762194,-0.013895940966904163,1.526083542557899e-05,-0.008076133206486702,-0.0070473491214215755,0.0,0.0,5.0,0.25426055243928763,0.0008375644683837891,-0.000499725341796875,0.0010651350021362305,-0.00026983022689819336,0.009698616340756416,1.4896414102986455,False,False
206,4.12,-0.12065154314041138,0.15165764093399048,4.835176944732666,0.29287832975387573,-0.00019217187946196645,0.0004551363526843488,0.010485435836017132,0.005632755812257528,-0.013784763403236866,1.722574234008789e-05,-0.0075783152133226395,-0.0067984736524522305,0.0,0.0,5.0,0.25440808647423996,0.000853419303894043,-0.00048297643661499023,0.0010836124420166016,-0.0002607107162475586,0.009698624722659588,1.499340035021305,False,False
207,4.14,-0.12044201791286469,0.15176931023597717,4.834902286529541,0.29274481534957886,-0.00033876090310513973,0.0004554267507046461,0.010462908074259758,0.0055326130241155624,-0.013667752034962177,8.279560461232904e-06,-0.007086647674441338,-0.00654881214722991,0.0,0.0,5.0,0.2545534486146296,0.0008671283721923828,-0.00046640634536743164,0.001100301742553711,-0.00025022029876708984,0.009698629379272461,1.5090386644005775,False,False
208,4.16,-0.1202332004904747,0.15187889337539673,4.834630489349365,0.29261624813079834,-0.00047554628690704703,0.0004554542538244277,0.010413630865514278,0.00542437331750989,-0.013545182533562183,-1.0745961844804697e-05,-0.006597729399800301,-0.006298860069364309,0.0,0.0,5.0,0.2546964778043627,0.0008800029754638672,-0.00045168399810791016,0.0011140108108520508,-0.0002409815788269043,0.009698630310595036,1.5187372947111726,False,False
209,4.18,-0.120025634765625,0.1519862413406372,4.834360599517822,0.29249274730682373,-0.0006026039482094347,0.00045504793524742126,0.010339416563510895,0.005308662075549364,-0.013417541049420834,-3.654470856417902e-05,-0.00611363910138607,-0.006048699375241995,0.0,0.0,5.0,0.2548379515492951,0.0008901357650756836,-0.00043469667434692383,0.0011240243911743164,-0.00023043155670166016,0.009698628447949886,1.5284359231591225,False,False
210,4.2,-0.11981978267431259,0.15209119021892548,4.8340935707092285,0.2923741936683655,-0.0007200576947070658,0.0004540630034171045,0.010242057032883167,0.005186125636100769,-0.013285285793244839,-6.978041346883401e-05,-0.005637107416987419,-0.005799227859824896,0.0,0.0,5.0,0.2549773592740003,0.000853419303894043,-0.00046503543853759766,0.0011125802993774414,-0.0002154707908630371,0.009698628447949886,1.5381345516070724,False,False
211,4.22,-0.11961609125137329,0.15219363570213318,4.833829402923584,0.29226067662239075,-0.0008272177074104548,0.0004526450939010829,0.010123359970748425,0.005057433620095253,-0.01315921638160944,-8.078915561782196e-05,-0.005084039643406868,-0.005552758928388357,0.0,0.0,5.0,0.25511483564705345,0.0008249282836914062,-0.000470578670501709,0.0010876655578613281,-0.00023317337036132812,0.009698624722659588,1.547833176329732,False,False
212,4.24,-0.11941496282815933,0.15229344367980957,4.833567142486572,0.29215195775032043,-0.0009234079043380916,0.00045084694284014404,0.009985324926674366,0.004923264961689711,-0.013040832243859768,-0.00010853049752768129,-0.004539876710623503,-0.005309117492288351,0.0,0.0,5.0,0.2552510967560981,0.0008224248886108398,-0.0004699230194091797,0.0010620355606079102,-0.00025022029876708984,0.009698614478111267,1.5575317908078432,False,False
213,4.26,-0.11921678483486176,0.15239053964614868,4.83330774307251,0.2920481860637665,-0.0010091622825711966,0.0004485472454689443,0.009829952381551266,0.004784319084137678,-0.012926754541695118,-0.00013145865523256361,-0.004040214698761702,-0.0050665936432778835,0.0,0.0,5.0,0.2553856434484651,0.0008167028427124023,-0.0004546642303466797,0.0010367631912231445,-0.00025522708892822266,0.009698601439595222,1.5672303922474384,False,False
214,4.28,-0.11902187019586563,0.15248477458953857,4.83305025100708,0.29194924235343933,-0.001085364492610097,0.00044579297536984086,0.009659103117883205,0.004641253966838121,-0.01281470712274313,-0.00015432658256031573,-0.003584415651857853,-0.004827906843274832,0.0,0.0,5.0,0.25551913970452944,0.0008095502853393555,-0.0004361867904663086,0.0010133981704711914,-0.00024968385696411133,0.009698583744466305,1.5769289759919047,False,False
215,4.3,-0.11883051693439484,0.15257614850997925,4.832794666290283,0.29185497760772705,-0.0011527609312906861,0.0004426157975103706,0.009474480524659157,0.004494674503803253,-0.012703337706625462,-0.00017393262533005327,-0.0031593656167387962,-0.004594252910465002,0.0,0.0,5.0,0.2556517093039131,0.0008015632629394531,-0.00041419267654418945,0.0009913444519042969,-0.00024002790451049805,0.009698563255369663,1.5866275392472744,False,False
216,4.32,-0.11864297837018967,0.15266455709934235,4.832542419433594,0.29176536202430725,-0.001211951021105051,0.0004390734829939902,0.009277667850255966,0.004345139488577843,-0.012591736391186714,-0.00019088863336946815,-0.0027636003214865923,-0.004366335924714804,0.0,0.0,5.0,0.25578245561422325,0.0007898807525634766,-0.0003917813301086426,0.0009708404541015625,-0.0002289414405822754,0.009698537178337574,1.596326076425612,False,False
217,4.34,-0.11845947802066803,0.1527499407529831,4.832291126251221,0.2916802167892456,-0.0012634459417313337,0.00043516146251931787,0.009070145897567272,0.0041931672021746635,-0.01248008944094181,-0.00021086004562675953,-0.002389597939327359,-0.004144606646150351,0.0,0.0,5.0,0.2559129904226297,0.000780940055847168,-0.0003699660301208496,0.0009511709213256836,-0.0002154707908630371,0.009698506444692612,1.6060245828703046,False,False
218,4.36,-0.11828022450208664,0.1528322696685791,4.832043170928955,0.2915995121002197,-0.0013076687464490533,0.00043087583617307246,0.008853300474584103,0.004039254039525986,-0.012367816641926765,-0.00022807152708992362,-0.002036175923421979,-0.003928752150386572,0.0,0.0,5.0,0.25604181414744254,0.0007690191268920898,-0.00034672021865844727,0.0009319782257080078,-0.00020259618759155273,0.009698471985757351,1.615723054856062,False,False
219,4.38,-0.11810538917779922,0.15291151404380798,4.831796646118164,0.2915230095386505,-0.001345014083199203,0.00042621156899258494,0.008628449402749538,0.0038838693872094154,-0.012255070731043816,-0.0002485038712620735,-0.0017016272759065032,-0.0037192045710980892,0.0,0.0,5.0,0.2561702214097244,0.0007581710815429688,-0.00032448768615722656,0.000912785530090332,-0.00018870830535888672,0.009698433801531792,1.6254214886575937,False,False
220,4.4,-0.11793513596057892,0.15298762917518616,4.831552505493164,0.2914506494998932,-0.0013758526183664799,0.00042113178642466664,0.008396831341087818,0.003727467730641365,-0.0121417585760355,-0.0002693224814720452,-0.0013853004202246666,-0.0035157776437699795,0.0,0.0,5.0,0.25629761875662255,0.0007464885711669922,-0.00030297040939331055,0.000893712043762207,-0.00017452239990234375,0.009698391892015934,1.6351198805496097,False,False
221,4.42,-0.11776955425739288,0.15306061506271362,4.831311225891113,0.29138222336769104,-0.0014005370903760195,0.0004156417853664607,0.008159617893397808,0.0035704851616173983,-0.0120279211550951,-0.00028917056624777615,-0.0010859863832592964,-0.0033186054788529873,0.0,0.0,5.0,0.2564237163441015,0.000733494758605957,-0.00028198957443237305,0.000874638557434082,-0.0001614689826965332,0.009698345325887203,1.6448182258754969,False,False
222,4.44,-0.11760877072811127,0.153130441904068,4.831070899963379,0.2913177013397217,-0.0014193813549354672,0.0004097286728210747,0.0079179173335433,0.003413338214159012,-0.011913953348994255,-0.00031122908694669604,-0.0008011010941118002,-0.0031275893561542034,0.0,0.0,5.0,0.2565497924947423,0.0007216930389404297,-0.00025981664657592773,0.0008550882339477539,-0.00014722347259521484,0.009698295965790749,1.6545165218412876,False,False
223,4.46,-0.11745285987854004,0.15319713950157166,4.83083438873291,0.29125693440437317,-0.0014327013632282615,0.00040336072561331093,0.007672777399420738,0.003256430383771658,-0.011799393221735954,-0.00033422766136936843,-0.0005333652370609343,-0.0029428149573504925,0.0,0.0,5.0,0.2566739992295287,0.0007078647613525391,-0.00024068355560302734,0.0008347034454345703,-0.00013428926467895508,0.009698242880403996,1.6642147647216916,False,False
224,4.48,-0.11730187386274338,0.1532607078552246,4.830599308013916,0.2911998927593231,-0.001440809341147542,0.00039653442217968404,0.007425186224281788,0.003100151428952813,-0.011685175821185112,-0.0003566033556126058,-0.0002797073975671083,-0.002764276694506407,0.0,0.0,5.0,0.2567979139895018,0.0006941556930541992,-0.00021839141845703125,0.0008138418197631836,-0.00011980533599853516,0.009698187001049519,1.6739129517227411,False,False
225,4.5,-0.11715585738420486,0.15332114696502686,4.830366611480713,0.29114627838134766,-0.0014440047089010477,0.00038924478576518595,0.007176073268055916,0.00294487364590168,-0.011570645496249199,-0.0003800902923103422,-4.193558925180696e-05,-0.0025922912172973156,0.0,0.0,5.0,0.25692091298030784,0.000680088996887207,-0.00019931793212890625,0.0007922649383544922,-0.00010585784912109375,0.009698127396404743,1.6836110791191459,False,False
226,4.5200000000000005,-0.11701483279466629,0.15337850153446198,4.830136775970459,0.29109612107276917,-0.0014425839763134718,0.00038151099579408765,0.006926314905285835,0.002790951868519187,-0.011456375941634178,-0.0004005316586699337,0.00018207407265435904,-0.002426754217594862,0.0,0.0,5.0,0.2570427021034262,0.0006641149520874023,-0.00017833709716796875,0.0007703304290771484,-9.316205978393555e-05,0.009698064997792244,1.6933091441169381,False,False
227,4.54,-0.11687880754470825,0.15343278646469116,4.8299078941345215,0.29104918241500854,-0.001436843303963542,0.00037333270302042365,0.006676730699837208,0.0026387209072709084,-0.01134256087243557,-0.0004240604757796973,0.00039022043347358704,-0.0022678314708173275,0.0,0.0,5.0,0.25716453894957136,0.0006501674652099609,-0.00015878677368164062,0.0007476806640625,-7.76052474975586e-05,0.009697999805212021,1.7030071439221501,False,False
228,4.5600000000000005,-0.11674775928258896,0.153484046459198,4.82968282699585,0.29100537300109863,-0.0014270823448896408,0.0003647372068371624,0.006428082473576069,0.0024884992744773626,-0.011228866875171661,-0.00044175240327604115,0.0005842713871970773,-0.002115619834512472,0.0,0.0,5.0,0.2572845336103985,0.0006334781646728516,-0.00013893842697143555,0.0007252693176269531,-6.532669067382812e-05,0.009697931818664074,1.7127050757408142,False,False
229,4.58,-0.11662166565656662,0.15353232622146606,4.829459190368652,0.2909645438194275,-0.0014135832898318768,0.00035576705704443157,0.006181084085255861,0.0023405789397656918,-0.011115886270999908,-0.0004610648029483855,0.0007641540141776204,-0.0019700131379067898,0.0,0.0,5.0,0.25740426539822964,0.0006181001663208008,-0.00012004375457763672,0.0007021427154541016,-5.173683166503906e-05,0.009697861038148403,1.7224029367789626,False,False
230,4.6000000000000005,-0.11650049686431885,0.15357768535614014,4.829237937927246,0.2909265160560608,-0.0013966321712359786,0.0003464326146058738,0.0059363930486142635,0.002195232780650258,-0.011003438383340836,-0.0004777241556439549,0.0009296221542172134,-0.001830971334129572,0.0,0.0,5.0,0.25752311168577047,0.0006018877029418945,-0.00010126829147338867,0.00067901611328125,-3.8564205169677734e-05,0.009697788394987583,1.7321007251739502,False,False
231,4.62,-0.11638419330120087,0.153620183467865,4.829019069671631,0.29089120030403137,-0.0013765031471848488,0.0003367736062500626,0.005694616585969925,0.002052712719887495,-0.010891731828451157,-0.0004930757568217814,0.00108208111487329,-0.00169859966263175,0.0,0.0,5.0,0.2576410676794878,0.0005866289138793945,-8.279085159301758e-05,0.0006557703018188477,-2.6047229766845703e-05,0.009697712026536465,1.7417984372004867,False,False
232,4.64,-0.11627267301082611,0.15365982055664062,4.82880163192749,0.29085853695869446,-0.0013534830650314689,0.00032681721495464444,0.005456313490867615,0.0019132489105686545,-0.010780829936265945,-0.0005070335464552045,0.0012188300024718046,-0.0015727574937045574,0.0,0.0,5.0,0.25775871696854796,0.0005700588226318359,-6.395578384399414e-05,0.0006325244903564453,-1.1563301086425781e-05,0.009697634726762772,1.7514960719272494,False,False
233,4.66,-0.1161658987402916,0.15369673073291779,4.828588008880615,0.29082828760147095,-0.0013278461992740631,0.0003166102687828243,0.005221988074481487,0.0017770485719665885,-0.010670451447367668,-0.0005177170387469232,0.0013438971946015954,-0.001453679520636797,0.0,0.0,5.0,0.2578745271787013,0.0005530118942260742,-4.696846008300781e-05,0.0006095170974731445,-4.172325134277344e-07,0.00969755556434393,1.7611936274915934,False,False
234,4.68,-0.11606376618146896,0.15373094379901886,4.828375339508057,0.2908003330230713,-0.0012998359743505716,0.0003061937459278852,0.004992101341485977,0.0016442957567051053,-0.010561337694525719,-0.0005276076844893396,0.0014562327414751053,-0.0013410071842372417,0.0,0.0,5.0,0.2579903583286372,0.0005377531051635742,-2.9385089874267578e-05,0.0005868673324584961,1.2278556823730469e-05,0.009697473607957363,1.7708911010995507,False,False
235,4.7,-0.11596618592739105,0.15376253426074982,4.828165531158447,0.2907746136188507,-0.0012697152560576797,0.0002955951786134392,0.004767065402120352,0.0015151537954807281,-0.010452920570969582,-0.0005355580942705274,0.0015550635289400816,-0.001234689261764288,0.0,0.0,5.0,0.25810493583597555,0.0005211830139160156,-1.2814998626708984e-05,0.0005643367767333984,2.4199485778808594e-05,0.009697389788925648,1.7805884908884764,False,False
236,4.72,-0.1158730536699295,0.15379157662391663,4.827957630157471,0.2907509207725525,-0.001237736432813108,0.00028485318762250245,0.004547249525785446,0.0013897657627239823,-0.010345572605729103,-0.0005416122730821371,0.0016421539476141334,-0.0011346419341862202,0.0,0.0,5.0,0.2582188812389559,0.0005050897598266602,3.4570693969726562e-06,0.0005422830581665039,3.635883331298828e-05,0.009697305038571358,1.7902857959270477,False,False
237,4.74,-0.11578427255153656,0.15381816029548645,4.827751636505127,0.2907290458679199,-0.0012041308218613267,0.000274000340141356,0.004332975950092077,0.0012682537781074643,-0.010239128023386002,-0.0005463354173116386,0.0017177676782011986,-0.001040749717503786,0.0,0.0,5.0,0.25833219492281323,0.0004903078079223633,1.8358230590820312e-05,0.0005208253860473633,4.792213439941406e-05,0.009697217494249344,1.799983013421297,False,False
238,4.76,-0.11569970846176147,0.15384235978126526,4.827548027038574,0.29070916771888733,-0.0011691129766404629,0.0002630807284731418,0.004124527331441641,0.0011507211020216346,-0.010133671574294567,-0.0005479861865751445,0.0017834578175097704,-0.0009527222136966884,0.0,0.0,5.0,0.2584445340483973,0.0004742145538330078,3.5762786865234375e-05,0.0004996061325073242,5.924701690673828e-05,0.009697129018604755,1.8096801424399018,False,False
239,4.78,-0.1156192421913147,0.15386423468589783,4.827345848083496,0.29069092869758606,-0.00113291060552001,0.00025211452157236636,0.003922149073332548,0.001037250622175634,-0.010028990916907787,-0.0005507346359081566,0.0018363355193287134,-0.0008708767127245665,0.0,0.0,5.0,0.2585565084355413,0.0004591941833496094,4.935264587402344e-05,0.00047910213470458984,7.11679458618164e-05,0.009697039611637592,1.8193771820515394,False,False
240,4.8,-0.11554276943206787,0.1538838893175125,4.827147006988525,0.2906743288040161,-0.0010957133490592241,0.00024113453400786966,0.003726044436916709,0.0009279110818170011,-0.00992529559880495,-0.0005491155898198485,0.0018829958280548453,-0.0007946731057018042,0.0,0.0,5.0,0.2586668516693651,0.0004438161849975586,6.401538848876953e-05,0.0004589557647705078,8.034706115722656e-05,0.00969694834202528,1.8290741303935647,False,False
241,4.82,-0.11547016352415085,0.1539013832807541,4.826948642730713,0.2906591296195984,-0.0010577044449746609,0.00023018004139885306,0.003536388510838151,0.0008227518992498517,-0.009822745807468891,-0.0005479659303091466,0.0019175097113475204,-0.000724010867998004,0.0,0.0,5.0,0.25877744625984345,0.00042998790740966797,7.796287536621094e-05,0.00043964385986328125,9.1552734375e-05,0.009696857072412968,1.8387709874659777,False,False
242,4.84,-0.11540127545595169,0.15391682088375092,4.826754093170166,0.2906452417373657,-0.0010190951870754361,0.00021928243222646415,0.003353317268192768,0.0007218062528409064,-0.009720985777676105,-0.0005432429607026279,0.0019430912798270583,-0.0006588099058717489,0.0,0.0,5.0,0.25888604898895695,0.0004146099090576172,9.02414321899414e-05,0.00042128562927246094,9.989738464355469e-05,0.009696763940155506,1.8484677514061332,False,False
243,4.86,-0.11533598601818085,0.15393029153347015,4.826560020446777,0.2906326949596405,-0.0009800525149330497,0.00020846663392148912,0.003176933852955699,0.0006250894512049854,-0.009620469994843006,-0.0005395921180024743,0.001960896188393235,-0.0005986003670841455,0.0,0.0,5.0,0.2589948857212965,0.0004011392593383789,0.0001035928726196289,0.0004031658172607422,0.00011050701141357422,0.00969666987657547,1.8581644212827086,False,False
244,4.88,-0.11527414619922638,0.15394185483455658,4.826369285583496,0.2906213402748108,-0.00094073690706864,0.00019773234089370817,0.0030073111411184072,0.0005326065002009273,-0.009520704858005047,-0.0005349296261556447,0.0019704459700733423,-0.0005436476785689592,0.0,0.0,5.0,0.2591020039302086,0.0003870725631713867,0.00011372566223144531,0.00038564205169677734,0.0001188516616821289,0.009696575812995434,1.867860997095704,False,False
245,4.9,-0.11521562933921814,0.15395161509513855,4.826179504394531,0.29061102867126465,-0.000901288993190974,0.0001871123386081308,0.002844494068995118,0.00044435137533582747,-0.009422245435416698,-0.0005280242767184973,0.0019741414580494165,-0.0004933017771691084,0.0,0.0,5.0,0.25920900008866316,0.00037407875061035156,0.00012636184692382812,0.00036895275115966797,0.00012803077697753906,0.009696480818092823,1.877557477913797,False,False
246,4.92,-0.11516031622886658,0.15395966172218323,4.825992584228516,0.29060158133506775,-0.0008618408464826643,0.00017663513426668942,0.002688503824174404,0.00036030326737090945,-0.009324475191533566,-0.0005205245106481016,0.001970483222976327,-0.00044782948680222034,0.0,0.0,5.0,0.2593145900542657,0.00036156177520751953,0.00013530254364013672,0.00035321712493896484,0.00013494491577148438,0.009696384891867638,1.8872538628056645,False,False
247,4.94,-0.11510805040597916,0.15396608412265778,4.825806617736816,0.2905929982662201,-0.0008225277415476739,0.00016631872858852148,0.0025393383111804724,0.00028043059865012765,-0.009227997623383999,-0.0005118367844261229,0.0019606680143624544,-0.00040640635415911674,0.0,0.0,5.0,0.2594200315176497,0.00034987926483154297,0.0001462697982788086,0.00033783912658691406,0.0001430511474609375,0.009696289896965027,1.8969501527026296,False,False
248,4.96,-0.11505869776010513,0.15397092700004578,4.825623512268066,0.2905852198600769,-0.0007834784337319434,0.00015618132601957768,0.0023969707544893026,0.000204690353712067,-0.009132294915616512,-0.0005025286809541285,0.0019441277254372835,-0.00036932085640728474,0.0,0.0,5.0,0.25952400614438315,0.0003376007080078125,0.00015461444854736328,0.0003235340118408203,0.00014972686767578125,0.009696193039417267,1.9066463457420468,False,False
249,4.98,-0.11501212418079376,0.15397430956363678,4.825441360473633,0.2905781865119934,-0.0007448056130670011,0.00014623539755120873,0.0022613517940044403,0.00013302982551977038,-0.009037760086357594,-0.0004926003166474402,0.0019230481702834368,-0.0003361091949045658,0.0,0.0,5.0,0.2596278015688481,0.0003262758255004883,0.00016570091247558594,0.00030922889709472656,0.00015974044799804688,0.009696097113192081,1.916342442855239,False,False
250,5.0,-0.1149681955575943,0.15397629141807556,4.825262069702148,0.29057177901268005,-0.0007065953104756773,0.00013650751498062164,0.002132415072992444,6.53874667477794e-05,-0.008943689055740833,-0.00048065162263810635,0.0018978866282850504,-0.0003071872051805258,0.0,0.0,5.0,0.25973010721402745,0.0003103017807006836,0.0001863241195678711,0.0002866983413696289,0.00023090839385986328,0.009695995599031448,1.9260384384542704,False,False
251,5.0200000000000005,-0.1149267852306366,0.15397696197032928,4.8250837326049805,0.2905658483505249,-0.0006684093386866152,0.0001276394905289635,0.00201011192984879,1.6659448647260433e-06,-0.008844335563480854,-0.00040656045894138515,0.0019206285942345858,-0.00029049324803054333,0.0,0.0,5.0,0.2598321985060109,0.0002923011779785156,0.00023615360260009766,0.00027167797088623047,0.00023663043975830078,0.009695897810161114,1.9357343362644315,False,False
252,5.04,-0.11488775163888931,0.15397639572620392,4.824908256530762,0.2905600666999817,-0.0006302190595306456,0.00011974115477642044,0.0018945331685245037,-5.8331526815891266e-05,-0.008742746897041798,-0.0003836480900645256,0.0018983318004757166,-0.000282051507383585,0.0,0.0,5.0,0.25993276928576975,0.00028967857360839844,0.00023233890533447266,0.0002613067626953125,0.00025141239166259766,0.009695800952613354,1.9454301372170448,False,False
253,5.0600000000000005,-0.1148509681224823,0.15397465229034424,4.824734210968018,0.29055455327033997,-0.0005923566641286016,0.00011258372978772968,0.0017856776248663664,-0.00011475646169856191,-0.008641380816698074,-0.00033243189682252705,0.0018878395203500986,-0.00027577229775488377,0.0,0.0,5.0,0.2600327579971555,0.0002802610397338867,0.00025641918182373047,0.00025272369384765625,0.0002473592758178711,0.009695705026388168,1.955125842243433,False,False
254,5.08,-0.11481628566980362,0.1539718210697174,4.8245625495910645,0.29054903984069824,-0.0005549963680095971,0.00010613970516715199,0.0016835280694067478,-0.00016778343706391752,-0.008539769798517227,-0.0003122856724075973,0.0018481232691556215,-0.00027305702678859234,0.0,0.0,5.0,0.260131505482367,0.0002785921096801758,0.0002537965774536133,0.00024688243865966797,0.0002523660659790039,0.009695610962808132,1.9648214532062411,False,False
255,5.1000000000000005,-0.11478356271982193,0.153967946767807,4.824392795562744,0.29054349660873413,-0.0005183948087505996,0.00010022521746577695,0.0015879909042268991,-0.00021755541092716157,-0.008438710123300552,-0.0002794614410959184,0.001811968395486474,-0.0002712421119213104,0.0,0.0,5.0,0.26022929341797346,0.00027179718017578125,0.0002645254135131836,0.00024199485778808594,0.00024831295013427734,0.00969551783055067,1.9745169710367918,False,False
256,5.12,-0.11475270241498947,0.1539631187915802,4.824224948883057,0.2905380129814148,-0.000482658768305555,9.479600703343749e-05,0.0014989516930654645,-0.0002642212784849107,-0.00833810493350029,-0.0002637314610183239,0.001761582912877202,-0.00027115968987345695,0.0,0.0,5.0,0.26032612864393273,0.0002677440643310547,0.0002636909484863281,0.00023794174194335938,0.00024950504302978516,0.009695425629615784,1.9842123966664076,False,False
257,5.14,-0.1147235557436943,0.15395738184452057,4.82405948638916,0.29053249955177307,-0.000447903701569885,8.968837937572971e-05,0.0014162544393911958,-0.0003079065354540944,-0.008238264359533787,-0.0002472886990290135,0.0017138684634119272,-0.00027187541127204895,0.0,0.0,5.0,0.26042164655907957,0.0002627372741699219,0.0002665519714355469,0.00023424625396728516,0.0002455711364746094,0.009695335291326046,1.9939077319577336,False,False
258,5.16,-0.11469600349664688,0.15395081043243408,4.823895454406738,0.2905269265174866,-0.0004141657263971865,8.482705743517727e-05,0.001339731621555984,-0.00034872337710112333,-0.008139357902109623,-0.00023908188450150192,0.0016598778311163187,-0.00027331849560141563,0.0,0.0,5.0,0.2605164797657056,0.0002586841583251953,0.0002655982971191406,0.00023055076599121094,0.00024449825286865234,0.009695244953036308,2.00360297691077,False,False
259,5.18,-0.11466992646455765,0.15394343435764313,4.823733806610107,0.29052144289016724,-0.0003815040981862694,8.012785838218406e-05,0.0012691962765529752,-0.00038676810800097883,-0.00804136786609888,-0.00023105498985387385,0.0016062345821410418,-0.0002752223517745733,0.0,0.0,5.0,0.26060994599089277,0.00025200843811035156,0.0002669095993041992,0.00022661685943603516,0.00024187564849853516,0.00969515647739172,2.0132981333881617,False,False
260,5.2,-0.11464520543813705,0.15393534302711487,4.823573589324951,0.2905158996582031,-0.0003499261802062392,7.550554437329993e-05,0.0012044532923027873,-0.0004221273702569306,-0.007944592274725437,-0.00023137983225751668,0.0015515100676566362,-0.00027800677344202995,0.0,0.0,5.0,0.26070268764726834,0.000247955322265625,0.0002638101577758789,0.0002225637435913086,0.00024008750915527344,0.00969506986439228,2.022993203252554,False,False
261,5.22,-0.11462172120809555,0.1539265662431717,4.823416233062744,0.2905103862285614,-0.0003194251039531082,7.089196878951043e-05,0.001145300455391407,-0.00045486807357519865,-0.007849105633795261,-0.00023016345221549273,0.0014985522720962763,-0.0002811267040669918,0.0,0.0,5.0,0.260793699145265,0.00024199485778808594,0.00026237964630126953,0.0002180337905883789,0.00023555755615234375,0.009694984182715416,2.0326881874352694,False,False
262,5.24,-0.11459936201572418,0.15391716361045837,4.8232598304748535,0.2905047833919525,-0.00029000546783208847,6.625697278650478e-05,0.0010915366001427174,-0.0004850515688303858,-0.007755213417112827,-0.00023350879200734198,0.0014433686155825853,-0.00028474582359194756,0.0,0.0,5.0,0.260884255086575,0.00023674964904785156,0.0002592802047729492,0.00021314620971679688,0.0002334117889404297,0.009694899432361126,2.0423830868676305,False,False
263,5.26,-0.11457802355289459,0.1539071798324585,4.823105812072754,0.2904990017414093,-0.00026167830219492316,6.156687595648691e-05,0.0010429533431306481,-0.0005127308540977538,-0.007662834599614143,-0.00023566072923131287,0.0013893034774810076,-0.00028873817063868046,0.0,0.0,5.0,0.2609733649392371,0.00023126602172851562,0.0002554655075073242,0.00020802021026611328,0.00022900104522705078,0.009694816544651985,2.0520779034122825,False,False
264,5.28,-0.11455760896205902,0.15389668941497803,4.822953224182129,0.2904932498931885,-0.0002344320237170905,5.682009941665456e-05,0.0009993439307436347,-0.0005379571812227368,-0.007572328671813011,-0.00023916085774544626,0.001335283974185586,-0.0002929416950792074,0.0,0.0,5.0,0.26106167396134144,0.00022530555725097656,0.0002536773681640625,0.00020229816436767578,0.00022590160369873047,0.009694734588265419,2.061772638000548,False,False
265,5.3,-0.11453802138566971,0.15388570725917816,4.822803020477295,0.2904873490333557,-0.00020828034030273557,5.198522558202967e-05,0.0009605002123862505,-0.0005607786006294191,-0.007483376190066338,-0.00024445808958262205,0.0012798442039638758,-0.00029783230274915695,0.0,0.0,5.0,0.26114849950472924,0.00022017955780029297,0.0002478361129760742,0.00019669532775878906,0.00022292137145996094,0.009694653563201427,2.0714672915637493,False,False
266,5.32,-0.1145191565155983,0.15387429296970367,4.8226542472839355,0.2904813289642334,-0.00018320676463190466,4.708476990344934e-05,0.0009262115927413106,-0.0005812402232550085,-0.007396398112177849,-0.0002457048976793885,0.0012274759355932474,-0.00030284933745861053,0.0,0.0,5.0,0.26123447561988783,0.00021445751190185547,0.0002461671829223633,0.00019073486328125,0.00021779537200927734,0.00969457346946001,2.0811618650332093,False,False
267,5.34,-0.11450093984603882,0.15386247634887695,4.822506904602051,0.2904752790927887,-0.00015922181773930788,4.212521525914781e-05,0.0008962736465036869,-0.0005993928643874824,-0.00731111504137516,-0.00025035731960088015,0.0011709860991686583,-0.0003083066549152136,0.0,0.0,5.0,0.2613195855036136,0.00020837783813476562,0.00024259090423583984,0.00018453598022460938,0.00021648406982421875,0.009694495238363743,2.090856360271573,False,False
268,5.36,-0.11448326706886292,0.15385033190250397,4.822361946105957,0.2904690206050873,-0.00013633845082949847,3.709352313308045e-05,0.0008704741485416889,-0.0006152849528007209,-0.007227687165141106,-0.0002529034100007266,0.0011173186358064413,-0.0003144869115203619,0.0,0.0,5.0,0.26140317759456205,0.00020384788513183594,0.00023758411407470703,0.00017881393432617188,0.00021183490753173828,0.00969441793859005,2.100550778210163,False,False
269,5.38,-0.11446607112884521,0.1538378894329071,4.8222174644470215,0.2904627025127411,-0.0001145445930887945,3.203384403605014e-05,0.0008486053557135165,-0.000628967653028667,-0.0071460772305727005,-0.0002531436912249774,0.001062039053067565,-0.00032064225524663925,0.0,0.0,5.0,0.26148653428521185,0.0001976490020751953,0.0002371072769165039,0.00017249584197998047,0.0002105236053466797,0.009694342501461506,2.1102451207116246,False,False
270,5.4,-0.11444928497076035,0.15382519364356995,4.822076320648193,0.29045620560646057,-9.387895988766104e-05,2.6954567147186026e-05,0.0008304583025164902,-0.000640499871224165,-0.007065942510962486,-0.00025485351216048,0.0010044991504400969,-0.00032787141390144825,0.0,0.0,5.0,0.2615677057740206,0.00019216537475585938,0.0002294778823852539,0.00016689300537109375,0.0002071857452392578,0.009694267064332962,2.1199393877759576,False,False
271,5.42,-0.11443282663822174,0.15381227433681488,4.821935176849365,0.2904495596885681,-7.430704135913402e-05,2.1887521143071353e-05,0.0008158203563652933,-0.0006499420269392431,-0.006987990811467171,-0.00025190727319568396,0.0009526701178401709,-0.0003351059276610613,0.0,0.0,5.0,0.26164894189112203,0.0001876354217529297,0.0002294778823852539,0.00016129016876220703,0.0002034902572631836,0.009694193489849567,2.129633581265807,False,False
272,5.44,-0.11441663652658463,0.15379920601844788,4.821796417236328,0.2904427945613861,-5.58276406081859e-05,1.6848987797857262e-05,0.0008044910500757396,-0.0006573607097379863,-0.0069113839417696,-0.0002519898407626897,0.0008952508214861155,-0.00034287339076399803,0.0,0.0,5.0,0.2617286369424836,0.00018274784088134766,0.00022459030151367188,0.0001556873321533203,0.00020265579223632812,0.009694120846688747,2.139327702112496,False,False
273,5.46,-0.11440063267946243,0.15378600358963013,4.821659088134766,0.2904358208179474,-3.8459893403341994e-05,1.1866181921504904e-05,0.0007962619420140982,-0.0006628234405070543,-0.006836371496319771,-0.00024632352869957685,0.0008415088523179293,-0.0003511575050652027,0.0,0.0,5.0,0.26180741109153943,0.00017762184143066406,0.00022327899932861328,0.00015079975128173828,0.00019884109497070312,0.009694048203527927,2.149021750316024,False,False
274,5.48,-0.11438476294279099,0.15377269685268402,4.821522235870361,0.2904287278652191,-2.218916233687196e-05,6.961634881008649e-06,0.0007909315172582865,-0.0006664071115665138,-0.006762770935893059,-0.00024415255757048726,0.0007855526637285948,-0.00035989657044410706,0.0,0.0,5.0,0.2618859075619398,0.00017368793487548828,0.00021946430206298828,0.00014579296112060547,0.00019860267639160156,0.009693978354334831,2.1587157286703587,False,False
275,5.5,-0.1143689677119255,0.15375934541225433,4.8213887214660645,0.29042142629623413,-7.011834895820357e-06,2.1562943857134087e-06,0.000788296340033412,-0.000668187509290874,-0.006690526381134987,-0.0002363920648349449,0.0007321725133806467,-0.0003691010642796755,0.0,0.0,5.0,0.26196218409652855,0.0001685619354248047,0.00021660327911376953,0.00014162063598632812,0.00019359588623046875,0.00969390943646431,2.168409638106823,False,False
276,5.5200000000000005,-0.1143532320857048,0.15374599397182465,4.821255207061768,0.2904139459133148,7.088744496286381e-06,-2.5286681193392724e-06,0.0007881601923145354,-0.0006682485691271722,-0.006619969382882118,-0.00023210390645544976,0.0006778815295547247,-0.0003783944994211197,0.0,0.0,5.0,0.26203853410016437,0.00016570091247558594,0.000213623046875,0.00013744831085205078,0.00019311904907226562,0.009693840518593788,2.1781034786254168,False,False
277,5.54,-0.11433744430541992,0.15373264253139496,4.821123123168945,0.2904062271118164,2.011525612033438e-05,-7.090563940437278e-06,0.0007903263322077692,-0.0006666716653853655,-0.0065504033118486404,-0.00022407500364352018,0.0006247700657695532,-0.00038810819387435913,0.0,0.0,5.0,0.2621139325080088,0.00016188621520996094,0.00021183490753173828,0.00013387203216552734,0.0001914501190185547,0.009693773463368416,2.187797252088785,False,False
278,5.5600000000000005,-0.11432159692049026,0.15371932089328766,4.820993423461914,0.29039835929870605,3.208290945622139e-05,-1.1490451470308471e-05,0.0007946023833937943,-0.0006635441677644849,-0.006481936201453209,-0.0002158929273718968,0.0005719999317079782,-0.0003981690388172865,0.0,0.0,5.0,0.26218774109830195,0.0001583099365234375,0.00020837783813476562,0.00013077259063720703,0.00018858909606933594,0.009693706408143044,2.197490958496928,False,False
279,5.58,-0.11430564522743225,0.15370608866214752,4.820863723754883,0.2903902530670166,4.301400622352958e-05,-1.5718831491540186e-05,0.0008008000440895557,-0.0006589563563466072,-0.0064147356897592545,-0.00020691455574706197,0.0005211189854890108,-0.00040817540138959885,0.0,0.0,5.0,0.2622616016302091,0.0001552104949951172,0.00020754337310791016,0.0001277923583984375,0.00018775463104248047,0.00969364121556282,2.207184599712491,False,False
280,5.6000000000000005,-0.11428955942392349,0.15369297564029694,4.820736408233643,0.2903819680213928,5.292419155011885e-05,-1.9777015040745027e-05,0.0008087360765784979,-0.0006529985694214702,-0.0063483696430921555,-0.00019886378140654415,0.00046991309500299394,-0.00041863322257995605,0.0,0.0,5.0,0.2623338893232415,0.00015246868133544922,0.00020265579223632812,0.0001252889633178711,0.00018596649169921875,0.009693577885627747,2.216878177598119,False,False
281,5.62,-0.11427328735589981,0.1536799967288971,4.820610523223877,0.29037344455718994,6.184334051795304e-05,-2.3639649953111075e-05,0.0008182295714505017,-0.0006457605632022023,-0.006283113732933998,-0.000187350669875741,0.000422019133111462,-0.00042895739898085594,0.0,0.0,5.0,0.26240523999289544,0.0001493692398071289,0.00020122528076171875,0.00012314319610595703,0.00018286705017089844,0.009693513624370098,2.226571691222489,False,False
282,5.64,-0.11425681412220001,0.1536671668291092,4.820484638214111,0.29036474227905273,6.979789031902328e-05,-2.730476626311429e-05,0.0008291093399748206,-0.0006373359938152134,-0.006218811497092247,-0.00017910386668518186,0.0003734581987373531,-0.0004394478164613247,0.0,0.0,5.0,0.2624766329633149,0.00014781951904296875,0.00019884109497070312,0.00012123584747314453,0.00018346309661865234,0.009693452157080173,2.236265143379569,False,False
283,5.66,-0.1142401248216629,0.15365451574325562,4.820361614227295,0.29035577178001404,7.680969429202378e-05,-3.077087603742257e-05,0.0008412051829509437,-0.0006278141518123448,-0.006154993548989296,-0.00016744081221986562,0.00032774865394458175,-0.00044995686039328575,0.0,0.0,5.0,0.26254612160644597,0.00014495849609375,0.00019562244415283203,0.00011980533599853516,0.00018036365509033203,0.009693391621112823,2.245958535000682,False,False
284,5.68,-0.1142231673002243,0.15364205837249756,4.820239543914795,0.290346622467041,8.292291022371501e-05,-3.401226058485918e-05,0.0008543559233658016,-0.0006172876455821097,-0.006092248484492302,-0.0001566245045978576,0.00028360344003885984,-0.000460280803963542,0.0,0.0,5.0,0.2626149950421604,0.00014317035675048828,0.0001933574676513672,0.00011873245239257812,0.00017833709716796875,0.009693331085145473,2.2556518660858274,False,False
285,5.7,-0.11420594155788422,0.1536298245191574,4.820117473602295,0.2903372347354889,8.816497575026006e-05,-3.704330083564855e-05,0.0008684074855409563,-0.0006058472208678722,-0.006030181422829628,-0.00014639980508945882,0.000240637207753025,-0.0004704550374299288,0.0,0.0,5.0,0.2626839229418714,0.00014209747314453125,0.00019121170043945312,0.00011789798736572266,0.0001780986785888672,0.009693271480500698,2.265345137566328,False,False
286,5.72,-0.11418842524290085,0.15361781418323517,4.819997787475586,0.29032766819000244,9.257366036763415e-05,-3.984692375524901e-05,0.0008832105668261647,-0.0005935812368988991,-0.005968557670712471,-0.00013387741637416184,0.00020027019490953535,-0.0004806292708963156,0.0,0.0,5.0,0.2627512622378299,0.00013959407806396484,0.00018966197967529297,0.00011706352233886719,0.00017547607421875,0.009693214669823647,2.2750383522361517,False,False
287,5.74,-0.114170603454113,0.15360607206821442,4.819879531860352,0.2903178930282593,9.618035983294249e-05,-4.2441508412593976e-05,0.0008986245957203209,-0.0005805786931887269,-0.005907652899622917,-0.00012548777158372104,0.0001604417193448171,-0.0004907336551696062,0.0,0.0,5.0,0.26281768416936463,0.00013935565948486328,0.0001842975616455078,0.00011682510375976562,0.00017404556274414062,0.00969315692782402,2.2847315091639757,False,False
288,5.76,-0.1141524612903595,0.15359459817409515,4.819761276245117,0.29030802845954895,9.903475438477471e-05,-4.481802534428425e-05,0.0009145127842202783,-0.0005669211386702955,-0.005847455933690071,-0.00011206807539565489,0.0001250406785402447,-0.0005002117250114679,0.0,0.0,5.0,0.26288416184262176,0.0001373291015625,0.00018668174743652344,0.0001163482666015625,0.00017321109771728516,0.009693100117146969,2.2944246092811227,False,False
289,5.78,-0.11413400620222092,0.15358340740203857,4.819644927978516,0.2902979552745819,0.0001011644271784462,-4.697378244600259e-05,0.0009307510918006301,-0.000552693847566843,-0.005787348374724388,-0.00010340668814023957,8.797043119557202e-05,-0.0005100939888507128,0.0,0.0,5.0,0.26294939894372066,0.00013637542724609375,0.00018215179443359375,0.00011646747589111328,0.00017261505126953125,0.009693045169115067,2.3041176544502378,False,False
290,5.8,-0.11411523073911667,0.15357249975204468,4.819530487060547,0.29028773307800293,0.00010260565613862127,-4.8928966862149537e-05,0.0009472153033129871,-0.0005379748181439936,-0.005727829411625862,-9.20072416192852e-05,5.619995863526128e-05,-0.0005196330603212118,0.0,0.0,5.0,0.2630133906616487,0.00013506412506103516,0.0001798868179321289,0.00011670589447021484,0.0001690387725830078,0.009692991152405739,2.3138106456026435,False,False
291,5.82,-0.11409611999988556,0.15356189012527466,4.819416046142578,0.29027730226516724,0.00010341416782466695,-5.069001417723484e-05,0.0009637937764637172,-0.0005228400113992393,-0.005669014528393745,-8.399011858273298e-05,2.4701297661522403e-05,-0.0005287278909236193,0.0,0.0,5.0,0.26307744694035384,0.00013554096221923828,0.00017631053924560547,0.00011682510375976562,0.0001690387725830078,0.009692937135696411,2.32350358273834,False,False
292,5.84,-0.11407667398452759,0.15355157852172852,4.819302558898926,0.2902667224407196,0.0001036341127473861,-5.2244806283852085e-05,0.0009803804568946362,-0.0005073592183180153,-0.005610501393675804,-7.13773988536559e-05,-2.6536915811448125e-06,-0.0005373719613999128,0.0,0.0,5.0,0.26314091288578245,0.00013434886932373047,0.00017726421356201172,0.00011706352233886719,0.0001672506332397461,0.009692884981632233,2.333196467719972,False,False
293,5.86,-0.11405690759420395,0.15354157984256744,4.819191932678223,0.29025593400001526,0.0001032888176268898,-5.358844282454811e-05,0.0009968806989490986,-0.0004916061880066991,-0.00555209256708622,-6.287404539762065e-05,-3.1820047297514975e-05,-0.0005460062529891729,0.0,0.0,5.0,0.2632024926157438,0.00013375282287597656,0.0001710653305053711,0.00011777877807617188,0.0001647472381591797,0.009692833758890629,2.3428893014788628,False,False
294,5.88,-0.11403679847717285,0.15353190898895264,4.8190813064575195,0.2902449369430542,0.00010241215204587206,-5.474921999848448e-05,0.0010131997987627983,-0.0004756483540404588,-0.005494559183716774,-5.309043626766652e-05,-5.5788332247175276e-05,-0.0005539355333894491,0.0,0.0,5.0,0.26326414901735734,0.00013458728790283203,0.0001690387725830078,0.00011861324310302734,0.00016236305236816406,0.009692782536149025,2.352582084015012,False,False
295,5.9,-0.11401637643575668,0.1535225510597229,4.818970680236816,0.29023388028144836,0.00010104491229867563,-5.57164748897776e-05,0.00102925393730402,-0.00045954957022331655,-0.005437327548861504,-4.3521824409253895e-05,-8.087559399427846e-05,-0.0005611989181488752,0.0,0.0,5.0,0.2633258862955679,0.00013399124145507812,0.00016951560974121094,0.00011920928955078125,0.00016391277313232422,0.00969273317605257,2.3622748171910644,False,False
296,5.92,-0.11399563401937485,0.15351350605487823,4.818863868713379,0.2902225852012634,9.920404409058392e-05,-5.648304431815632e-05,0.0010449618566781282,-0.0004433739522937685,-0.005379835143685341,-3.302291588624939e-05,-0.00010314895189367235,-0.000568644842132926,0.0,0.0,5.0,0.2633850777364284,0.0001327991485595703,0.00016450881958007812,0.00012040138244628906,0.0001595020294189453,0.00969268474727869,2.371967501938343,False,False
297,5.94,-0.11397457867860794,0.15350478887557983,4.818757057189941,0.29021117091178894,9.694643085822463e-05,-5.7064014981733635e-05,0.0010602502152323723,-0.00042718436452560127,-0.00532330758869648,-2.4961780582088977e-05,-0.00012254850298631936,-0.000575248384848237,0.0,0.0,5.0,0.26344435676467376,0.00013375282287597656,0.0001614093780517578,0.0001214742660522461,0.00015723705291748047,0.00969263631850481,2.381660138256848,False,False
298,5.96,-0.11395322531461716,0.1534964144229889,4.818650245666504,0.2901996672153473,9.432009392185137e-05,-5.747537943534553e-05,0.0010750547517091036,-0.00041103543480858207,-0.005267133936285973,-1.6063611838035285e-05,-0.00014001848467160016,-0.0005812423769384623,0.0,0.0,5.0,0.26350373848797143,0.000133514404296875,0.00015974044799804688,0.00012099742889404297,0.00015652179718017578,0.009692588821053505,2.3913527270779014,False,False
299,5.98,-0.1139315813779831,0.1534883677959442,4.818545818328857,0.2901880145072937,9.134996798820794e-05,-5.768808478023857e-05,0.0010893186554312706,-0.0003949810634367168,-0.005211232230067253,-5.096709173812997e-06,-0.00015692652959842235,-0.0005869774613529444,0.0,0.0,5.0,0.2635615759739933,0.00013053417205810547,0.0001531839370727539,0.00011777877807617188,0.00015282630920410156,0.009692544117569923,2.4010452711954713,False,False
300,6.0,-0.11390965431928635,0.1534806340932846,4.8184428215026855,0.29017624258995056,8.806904952507466e-05,-5.765479363617487e-05,0.0011029915185645223,-0.0003790810296777636,-0.005156977102160454,8.53249275678536e-06,-0.0001710968790575862,-0.0005922948475927114,0.0,0.0,5.0,0.2636185187969952,0.00012874603271484375,0.00015032291412353516,0.00011610984802246094,0.00014793872833251953,0.009692499414086342,2.4107377706095576,False,False
301,6.0200000000000005,-0.11388746649026871,0.15347322821617126,4.818339824676514,0.29016441106796265,8.44819369376637e-05,-5.73712786717806e-05,0.001116031315177679,-0.00036340035148896277,-0.005103858187794685,1.9920969862141646e-05,-0.0001875456073321402,-0.0005972872022539377,0.0,0.0,5.0,0.2636755697845837,0.0001283884048461914,0.00014913082122802734,0.00011551380157470703,0.00014638900756835938,0.009692453779280186,2.420430224388838,False,False
302,6.04,-0.11386502534151077,0.1534661054611206,4.8182373046875,0.290152370929718,8.056384103838354e-05,-5.686951044481248e-05,0.0011283907806500793,-0.0003480009618215263,-0.005051052197813988,3.0355764465639368e-05,-0.00020419455540832132,-0.0006021338049322367,0.0,0.0,5.0,0.26373237747514316,0.00012874603271484375,0.00014591217041015625,0.0001157522201538086,0.00014531612396240234,0.009692410938441753,2.4301226353272796,False,False
303,6.0600000000000005,-0.11384234577417374,0.15345929563045502,4.818138122558594,0.2901403605937958,7.633432687725872e-05,-5.612388486042619e-05,0.0011400212533771992,-0.0003329428727738559,-0.0049986522644758224,4.430232002050616e-05,-0.00021868784097023308,-0.000606487737968564,0.0,0.0,5.0,0.263786992805322,0.0001266002655029297,0.00014472007751464844,0.00011718273162841797,0.00014066696166992188,0.009692368097603321,2.439815003424883,False,False
304,6.08,-0.1138194277882576,0.1534527838230133,4.8180389404296875,0.2901282012462616,7.181539695011452e-05,-5.5179421906359494e-05,0.001150880241766572,-0.0003182886284776032,-0.004946867004036903,5.023305493523367e-05,-0.000233135448070243,-0.0006104169879108667,0.0,0.0,5.0,0.2638417067202031,0.00012803077697753906,0.00013899803161621094,0.00011920928955078125,0.00014102458953857422,0.009692324325442314,2.449507327750325,False,False
305,6.1000000000000005,-0.11379630863666534,0.15344657003879547,4.817939758300781,0.29011592268943787,6.707118882331997e-05,-5.405754563980736e-05,0.0011609260691329837,-0.0003040847077500075,-0.004895227029919624,6.20402570348233e-05,-0.000241216883296147,-0.0006134232971817255,0.0,0.0,5.0,0.2638965352625534,0.00012874603271484375,0.00014126300811767578,0.00012195110321044922,0.0001430511474609375,0.009692281484603882,2.459199609234929,False,False
306,6.12,-0.11377299576997757,0.15344062447547913,4.81784200668335,0.29010364413261414,6.219639908522367e-05,-5.272455018712208e-05,0.0011701363837346435,-0.00029037983040325344,-0.004842853173613548,7.133831240935251e-05,-0.00024619456962682307,-0.0006165371742099524,0.0,0.0,5.0,0.26395047705023983,0.0001302957534790039,0.00014066696166992188,0.00012505054473876953,0.0001423358917236328,0.009692239575088024,2.468891848810017,False,False
307,6.140000000000001,-0.11374950408935547,0.15343494713306427,4.817746639251709,0.2900913953781128,5.722737478208728e-05,-5.122510265209712e-05,0.0011785014066845179,-0.00027721599326469004,-0.004790166392922401,7.868024113122374e-05,-0.00025064224610105157,-0.0006191192660480738,0.0,0.0,5.0,0.2640028791251096,0.00013017654418945312,0.00013720989227294922,0.0001277923583984375,0.0001399517059326172,0.009692199528217316,2.4785840483382344,False,False
308,6.16,-0.11372584849596024,0.1534295231103897,4.817651271820068,0.2900790572166443,5.2209194109309465e-05,-4.959360012435354e-05,0.0011860145023092628,-0.00026462620007805526,-0.0047377292066812515,8.453820191789418e-05,-0.00025111163267865777,-0.000620885519310832,0.0,0.0,5.0,0.26405538405199447,0.00013113021850585938,0.00013577938079833984,0.0001302957534790039,0.00013756752014160156,0.009692158550024033,2.4882762068882585,False,False
309,6.18,-0.11370205879211426,0.15342433750629425,4.817555904388428,0.29006657004356384,4.7197398089338094e-05,-4.787506986758672e-05,0.0011926779989153147,-0.00025263300631195307,-0.0046853963285684586,8.737640746403486e-05,-0.0002500052214600146,-0.0006219709757715464,0.0,0.0,5.0,0.26410799597197965,0.00013363361358642578,0.00013303756713867188,0.00013267993927001953,0.00013566017150878906,0.009692119434475899,2.4979683263227344,False,False
310,6.2,-0.11367814242839813,0.1534193903207779,4.817463397979736,0.290054053068161,4.221870403853245e-05,-4.6096301957732067e-05,0.0011984994634985924,-0.0002412485337117687,-0.004633011296391487,9.055629197973758e-05,-0.0002478035748936236,-0.0006222052033990622,0.0,0.0,5.0,0.264158741043098,0.0001342296600341797,0.0001289844512939453,0.0001347064971923828,0.00013148784637451172,0.00969208125025034,2.5076604075729847,False,False
311,6.22,-0.11365412175655365,0.15341468155384064,4.817371845245361,0.2900415360927582,3.7294576031854376e-05,-4.4264834286877885e-05,0.001203490304760635,-0.0002304815425304696,-0.004581185057759285,9.264024265576154e-05,-0.0002445506979711354,-0.0006213828455656767,0.0,0.0,5.0,0.26420894537771444,0.0001347064971923828,0.000125885009765625,0.00013625621795654297,0.00012826919555664062,0.00969204306602478,2.5173524506390095,False,False
312,6.24,-0.113630011677742,0.1534101814031601,4.817280292510986,0.2900291085243225,3.2443382224300876e-05,-4.24033532908652e-05,0.0012076647253707051,-0.00022033652930986136,-0.004529805853962898,9.355015936307609e-05,-0.0002405130653642118,-0.0006197749171406031,0.0,0.0,5.0,0.2642592568234933,0.00013506412506103516,0.00012540817260742188,0.00013756752014160156,0.00012671947479248047,0.009692004881799221,2.5270444555208087,False,False
313,6.26,-0.11360582709312439,0.15340587496757507,4.8171892166137695,0.2900168299674988,2.7675743694999255e-05,-4.0546081436332315e-05,0.0012110383249819279,-0.00021081219892948866,-0.004478452727198601,9.221422806149349e-05,-0.0002361974329687655,-0.0006179132033139467,0.0,0.0,5.0,0.26430934328238836,0.00013518333435058594,0.00012373924255371094,0.0001386404037475586,0.00012636184692382812,0.009691968560218811,2.5367364240810275,False,False
314,6.28,-0.1135815754532814,0.15340174734592438,4.81710147857666,0.29000455141067505,2.3019763830234297e-05,-3.870860018651001e-05,0.0012136275181546807,-0.0002019004023168236,-0.0044270846992731094,9.156505984719843e-05,-0.00022934930166229606,-0.000615699915215373,0.0,0.0,5.0,0.2643572195157079,0.00013434886932373047,0.00011849403381347656,0.00013947486877441406,0.00012111663818359375,0.009691933169960976,2.5464283572509885,False,False
315,6.3,-0.11355727910995483,0.15339778363704681,4.817013740539551,0.2899923026561737,1.8516182535677217e-05,-3.689915320137516e-05,0.0012154559371992946,-0.00019359008001629263,-0.004376748576760292,8.94055119715631e-05,-0.0002209602971561253,-0.0006125492509454489,0.0,0.0,5.0,0.26440519437965143,0.00013458728790283203,0.0001157522201538086,0.0001399517059326172,0.0001176595687866211,0.009691896848380566,2.556120254099369,False,False
316,6.32,-0.11353296041488647,0.15339399874210358,4.816926002502441,0.2899799942970276,1.4178976925904863e-05,-3.5144428693456575e-05,0.001216551405377686,-0.00018586455553304404,-0.004327027127146721,8.60864165588282e-05,-0.00021271378500387073,-0.0006087275687605143,0.0,0.0,5.0,0.26445328606465973,0.00013625621795654297,0.00011324882507324219,0.00014030933380126953,0.00011563301086425781,0.009691860526800156,2.565812114626169,False,False
317,6.34,-0.11350864171981812,0.15339036285877228,4.816839218139648,0.28996795415878296,9.995280379371252e-06,-3.3444506698288023e-05,0.0012169413967058063,-0.0001787036599125713,-0.0042775291949510574,8.392034942517057e-05,-0.00020561210112646222,-0.0006042744498699903,0.0,0.0,5.0,0.2645008264159474,0.00013494491577148438,0.00011265277862548828,0.00014030933380126953,0.00011515617370605469,0.00969182699918747,2.5755039416253567,False,False
318,6.36,-0.11348432302474976,0.15338686108589172,4.816755294799805,0.28995591402053833,5.9698368204408325e-06,-3.1802548619452864e-05,0.0012166512897238135,-0.00017208917415700853,-0.004228344187140465,8.028508455026895e-05,-0.00019689073087647557,-0.000599785940721631,0.0,0.0,5.0,0.26454648497017474,0.00013458728790283203,0.00010776519775390625,0.0001399517059326172,0.00011110305786132812,0.009691793471574783,2.5851957350969315,False,False
319,6.38,-0.1134600043296814,0.15338347852230072,4.816671371459961,0.28994399309158325,2.1275898234307533e-06,-3.0216971936170012e-05,0.0012157094897702336,-0.00016599979426246136,-0.004180071875452995,7.827787339920178e-05,-0.00018729473231360316,-0.0005945905577391386,0.0,0.0,5.0,0.26459223365107304,0.000133514404296875,0.00010657310485839844,0.0001399517059326172,0.0001081228256225586,0.009691759012639523,2.594887494109571,False,False
320,6.4,-0.11343569308519363,0.15338021516799927,4.816587448120117,0.2899322211742401,-1.5357877600763459e-06,-2.870339812943712e-05,0.001214148011058569,-0.00016041471099015325,-0.004132246598601341,7.307995110750198e-05,-0.0001790060050552711,-0.0005891344044357538,0.0,0.0,5.0,0.2646380756009813,0.00013363361358642578,0.00010418891906738281,0.00013947486877441406,0.00010752677917480469,0.009691725485026836,2.604579219594598,False,False
321,6.42,-0.11341143399477005,0.15337705612182617,4.816504955291748,0.28992047905921936,-5.010625045542838e-06,-2.7267979021416977e-05,0.0012119951425120234,-0.00015530816745012999,-0.0040847864001989365,7.04581179888919e-05,-0.00016844259516801685,-0.0005834808107465506,0.0,0.0,5.0,0.2646830295614573,0.00013327598571777344,0.00010204315185546875,0.00013887882232666016,0.00010418891906738281,0.0096916938200593,2.614270913414657,False,False
322,6.44,-0.11338721960783005,0.15337398648262024,4.81642484664917,0.2899089455604553,-8.30008320917841e-06,-2.5895047656376846e-05,0.001209283946081996,-0.00015065688057802618,-0.004037993028759956,6.682742241537198e-05,-0.0001604702410986647,-0.0005774043966084719,0.0,0.0,5.0,0.26472642147648584,0.0001316070556640625,9.810924530029297e-05,0.00013840198516845703,0.00010120868682861328,0.009691661223769188,2.6239625746384263,False,False
323,6.46,-0.11336306482553482,0.15337100625038147,4.816344738006592,0.28989747166633606,-1.1398698006814811e-05,-2.460286850691773e-05,0.0012060442240908742,-0.00014643750910181552,-0.003992034122347832,6.237922934815288e-05,-0.00014936002844478935,-0.000570864649489522,0.0,0.0,5.0,0.264769910078091,0.00013184547424316406,9.560585021972656e-05,0.00013744831085205078,9.775161743164062e-05,0.009691629558801651,2.633654204197228,False,False
324,6.48,-0.11333897709846497,0.15336813032627106,4.816264629364014,0.2898862063884735,-1.4302650924946647e-05,-2.338838021387346e-05,0.001202309038490057,-0.00014262317563407123,-0.003946701064705849,5.9054949815617874e-05,-0.00014100602129474282,-0.0005638094153255224,0.0,0.0,5.0,0.26481350711820895,0.00013005733489990234,9.691715240478516e-05,0.00013625621795654297,9.810924530029297e-05,0.00969159696251154,2.6433458011597395,False,False
325,6.5,-0.11331497877836227,0.15336529910564423,4.816185474395752,0.2898750305175781,-1.7039625163306482e-05,-2.225854404969141e-05,0.0011981078423559666,-0.00013918959302827716,-0.003901539370417595,5.3911007853457704e-05,-0.00013266352470964193,-0.0005571844521909952,0.0,0.0,5.0,0.2648565257048034,0.00012946128845214844,9.357929229736328e-05,0.00013518333435058594,9.715557098388672e-05,0.009691567160189152,2.6530373683199286,False,False
326,6.5200000000000005,-0.11329105496406555,0.15336255729198456,4.8161091804504395,0.2898639738559723,-1.9588494978961535e-05,-2.121182842529379e-05,0.0011934678768739104,-0.0001361101312795654,-0.0038569793105125427,5.074030559626408e-05,-0.00012219716154504567,-0.0005503266584128141,0.0,0.0,5.0,0.2648976606703374,0.0001283884048461914,8.96453857421875e-05,0.00013434886932373047,9.191036224365234e-05,0.00969153642654419,2.662728904746473,False,False
327,6.54,-0.11326723545789719,0.15335984528064728,4.816032886505127,0.28985312581062317,-2.1936026314506307e-05,-2.0242536265868694e-05,0.0011884223204106092,-0.00013335947005543858,-0.0038134902715682983,4.616646401700564e-05,-0.00011253125558141619,-0.0005428071599453688,0.0,0.0,5.0,0.2649388752531691,0.00012743473052978516,8.797645568847656e-05,0.00013267993927001953,9.000301361083984e-05,0.009691505692899227,2.672420410439372,False,False
328,6.5600000000000005,-0.11324352025985718,0.15335722267627716,4.8159565925598145,0.2898423373699188,-2.4105038392008282e-05,-1.9361805243534036e-05,0.0011830028379336,-0.0001309108192799613,-0.00377064011991024,4.188212551525794e-05,-0.00010434638534206897,-0.0005351405125111341,0.0,0.0,5.0,0.2649802038832714,0.00012803077697753906,8.749961853027344e-05,0.00013124942779541016,8.869171142578125e-05,0.009691474959254265,2.6821118853986263,False,False
329,6.58,-0.11321991682052612,0.15335460007190704,4.815880298614502,0.28983181715011597,-2.6148503820877522e-05,-1.8545011698734015e-05,0.001177234691567719,-0.00012874002277385443,-0.003728039562702179,3.977090091211721e-05,-9.997795859817415e-05,-0.0005272978451102972,0.0,0.0,5.0,0.2650215979242944,0.00012683868408203125,9.131431579589844e-05,0.00013017654418945312,9.000301361083984e-05,0.009691445156931877,2.691803330555558,False,False
330,6.6000000000000005,-0.11319643259048462,0.1533520668745041,4.815806865692139,0.2898213863372803,-2.812218008330092e-05,-1.7805716197472066e-05,0.0011711325496435165,-0.0001268302003154531,-0.0036851372569799423,3.4130509448004887e-05,-9.736821812111884e-05,-0.0005201699677854776,0.0,0.0,5.0,0.2650611240677296,0.00012624263763427734,8.606910705566406e-05,0.0001291036605834961,8.857250213623047e-05,0.009691416285932064,2.7014947468414903,False,False
331,6.62,-0.11317307502031326,0.15334956347942352,4.815734386444092,0.2898111045360565,-3.0017399694770575e-05,-1.7125843442045152e-05,0.0011647045612335205,-0.00012516183778643608,-0.0036430973559617996,3.3827516745077446e-05,-9.213334124069661e-05,-0.000512630445882678,0.0,0.0,5.0,0.2651000751942905,0.0001239776611328125,8.559226989746094e-05,0.00012826919555664062,8.547306060791016e-05,0.009691387414932251,2.7111861342564225,False,False
332,6.640000000000001,-0.11314984411001205,0.15334706008434296,4.815661907196045,0.2898010313510895,-3.181771171512082e-05,-1.6491572750965133e-05,0.001157965511083603,-0.00012372260971460491,-0.0036016590893268585,2.9568815079983324e-05,-8.787824481260031e-05,-0.0005051090847700834,0.0,0.0,5.0,0.26513909654600293,0.0001227855682373047,8.380413055419922e-05,0.00012731552124023438,8.52346420288086e-05,0.009691357612609863,2.7208774918690324,False,False
333,6.66,-0.11312675476074219,0.1533445566892624,4.815589427947998,0.2897909879684448,-3.3511991205159575e-05,-1.5936981071718037e-05,0.0011509297182783484,-0.00012249441351741552,-0.0035606510937213898,2.585774927865714e-05,-8.153104863595217e-05,-0.0004976142663508654,0.0,0.0,5.0,0.26517819441551016,0.0001226663589477539,8.237361907958984e-05,0.00012636184692382812,8.416175842285156e-05,0.00969132874161005,2.7305688206106424,False,False
334,6.68,-0.11310380697250366,0.153342142701149,4.815517902374268,0.2897810935974121,-3.507991277729161e-05,-1.5445904864463955e-05,0.0011436149943619967,-0.00012145678192609921,-0.0035199839621782303,2.3215807232190855e-05,-7.524485408794135e-05,-0.0004899019841104746,0.0,0.0,5.0,0.26521675705777564,0.00012171268463134766,8.177757263183594e-05,0.00012505054473876953,8.308887481689453e-05,0.009691301733255386,2.740260122343898,False,False
335,6.7,-0.11308100819587708,0.15333975851535797,4.815449237823486,0.28977131843566895,-3.653230669442564e-05,-1.5002029613242485e-05,0.0011360417120158672,-0.00012059236905770376,-0.003479721024632454,2.1135943825356662e-05,-6.997874879743904e-05,-0.0004823210183531046,0.0,0.0,5.0,0.26525342556897624,0.00011968612670898438,7.736682891845703e-05,0.00012373924255371094,7.975101470947266e-05,0.009691274724900723,2.7499513970687985,False,False
336,6.72,-0.11305836588144302,0.15333737432956696,4.815380573272705,0.2897616922855377,-3.7867575883865356e-05,-1.4594365893572103e-05,0.0011282284976914525,-0.00011988689220743254,-0.0034405160695314407,1.9594559489632957e-05,-6.353382195811719e-05,-0.000474205007776618,0.0,0.0,5.0,0.2652901754441408,0.00011801719665527344,7.748603820800781e-05,0.00012254714965820312,7.784366607666016e-05,0.009691247716546059,2.7596426447853446,False,False
337,6.74,-0.1130358874797821,0.15333499014377594,4.815311908721924,0.28975221514701843,-3.9085767639335245e-05,-1.4242152246879414e-05,0.0011201960733160377,-0.00011932609049836174,-0.0034017302095890045,1.5589956092298962e-05,-5.827132554259151e-05,-0.00046626455150544643,0.0,0.0,5.0,0.2653270097835364,0.00011754035949707031,7.545948028564453e-05,0.00012123584747314453,7.748603820800781e-05,0.00969121977686882,2.7693338645622134,False,False
338,6.76,-0.11301356554031372,0.15333260595798492,4.815243244171143,0.28974294662475586,-4.018639447167516e-05,-1.394528317177901e-05,0.0011119621340185404,-0.00011889165762113407,-0.003363361582159996,1.4059944987820927e-05,-5.177737330086529e-05,-0.0004581988323479891,0.0,0.0,5.0,0.26536392533727243,0.0001157522201538086,7.724761962890625e-05,0.00011968612670898438,7.772445678710938e-05,0.009691191837191582,2.779025056399405,False,False
339,6.78,-0.11299140751361847,0.1533302217721939,4.815176010131836,0.28973379731178284,-4.1164425056194887e-05,-1.3704015145776793e-05,0.0011035469360649586,-0.00011856781202368438,-0.003325149416923523,1.002929548121756e-05,-4.6013581595616415e-05,-0.00045067258179187775,0.0,0.0,5.0,0.26539992899661063,0.00011527538299560547,7.43865966796875e-05,0.000118255615234375,7.665157318115234e-05,0.009691166691482067,2.788716223090887,False,False
340,6.8,-0.11296942085027695,0.1533278375864029,4.81511116027832,0.28972485661506653,-4.202495256322436e-05,-1.3505720744433347e-05,0.00109496945515275,-0.00011833653843495995,-0.003287486732006073,9.762688932823949e-06,-4.002677815151401e-05,-0.0004430327098816633,0.0,0.0,5.0,0.26543435889085326,0.00011229515075683594,7.295608520507812e-05,0.0001169443130493164,7.343292236328125e-05,0.009691140614449978,2.798407363705337,False,False
341,6.82,-0.11294760555028915,0.15332545340061188,4.815046310424805,0.2897160053253174,-4.276672552805394e-05,-1.3362717254494783e-05,0.001086250296793878,-0.00011818479833891615,-0.0032507386058568954,4.499920578382444e-06,-3.413901504245587e-05,-0.00043529062531888485,0.0,0.0,5.0,0.26546887491290694,0.00011229515075683594,6.914138793945312e-05,0.00011515617370605469,7.212162017822266e-05,0.009691114537417889,2.808098478242755,False,False
342,6.84,-0.11292596906423569,0.15332306921482086,4.814981460571289,0.2897073030471802,-4.339279985288158e-05,-1.32720297187916e-05,0.0010774077381938696,-0.00011809267743956298,-0.0032147355377674103,4.531107151706237e-06,-2.8457161533879116e-05,-0.00042731850408017635,0.0,0.0,5.0,0.26550348015587844,0.000110626220703125,7.081031799316406e-05,0.00011396408081054688,7.140636444091797e-05,0.0096910884603858,2.8177895667031407,False,False
343,6.86,-0.11290451139211655,0.15332068502902985,4.814916610717773,0.28969886898994446,-4.3921925680479035e-05,-1.3213993042882066e-05,0.001068460289388895,-0.00011804842506535351,-0.0031788889318704605,1.2356625802567578e-06,-2.4444474547635764e-05,-0.0004196872469037771,0.0,0.0,5.0,0.26553817454117545,0.00010919570922851562,7.104873657226562e-05,0.00011205673217773438,7.283687591552734e-05,0.009691061452031136,2.827480628155172,False,False
344,6.88,-0.11288323253393173,0.15331830084323883,4.814852237701416,0.2896904945373535,-4.435485243448056e-05,-1.3199891327531077e-05,0.00105942296795547,-0.00011803816596511751,-0.0031432248651981354,1.3691581557395693e-07,-1.8837825336959213e-05,-0.0004124527331441641,0.0,0.0,5.0,0.265572625556439,0.00010824203491210938,7.200241088867188e-05,0.00011050701141357422,7.271766662597656e-05,0.009691037237644196,2.837171665392816,False,False
345,6.9,-0.11286213248968124,0.15331591665744781,4.814791202545166,0.2896822988986969,-4.4700896978611127e-05,-1.3208908967499156e-05,0.0010503120720386505,-0.0001180505205411464,-0.003107665106654167,-1.074820261237619e-06,-1.5755074855405837e-05,-0.0004055390600115061,0.0,0.0,5.0,0.26560483788006867,0.0001055002212524414,6.759166717529297e-05,0.00010895729064941406,6.99758529663086e-05,0.009691013023257256,2.8468626784160733,False,False
346,6.92,-0.11284121870994568,0.1533135324716568,4.814730167388916,0.28967422246932983,-4.4950127630727366e-05,-1.3239407053333707e-05,0.0010411420371383429,-0.00011807659757323563,-0.00307324156165123,-2.011661536016618e-06,-9.157810382021125e-06,-0.0003983285278081894,0.0,0.0,5.0,0.26563714114299347,0.00010406970977783203,6.699562072753906e-05,0.0001074075698852539,6.699562072753906e-05,0.009690988808870316,2.8565536672249436,False,False
347,6.94,-0.11282049119472504,0.15331114828586578,4.814669132232666,0.2896662652492523,-4.509367136051878e-05,-1.3319053323357366e-05,0.0010319320717826486,-0.0001181049010483548,-0.003039393573999405,-5.9885860537178814e-06,-5.186269845580682e-06,-0.00039106933400034904,0.0,0.0,5.0,0.26566953526805215,0.00010395050048828125,6.508827209472656e-05,0.00010538101196289062,6.699562072753906e-05,0.009690963663160801,2.8662446308881044,False,False
348,6.96,-0.11279994249343872,0.15330876410007477,4.814608097076416,0.2896585762500763,-4.51604209956713e-05,-1.3431909792416263e-05,0.0010226956801488996,-0.00011812012962764129,-0.0030059628188610077,-5.332056844054023e-06,-1.478414219491242e-06,-0.0003838343545794487,0.0,0.0,5.0,0.2657020170153833,0.00010144710540771484,6.80685043334961e-05,0.0001035928726196289,6.794929504394531e-05,0.009690938517451286,2.8759355694055557,False,False
349,6.98,-0.11277958005666733,0.15330637991428375,4.814547061920166,0.28965091705322266,-4.516242552199401e-05,-1.3573075193562545e-05,0.0010134457843378186,-0.00011811508011305705,-0.0029725972563028336,-8.819113645586185e-06,1.2878158486273605e-06,-0.0003774247597903013,0.0,0.0,5.0,0.26573458947345124,0.0001016855239868164,6.651878356933594e-05,0.00010180473327636719,6.890296936035156e-05,0.009690913371741772,2.8856264827772975,False,False
350,7.0,-0.11275940388441086,0.15330399572849274,4.814487934112549,0.28964343667030334,-4.511220322456211e-05,-1.37241786433151e-05,0.0010041914647445083,-0.00011807955161202699,-0.0029394421726465225,-6.325135018414585e-06,3.744145260498044e-06,-0.0003711264580488205,0.0,0.0,5.0,0.2657659211797469,9.894371032714844e-05,6.747245788574219e-05,0.00010061264038085938,6.747245788574219e-05,0.009690891019999981,2.8953173737972975,False,False
351,7.0200000000000005,-0.11273941397666931,0.15330161154270172,4.8144307136535645,0.2896360456943512,-4.5018539822194725e-05,-1.3869137546862476e-05,0.0009949422674253583,-0.00011801345681305975,-0.002906782552599907,-8.204029654734768e-06,5.632283318846021e-06,-0.00036509986966848373,0.0,0.0,5.0,0.2657960112577268,9.763240814208984e-05,6.270408630371094e-05,9.918212890625e-05,6.496906280517578e-05,0.009690867736935616,2.905008241534233,False,False
352,7.04,-0.11271961033344269,0.1532992273569107,4.81437349319458,0.2896287739276886,-4.485938552534208e-05,-1.402282123308396e-05,0.000985706690698862,-0.00011791183351306245,-0.0028750505298376083,-7.19711806596024e-06,1.0293205377820414e-05,-0.0003586264792829752,0.0,0.0,5.0,0.2658261907539051,9.620189666748047e-05,6.413459777832031e-05,9.763240814208984e-05,6.29425048828125e-05,0.00969084445387125,2.9146990859881043,False,False
353,7.0600000000000005,-0.11269998550415039,0.1532968431711197,4.814316272735596,0.2896216809749603,-4.464821904548444e-05,-1.4197586096997838e-05,0.0009764977730810642,-0.00011777019972214475,-0.002843722701072693,-1.0311061487300321e-05,1.083326424122788e-05,-0.00035239639692008495,0.0,0.0,5.0,0.2658564564378083,9.548664093017578e-05,6.23464584350586e-05,9.584426879882812e-05,6.401538848876953e-05,0.009690821170806885,2.9243899071589112,False,False
354,7.08,-0.11268054693937302,0.15329445898532867,4.814259052276611,0.2896146774291992,-4.441245619091205e-05,-1.4389572243089788e-05,0.0009673195891082287,-0.00011758053005905822,-0.002812683582305908,-8.918893399822991e-06,1.2752807379001752e-05,-0.0003463777247816324,0.0,0.0,5.0,0.26588681139790193,9.381771087646484e-05,6.4849853515625e-05,9.453296661376953e-05,6.437301635742188e-05,0.009690796956419945,2.934080704115331,False,False
355,7.1000000000000005,-0.11266129463911057,0.15329207479953766,4.814201831817627,0.28960782289505005,-4.4156731746625155e-05,-1.4574415217794012e-05,0.0009581776103004813,-0.0001173420314444229,-0.0027815792709589005,-9.595572009857278e-06,1.2829517800128087e-05,-0.0003409299533814192,0.0,0.0,5.0,0.2659172555627651,9.262561798095703e-05,6.496906280517578e-05,9.310245513916016e-05,6.592273712158203e-05,0.00969077367335558,2.9437714777886868,False,False
356,7.12,-0.11264222115278244,0.15328969061374664,4.814146518707275,0.28960105776786804,-4.389382229419425e-05,-1.4759232726646587e-05,0.0009490736410953104,-0.00011705383803928271,-0.0027506444603204727,-8.915997568692546e-06,1.347140823781956e-05,-0.0003358169924467802,0.0,0.0,5.0,0.26594645277445544,9.059906005859375e-05,6.330013275146484e-05,9.202957153320312e-05,6.473064422607422e-05,0.009690752252936363,2.953462230041623,False,False
357,7.140000000000001,-0.11262332648038864,0.15328730642795563,4.814093112945557,0.2895943224430084,-4.359245940577239e-05,-1.4938753338356037e-05,0.0009400113485753536,-0.00011671608808683231,-0.002720257267355919,-9.065285667020362e-06,1.667475044087041e-05,-0.000330744544044137,0.0,0.0,5.0,0.2659744022151751,9.012222290039062e-05,5.9723854064941406e-05,9.083747863769531e-05,6.0558319091796875e-05,0.009690730832517147,2.9631529608741403,False,False
358,7.16,-0.11260461807250977,0.1532849222421646,4.814039707183838,0.2895878255367279,-4.3244988773949444e-05,-1.5123418052098714e-05,0.0009309999295510352,-0.00011632598034339026,-0.002690836787223816,-9.42965652939165e-06,1.8080847439705394e-05,-0.00032505951821804047,0.0,0.0,5.0,0.26600243965481785,8.869171142578125e-05,5.996227264404297e-05,8.928775787353516e-05,6.031990051269531e-05,0.009690708480775356,2.9728436693549156,False,False
359,7.18,-0.11258608847856522,0.15328262746334076,4.813986301422119,0.2895813286304474,-4.286126568331383e-05,-1.5315898053813726e-05,0.000922046136111021,-0.00011588016786845401,-0.0026617050170898438,-9.84613234322751e-06,2.030125142482575e-05,-0.0003197053447365761,0.0,0.0,5.0,0.2660306133879921,8.845329284667969e-05,5.996227264404297e-05,8.7738037109375e-05,5.924701690673828e-05,0.009690686129033566,2.982534355483949,False,False
360,7.2,-0.11256773769855499,0.1532803624868393,4.8139328956604,0.28957507014274597,-4.2466428567422554e-05,-1.5513851394644007e-05,0.0009131554397754371,-0.00011537549289641902,-0.0026328731328248978,-9.975935427064542e-06,1.9191988030797802e-05,-0.0003143753856420517,0.0,0.0,5.0,0.2660588889926269,8.678436279296875e-05,6.186962127685547e-05,8.594989776611328e-05,6.175041198730469e-05,0.009690663777291775,2.992225019261241,False,False
361,7.22,-0.1125495657324791,0.15327809751033783,4.813879489898682,0.28956878185272217,-4.209577673464082e-05,-1.569982669025194e-05,0.0009043262107297778,-0.00011481252295197919,-0.0026038847863674164,-8.647784852655604e-06,1.7883188775158487e-05,-0.00030985078774392605,0.0,0.0,5.0,0.2660872492310242,8.559226989746094e-05,6.246566772460938e-05,8.487701416015625e-05,6.282329559326172e-05,0.00969064049422741,3.0019156597554684,False,False
362,7.24,-0.11253156512975693,0.15327583253383636,4.813826084136963,0.2895626425743103,-4.1739327571121976e-05,-1.5858198821661063e-05,0.0008955553639680147,-0.00011419643851695582,-0.002574935555458069,-7.2151665335695725e-06,1.777129727997817e-05,-0.00030564935877919197,0.0,0.0,5.0,0.26611569088888876,8.428096771240234e-05,6.365776062011719e-05,8.392333984375e-05,6.341934204101562e-05,0.009690620005130768,3.011606279760599,False,False
363,7.26,-0.11251374334096909,0.1532735675573349,4.81377649307251,0.2895565927028656,-4.139016164117493e-05,-1.6002384654711932e-05,0.0008868427248671651,-0.00011353229638189077,-0.0025461167097091675,-7.228459708130686e-06,1.715524194878526e-05,-0.0003018572460860014,0.0,0.0,5.0,0.266141547836341,8.26120376586914e-05,5.829334259033203e-05,8.296966552734375e-05,5.996227264404297e-05,0.009690600447356701,3.021296880207956,False,False
364,7.28,-0.11249609291553497,0.15327130258083344,4.813726902008057,0.2895506024360657,-4.1024224628927186e-05,-1.613018503121566e-05,0.0008781884098425508,-0.00011282211926300079,-0.002518434077501297,-5.5760938266757876e-06,1.9447961676632985e-05,-0.000297388294711709,0.0,0.0,5.0,0.2661674851509895,8.165836334228516e-05,5.805492401123047e-05,8.177757263183594e-05,5.7220458984375e-05,0.00969057995826006,3.030987460166216,False,False
365,7.3,-0.11247862130403519,0.15326903760433197,4.8136773109436035,0.2895447313785553,-4.0644077671458945e-05,-1.6250185581156984e-05,0.0008695984724909067,-0.00011206814087927341,-0.0024912096560001373,-6.448003205150599e-06,1.8576010916149244e-05,-0.0002928741741925478,0.0,0.0,5.0,0.26619350592345653,8.07046890258789e-05,5.698204040527344e-05,8.07046890258789e-05,5.7220458984375e-05,0.009690559469163418,3.0406780196353793,False,False
366,7.32,-0.11246131360530853,0.1532667726278305,4.81362771987915,0.2895389497280121,-4.027232716907747e-05,-1.6378966392949224e-05,0.0008610719814896584,-0.00011126954632345587,-0.0024642720818519592,-6.453500191128114e-06,1.8608141544973478e-05,-0.0002884841524064541,0.0,0.0,5.0,0.2662196037992452,7.987022399902344e-05,5.805492401123047e-05,7.963180541992188e-05,5.7816505432128906e-05,0.009690538048744202,3.0503685576841235,False,False
367,7.34,-0.11244417726993561,0.15326450765132904,4.813578128814697,0.28953316807746887,-3.9901966374600306e-05,-1.651591810514219e-05,0.0008526080055162311,-0.00011042544065276161,-0.002437438815832138,-7.264514351845719e-06,1.8437489416101016e-05,-0.00028439750894904137,0.0,0.0,5.0,0.26624578187033615,7.998943328857422e-05,5.6743621826171875e-05,7.867813110351562e-05,5.817413330078125e-05,0.009690516628324986,3.0600590743124485,False,False
368,7.36,-0.11242721229791641,0.15326234698295593,4.813528537750244,0.28952756524086,-3.953408668166958e-05,-1.6631251128274016e-05,0.0008442059624940157,-0.00010953547462122515,-0.0024107228964567184,-4.29105466537294e-06,1.8359622117714025e-05,-0.0002802757080644369,0.0,0.0,5.0,0.26627210011821906,7.808208465576172e-05,6.079673767089844e-05,7.748603820800781e-05,5.9485435485839844e-05,0.00969049520790577,3.0697495695203543,False,False
369,7.38,-0.11241041123867035,0.15326020121574402,4.813478946685791,0.2895220220088959,-3.918610673281364e-05,-1.6728441551094875e-05,0.0008358664344996214,-0.00010860624024644494,-0.002383798360824585,-5.449520813272102e-06,1.644771509745624e-05,-0.0002770016435533762,0.0,0.0,5.0,0.2662985038654542,7.796287536621094e-05,5.9604644775390625e-05,7.653236389160156e-05,6.115436553955078e-05,0.009690476581454277,3.0794400461018085,False,False
370,7.4,-0.11239377409219742,0.1532580554485321,4.8134331703186035,0.28951653838157654,-3.885375917889178e-05,-1.6803220205474645e-05,0.0008275850559584796,-0.00010764022590592504,-0.0023569390177726746,-2.049645900115138e-06,1.6796262571006082e-05,-0.00027385842986404896,0.0,0.0,5.0,0.2663223121556293,7.510185241699219e-05,5.6862831115722656e-05,7.56978988647461e-05,5.6624412536621094e-05,0.009690457955002785,3.0891305040568113,False,False
371,7.42,-0.11237730830907822,0.1532559096813202,4.813387393951416,0.2895110845565796,-3.851699875667691e-05,-1.6856258298503235e-05,0.000819363456685096,-0.00010664457659004256,-0.0023310594260692596,-3.2751638627814827e-06,1.6889161997823976e-05,-0.0002703815698623657,0.0,0.0,5.0,0.26634619954353883,7.49826431274414e-05,5.364418029785156e-05,7.486343383789062e-05,5.4717063903808594e-05,0.009690439328551292,3.0988209433853626,False,False
372,7.44,-0.11236100643873215,0.15325376391410828,4.8133416175842285,0.28950580954551697,-3.816857861238532e-05,-1.6900667105801404e-05,0.0008112028008326888,-0.00010561953240539879,-0.00230582058429718,-1.1859494861710118e-06,1.796123069652822e-05,-0.00026649516075849533,0.0,0.0,5.0,0.2663701628332994,7.355213165283203e-05,5.5670738220214844e-05,7.390975952148438e-05,5.364418029785156e-05,0.009690419770777225,3.10851136315614,False,False
373,7.46,-0.11234486103057861,0.15325161814689636,4.813295841217041,0.28950050473213196,-3.782709609367885e-05,-1.695539685897529e-05,0.0008031056495383382,-0.00010456724703544751,-0.0022807903587818146,-4.307028575567529e-06,1.619623799342662e-05,-0.0002629568334668875,0.0,0.0,5.0,0.2663941988322466,7.414817810058594e-05,5.257129669189453e-05,7.295608520507812e-05,5.447864532470703e-05,0.009690400213003159,3.118201763369143,False,False
374,7.48,-0.11232887953519821,0.1532495617866516,4.8132500648498535,0.28949522972106934,-3.749468669411726e-05,-1.7006770576699637e-05,0.0007950676372274756,-0.00010348419891670346,-0.0022559426724910736,-8.501375532432576e-07,1.7053840565495193e-05,-0.0002592364326119423,0.0,0.0,5.0,0.26641836206241065,7.283687591552734e-05,5.555152893066406e-05,7.224082946777344e-05,5.3882598876953125e-05,0.009690380655229092,3.127892144024372,False,False
375,7.5,-0.11231305450201035,0.15324753522872925,4.813204288482666,0.2894901931285858,-3.7177112972131e-05,-1.703947054920718e-05,0.0007870899862609804,-0.00010237599053652957,-0.0022310949862003326,-2.4382948140555527e-06,1.4712235497427173e-05,-0.00025587715208530426,0.0,0.0,5.0,0.266442615034681,7.176399230957031e-05,5.5670738220214844e-05,7.069110870361328e-05,5.6862831115722656e-05,0.00969036016613245,3.1375825041905046,False,False
376,7.5200000000000005,-0.11229738593101501,0.15324550867080688,4.8131585121154785,0.2894851565361023,-3.687623393489048e-05,-1.706286820990499e-05,0.0007791676907800138,-0.00010124399705091491,-0.002206169068813324,8.009534013808661e-08,1.5384744983748533e-05,-0.00025313091464340687,0.0,0.0,5.0,0.26646694055663916,7.104873657226562e-05,5.7816505432128906e-05,7.021427154541016e-05,5.638599395751953e-05,0.009690341539680958,3.1472728457301855,False,False
377,7.54,-0.11228188127279282,0.15324348211288452,4.813114643096924,0.2894801199436188,-3.658389687188901e-05,-1.706467264739331e-05,0.0007713015074841678,-0.00010009337711380795,-0.00218125618994236,-2.790174562505854e-07,1.3857812518835999e-05,-0.00025063171051442623,0.0,0.0,5.0,0.2664900041221615,7.033348083496094e-05,5.435943603515625e-05,6.961822509765625e-05,5.53131103515625e-05,0.009690324775874615,3.15696317050606,False,False
378,7.5600000000000005,-0.11226653307676315,0.15324145555496216,4.813072681427002,0.28947508335113525,-3.630752325989306e-05,-1.705758404568769e-05,0.0007634886424057186,-9.8926764621865e-05,-0.0021568797528743744,9.698854910311638e-07,1.3788217984256335e-05,-0.0002478356473147869,0.0,0.0,5.0,0.26651180194987706,6.937980651855469e-05,5.066394805908203e-05,6.914138793945312e-05,5.1975250244140625e-05,0.009690308012068272,3.1666534785181284,False,False
379,7.58,-0.11225134134292603,0.15323948860168457,4.81303071975708,0.28947025537490845,-3.601600110414438e-05,-1.7029324226314202e-05,0.0007557293283753097,-9.774761565495282e-05,-0.0021333787590265274,1.8387031559541356e-06,1.5372725101769902e-05,-0.0002444903366267681,0.0,0.0,5.0,0.2665337056635566,6.830692291259766e-05,5.1140785217285156e-05,6.794929504394531e-05,5.030632019042969e-05,0.009690290316939354,3.1763437688350677,False,False
380,7.6000000000000005,-0.11223631352186203,0.15323758125305176,4.812988758087158,0.2894654870033264,-3.571892375475727e-05,-1.6995139958453365e-05,0.0007480279309675097,-9.655788016971201e-05,-0.0021101906895637512,1.562725401527132e-06,1.4343300790642388e-05,-0.00024124188348650932,0.0,0.0,5.0,0.26655571834617764,6.771087646484375e-05,5.137920379638672e-05,6.699562072753906e-05,5.066394805908203e-05,0.009690272621810436,3.186034041456878,False,False
381,7.62,-0.11222141981124878,0.15323567390441895,4.812946796417236,0.289460688829422,-3.545045910868794e-05,-1.6963202142505907e-05,0.0007403821800835431,-9.535824210615829e-05,-0.002087041735649109,1.6142225831572432e-06,1.2511243767221458e-05,-0.0002381725935265422,0.0,0.0,5.0,0.26657779313357816,6.699562072753906e-05,5.0902366638183594e-05,6.628036499023438e-05,5.137920379638672e-05,0.009690254926681519,3.1957242963835597,False,False
382,7.640000000000001,-0.11220669001340866,0.15323376655578613,4.8129048347473145,0.2894558906555176,-3.52035385731142e-05,-1.6917021639528684e-05,0.0007327867206186056,-9.415097156306729e-05,-0.0020640231668949127,2.9871869173803134e-06,1.2189008884888608e-05,-0.00023528968449681997,0.0,0.0,5.0,0.26659994253106667,6.628036499023438e-05,5.0902366638183594e-05,6.568431854248047e-05,5.1140785217285156e-05,0.009690236300230026,3.2054145326837897,False,False
383,7.66,-0.11219210922718048,0.15323185920715332,4.812862873077393,0.28945133090019226,-3.49624824593775e-05,-1.685448660282418e-05,0.0007252403302118182,-9.294035407947376e-05,-0.002041161060333252,3.2502600788575364e-06,1.1924658792850096e-05,-0.00023246335331350565,0.0,0.0,5.0,0.26662216022261265,6.54458999633789e-05,5.2928924560546875e-05,6.508827209472656e-05,5.233287811279297e-05,0.009690217673778534,3.2151047503575683,False,False
384,7.68,-0.11217767745256424,0.15323001146316528,4.812820911407471,0.28944680094718933,-3.473598917480558e-05,-1.6795966075733304e-05,0.0007177418447099626,-9.172818681690842e-05,-0.0020181164145469666,2.586264827186824e-06,1.0733242561400402e-05,-0.00023014855105429888,0.0,0.0,5.0,0.2666444804191214,6.496906280517578e-05,5.257129669189453e-05,6.413459777832031e-05,5.4001808166503906e-05,0.009690199978649616,3.224794950336218,False,False
385,7.7,-0.11216340214014053,0.15322822332382202,4.812780380249023,0.2894422709941864,-3.4517841413617134e-05,-1.6717167454771698e-05,0.0007102881791070104,-9.051527740666643e-05,-0.001995110884308815,5.278053322399501e-06,1.1089440704381559e-05,-0.0002280614571645856,0.0,0.0,5.0,0.2666659018740983,6.35385513305664e-05,5.233287811279297e-05,6.35385513305664e-05,5.233287811279297e-05,0.009690185077488422,3.2344851354137063,False,False
386,7.72,-0.11214926838874817,0.15322643518447876,4.812742233276367,0.2894377112388611,-3.429637217777781e-05,-1.6611686078249477e-05,0.0007028813706710935,-8.930786862038076e-05,-0.0019724592566490173,5.25445011589909e-06,1.1065793842135463e-05,-0.00022595550399273634,0.0,0.0,5.0,0.2666857139739533,6.330013275146484e-05,4.744529724121094e-05,6.318092346191406e-05,4.863739013671875e-05,0.009690170176327229,3.2441753055900335,False,False
387,7.74,-0.11213528364896774,0.1532246470451355,4.812704086303711,0.28943318128585815,-3.406586984056048e-05,-1.6489648260176182e-05,0.000695522699970752,-8.810856525087729e-05,-0.0019507351098582149,6.934175871720072e-06,1.1992071449640207e-05,-0.00022313627414405346,0.0,0.0,5.0,0.2667055934705318,6.258487701416016e-05,4.7326087951660156e-05,6.270408630371094e-05,4.601478576660156e-05,0.00969015434384346,3.253865459933877,False,False
388,7.76,-0.11212144792079926,0.15322285890579224,4.812665939331055,0.28942885994911194,-3.383854709682055e-05,-1.636288288864307e-05,0.0006882151355966926,-8.69204304763116e-05,-0.0019295065430924296,5.7273628044640645e-06,1.0747544365585782e-05,-0.00022012903355062008,0.0,0.0,5.0,0.2667255403253256,6.186962127685547e-05,4.696846008300781e-05,6.210803985595703e-05,4.684925079345703e-05,0.009690137580037117,3.263555597513914,False,False
389,7.78,-0.11210775375366211,0.15322114527225494,4.812627792358398,0.2894245684146881,-3.3623797207837924e-05,-1.624832111701835e-05,0.0006809555925428867,-8.574242383474484e-05,-0.0019082518992945552,5.714564395020716e-06,1.0734709576354362e-05,-0.00021731492597609758,0.0,0.0,5.0,0.2667455941655282,6.091594696044922e-05,4.756450653076172e-05,6.115436553955078e-05,4.7206878662109375e-05,0.009690120816230774,3.273245718330145,False,False
390,7.8,-0.1120942085981369,0.15321947634220123,4.812589645385742,0.28942030668258667,-3.341193951200694e-05,-1.614380926184822e-05,0.0006737425574101508,-8.457341755274683e-05,-0.0018871406791731715,4.722342055174522e-06,1.045818135025911e-05,-0.00021474913228303194,0.0,0.0,5.0,0.2667657409572355,6.0677528381347656e-05,4.7206878662109375e-05,6.020069122314453e-05,4.792213439941406e-05,0.009690104983747005,3.282935823313892,False,False
391,7.82,-0.11208080500364304,0.15321780741214752,4.812551498413086,0.28941601514816284,-3.320034375065006e-05,-1.6033151041483507e-05,0.0006665749242529273,-8.34119418868795e-05,-0.001866094651632011,6.329488314804621e-06,1.0709160051192157e-05,-0.00021229416597634554,0.0,0.0,5.0,0.2667859518520979,6.0439109802246094e-05,4.839897155761719e-05,5.9723854064941406e-05,4.76837158203125e-05,0.009690088219940662,3.2926259115338326,False,False
392,7.84,-0.11206754297018051,0.1532161384820938,4.81251335144043,0.2894118130207062,-3.300432217656635e-05,-1.5914345567580312e-05,0.0006594531005248427,-8.226100180763751e-05,-0.0018450095085427165,5.5372906899719965e-06,8.89983039087383e-06,-0.00021008076146245003,0.0,0.0,5.0,0.2668062268142129,5.996227264404297e-05,4.7087669372558594e-05,5.900859832763672e-05,4.9114227294921875e-05,0.00969007145613432,3.302315982989967,False,False
393,7.86,-0.11205442249774933,0.1532144695520401,4.812475204467773,0.28940775990486145,-3.281385579612106e-05,-1.577811963215936e-05,0.0006523735355585814,-8.112221985356882e-05,-0.0018240296049043536,8.071870979620144e-06,1.0153587027161848e-05,-0.00020796444732695818,0.0,0.0,5.0,0.266826565807868,5.8770179748535156e-05,5.042552947998047e-05,5.8650970458984375e-05,4.947185516357422e-05,0.009690054692327976,3.312006037682295,False,False
394,7.88,-0.11204144358634949,0.15321284532546997,4.812438488006592,0.2894037067890167,-3.2624015148030594e-05,-1.5629715562681668e-05,0.0006453387322835624,-8.000032539712265e-05,-0.0018028923077508807,6.755424692528322e-06,8.837104360281955e-06,-0.0002063268329948187,0.0,0.0,5.0,0.26684598898033474,5.841255187988281e-05,4.696846008300781e-05,5.805492401123047e-05,4.875659942626953e-05,0.009690040722489357,3.321696078404784,False,False
395,7.9,-0.11202860623598099,0.1532112956047058,4.812404155731201,0.2893996834754944,-3.24343127431348e-05,-1.546863859402947e-05,0.0006383470608852804,-7.889576954767108e-05,-0.0017821992514654994,9.33922638068907e-06,1.014008103084052e-05,-0.00020437943749129772,0.0,0.0,5.0,0.2668638426294811,5.6743621826171875e-05,4.565715789794922e-05,5.7697296142578125e-05,4.506111145019531e-05,0.009690026752650738,3.331386105157435,False,False
396,7.92,-0.11201591044664383,0.15320974588394165,4.8123698234558105,0.28939563035964966,-3.2224437745753676e-05,-1.5296431229216978e-05,0.0006314026541076601,-7.781247404636815e-05,-0.001762264291755855,7.868595275795087e-06,1.085427629732294e-05,-0.0002021361142396927,0.0,0.0,5.0,0.2668817595434656,5.698204040527344e-05,4.2319297790527344e-05,5.698204040527344e-05,4.267692565917969e-05,0.009690013714134693,3.3410761188715696,False,False
397,7.94,-0.11200334876775742,0.1532081961631775,4.81233549118042,0.28939157724380493,-3.2001928047975525e-05,-1.513306506240042e-05,0.0006245080730877817,-7.674810331081972e-05,-0.00174285180401057,8.455009265162516e-06,1.1402978088881355e-05,-0.00019938242621719837,0.0,0.0,5.0,0.2668997365627415,5.650520324707031e-05,4.2438507080078125e-05,5.626678466796875e-05,4.184246063232422e-05,0.0096899988129735,3.350766117684543,False,False
398,7.96,-0.11199092864990234,0.15320664644241333,4.812301158905029,0.28938770294189453,-3.178342740284279e-05,-1.4966179151088e-05,0.000617664773017168,-7.570248999400064e-05,-0.0017236740095540881,8.221218195103575e-06,1.0453414688527118e-05,-0.00019666273146867752,0.0,0.0,5.0,0.2669177767822766,5.555152893066406e-05,4.315376281738281e-05,5.5670738220214844e-05,4.2557716369628906e-05,0.009689983911812305,3.3604561015963554,False,False
399,7.98,-0.11197864264249802,0.15320509672164917,4.812266826629639,0.2893838882446289,-3.1574960303260013e-05,-1.4806693798163906e-05,0.0006108705420047045,-7.467577961506322e-05,-0.0017044831765815616,7.71519717090996e-06,1.039939797919942e-05,-0.00019427528604865074,0.0,0.0,5.0,0.2669358770440053,5.507469177246094e-05,4.3392181396484375e-05,5.507469177246094e-05,4.303455352783203e-05,0.009689969010651112,3.3701460706070065,False,False
400,8.0,-0.11196649074554443,0.15320365130901337,4.812232494354248,0.28938013315200806,-3.1370698707178235e-05,-1.4655940503871534e-05,0.0006041241576895118,-7.366669160546735e-05,-0.0016852532280609012,7.348302915488603e-06,1.0032464160758536e-05,-0.0001919610658660531,0.0,0.0,5.0,0.2669540971791093,5.412101745605469e-05,4.398822784423828e-05,5.4001808166503906e-05,4.4345855712890625e-05,0.009689954109489918,3.3798360247164965,False,False
401,8.02,-0.1119544729590416,0.15320222079753876,4.812198162078857,0.28937628865242004,-3.116954758297652e-05,-1.4502264093607664e-05,0.000597424223087728,-7.267452019732445e-05,-0.0016660623950883746,8.0074169090949e-06,1.0088816452480387e-05,-0.000190119375474751,0.0,0.0,5.0,0.26697238583680094,5.435943603515625e-05,4.374980926513672e-05,5.364418029785156e-05,4.410743713378906e-05,0.00968993827700615,3.3895259629935026,False,False
402,8.040000000000001,-0.1119425967335701,0.15320079028606415,4.812163829803467,0.2893725037574768,-3.097804437857121e-05,-1.4325845768325962e-05,0.0005907707381993532,-7.170168100856245e-05,-0.0016469507245346904,9.622723155189306e-06,9.067170140042435e-06,-0.00018824671860784292,0.0,0.0,5.0,0.2669907375581226,5.352497100830078e-05,4.4345855712890625e-05,5.340576171875e-05,4.4465065002441406e-05,0.009689923375844955,3.3992158863693476,False,False
403,8.06,-0.11193084716796875,0.15319935977458954,4.812129497528076,0.28936874866485596,-3.0796574719715863e-05,-1.413308837072691e-05,0.0005841625388711691,-7.075342728057876e-05,-0.0016278120456263423,9.6414441941306e-06,9.085847523238044e-06,-0.00018652307335287333,0.0,0.0,5.0,0.2670091460645804,5.364418029785156e-05,4.410743713378906e-05,5.316734313964844e-05,4.482269287109375e-05,0.009689909406006336,3.408905795775354,False,False
404,8.08,-0.11191923171281815,0.15319792926311493,4.812097549438477,0.28936514258384705,-3.061032111872919e-05,-1.393141155858757e-05,0.0005775996251031756,-6.983165076235309e-05,-0.0016087525291368365,1.0515024769119918e-05,9.545015927869827e-06,-0.00018486054614186287,0.0,0.0,5.0,0.26702593672660263,5.2094459533691406e-05,4.2438507080078125e-05,5.269050598144531e-05,4.267692565917969e-05,0.009689897298812866,3.4185956930741668,False,False
405,8.1,-0.11190774291753769,0.15319649875164032,4.812067031860352,0.2893616259098053,-3.040457158931531e-05,-1.3724556993111037e-05,0.0005710846744477749,-6.893777754157782e-05,-0.001590254600159824,1.0159681551158428e-05,1.1035474017262459e-05,-0.00018298160284757614,0.0,0.0,5.0,0.2670417770095854,5.078315734863281e-05,4.0531158447265625e-05,5.2094459533691406e-05,3.9577484130859375e-05,0.009689885191619396,3.428285578265786,False,False
406,8.120000000000001,-0.11189638823270798,0.15319512784481049,4.812036514282227,0.2893580496311188,-3.0180110115907155e-05,-1.3548342394642532e-05,0.0005646212957799435,-6.806890451116487e-05,-0.0015724225668236613,7.450958946719766e-06,1.1415671906434e-05,-0.00018089322838932276,0.0,0.0,5.0,0.2670577107257687,5.137920379638672e-05,3.6716461181640625e-05,5.14984130859375e-05,3.814697265625e-05,0.009689873084425926,3.437975451350212,False,False
407,8.14,-0.11188516020774841,0.15319381654262543,4.812005996704102,0.28935450315475464,-2.993237467308063e-05,-1.3379739357333165e-05,0.0005582108278758824,-6.721810495946556e-05,-0.0015551390824839473,9.398660040460527e-06,1.3363329344429076e-05,-0.00017825688701123,0.0,0.0,5.0,0.2670737347191359,5.066394805908203e-05,3.898143768310547e-05,5.078315734863281e-05,3.6716461181640625e-05,0.009689860045909882,3.447665311396122,False,False
408,8.16,-0.111874058842659,0.15319250524044037,4.811975479125977,0.2893509566783905,-2.9689728762605228e-05,-1.3216609659139067e-05,0.0005518576363101602,-6.638575723627582e-05,-0.0015379608375951648,6.903914254507981e-06,1.0906212992267683e-05,-0.00017581344582140446,0.0,0.0,5.0,0.2670898147696373,5.054473876953125e-05,3.695487976074219e-05,4.982948303222656e-05,3.8623809814453125e-05,0.009689846076071262,3.4573551574721932,False,False
409,8.18,-0.11186308413743973,0.1531911939382553,4.811944961547852,0.2893475294113159,-2.9465561965480447e-05,-1.304822762904223e-05,0.0005455563659779727,-6.55699404887855e-05,-0.0015208347467705607,9.923829566105269e-06,1.1515196092659608e-05,-0.00017353228759020567,0.0,0.0,5.0,0.2671059508513562,4.9114227294921875e-05,3.993511199951172e-05,4.9591064453125e-05,3.790855407714844e-05,0.009689833037555218,3.4670449905097485,False,False
410,8.2,-0.1118522360920906,0.15318988263607025,4.811914443969727,0.2893442213535309,-2.9247355996631086e-05,-1.2879404494015034e-05,0.0005393072497099638,-6.477507849922404e-05,-0.0015036434633657336,6.948281679797219e-06,1.0310109246347565e-05,-0.00017157953698188066,0.0,0.0,5.0,0.26712214293852704,4.9114227294921875e-05,3.802776336669922e-05,4.887580871582031e-05,3.9458274841308594e-05,0.009689819999039173,3.4767348105087876,False,False
411,8.22,-0.11184150725603104,0.1531885713338852,4.811883926391602,0.28934088349342346,-2.902345840993803e-05,-1.2722224710159935e-05,0.0005331074353307486,-6.399742414942011e-05,-0.0014865434495732188,8.759986485529225e-06,1.2084106856491417e-05,-0.0001696757972240448,0.0,0.0,5.0,0.26713838788623784,4.8160552978515625e-05,4.029273986816406e-05,4.851818084716797e-05,3.8623809814453125e-05,0.009689806029200554,3.486424616537988,False,False
412,8.24,-0.11183091253042221,0.15318726003170013,4.811853408813477,0.2893376052379608,-2.8797951017622836e-05,-1.2570221770147327e-05,0.0005269600078463554,-6.323727575363591e-05,-0.001469378243200481,6.430731900763931e-06,1.0470550478203222e-05,-0.0001680031418800354,0.0,0.0,5.0,0.26715469190810676,4.8279762268066406e-05,3.826618194580078e-05,4.780292510986328e-05,4.029273986816406e-05,0.00968979299068451,3.4961144095286727,False,False
413,8.26,-0.11182043701410294,0.15318596363067627,4.811822891235352,0.2893342971801758,-2.8572727387654595e-05,-1.2412472642608918e-05,0.0005208621732890606,-6.249223952181637e-05,-0.001452382537536323,9.334996320831124e-06,1.2056322702846956e-05,-0.0001664402661845088,0.0,0.0,5.0,0.26717105728447865,4.756450653076172e-05,4.0650367736816406e-05,4.780292510986328e-05,3.933906555175781e-05,0.00968977902084589,3.5058041885495186,False,False
414,8.28,-0.11181008070707321,0.15318477153778076,4.811792373657227,0.28933098912239075,-2.8344646125333384e-05,-1.2238680028531235e-05,0.0005148173659108579,-6.176652095746249e-05,-0.001435360754840076,8.03451348474482e-06,1.0755803486972582e-05,-0.00016501406207680702,0.0,0.0,5.0,0.2671875352489059,4.8041343688964844e-05,3.921985626220703e-05,4.7206878662109375e-05,4.076957702636719e-05,0.00968976691365242,3.515493955463171,False,False
415,8.3,-0.11179984360933304,0.15318357944488525,4.811764717102051,0.2893275022506714,-2.8126363758929074e-05,-1.204304408020107e-05,0.0005088240141049027,-6.106140790507197e-05,-0.0014182607410475612,1.1518394785525743e-05,1.107534899347229e-05,-0.0001636127708479762,0.0,0.0,5.0,0.2672020504604891,4.7206878662109375e-05,3.600120544433594e-05,4.744529724121094e-05,3.5881996154785156e-05,0.0096897566691041,3.525183712132275,False,False
416,8.32,-0.11178972572088242,0.15318238735198975,4.811738014221191,0.28932419419288635,-2.789618883980438e-05,-1.1816686310339719e-05,0.0005028847372159362,-6.038432911736891e-05,-0.0014020492089912295,1.1107059435744304e-05,1.1944760444748681e-05,-0.00016153196338564157,0.0,0.0,5.0,0.26721594612033445,4.649162292480469e-05,3.361701965332031e-05,4.696846008300781e-05,3.325939178466797e-05,0.009689746424555779,3.534873458556831,False,False
417,8.34,-0.11177972704172134,0.15318119525909424,4.811711311340332,0.28932100534439087,-2.7655352823785506e-05,-1.1596621334319934e-05,0.0004970022710040212,-5.973602310405113e-05,-0.0013864383799955249,1.0889479199249763e-05,1.2141509614593815e-05,-0.0001590334577485919,0.0,0.0,5.0,0.2672298939783943,4.565715789794922e-05,3.337860107421875e-05,4.6253204345703125e-05,3.24249267578125e-05,0.009689735248684883,3.5445631938055158,False,False
418,8.36,-0.11176984757184982,0.15318000316619873,4.811684608459473,0.2893178164958954,-2.7409798349253833e-05,-1.1394446119084023e-05,0.0004911774303764105,-5.911443440709263e-05,-0.0013711674837395549,9.318534466729034e-06,1.2416366189427208e-05,-0.00015662983059883118,0.0,0.0,5.0,0.2672438940131155,4.601478576660156e-05,3.24249267578125e-05,4.589557647705078e-05,3.1828880310058594e-05,0.009689724072813988,3.5542529178783298,False,False
419,8.38,-0.11176008731126785,0.15317881107330322,4.811657905578613,0.2893146276473999,-2.717045572353527e-05,-1.1216563507332467e-05,0.00048540934221819043,-5.851493187947199e-05,-0.0013560139341279864,8.460313438263256e-06,1.1520438420120627e-05,-0.00015407311730086803,0.0,0.0,5.0,0.2672579462030783,4.5418739318847656e-05,3.2067298889160156e-05,4.5299530029296875e-05,3.24249267578125e-05,0.009689712896943092,3.563942630775273,False,False
420,8.4,-0.11175043135881424,0.15317761898040771,4.811631202697754,0.28931140899658203,-2.693995884328615e-05,-1.1041500329156406e-05,0.0004796949797309935,-5.7935092627303675e-05,-0.0013408864615485072,9.036569281306583e-06,1.1531607015058398e-05,-0.0001516452757641673,0.0,0.0,5.0,0.26727204429659807,4.482269287109375e-05,3.230571746826172e-05,4.506111145019531e-05,3.1948089599609375e-05,0.009689701721072197,3.573632332496345,False,False
421,8.42,-0.11174089461565018,0.1531764268875122,4.8116044998168945,0.2893083393573761,-2.671567017387133e-05,-1.0871522135857958e-05,0.00047403352800756693,-5.737544415751472e-05,-0.001325928489677608,7.9523215390509e-06,1.0899369954131544e-05,-0.00014927017036825418,0.0,0.0,5.0,0.26728619450464275,4.458427429199219e-05,3.218650817871094e-05,4.470348358154297e-05,3.3020973205566406e-05,0.009689689613878727,3.5833220221102238,False,False
422,8.44,-0.11173146963119507,0.1531752347946167,4.811577796936035,0.2893053889274597,-2.6491681637708098e-05,-1.0706743523769546e-05,0.00046842306619510055,-5.683437120751478e-05,-0.0013108662096783519,8.517023161402903e-06,1.1501710105221719e-05,-0.0001469518756493926,0.0,0.0,5.0,0.26730039369183617,4.303455352783203e-05,3.4332275390625e-05,4.410743713378906e-05,3.3855438232421875e-05,0.009689677506685257,3.593011699616909,False,False
423,8.46,-0.11172215640544891,0.15317411720752716,4.811551094055176,0.2893024682998657,-2.625051638460718e-05,-1.0551533705438487e-05,0.00046286513679660857,-5.631121530313976e-05,-0.0012957778526470065,6.995548119448358e-06,1.261712077393895e-05,-0.0001451871357858181,0.0,0.0,5.0,0.2673146845311534,4.3392181396484375e-05,3.4332275390625e-05,4.3511390686035156e-05,3.421306610107422e-05,0.009689666330814362,3.6027013659477234,False,False
424,8.48,-0.11171294748783112,0.1531730443239212,4.811524391174316,0.28929948806762695,-2.5991415895987302e-05,-1.041078576236032e-05,0.00045736233005300164,-5.580157085205428e-05,-0.001280663418583572,7.070788797136629e-06,1.3295050848682877e-05,-0.00014349317643791437,0.0,0.0,5.0,0.2673290468057838,4.3392181396484375e-05,3.3974647521972656e-05,4.291534423828125e-05,3.3974647521972656e-05,0.009689654223620892,3.6123910201713443,False,False
425,8.5,-0.11170385777950287,0.15317197144031525,4.811497688293457,0.28929653763771057,-2.5729073968250304e-05,-1.0265667697240133e-05,0.0004519167705439031,-5.530397538677789e-05,-0.0012656793696805835,7.432825896103168e-06,1.2941322893311735e-05,-0.00014178897254168987,0.0,0.0,5.0,0.2673434611065826,4.279613494873047e-05,3.4689903259277344e-05,4.220008850097656e-05,3.4809112548828125e-05,0.009689642116427422,3.6220806622877717,False,False
426,8.52,-0.11169487237930298,0.1531708985567093,4.811470985412598,0.2892935872077942,-2.5468645617365837e-05,-1.0110788025485817e-05,0.00044652860378846526,-5.4819785873405635e-05,-0.0012506040511652827,8.04712726676371e-06,1.3103547644277569e-05,-0.00014036265201866627,0.0,0.0,5.0,0.2673579211876758,4.279613494873047e-05,3.4689903259277344e-05,4.1961669921875e-05,3.4809112548828125e-05,0.009689630940556526,3.6317702932283282,False,False
427,8.540000000000001,-0.11168599873781204,0.15316982567310333,4.811445236206055,0.2892906367778778,-2.5208737497450784e-05,-9.940231393557042e-06,0.00044119852827861905,-5.435129423858598e-05,-0.0012355548096820712,9.000459613162093e-06,1.288906696572667e-05,-0.00013896962627768517,0.0,0.0,5.0,0.2673717575963885,4.2438507080078125e-05,3.361701965332031e-05,4.172325134277344e-05,3.3736228942871094e-05,0.00968962162733078,3.641459914855659,False,False
428,8.56,-0.11167722940444946,0.15316875278949738,4.811422348022461,0.28928786516189575,-2.4950744773377664e-05,-9.748616321303416e-06,0.00043592715519480407,-5.390205842559226e-05,-0.001220858539454639,1.015356792777311e-05,1.2912037163914647e-05,-0.00013744400348514318,0.0,0.0,5.0,0.26738362183182807,4.017353057861328e-05,3.0994415283203125e-05,4.1484832763671875e-05,3.0279159545898438e-05,0.009689612314105034,3.651149527169764,False,False
429,8.58,-0.11166855692863464,0.15316767990589142,4.811399459838867,0.28928518295288086,-2.4686269171070307e-05,-9.564456377120223e-06,0.0004307155031710863,-5.347462501958944e-05,-0.0012068933574482799,8.254892236436717e-06,1.3537236554839183e-05,-0.00013553246390074492,0.0,0.0,5.0,0.2673955282411215,3.9458274841308594e-05,2.8967857360839844e-05,4.088878631591797e-05,2.86102294921875e-05,0.009689603932201862,3.660839131101966,False,False
430,8.6,-0.11165999621152878,0.15316660702228546,4.811376571655273,0.2892824709415436,-2.4406945158261806e-05,-9.42120277613867e-06,0.00042556406697258353,-5.306338789523579e-05,-0.00119345064740628,6.063274668122176e-06,1.4396876395039726e-05,-0.00013339880388230085,0.0,0.0,5.0,0.26740748303141415,3.933906555175781e-05,2.7298927307128906e-05,4.017353057861328e-05,2.765655517578125e-05,0.009689593687653542,3.6705287247896194,False,False
431,8.620000000000001,-0.11165153980255127,0.1531655341386795,4.81135368347168,0.2892797589302063,-2.4103617761284113e-05,-9.310831046605017e-06,0.00042047403985634446,-5.2659881475847214e-05,-0.0011803478701040149,4.966859705746174e-06,1.5937343050609343e-05,-0.0001310996012762189,0.0,0.0,5.0,0.2674194830747582,3.933906555175781e-05,2.6702880859375e-05,3.9458274841308594e-05,2.682209014892578e-05,0.009689584374427795,3.6802183091640472,False,False
432,8.64,-0.11164317280054092,0.15316446125507355,4.811330795288086,0.2892770767211914,-2.3778553440934047e-05,-9.212249096890446e-06,0.0004154489724896848,-5.2258241339586675e-05,-0.001167493755929172,4.884528607362881e-06,1.657071516092401e-05,-0.00012872600927948952,0.0,0.0,5.0,0.26743152213446064,3.910064697265625e-05,2.777576446533203e-05,3.886222839355469e-05,2.658367156982422e-05,0.00968957506120205,3.6899078842252493,False,False
433,8.66,-0.11163491755723953,0.1531633883714676,4.811307907104492,0.2892743647098541,-2.3468954168492928e-05,-9.123485142481513e-06,0.0004104899417143315,-5.185649933991954e-05,-0.0011546266032382846,3.985004241258139e-06,1.4390372598427348e-05,-0.00012654252350330353,0.0,0.0,5.0,0.2674436095268078,3.8504600524902344e-05,2.682209014892578e-05,3.8504600524902344e-05,2.777576446533203e-05,0.009689564816653728,3.699597449041903,False,False
434,8.68,-0.1116267591714859,0.15316231548786163,4.811285018920898,0.28927189111709595,-2.3168915504356846e-05,-9.031475201481953e-06,0.0004055922036059201,-5.145426621311344e-05,-0.001141798566095531,5.209700702835107e-06,1.5615041775163263e-05,-0.00012444076128304005,0.0,0.0,5.0,0.2674557390156693,3.695487976074219e-05,2.956390380859375e-05,3.802776336669922e-05,2.7894973754882812e-05,0.009689554572105408,3.7092870036140084,False,False
435,8.700000000000001,-0.11161869019269943,0.15316124260425568,4.811262130737305,0.28926944732666016,-2.286208837176673e-05,-8.953397809818853e-06,0.00040075715514831245,-5.105224045109935e-05,-0.0011289444519206882,2.592035116322222e-06,1.506921398686245e-05,-0.00012280524242669344,0.0,0.0,5.0,0.26746790747720695,3.695487976074219e-05,2.8252601623535156e-05,3.731250762939453e-05,2.872943878173828e-05,0.009689544327557087,3.7189765479415655,False,False
436,8.72,-0.11161072552204132,0.15316016972064972,4.811239242553711,0.289266973733902,-2.255411891383119e-05,-8.902434274205007e-06,0.0003959829919040203,-5.064478682470508e-05,-0.0011161424918100238,2.4983971798064886e-06,1.572895416757092e-05,-0.00012122606858611107,0.0,0.0,5.0,0.26748012111577835,3.647804260253906e-05,2.8371810913085938e-05,3.695487976074219e-05,2.872943878173828e-05,0.009689534083008766,3.7286660820245743,False,False
437,8.74,-0.11160285025835037,0.1531592160463333,4.811216354370117,0.2892645299434662,-2.222692819486838e-05,-8.852213795762509e-06,0.00039127093623392284,-5.0229155021952465e-05,-0.0011034709168598056,2.5177712359436555e-06,1.6991420125123113e-05,-0.0001197013771161437,0.0,0.0,5.0,0.26749244195495386,3.6716461181640625e-05,2.956390380859375e-05,3.612041473388672e-05,2.8848648071289062e-05,0.009689523838460445,3.7383556058630347,False,False
438,8.76,-0.11159507185220718,0.1531582623720169,4.811193466186523,0.2892620861530304,-2.1898973500356078e-05,-8.803113814792596e-06,0.00038662401493638754,-4.9804362788563594e-05,-0.0010907863033935428,2.3864643026172416e-06,1.5805322618689388e-05,-0.00011838553473353386,0.0,0.0,5.0,0.26750480482633265,3.647804260253906e-05,2.944469451904297e-05,3.552436828613281e-05,2.9802322387695312e-05,0.009689513593912125,3.748045119456947,False,False
439,8.78,-0.11158739030361176,0.1531573086977005,4.81117057800293,0.2892596423625946,-2.158955430786591e-05,-8.738646101846825e-06,0.0003820400743279606,-4.937164339935407e-05,-0.0010780495358631015,4.0547861317463685e-06,1.5138068192754872e-05,-0.00011722638737410307,0.0,0.0,5.0,0.26751720971563864,3.612041473388672e-05,3.0517578125e-05,3.540515899658203e-05,3.0040740966796875e-05,0.00968950241804123,3.757734621874988,False,False
440,8.8,-0.1115797907114029,0.1531563550233841,4.811147689819336,0.2892571687698364,-2.1299505533534102e-05,-8.657762009534054e-06,0.0003775170771405101,-4.8936009989120066e-05,-0.0010652606142684817,4.027946033602348e-06,1.3868086170987226e-05,-0.00011620955774560571,0.0,0.0,5.0,0.26752965039378923,3.612041473388672e-05,2.956390380859375e-05,3.504753112792969e-05,3.075599670410156e-05,0.009689492173492908,3.767424114048481,False,False
441,8.82,-0.11157228797674179,0.1531554013490677,4.811124801635742,0.28925472497940063,-2.1019819541834295e-05,-8.549194717488717e-06,0.00037305220030248165,-4.850114055443555e-05,-0.001052536885254085,6.823609510320239e-06,1.4102146451477893e-05,-0.00011523714056238532,0.0,0.0,5.0,0.2675421330629939,3.5643577575683594e-05,3.147125244140625e-05,3.504753112792969e-05,3.039836883544922e-05,0.009689483791589737,3.7771135978400707,False,False
442,8.84,-0.11156486719846725,0.15315444767475128,4.811104774475098,0.28925225138664246,-2.076092096103821e-05,-8.415456250077114e-06,0.000368645996786654,-4.807431832887232e-05,-0.001039656694047153,6.544752977788448e-06,1.1789075870183297e-05,-0.000114469847176224,0.0,0.0,5.0,0.2675526315730673,3.4809112548828125e-05,2.586841583251953e-05,3.516674041748047e-05,2.753734588623047e-05,0.00968947634100914,3.78680307418108,False,False
443,8.86,-0.11155753582715988,0.15315349400043488,4.8110857009887695,0.28925004601478577,-2.0515195501502603e-05,-8.268149940704461e-06,0.0003642940428107977,-4.7659304982516915e-05,-0.0010277301771566272,8.180802979040891e-06,1.2784710634150542e-05,-0.00011291430564597249,0.0,0.0,5.0,0.267562495307683,3.266334533691406e-05,2.6226043701171875e-05,3.4928321838378906e-05,2.491474151611328e-05,0.009689468890428543,3.7964925430715084,False,False
444,8.88,-0.11155029386281967,0.15315254032611847,4.811066627502441,0.2892478406429291,-2.0246690837666392e-05,-8.148167580657173e-06,0.0003599982301238924,-4.725730468635447e-05,-0.0010162078542634845,3.812477643805323e-06,1.4066893527342472e-05,-0.00011139013804495335,0.0,0.0,5.0,0.2675723975161227,3.349781036376953e-05,2.2411346435546875e-05,3.409385681152344e-05,2.3603439331054688e-05,0.009689461439847946,3.8061820045113564,False,False
445,8.9,-0.11154313385486603,0.15315158665180206,4.811047554016113,0.28924560546875,-1.9938835976063274e-05,-8.068321221799124e-06,0.0003557610616553575,-4.68572361569386e-05,-0.0010051688877865672,4.1672474253573455e-06,1.6719521227059886e-05,-0.00010934873716905713,0.0,0.0,5.0,0.26758233508104123,3.314018249511719e-05,2.384185791015625e-05,3.325939178466797e-05,2.193450927734375e-05,0.00968945398926735,3.8158714585006237,False,False
446,8.92,-0.11153606325387955,0.15315063297748566,4.811028480529785,0.2892434000968933,-1.962278656719718e-05,-8.003262337297201e-06,0.00035158818354830146,-4.6453787945210934e-05,-0.0009942481992766261,2.334008740945137e-06,1.4886258213664405e-05,-0.00010738242417573929,0.0,0.0,5.0,0.2675923110974225,3.218650817871094e-05,2.288818359375e-05,3.254413604736328e-05,2.288818359375e-05,0.009689445607364178,3.825560904107988,False,False
447,8.94,-0.11152906715869904,0.15314967930316925,4.811009407043457,0.2892411947250366,-1.932219493028242e-05,-7.959307367855217e-06,0.00034747575409710407,-4.604323839885183e-05,-0.0009835882810875773,2.0569239040924003e-06,1.5174204236245714e-05,-0.00010557175846770406,0.0,0.0,5.0,0.2676023193434969,3.2067298889160156e-05,2.288818359375e-05,3.2067298889160156e-05,2.2411346435546875e-05,0.009689437225461006,3.835250341333449,False,False
448,8.96,-0.11152216047048569,0.15314872562885284,4.810990333557129,0.28923898935317993,-1.9022101696464233e-05,-7.921504220576026e-06,0.00034342234721407294,-4.5623590267496184e-05,-0.0009729806915856898,1.7189393020089483e-06,1.4836199625278823e-05,-0.00010375434067100286,0.0,0.0,5.0,0.26761236601956906,3.1828880310058594e-05,2.288818359375e-05,3.159046173095703e-05,2.2649765014648438e-05,0.00968942977488041,3.8449397711083293,False,False
449,8.98,-0.1115153357386589,0.15314777195453644,4.810971260070801,0.28923681378364563,-1.8724886103882454e-05,-7.881306373747066e-06,0.0003394271479919553,-4.519426875049248e-05,-0.0009624516242183745,2.2967160475673154e-06,1.4886571079841815e-05,-0.0001021198695525527,0.0,0.0,5.0,0.26762244800981355,3.159046173095703e-05,2.3603439331054688e-05,3.147125244140625e-05,2.2411346435546875e-05,0.009689420461654663,3.854629191569984,False,False
450,9.0,-0.11150858551263809,0.15314681828022003,4.810952186584473,0.28923484683036804,-1.8439586710883304e-05,-7.85340216680197e-06,0.00033548937062732875,-4.4755764974979684e-05,-0.0009518704027868807,4.895915139968565e-07,1.3644485079566948e-05,-0.00010052643483504653,0.0,0.0,5.0,0.26763256219969966,3.075599670410156e-05,2.3603439331054688e-05,3.075599670410156e-05,2.4080276489257812e-05,0.009689412079751492,3.8643186036497355,False,False
451,9.02,-0.11150191724300385,0.15314596891403198,4.8109331130981445,0.28923287987709045,-1.8163653294323012e-05,-7.840892976673786e-06,0.0003316049696877599,-4.430500484886579e-05,-0.0009412761428393424,7.574649316666182e-07,1.3950009815744124e-05,-9.922421304509044e-05,0.0,0.0,5.0,0.2676427713693055,3.0159950256347656e-05,2.5033950805664062e-05,3.0040740966796875e-05,2.491474151611328e-05,0.00968940369784832,3.8740080073475838,False,False
452,9.040000000000001,-0.11149532347917557,0.15314513444900513,4.810914039611816,0.2892308831214905,-1.7884651242638938e-05,-7.825691682228353e-06,0.0003277736250311136,-4.384134444990195e-05,-0.0009306558058597147,7.588828339066822e-07,1.3951414075563662e-05,-9.829335613176227e-05,0.0,0.0,5.0,0.2676530212402834,3.0159950256347656e-05,2.467632293701172e-05,2.9325485229492188e-05,2.491474151611328e-05,0.009689394384622574,3.8836974017322063,False,False
453,9.06,-0.11148880422115326,0.15314429998397827,4.810894966125488,0.2892289459705353,-1.760373379511293e-05,-7.79916354076704e-06,0.0003239958896301687,-4.336547135608271e-05,-0.0009201397770084441,1.8904071339420625e-06,1.4141163774183951e-05,-9.73503920249641e-05,0.0,0.0,5.0,0.26766330327657095,2.9802322387695312e-05,2.5987625122070312e-05,2.8848648071289062e-05,2.491474151611328e-05,0.009689386002719402,3.8933867877349257,False,False
454,9.08,-0.11148235946893692,0.15314346551895142,4.81087589263916,0.2892269790172577,-1.7343507352052256e-05,-7.761303095321637e-06,0.00032027193810790777,-4.288042327971198e-05,-0.0009095194400288165,1.8918236719400738e-06,1.1882350008818321e-05,-9.661930380389094e-05,0.0,0.0,5.0,0.2676736174690177,2.9087066650390625e-05,2.5391578674316406e-05,2.849102020263672e-05,2.5987625122070312e-05,0.00968937762081623,3.903076165355742,False,False
455,9.1,-0.11147599667310715,0.15314263105392456,4.810856819152832,0.2892249822616577,-1.7109332475229166e-05,-7.706927135586739e-06,0.0003165965317748487,-4.238958717905916e-05,-0.0008989903726615012,3.542187641869532e-06,1.1536174497450702e-05,-9.605399100109935e-05,0.0,0.0,5.0,0.26768396691129176,2.9087066650390625e-05,2.574920654296875e-05,2.86102294921875e-05,2.5510787963867188e-05,0.009689368307590485,3.9127655336633325,False,False
456,9.120000000000001,-0.11146970093250275,0.1531417965888977,4.810837745666504,0.2892230451107025,-1.6888714526430704e-05,-7.633337190782186e-06,0.0003129678370896727,-4.1898143535945565e-05,-0.0008883961127139628,3.813193643509294e-06,1.0526380719966255e-05,-9.548192610964179e-05,0.0,0.0,5.0,0.26769434538851805,2.9087066650390625e-05,2.562999725341797e-05,2.86102294921875e-05,2.6106834411621094e-05,0.009689359925687313,3.9224548935890198,False,False
457,9.14,-0.11146347969770432,0.15314096212387085,4.810818672180176,0.2892211079597473,-1.668104960117489e-05,-7.5470834417501464e-06,0.00030938375857658684,-4.14093847211916e-05,-0.0008777366601862013,4.808722678717459e-06,1.0241104973829351e-05,-9.497185237705708e-05,0.0,0.0,5.0,0.26770475599476595,2.8848648071289062e-05,2.5987625122070312e-05,2.86102294921875e-05,2.5987625122070312e-05,0.009689350612461567,3.9321442442014813,False,False
458,9.16,-0.11145732551813126,0.153140127658844,4.810799598693848,0.28921908140182495,-1.647894714551512e-05,-7.447930784110213e-06,0.0003058434813283384,-4.0926643123384565e-05,-0.000867142400238663,5.102958766656229e-06,9.970272003556602e-06,-9.446404874324799e-05,0.0,0.0,5.0,0.267715195619208,2.9325485229492188e-05,2.574920654296875e-05,2.86102294921875e-05,2.586841583251953e-05,0.009689342230558395,3.9418335864320397,False,False
459,9.18,-0.11145123839378357,0.15313929319381714,4.810781002044678,0.28921714425086975,-1.6289041013806127e-05,-7.33649267203873e-06,0.000302346219541505,-4.0452276152791455e-05,-0.0008564959862269461,6.0375859902706e-06,9.021370715345256e-06,-9.389873594045639e-05,0.0,0.0,5.0,0.267725327241608,2.86102294921875e-05,2.574920654296875e-05,2.86102294921875e-05,2.5987625122070312e-05,0.009689335711300373,3.95152292214334,False,False
460,9.200000000000001,-0.11144522577524185,0.15313845872879028,4.810765743255615,0.28921517729759216,-1.6108317140606232e-05,-7.215778168756515e-06,0.00029889013967476785,-3.9989605284063146e-05,-0.000845927803311497,6.030459189787507e-06,9.051893357536756e-06,-9.34151466935873e-05,0.0,0.0,5.0,0.2677331317105221,2.777576446533203e-05,2.0265579223632812e-05,2.872943878173828e-05,2.1457672119140625e-05,0.0096893310546875,3.9612122531980276,False,False
461,9.22,-0.1114392802119255,0.15313762426376343,4.810750484466553,0.28921324014663696,-1.5902536688372493e-05,-7.089215614541899e-06,0.000295476260362193,-3.953942359657958e-05,-0.0008363654487766325,6.622547061851947e-06,1.1527472452144139e-05,-9.203836089000106e-05,0.0,0.0,5.0,0.267740964868931,2.753734588623047e-05,1.9669532775878906e-05,2.8371810913085938e-05,1.7762184143066406e-05,0.009689325466752052,3.9709015786647797,False,False
462,9.24,-0.11143340170383453,0.15313678979873657,4.81073522567749,0.289211243391037,-1.567868639540393e-05,-6.986777407291811e-06,0.0002921103732660413,-3.909991937689483e-05,-0.0008274042629636824,3.618015398387797e-06,1.085847725335043e-05,-9.034725371748209e-05,0.0,0.0,5.0,0.26774882670984973,2.8252601623535156e-05,1.609325408935547e-05,2.7894973754882812e-05,1.71661376953125e-05,0.00968931894749403,3.9805908976122737,False,False
463,9.26,-0.11142759025096893,0.1531359702348709,4.810719966888428,0.2892095446586609,-1.5459292626474053e-05,-6.898969786561793e-06,0.00028879090677946806,-3.866472980007529e-05,-0.0008187043131329119,5.159903139428934e-06,1.1081892807851546e-05,-8.820986840873957e-05,0.0,0.0,5.0,0.26775672574863735,2.562999725341797e-05,1.990795135498047e-05,2.7179718017578125e-05,1.7762184143066406e-05,0.009689312428236008,3.9902802100405097,False,False
464,9.28,-0.1114218458533287,0.1531352549791336,4.810704708099365,0.2892078161239624,-1.5249254829541314e-05,-6.833322913735174e-06,0.00028551716241054237,-3.823368751909584e-05,-0.0008099126280285418,1.4019652780916658e-06,9.923187462845817e-06,-8.678517770022154e-05,0.0,0.0,5.0,0.267764713109539,2.6226043701171875e-05,1.7762184143066406e-05,2.6345252990722656e-05,1.8596649169921875e-05,0.009689305908977985,3.9999695159494877,False,False
465,9.3,-0.11141616851091385,0.1531345397233963,4.810689449310303,0.2892060875892639,-1.504419014963787e-05,-6.7990217758051585e-06,0.00028228448354639113,-3.779958569793962e-05,-0.0008013430633582175,2.02544924832182e-06,1.0584331903373823e-05,-8.52558296173811e-05,0.0,0.0,5.0,0.26777272912749206,2.5510787963867188e-05,1.919269561767578e-05,2.574920654296875e-05,1.8358230590820312e-05,0.009689299389719963,4.009658815339208,False,False
466,9.32,-0.11141055077314377,0.153133824467659,4.81067419052124,0.2892043888568878,-1.4835318324912805e-05,-6.7688256422115956e-06,0.00027909292839467525,-3.7360456190072e-05,-0.0007927474216558039,9.914436986946384e-07,1.030372004606761e-05,-8.392927702516317e-05,0.0,0.0,5.0,0.2677807706958337,2.5153160095214844e-05,1.895427703857422e-05,2.5033950805664062e-05,1.8835067749023438e-05,0.00968929287046194,4.01934810820967,False,False
467,9.34,-0.11140500009059906,0.1531331092119217,4.810658931732178,0.28920263051986694,-1.4631943486165255e-05,-6.7460073296388146e-06,0.0002759415947366506,-3.691442543640733e-05,-0.00078424351522699,1.2875719903604477e-06,1.0034786100732163e-05,-8.280080510303378e-05,0.0,0.0,5.0,0.2677888409080872,2.5153160095214844e-05,1.8715858459472656e-05,2.4557113647460938e-05,1.8715858459472656e-05,0.009689286351203918,4.0290373945608735,False,False
468,9.36,-0.11139950901269913,0.1531323939561844,4.810643672943115,0.28920093178749084,-1.4440843187912833e-05,-6.710606157867005e-06,0.00027282920200377703,-3.6462366551859304e-05,-0.0007759221480228007,2.2500867089547683e-06,9.076107744476758e-06,-8.161657024174929e-05,0.0,0.0,5.0,0.26779693665816345,2.467632293701172e-05,1.9431114196777344e-05,2.4437904357910156e-05,1.8835067749023438e-05,0.009689279831945896,4.038726674392819,False,False
469,9.38,-0.11139408499002457,0.15313167870044708,4.810628414154053,0.28919920325279236,-1.4259006093197968e-05,-6.6705274548439775e-06,0.0002697539166547358,-3.600741547415964e-05,-0.0007675095112062991,1.7551396922499407e-06,9.108536687563173e-06,-8.061825064942241e-05,0.0,0.0,5.0,0.26780506103916474,2.5272369384765625e-05,1.8715858459472656e-05,2.4199485778808594e-05,1.8596649169921875e-05,0.009689273312687874,4.048415947705507,False,False
470,9.4,-0.11138872057199478,0.15313096344470978,4.81061315536499,0.28919750452041626,-1.4088690477365162e-05,-6.623514309467282e-06,0.0002667145454324782,-3.5550045140553266e-05,-0.0007591620669700205,2.9436746444844175e-06,7.923836164991371e-06,-7.941585499793291e-05,0.0,0.0,5.0,0.26781321094556987,2.4437904357910156e-05,1.990795135498047e-05,2.396106719970703e-05,1.9431114196777344e-05,0.009689265862107277,4.0581052135676146,False,False
471,9.42,-0.11138341575860977,0.15313024818897247,4.810597896575928,0.2891957461833954,-1.3946183571533766e-05,-6.567769105458865e-06,0.00026370803243480623,-3.509380258037709e-05,-0.0007506842375732958,2.628411721161683e-06,6.327778010017937e-06,-7.854815339669585e-05,0.0,0.0,5.0,0.26782138637146696,2.4557113647460938e-05,1.8715858459472656e-05,2.396106719970703e-05,2.002716064453125e-05,0.009689259342849255,4.067794472910464,False,False
472,9.44,-0.11137817054986954,0.15312953293323517,4.810582637786865,0.2891942262649536,-1.3805081835016608e-05,-6.493466571555473e-06,0.000260730623267591,-3.4641143429325894e-05,-0.0007423107163049281,4.7995067689043935e-06,7.783129149174783e-06,-7.763085886836052e-05,0.0,0.0,5.0,0.2678295873109774,2.3484230041503906e-05,2.193450927734375e-05,2.384185791015625e-05,1.9669532775878906e-05,0.009689251892268658,4.0774837248027325,False,False
473,9.46,-0.11137298494577408,0.15312881767749786,4.810567378997803,0.2891927659511566,-1.3674543879460543e-05,-6.429352197301341e-06,0.0002577844716142863,-3.419527638470754e-05,-0.0007337541901506484,1.6097540083137574e-06,5.271431746223243e-06,-7.711187936365604e-05,0.0,0.0,5.0,0.26783781375825577,2.3365020751953125e-05,1.990795135498047e-05,2.3484230041503906e-05,2.193450927734375e-05,0.00968924444168806,4.0871729692444205,False,False
474,9.48,-0.1113678589463234,0.15312810242176056,4.81055212020874,0.28919127583503723,-1.354752566840034e-05,-6.375161319738254e-06,0.00025486398953944445,-3.3752185117919e-05,-0.0007251715869642794,3.8072150800871896e-06,7.431214726238977e-06,-7.668026955798268e-05,0.0,0.0,5.0,0.26784606570748987,2.288818359375e-05,2.1696090698242188e-05,2.3484230041503906e-05,2.0503997802734375e-05,0.009689237922430038,4.096862207166851,False,False
475,9.5,-0.11136279255151749,0.15312738716602325,4.810536861419678,0.28918978571891785,-1.3405942809185944e-05,-6.322227818600368e-06,0.00025197287322953343,-3.3312848245259374e-05,-0.0007166676805354655,1.4840015865047462e-06,6.727812433382496e-06,-7.630843902006745e-05,0.0,0.0,5.0,0.26785434315290074,2.3126602172851562e-05,2.002716064453125e-05,2.3245811462402344e-05,2.1696090698242188e-05,0.009689230471849442,4.1065514376387,False,False
476,9.52,-0.11135778576135635,0.15312667191028595,4.810521602630615,0.28918832540512085,-1.3250405572762247e-05,-6.277564352785703e-06,0.0002491110935807228,-3.2873595046112314e-05,-0.0007081898511387408,2.9801701657561352e-06,8.826695193420164e-06,-7.590639870613813e-05,0.0,0.0,5.0,0.2678626460887426,2.288818359375e-05,2.1696090698242188e-05,2.300739288330078e-05,2.0742416381835938e-05,0.009689223021268845,4.116240660659969,False,False
477,9.540000000000001,-0.1113528311252594,0.1531260460615158,4.810506343841553,0.28918683528900146,-1.3082564692012966e-05,-6.23227606411092e-06,0.0002462832781020552,-3.24344182445202e-05,-0.0006996989832259715,1.5466026752619655e-06,7.958171408972703e-06,-7.560796802863479e-05,0.0,0.0,5.0,0.2678710225208017,2.3245811462402344e-05,2.0623207092285156e-05,2.2530555725097656e-05,2.193450927734375e-05,0.009689215570688248,4.125929876230657,False,False
478,9.56,-0.11134793609380722,0.15312545001506805,4.81049108505249,0.28918540477752686,-1.2917254025524016e-05,-6.176712304295506e-06,0.00024348878650926054,-3.199420098098926e-05,-0.0006911820382811129,4.007757070212392e-06,8.573477316531353e-06,-7.534888572990894e-05,0.0,0.0,5.0,0.2678794414643464,2.2649765014648438e-05,2.300739288330078e-05,2.2411346435546875e-05,2.1576881408691406e-05,0.00968920812010765,4.135619084350765,False,False
479,9.58,-0.11134309321641922,0.1531248539686203,4.810475826263428,0.28918391466140747,-1.2765109204337932e-05,-6.103047326178057e-06,0.00024072891392279416,-3.15577162837144e-05,-0.0006825081654824317,3.3567225727892946e-06,6.6416450863471255e-06,-7.529190042987466e-05,0.0,0.0,5.0,0.2678878827801697,2.2411346435546875e-05,2.1576881408691406e-05,2.205371856689453e-05,2.276897430419922e-05,0.009689201600849628,4.145308285951614,False,False
480,9.6,-0.111338309943676,0.15312425792217255,4.810460567474365,0.2891824245452881,-1.2621984751604032e-05,-6.019944066792959e-06,0.0002380001387791708,-3.112715421593748e-05,-0.0006739125237800181,4.951583377987845e-06,7.67144410929177e-06,-7.531623123213649e-05,0.0,0.0,5.0,0.26789634955980596,2.2649765014648438e-05,2.2649765014648438e-05,2.193450927734375e-05,2.193450927734375e-05,0.009689194150269032,4.154997480101883,False,False
481,9.620000000000001,-0.11133357882499695,0.1531236618757248,4.810446262359619,0.2891809642314911,-1.2487273124861531e-05,-5.921143383602612e-06,0.00023530368343926966,-3.070593811571598e-05,-0.0006652256124652922,4.926501787849702e-06,5.800511644338258e-06,-7.531751180067658e-05,0.0,0.0,5.0,0.2679041639348882,2.205371856689453e-05,2.0384788513183594e-05,2.205371856689453e-05,2.1696090698242188e-05,0.009689190424978733,4.164686670526862,False,False
482,9.64,-0.11132889986038208,0.15312306582927704,4.810434818267822,0.2891795039176941,-1.2355931175989099e-05,-5.807632533105789e-06,0.00023263698676601052,-3.029689469258301e-05,-0.0006569172837771475,6.422667865990661e-06,7.33433807909023e-06,-7.512734737247229e-05,0.0,0.0,5.0,0.267909976220061,2.086162567138672e-05,1.7404556274414062e-05,2.181529998779297e-05,1.6808509826660156e-05,0.009689186699688435,4.174375857226551,False,False
483,9.66,-0.11132427304983139,0.15312246978282928,4.810423374176025,0.2891780138015747,-1.2205018720123917e-05,-5.6888638937380165e-06,0.00023000367218628526,-2.9902457754360512e-05,-0.0006495104753412306,5.452197001432069e-06,7.757654202578124e-06,-7.431523408740759e-05,0.0,0.0,5.0,0.26791581062205,2.110004425048828e-05,1.4543533325195312e-05,2.1576881408691406e-05,1.4424324035644531e-05,0.009689182043075562,4.184065039269626,False,False
484,9.68,-0.11131969839334488,0.15312187373638153,4.8104119300842285,0.2891765534877777,-1.2041557965858374e-05,-5.5884383982629515e-06,0.00022740584972780198,-2.9520097086788155e-05,-0.000642626138869673,4.588588126352988e-06,8.58919429447269e-06,-7.303763413801789e-05,0.0,0.0,5.0,0.26792166713670823,2.110004425048828e-05,1.3828277587890625e-05,2.1219253540039062e-05,1.2755393981933594e-05,0.009689178317785263,4.193754217587411,False,False
485,9.700000000000001,-0.11131517589092255,0.15312127768993378,4.810400485992432,0.28917503356933594,-1.188592523249099e-05,-5.512414190889103e-06,0.00022484395594801754,-2.9145654480089433e-05,-0.0006360295810736716,3.0118865197437117e-06,6.974812094995286e-06,-7.163506234064698e-05,0.0,0.0,5.0,0.26792754575991423,2.1219253540039062e-05,1.1920928955078125e-05,2.0742416381835938e-05,1.2874603271484375e-05,0.00968917366117239,4.203443391248584,False,False
486,9.72,-0.11131070554256439,0.15312068164348602,4.810389041900635,0.28917360305786133,-1.1737832210201304e-05,-5.437528670881875e-06,0.0002223138726549223,-2.8776174076483585e-05,-0.0006296551437117159,4.474918114283355e-06,7.835113137844019e-06,-7.007259409874678e-05,0.0,0.0,5.0,0.26793344648757184,2.0623207092285156e-05,1.430511474609375e-05,2.0623207092285156e-05,1.2159347534179688e-05,0.009689169004559517,4.213132560253143,False,False
487,9.74,-0.11130628734827042,0.15312008559703827,4.810377597808838,0.28917211294174194,-1.1603974598983768e-05,-5.371227871364681e-06,0.00021981574536766857,-2.8413009204086848e-05,-0.0006230846629478037,2.1534749521379126e-06,5.551331923925318e-06,-6.874825339764357e-05,0.0,0.0,5.0,0.26793936931561013,2.086162567138672e-05,1.1563301086425781e-05,2.0384788513183594e-05,1.2636184692382812e-05,0.009689164347946644,4.22282172460109,False,False
488,9.76,-0.11130192130804062,0.15311948955059052,4.810366153717041,0.28917062282562256,-1.1489508324302733e-05,-5.307368155627046e-06,0.00021734363690484315,-2.8053980713593774e-05,-0.0006167884566821158,4.230782451486448e-06,5.895801223232411e-06,-6.714282790198922e-05,0.0,0.0,5.0,0.26794531423998363,2.002716064453125e-05,1.3589859008789062e-05,2.0384788513183594e-05,1.2278556823730469e-05,0.00968915969133377,4.232510884292424,False,False
489,9.78,-0.1112975999712944,0.15311889350414276,4.810354709625244,0.2891692519187927,-1.1383134733478073e-05,-5.2399236665223725e-06,0.00021489689243026078,-2.7702079023583792e-05,-0.0006103874766267836,2.5120612008322496e-06,4.74212720291689e-06,-6.582756759598851e-05,0.0,0.0,5.0,0.2679512781619613,1.990795135498047e-05,1.2874603271484375e-05,2.014636993408203e-05,1.3232231140136719e-05,0.009689155034720898,4.242200039327145,False,False
490,9.8,-0.11129332333803177,0.153118297457695,4.810343265533447,0.28916803002357483,-1.1285722393949982e-05,-5.192366188566666e-06,0.00021247212134767324,-2.7355172278475948e-05,-0.0006040260777808726,2.242261416540714e-06,4.9997042879113e-06,-6.447703344747424e-05,0.0,0.0,5.0,0.26795726107811174,1.8835067749023438e-05,1.4424324035644531e-05,1.9669532775878906e-05,1.4066696166992188e-05,0.00968914944678545,4.25188918877393,False,False
491,9.82,-0.11128909140825272,0.15311770141124725,4.81033182144165,0.28916680812835693,-1.1184808499820065e-05,-5.155997769179521e-06,0.00021006846509408206,-2.7010913981939666e-05,-0.0005975859821774065,1.3930915656601428e-06,5.09228402734152e-06,-6.355892401188612e-05,0.0,0.0,5.0,0.26796326298502243,1.811981201171875e-05,1.4424324035644531e-05,1.919269561767578e-05,1.4424324035644531e-05,0.009689144790172577,4.261578333564103,False,False
492,9.84,-0.11128491908311844,0.15311716496944427,4.8103203773498535,0.28916558623313904,-1.1072769666498061e-05,-5.1382644414843526e-06,0.0002076860109809786,-2.6666177291190252e-05,-0.0005912506603635848,3.788004221405572e-07,6.112180471973261e-06,-6.280199158936739e-05,0.0,0.0,5.0,0.26796932412557634,1.8835067749023438e-05,1.4185905456542969e-05,1.9073486328125e-05,1.430511474609375e-05,0.00968913920223713,4.27126747276634,False,False
493,9.86,-0.11128079146146774,0.15311668813228607,4.810308933258057,0.28916433453559875,-1.0950184332614299e-05,-5.130703812028514e-06,0.00020532643247861415,-2.631700408528559e-05,-0.0005847975262440741,3.758293303235405e-07,6.1468758758564945e-06,-6.198481423780322e-05,0.0,0.0,5.0,0.26797543830468273,1.8477439880371094e-05,1.430511474609375e-05,1.8358230590820312e-05,1.4662742614746094e-05,0.009689134545624256,4.280956607311964,False,False
494,9.88,-0.11127670854330063,0.15311621129512787,4.81029748916626,0.28916314244270325,-1.0829541679413524e-05,-5.120189598528668e-06,0.0002029902971116826,-2.5962566724047065e-05,-0.0005784361273981631,6.742197911080439e-07,5.9178796618652996e-06,-6.125238724052906e-05,0.0,0.0,5.0,0.26798157146011037,1.7881393432617188e-05,1.5020370483398438e-05,1.7881393432617188e-05,1.5020370483398438e-05,0.009689128957688808,4.290645736269653,False,False
495,9.9,-0.1112726703286171,0.15311573445796967,4.810286045074463,0.2891618609428406,-1.0711479262681678e-05,-5.106603566673584e-06,0.0002006772847380489,-2.560377470217645e-05,-0.0005721008055843413,6.829250196460634e-07,5.888910436624428e-06,-6.0769496485590935e-05,0.0,0.0,5.0,0.26798772358851314,1.8477439880371094e-05,1.3828277587890625e-05,1.7642974853515625e-05,1.4543533325195312e-05,0.009689124301075935,4.300334860570729,False,False
496,9.92,-0.11126867681741714,0.15311525762081146,4.810274600982666,0.2891606390476227,-1.0596691936370917e-05,-5.082732513983501e-06,0.0001983871916308999,-2.5241522962460294e-05,-0.0005658306763507426,1.702825898064475e-06,5.5903487918840256e-06,-6.0012564063072205e-05,0.0,0.0,5.0,0.2679938946865635,1.811981201171875e-05,1.5020370483398438e-05,1.728534698486328e-05,1.52587890625e-05,0.009689118713140488,4.310023979283869,False,False
497,9.94,-0.11126473546028137,0.15311478078365326,4.810263156890869,0.2891594469547272,-1.0497495168237947e-05,-5.0420571824361105e-06,0.00019611947936937213,-2.4879122065613046e-05,-0.0005595605471171439,2.3634772787772818e-06,4.329814601078397e-06,-5.9535144828259945e-05,0.0,0.0,5.0,0.2680000878441862,1.7642974853515625e-05,1.5139579772949219e-05,1.728534698486328e-05,1.5974044799804688e-05,0.009689114056527615,4.319713093340397,False,False
498,9.96,-0.11126083880662918,0.15311430394649506,4.810251712799072,0.2891581952571869,-1.0404555723653175e-05,-4.969214387529064e-06,0.00019387222710065544,-2.452120497764554e-05,-0.0005531726055778563,4.919440925732488e-06,4.964590971212601e-06,-5.916686495766044e-05,0.0,0.0,5.0,0.2680062999644974,1.728534698486328e-05,1.6450881958007812e-05,1.7404556274414062e-05,1.4901161193847656e-05,0.009689108468592167,4.329402201808989,False,False
499,9.98,-0.11125697940587997,0.15311382710933685,4.810240268707275,0.289156973361969,-1.0324655704607721e-05,-4.890198852081085e-06,0.0001916468027047813,-2.4173763449653052e-05,-0.0005468372837640345,2.9808454655722016e-06,3.025991873073508e-06,-5.8913457905873656e-05,0.0,0.0,5.0,0.26801252795135405,1.800060272216797e-05,1.4424324035644531e-05,1.7404556274414062e-05,1.5854835510253906e-05,0.00968910288065672,4.339091304689646,False,False
500,10.0,-0.11125316470861435,0.15311335027217865,4.8102288246154785,0.2891557514667511,-1.0259039299853612e-05,-4.806633114640135e-06,0.00018943860777653754,-2.3836320906411856e-05,-0.0005405410774983466,5.374449756345712e-06,3.5360801575734513e-06,-5.8447010815143585e-05,0.0,0.0,5.0,0.2680187748947371,1.7523765563964844e-05,1.633167266845703e-05,1.7642974853515625e-05,1.5497207641601562e-05,0.009689097292721272,4.348780401982367,False,False
501,10.02,-0.1112494021654129,0.15311287343502045,4.810217380523682,0.2891544997692108,-1.0191017281613313e-05,-4.7150106183835305e-06,0.0001872484281193465,-2.3512679035775363e-05,-0.0005340618663467467,3.786562729146681e-06,3.2666459901520284e-06,-5.811316077597439e-05,0.0,0.0,5.0,0.2680250438839315,1.8477439880371094e-05,1.4543533325195312e-05,1.7523765563964844e-05,1.5854835510253906e-05,0.009689092636108398,4.358469494618475,False,False
502,10.040000000000001,-0.11124567687511444,0.15311239659786224,4.810205936431885,0.2891533076763153,-1.0124355867446866e-05,-4.611941221810412e-06,0.00018507582717575133,-2.320213934581261e-05,-0.000527687428984791,6.5191984504053835e-06,3.4000315736193443e-06,-5.7568016927689314e-05,0.0,0.0,5.0,0.26803132873050717,1.7404556274414062e-05,1.704692840576172e-05,1.7642974853515625e-05,1.5735626220703125e-05,0.00968908704817295,4.368158581666648,False,False
503,10.06,-0.11124198883771896,0.15311191976070404,4.810194492340088,0.289152055978775,-1.0056909559352789e-05,-4.50092920800671e-06,0.0001829222746891901,-2.290930933668278e-05,-0.0005211691022850573,4.580726908898214e-06,3.345065579196671e-06,-5.7313445722684264e-05,0.0,0.0,5.0,0.2680376294317953,1.8477439880371094e-05,1.537799835205078e-05,1.7642974853515625e-05,1.5974044799804688e-05,0.009689081460237503,4.377847663126886,False,False
504,10.08,-0.11123835295438766,0.15311144292354584,4.810183048248291,0.28915083408355713,-9.98705581878312e-06,-4.393537892610766e-06,0.00018078729044646025,-2.2632171749137342e-05,-0.0005145725444890559,6.157263214845443e-06,3.6408086998562794e-06,-5.686646909452975e-05,0.0,0.0,5.0,0.268043952169128,1.7762184143066406e-05,1.633167266845703e-05,1.7762184143066406e-05,1.5616416931152344e-05,0.009689075872302055,4.387536738999188,False,False
505,10.1,-0.11123476177453995,0.15311096608638763,4.810171604156494,0.28914961218833923,-9.920820957631804e-06,-4.27695795224281e-06,0.00017867186397779733,-2.2372763851308264e-05,-0.0005080542177893221,5.499578492162982e-06,2.9831189749529585e-06,-5.655136192217469e-05,0.0,0.0,5.0,0.2680502938470024,1.800060272216797e-05,1.52587890625e-05,1.7642974853515625e-05,1.621246337890625e-05,0.009689071215689182,4.397225810214877,False,False
506,10.120000000000001,-0.11123120784759521,0.15311048924922943,4.810160160064697,0.28914839029312134,-9.849019988905638e-06,-4.154435828240821e-06,0.00017657526768743992,-2.213150764873717e-05,-0.0005016010836698115,6.751523415005067e-06,4.1973876250267494e-06,-5.6073389714583755e-05,0.0,0.0,5.0,0.26805665137062856,1.7881393432617188e-05,1.6808509826660156e-05,1.7762184143066406e-05,1.5735626220703125e-05,0.009689065627753735,4.406914875842631,False,False
507,10.14,-0.11122769117355347,0.15311001241207123,4.8101487159729,0.28914713859558105,-9.777681043487974e-06,-4.031620846944861e-06,0.00017450001905672252,-2.1909843781031668e-05,-0.0004950306029058993,5.528787824005121e-06,2.936974624390132e-06,-5.5806711316108704e-05,0.0,0.0,5.0,0.26806302473739724,1.7881393432617188e-05,1.5139579772949219e-05,1.7762184143066406e-05,1.633167266845703e-05,0.009689060039818287,4.416603935882449,False,False
508,10.16,-0.1112242266535759,0.15310953557491302,4.8101372718811035,0.28914591670036316,-9.703179784992244e-06,-3.905268386006355e-06,0.00017244424088858068,-2.170689549529925e-05,-0.0004886035458184779,7.105324129952351e-06,4.513504336500773e-06,-5.541119026020169e-05,0.0,0.0,5.0,0.26806942012732743,1.823902130126953e-05,1.704692840576172e-05,1.800060272216797e-05,1.5497207641601562e-05,0.00968905445188284,4.426292990334332,False,False
509,10.18,-0.11122079938650131,0.15310905873775482,4.810125827789307,0.28914469480514526,-9.62992271524854e-06,-3.7722495562775293e-06,0.00017041084356606007,-2.1524585463339463e-05,-0.00048199371667578816,6.195502010086784e-06,2.8126009965490084e-06,-5.5019831052049994e-05,0.0,0.0,5.0,0.26807583135454355,1.7881393432617188e-05,1.5974044799804688e-05,1.811981201171875e-05,1.6808509826660156e-05,0.009689049795269966,4.435982040129602,False,False
510,10.200000000000001,-0.11121740192174911,0.15310858190059662,4.810115337371826,0.289143443107605,-9.564921128912829e-06,-3.645601964308298e-06,0.00016839694580994546,-2.136274088115897e-05,-0.0004753447719849646,6.4681466938054655e-06,3.6879623621643987e-06,-5.478589446283877e-05,0.0,0.0,5.0,0.26808157982832576,1.7762184143066406e-05,1.4185905456542969e-05,1.823902130126953e-05,1.5020370483398438e-05,0.009689047001302242,4.445671087130904,False,False
511,10.22,-0.1112140640616417,0.15310810506343842,4.810107707977295,0.2891422510147095,-9.477894309384283e-06,-3.516141077852808e-06,0.000166404148330912,-2.1220886992523447e-05,-0.00046900921734049916,6.476851467596134e-06,5.015118858864298e-06,-5.419101216830313e-05,0.0,0.0,5.0,0.26808532681006647,1.6570091247558594e-05,1.0371208190917969e-05,1.811981201171875e-05,1.0609626770019531e-05,0.009689045138657093,4.455360132269561,False,False
512,10.24,-0.11121075600385666,0.1531076282262802,4.810100078582764,0.2891412377357483,-9.360708645544946e-06,-3.3990904739766847e-06,0.0001644371368456632,-2.109717570419889e-05,-0.00046371883945539594,5.227253041084623e-06,6.7037917688139714e-06,-5.28559903614223e-05,0.0,0.0,5.0,0.2680890863617889,1.5735626220703125e-05,9.655952453613281e-06,1.7762184143066406e-05,8.821487426757812e-06,0.00968904234468937,4.465049174614251,False,False
513,10.26,-0.11120747774839401,0.153107151389122,4.810092449188232,0.2891402840614319,-9.218068043992389e-06,-3.3292888019786915e-06,0.00016250011685770005,-2.0985018636565655e-05,-0.0004587420844472945,1.7519761286166613e-06,7.560583071608562e-06,-5.145376781001687e-05,0.0,0.0,5.0,0.26809285848186104,1.52587890625e-05,8.344650268554688e-06,1.6808509826660156e-05,8.58306884765625e-06,0.00968904048204422,4.474738215096295,False,False
514,10.28,-0.11120425909757614,0.1531066745519638,4.810084819793701,0.2891392707824707,-9.045746082847472e-06,-3.3156929930555634e-06,0.0001605943834874779,-2.0872361346846446e-05,-0.000454105029348284,-3.9328969592133944e-07,9.67204414337175e-06,-5.0053989980369806e-05,0.0,0.0,5.0,0.2680966555304127,1.5616416931152344e-05,7.510185241699219e-06,1.5974044799804688e-05,7.62939453125e-06,0.009689037688076496,4.484427252784371,False,False
515,10.3,-0.11120106279850006,0.15310630202293396,4.81007719039917,0.2891382873058319,-8.845539014146198e-06,-3.3299645565421088e-06,0.00015872373478487134,-2.074904477922246e-05,-0.00044959859224036336,-1.0347583838665741e-06,1.0349028343625832e-05,-4.847385571338236e-05,0.0,0.0,5.0,0.2681005216207663,1.5139579772949219e-05,8.344650268554688e-06,1.5020370483398438e-05,7.271766662597656e-06,0.009689033962786198,4.494116286747158,False,False
516,10.32,-0.11119790375232697,0.1531059443950653,4.810069561004639,0.2891373038291931,-8.644977242511231e-06,-3.361962853887235e-06,0.00015688998973928392,-2.0610403225873597e-05,-0.0004452097346074879,-2.165939804399386e-06,9.707558092486579e-06,-4.7160108806565404e-05,0.0,0.0,5.0,0.26810441187154543,1.4901161193847656e-05,7.748603820800781e-06,1.4185905456542969e-05,7.62939453125e-06,0.009689031168818474,4.503805317915976,False,False
517,10.34,-0.11119478940963745,0.15310558676719666,4.810061931610107,0.2891363203525543,-8.457620424451306e-06,-3.4045306165353395e-06,0.0001550907181808725,-2.045360452029854e-05,-0.0004409384564496577,-2.0916745597787667e-06,9.028412932821084e-06,-4.5852415496483445e-05,0.0,0.0,5.0,0.268108320860925,1.430511474609375e-05,7.867813110351562e-06,1.3470649719238281e-05,7.987022399902344e-06,0.00968902837485075,4.513494346290827,False,False
518,10.36,-0.11119169741868973,0.153105229139328,4.810054302215576,0.2891353368759155,-8.283671377284918e-06,-3.4356444302829914e-06,0.00015332337352447212,-2.0279281670809723e-05,-0.0004367193323560059,-1.0205316129940911e-06,8.366722795472015e-06,-4.4694083044305444e-05,0.0,0.0,5.0,0.2681122393167967,1.3828277587890625e-05,8.821487426757812e-06,1.3232231140136719e-05,7.867813110351562e-06,0.009689025580883026,4.52318337187171,False,False
519,10.38,-0.11118865758180618,0.15310487151145935,4.810046672821045,0.28913435339927673,-8.1375628724345e-06,-3.4520298868301325e-06,0.00015158559835981578,-2.0091341866645962e-05,-0.0004325786721892655,-6.187885333019949e-07,6.244558790058363e-06,-4.371389513835311e-05,0.0,0.0,5.0,0.2681161795970914,1.3113021850585938e-05,8.702278137207031e-06,1.2874603271484375e-05,8.702278137207031e-06,0.009689022786915302,4.532872394658625,False,False
520,10.4,-0.11118564009666443,0.1531045138835907,4.810039043426514,0.2891333997249603,-8.012395483092405e-06,-3.464494284344255e-06,0.00014987213944550604,-1.9893304852303118e-05,-0.0004284771275706589,-6.284064397732436e-07,6.27260760666104e-06,-4.2920117266476154e-05,0.0,0.0,5.0,0.2681201293404685,1.3470649719238281e-05,8.225440979003906e-06,1.2755393981933594e-05,8.106231689453125e-06,0.009689019061625004,4.54256141372025,False,False
521,10.42,-0.11118265986442566,0.15310415625572205,4.810031414031982,0.2891324758529663,-7.899127922428306e-06,-3.4647505344764795e-06,0.00014818109048064798,-1.9686716768774204e-05,-0.00042448012391105294,6.020804903528187e-07,5.054528628534172e-06,-4.192479536868632e-05,0.0,0.0,5.0,0.2681240947247994,1.2874603271484375e-05,9.417533874511719e-06,1.2755393981933594e-05,8.58306884765625e-06,0.00968901626765728,4.552250429987907,False,False
522,10.44,-0.11117971688508987,0.1531037986278534,4.810023784637451,0.2891317307949066,-7.81421931606019e-06,-3.4628540106496075e-06,0.00014650938101112843,-1.9475271983537823e-05,-0.0004203394637443125,-4.1308152276542387e-07,3.4366396448604064e-06,-4.121821257285774e-05,0.0,0.0,5.0,0.26812807574814795,1.2159347534179688e-05,9.775161743164062e-06,1.2516975402832031e-05,1.0371208190917969e-05,0.009689012542366982,4.561939442530274,False,False
523,10.46,-0.11117679625749588,0.15310344099998474,4.81001615524292,0.28913095593452454,-7.740570254100021e-06,-3.4707104532571975e-06,0.0001448518451070413,-1.9258770407759584e-05,-0.00041605514707043767,-3.7322942603168485e-07,3.928532805730356e-06,-4.0739396354183555e-05,0.0,0.0,5.0,0.2681320662300555,1.1682510375976562e-05,1.0132789611816406e-05,1.2278556823730469e-05,1.0013580322265625e-05,0.009689008817076683,4.571628451347351,False,False
524,10.48,-0.11117392033338547,0.1531030833721161,4.810008525848389,0.28913024067878723,-7.651809028175194e-06,-3.4883182706835214e-06,0.00014320862828753889,-1.903587326523848e-05,-0.0004118490614928305,-1.388143118674634e-06,4.947810793964891e-06,-4.039076156914234e-05,0.0,0.0,5.0,0.26813607543679285,1.1920928955078125e-05,9.775161743164062e-06,1.1920928955078125e-05,9.655952453613281e-06,0.00968900602310896,4.58131745737046,False,False
525,10.5,-0.11117105931043625,0.15310272574424744,4.810000896453857,0.28912949562072754,-7.5527186709223315e-06,-3.51593689629226e-06,0.00014158195699565113,-1.880321178759914e-05,-0.0004077214398421347,-1.3744079296884593e-06,4.961544163961662e-06,-4.002035711891949e-05,0.0,0.0,5.0,0.26814009101001773,1.1801719665527344e-05,9.5367431640625e-06,1.1682510375976562e-05,9.775161743164062e-06,0.00968900229781866,4.591006459668279,False,False
526,10.52,-0.1111682578921318,0.15310236811637878,4.809993267059326,0.28912878036499023,-7.4541076173773035e-06,-3.536878693921608e-06,0.00013997247151564807,-1.8560169337433763e-05,-0.000403659010771662,-7.202792744465114e-07,4.899938630842371e-06,-3.965600626543164e-05,0.0,0.0,5.0,0.26814413148231164,1.1444091796875e-05,1.0728836059570312e-05,1.1563301086425781e-05,1.0013580322265625e-05,0.009688998572528362,4.600695458240807,False,False
527,10.540000000000001,-0.11116546392440796,0.15310201048851013,4.809985637664795,0.28912803530693054,-7.362118140008533e-06,-3.5572841170505853e-06,0.0001383801136398688,-1.8308215658180416e-05,-0.00039949227357283235,-1.3208205018599983e-06,4.299395641282899e-06,-3.944357740692794e-05,0.0,0.0,5.0,0.26814817522930734,1.1324882507324219e-05,9.655952453613281e-06,1.1444091796875e-05,1.0609626770019531e-05,0.009688994847238064,4.610384453088045,False,False
528,10.56,-0.11116272211074829,0.15310165286064148,4.809978008270264,0.28912732005119324,-7.268664376169909e-06,-3.5814989587379387e-06,0.00013680345728062093,-1.8046799596049823e-05,-0.0003954037674702704,-1.1012812137778383e-06,5.046316346124513e-06,-3.920131712220609e-05,0.0,0.0,5.0,0.26815224078248495,1.1444091796875e-05,1.0251998901367188e-05,1.1324882507324219e-05,1.0132789611816406e-05,0.00968899205327034,4.6200734451413155,False,False
529,10.58,-0.11115999519824982,0.15310129523277283,4.809970378875732,0.28912657499313354,-7.170356184360571e-06,-3.6008602819492808e-06,0.00013524382666219026,-1.7775771993910894e-05,-0.00039131526136770844,-8.354074907401809e-07,4.784803877555532e-06,-3.896467387676239e-05,0.0,0.0,5.0,0.2681563126966439,1.1444091796875e-05,1.0132789611816406e-05,1.1205673217773438e-05,1.0371208190917969e-05,0.009688988327980042,4.6297624334692955,False,False
530,10.6,-0.11115731298923492,0.15310093760490417,4.809962749481201,0.28912580013275146,-7.077277132339077e-06,-3.6149037896393565e-06,0.00013370129454415292,-1.7496167856734246e-05,-0.0003872267552651465,-5.695337677025236e-07,4.523291408986552e-06,-3.872803063131869e-05,0.0,0.0,5.0,0.2681604033246374,1.1563301086425781e-05,1.0132789611816406e-05,1.0967254638671875e-05,1.049041748046875e-05,0.009688984602689743,4.639451418071985,False,False
531,10.620000000000001,-0.11115464568138123,0.15310057997703552,4.80995512008667,0.28912508487701416,-6.987400411162525e-06,-3.6140675092610763e-06,0.0001321754534728825,-1.72097425092943e-05,-0.0003831252106465399,6.526602192025166e-07,4.464694939088076e-06,-3.8571248296648264e-05,0.0,0.0,5.0,0.26816450031115246,1.1444091796875e-05,1.1086463928222656e-05,1.1324882507324219e-05,1.0251998901367188e-05,0.009688980877399445,4.649140398949385,False,False
532,10.64,-0.11115202307701111,0.15310022234916687,4.809947490692139,0.28912436962127686,-6.909765488671837e-06,-3.6070143778488273e-06,0.00013066620158497244,-1.691971738182474e-05,-0.0003789584734477103,5.2118615201379725e-08,3.299097443232313e-06,-3.841027501039207e-05,0.0,0.0,5.0,0.2681686160080845,1.1086463928222656e-05,1.049041748046875e-05,1.1086463928222656e-05,1.1444091796875e-05,0.009688977152109146,4.658829376101494,False,False
533,10.66,-0.11114942282438278,0.15309986472129822,4.809939861297607,0.28912362456321716,-6.8342005761223845e-06,-3.596757096602232e-06,0.00012917105050291866,-1.6626716387690976e-05,-0.00037476542638614774,9.73074861576606e-07,4.257722139300313e-06,-3.844307502731681e-05,0.0,0.0,5.0,0.2681727411491443,1.1444091796875e-05,1.0371208190917969e-05,1.1205673217773438e-05,1.049041748046875e-05,0.009688973426818848,4.668518349528313,False,False
534,10.68,-0.11114685982465744,0.15309950709342957,4.809932231903076,0.2891228497028351,-6.745869086444145e-06,-3.568836064005154e-06,0.00012769238674081862,-1.6332520317519084e-05,-0.0003706247662194073,1.8185667158832075e-06,4.575827006192412e-06,-3.825602470897138e-05,0.0,0.0,5.0,0.2681768819090847,1.1563301086425781e-05,1.1086463928222656e-05,1.1086463928222656e-05,1.0132789611816406e-05,0.009688970632851124,4.678207320161164,False,False
535,10.700000000000001,-0.11114431172609329,0.1530991494655609,4.809924602508545,0.2891221344470978,-6.6697784859570675e-06,-3.5346981803741073e-06,0.00012623170914594084,-1.603960117790848e-05,-0.0003664971445687115,1.594727336851065e-06,3.0335274914250476e-06,-3.812534851022065e-05,0.0,0.0,5.0,0.26818102902271035,1.1205673217773438e-05,1.0967254638671875e-05,1.1324882507324219e-05,1.1205673217773438e-05,0.009688966907560825,4.687896287068725,False,False
536,10.72,-0.11114180833101273,0.15309879183769226,4.809916973114014,0.2891214191913605,-6.605435828532791e-06,-3.4991253414773382e-06,0.00012478568532969803,-1.5749239537399262e-05,-0.0003622389049269259,1.9621825231297407e-06,3.4009801765932934e-06,-3.8094003684818745e-05,0.0,0.0,5.0,0.2681851948400344,1.1444091796875e-05,1.1444091796875e-05,1.1205673217773438e-05,1.1205673217773438e-05,0.009688963182270527,4.697585250250995,False,False
537,10.74,-0.11113931983709335,0.1530984342098236,4.809909343719482,0.2891206741333008,-6.542785286001163e-06,-3.459969093455584e-06,0.00012335400970187038,-1.54623430717038e-05,-0.0003579022013582289,1.9529347810021136e-06,2.8643473797274055e-06,-3.8092926843091846e-05,0.0,0.0,5.0,0.26818936700866663,1.1086463928222656e-05,1.049041748046875e-05,1.1205673217773438e-05,1.1086463928222656e-05,0.009688959456980228,4.707274209707975,False,False
538,10.76,-0.11113687604665756,0.15309807658195496,4.809901714324951,0.2891199290752411,-6.478668183262926e-06,-3.4216070616821526e-06,0.00012193603470223024,-1.5179333786363713e-05,-0.0003537485026754439,1.8827878420779598e-06,3.5476034554449143e-06,-3.803966683335602e-05,0.0,0.0,5.0,0.2681935578776954,1.1682510375976562e-05,1.049041748046875e-05,1.1205673217773438e-05,1.0848045349121094e-05,0.00968895573168993,4.716963165439665,False,False
539,10.78,-0.11113443970680237,0.1530977189540863,4.80989408493042,0.2891191840171814,-6.410564765246818e-06,-3.3811425055318978e-06,0.00012053289538016543,-1.4899827874614857e-05,-0.00034955545561388135,2.1632251900882693e-06,3.262986183472094e-06,-3.79040720872581e-05,0.0,0.0,5.0,0.26819775200834867,1.1563301086425781e-05,1.0609626770019531e-05,1.1205673217773438e-05,1.1205673217773438e-05,0.009688952006399632,4.726652117446065,False,False
540,10.8,-0.11113205552101135,0.1530974805355072,4.809886455535889,0.2891184687614441,-6.337866125250002e-06,-3.3251581044169143e-06,0.0001191451883642003,-1.4625073163188063e-05,-0.0003453363315202296,3.4347663131484296e-06,4.007141342299292e-06,-3.779097460210323e-05,0.0,0.0,5.0,0.26820203597167713,1.1563301086425781e-05,1.2278556823730469e-05,1.0967254638671875e-05,1.1444091796875e-05,0.009688948281109333,4.736341065727174,False,False
541,10.82,-0.11112967133522034,0.1530972421169281,4.809878826141357,0.2891177237033844,-6.274508905335097e-06,-3.2604336865915684e-06,0.00011777462350437418,-1.4358020052895881e-05,-0.00034090812550857663,3.037264377780957e-06,2.3288487227546284e-06,-3.793273936025798e-05,0.0,0.0,5.0,0.26820632010501094,1.1801719665527344e-05,1.1205673217773438e-05,1.0728836059570312e-05,1.1920928955078125e-05,0.009688944555819035,4.746030010282993,False,False
542,10.84,-0.1111273467540741,0.153097003698349,4.809871196746826,0.2891169786453247,-6.234313786990242e-06,-3.180071416863939e-06,0.00011641754826996475,-1.4100814951234497e-05,-0.00033657142193987966,4.998546046408592e-06,1.6908817315197666e-06,-3.798745456151664e-05,0.0,0.0,5.0,0.2682106291042482,1.0848045349121094e-05,1.2278556823730469e-05,1.0728836059570312e-05,1.2159347534179688e-05,0.009688940830528736,4.755718951113522,False,False
543,10.86,-0.11112502217292786,0.1530967652797699,4.809863567352295,0.289116233587265,-6.200356892804848e-06,-3.080332362515037e-06,0.00011507245653774589,-1.3858892998541705e-05,-0.0003321695257909596,4.974982857675059e-06,1.7049852658601594e-06,-3.832197398878634e-05,0.0,0.0,5.0,0.26821493827163684,1.1563301086425781e-05,1.1801719665527344e-05,1.0848045349121094e-05,1.1682510375976562e-05,0.009688936173915863,4.765407887287438,False,False
544,10.88,-0.1111227422952652,0.1530965268611908,4.809855937957764,0.2891155183315277,-6.1792752603651024e-06,-2.975386450998485e-06,0.00011373874440323561,-1.3634274182550143e-05,-0.0003278328222222626,5.5192354011524e-06,4.0339455154025927e-07,-3.8433470763266087e-05,0.0,0.0,5.0,0.2682192661277356,1.0967254638671875e-05,1.2040138244628906e-05,1.0967254638671875e-05,1.2516975402832031e-05,0.009688932448625565,4.7750968197360635,False,False
545,10.9,-0.11112047731876373,0.1530962884426117,4.809848308563232,0.289114773273468,-6.168894287839066e-06,-2.863059989977046e-06,0.00011241374158998951,-1.3429330465442035e-05,-0.0003233655006624758,5.713026894227369e-06,6.348541887746251e-07,-3.873815876431763e-05,0.0,0.0,5.0,0.2682236003239031,1.1682510375976562e-05,1.1801719665527344e-05,1.1086463928222656e-05,1.2159347534179688e-05,0.009688928723335266,4.784785748459399,False,False
546,10.92,-0.11111824214458466,0.1530960500240326,4.809840679168701,0.2891140282154083,-6.156057679618243e-06,-2.7358464649296366e-06,0.00011109749902971089,-1.3245732588984538e-05,-0.00031891121761873364,7.007918156887172e-06,6.489566999334784e-07,-3.8912228774279356e-05,0.0,0.0,5.0,0.26822794703252767,1.1324882507324219e-05,1.2636184692382812e-05,1.1444091796875e-05,1.1801719665527344e-05,0.009688924998044968,4.794474673457444,False,False
547,10.94,-0.11111603677272797,0.1530958116054535,4.80983304977417,0.28911328315734863,-6.149083674245048e-06,-2.607338046800578e-06,0.00010979075159411877,-1.3086293620290235e-05,-0.000314404780510813,5.842571226821747e-06,4.865889025040815e-08,-3.9072881918400526e-05,0.0,0.0,5.0,0.268232306252256,1.1563301086425781e-05,1.1682510375976562e-05,1.1444091796875e-05,1.239776611328125e-05,0.00968892127275467,4.804163594730198,False,False
548,10.96,-0.11111384630203247,0.1530955731868744,4.809825420379639,0.28911256790161133,-6.137800482974853e-06,-2.4805476641631685e-06,0.00010849210957530886,-1.2949867596034892e-05,-0.0003099244204349816,6.8361032390384935e-06,1.079857270269713e-06,-3.915917477570474e-05,0.0,0.0,5.0,0.26823667180911426,1.1086463928222656e-05,1.2874603271484375e-05,1.1324882507324219e-05,1.1920928955078125e-05,0.00968891754746437,4.813852512277663,False,False
549,10.98,-0.11111170053482056,0.1530953347682953,4.809817790985107,0.28911182284355164,-6.124091214587679e-06,-2.3592424440721516e-06,0.00010720354475779459,-1.28367573779542e-05,-0.0003054570988751948,5.294054517435143e-06,2.91208408498278e-07,-3.940155147574842e-05,0.0,0.0,5.0,0.2682410560472433,1.1801719665527344e-05,1.1444091796875e-05,1.1444091796875e-05,1.239776611328125e-05,0.009688913822174072,4.823541426099837,False,False
550,11.0,-0.11110955476760864,0.1530950963497162,4.809810161590576,0.28911107778549194,-6.111723905632971e-06,-2.239655032099108e-06,0.00010592347825877368,-1.2744816558551975e-05,-0.0003009376232512295,6.664288321189815e-06,9.457046985517081e-07,-3.945757634937763e-05,0.0,0.0,5.0,0.2682454404480864,1.1324882507324219e-05,1.2755393981933594e-05,1.1682510375976562e-05,1.2040138244628906e-05,0.009688910096883774,4.833230336196721,False,False
551,11.02,-0.11110746115446091,0.15309485793113708,4.809802532196045,0.28911030292510986,-6.092293460824294e-06,-2.1114983610459603e-06,0.0001046535762725398,-1.2675733159994707e-05,-0.00029636576073244214,6.1510095292760525e-06,9.974776276067132e-07,-3.967402153648436e-05,0.0,0.0,5.0,0.2682498466135286,1.1682510375976562e-05,1.1563301086425781e-05,1.1682510375976562e-05,1.1801719665527344e-05,0.0096889054402709,4.8429192416369915,False,False
552,11.040000000000001,-0.11110537499189377,0.15309461951255798,4.809794902801514,0.28910961747169495,-6.068554284865968e-06,-1.985060407605488e-06,0.00010339463187847286,-1.2629181583179161e-05,-0.0002919505932368338,6.492470220109681e-06,1.3766053825747804e-06,-3.970452235080302e-05,0.0,0.0,5.0,0.26825425602601327,1.1444091796875e-05,1.2874603271484375e-05,1.1920928955078125e-05,1.2040138244628906e-05,0.009688901714980602,4.852608143351972,False,False
553,11.06,-0.11110331863164902,0.15309438109397888,4.809787273406982,0.28910890221595764,-6.0420129557314795e-06,-1.8641073893377325e-06,0.00010214759095106274,-1.2604897165147122e-05,-0.0002873004996217787,5.602489636657992e-06,1.2776972653227858e-06,-3.989069955423474e-05,0.0,0.0,5.0,0.26825867794251174,1.1324882507324219e-05,1.2278556823730469e-05,1.1801719665527344e-05,1.239776611328125e-05,0.009688899852335453,4.862297043204308,False,False
554,11.08,-0.11110129207372665,0.15309414267539978,4.8097825050354,0.28910812735557556,-6.00991552346386e-06,-1.7583164435563958e-06,0.00010091213334817439,-1.2600477020896506e-05,-0.0002827155985869467,4.976200671080733e-06,1.932193754328182e-06,-4.0055689169093966e-05,0.0,0.0,5.0,0.26826108367143875,1.0848045349121094e-05,7.033348083496094e-06,1.1801719665527344e-05,8.702278137207031e-06,0.009688899852335453,4.871985943056643,False,False
555,11.1,-0.11109927296638489,0.15309390425682068,4.809778690338135,0.28910738229751587,-5.939726634096587e-06,-1.6539880789423478e-06,9.969085658667609e-05,-1.2612991667992901e-05,-0.0002791104489006102,5.456293820316205e-06,5.0868684411398135e-06,-3.941627801395953e-05,0.0,0.0,5.0,0.26826281632706966,1.049041748046875e-05,5.364418029785156e-06,1.1682510375976562e-05,4.0531158447265625e-06,0.009688899852335453,4.8816748429089785,False,False
556,11.120000000000001,-0.1110973060131073,0.15309366583824158,4.809774875640869,0.28910666704177856,-5.841396614414407e-06,-1.5674766018491937e-06,9.849182242760435e-05,-1.2639569831662811e-05,-0.00027614558348432183,3.194505097781075e-06,4.746258582599694e-06,-3.823422593995929e-05,0.0,0.0,5.0,0.26826457063989645,1.0251998901367188e-05,3.6954879760742188e-06,1.1205673217773438e-05,3.337860107421875e-06,0.009688898921012878,4.891363741829991,False,False
557,11.14,-0.11109533905982971,0.15309342741966248,4.8097710609436035,0.28910595178604126,-5.736464117944706e-06,-1.5180593209151994e-06,9.731527097756043e-05,-1.26735749290674e-05,-0.0002734549925662577,1.746896828080935e-06,5.747212071582908e-06,-3.693296457640827e-05,0.0,0.0,5.0,0.26826632501012904,1.0132789611816406e-05,2.5033950805664062e-06,1.0609626770019531e-05,2.1457672119140625e-06,0.009688897989690304,4.901052639819682,False,False
558,11.16,-0.11109340935945511,0.15309318900108337,4.809767246246338,0.2891051769256592,-5.622554908768507e-06,-1.489047235736507e-06,9.616172610549256e-05,-1.2708739632216748e-05,-0.0002711301785893738,1.1539027582330164e-06,5.643929853249574e-06,-3.545594518072903e-05,0.0,0.0,5.0,0.26826809486469005,1.0132789611816406e-05,2.2649765014648438e-06,1.049041748046875e-05,1.430511474609375e-06,0.00968889705836773,4.910741536878049,False,False
559,11.18,-0.1110915020108223,0.15309295058250427,4.809763431549072,0.2891044318675995,-5.513001269719098e-06,-1.4805897308178828e-06,9.503051842330024e-05,-1.27416487885057e-05,-0.0002688838285394013,-3.0851853694002784e-07,5.311611403158167e-06,-3.384400042705238e-05,0.0,0.0,5.0,0.2682698740318453,1.0013580322265625e-05,1.9073486328125e-06,1.0013580322265625e-05,1.7881393432617188e-06,0.009688896127045155,4.9204304330050945,False,False
560,11.200000000000001,-0.11108959466218948,0.15309271216392517,4.809759616851807,0.2891037166118622,-5.406935088103637e-06,-1.486920382376411e-06,9.391950879944488e-05,-1.2768471606250387e-05,-0.000266663555521518,-3.2490672197127424e-07,5.295222308632219e-06,-3.2305862987414e-05,0.0,0.0,5.0,0.26827165325521707,9.417533874511719e-06,2.2649765014648438e-06,9.417533874511719e-06,1.5497207641601562e-06,0.00968889519572258,4.930119328200817,False,False
561,11.22,-0.11108774691820145,0.15309247374534607,4.809755802154541,0.2891029715538025,-5.309628704708302e-06,-1.5020118553366046e-06,9.282748942496255e-05,-1.2787845662387554e-05,-0.0002645739004947245,-1.1846049119412783e-06,4.435524260770762e-06,-3.0845258152112365e-05,0.0,0.0,5.0,0.2682734572161286,9.298324584960938e-06,1.430511474609375e-06,9.298324584960938e-06,1.6689300537109375e-06,0.00968889333307743,4.9398082215338945,False,False
562,11.24,-0.11108589917421341,0.15309223532676697,4.809751987457275,0.28910234570503235,-5.215433702687733e-06,-1.5198372693703277e-06,9.17520301300101e-05,-1.279847310797777e-05,-0.00026251032250002027,-5.982699917694845e-07,4.984186034562299e-06,-2.935858901764732e-05,0.0,0.0,5.0,0.2682752612320905,8.463859558105469e-06,3.2186508178710938e-06,8.702278137207031e-06,1.7881393432617188e-06,0.009688892401754856,4.949497113935649,False,False
563,11.26,-0.11108406633138657,0.15309199690818787,4.80974817276001,0.28910186886787415,-5.125709776621079e-06,-1.5477853594347835e-06,9.069335646927357e-05,-1.2800286640413105e-05,-0.0002604860928840935,-2.1968082819512347e-06,3.988369371654699e-06,-2.822911301336717e-05,0.0,0.0,5.0,0.26827707147314617,7.867813110351562e-06,3.337860107421875e-06,8.344650268554688e-06,3.0994415283203125e-06,0.009688891470432281,4.959186005406082,False,False
564,11.28,-0.1110822781920433,0.15309175848960876,4.809744358062744,0.28910136222839355,-5.049496849096613e-06,-1.6069488992798142e-06,8.964790322352201e-05,-1.2789625543518923e-05,-0.00025839643785730004,-3.719881306096795e-06,3.6330723105493234e-06,-2.7307365598971955e-05,0.0,0.0,5.0,0.2682789002786699,7.867813110351562e-06,2.384185791015625e-06,8.106231689453125e-06,3.6954879760742188e-06,0.009688889607787132,4.968874895013869,False,False
565,11.3,-0.11108049005270004,0.15309152007102966,4.8097405433654785,0.28910088539123535,-4.962394086760469e-06,-1.6669004025970935e-06,8.861352398525923e-05,-1.2762492588080931e-05,-0.0002563722082413733,-2.2755471036361996e-06,5.077404694020515e-06,-2.6427294869790785e-05,0.0,0.0,5.0,0.2682807291380986,6.9141387939453125e-06,4.172325134277344e-06,7.748603820800781e-06,2.9802322387695312e-06,0.009688888676464558,4.978563783690333,False,False
566,11.32,-0.11107872426509857,0.15309128165245056,4.809736728668213,0.28910040855407715,-4.862517016590573e-06,-1.7408236772098462e-06,8.759375486988574e-05,-1.2718925972876605e-05,-0.000254400132689625,-5.117078217153903e-06,4.910457846563077e-06,-2.571441109466832e-05,0.0,0.0,5.0,0.26828256730586314,7.748603820800781e-06,2.2649765014648438e-06,7.271766662597656e-06,3.4570693969726562e-06,0.009688886813819408,4.988252670504153,False,False
567,11.34,-0.11107699573040009,0.15309104323387146,4.809732913970947,0.28909990191459656,-4.751286269311095e-06,-1.8241115640194039e-06,8.65884794620797e-05,-1.2653489648073446e-05,-0.000252454134169966,-3.21203651765245e-06,6.212774223968154e-06,-2.4809689421090297e-05,0.0,0.0,5.0,0.2682844209508136,7.033348083496094e-06,3.933906555175781e-06,6.9141387939453125e-06,2.7418136596679688e-06,0.009688885882496834,4.99794155638665,False,False
568,11.36,-0.1110752671957016,0.15309080481529236,4.809729099273682,0.28909939527511597,-4.6390177885768935e-06,-1.8924235973827308e-06,8.560089190723374e-05,-1.2567858902912121e-05,-0.0002505735610611737,-3.6194446693116333e-06,5.014293037675088e-06,-2.417624455119949e-05,0.0,0.0,5.0,0.26828627464854576,7.033348083496094e-06,2.9802322387695312e-06,6.9141387939453125e-06,3.0994415283203125e-06,0.009688884019851685,5.007630440406501,False,False
569,11.38,-0.1110735610127449,0.15309056639671326,4.809725284576416,0.28909891843795776,-4.54228666058043e-06,-1.9612052710726857e-06,8.462898404104635e-05,-1.2463283383112866e-05,-0.0002488236059434712,-3.2590066894044867e-06,4.65899711343809e-06,-2.341190520382952e-05,0.0,0.0,5.0,0.26828813765286813,6.9141387939453125e-06,3.5762786865234375e-06,6.794929504394531e-06,3.2186508178710938e-06,0.00968888308852911,5.01731932349503,False,False
570,11.4,-0.11107189208269119,0.15309032797813416,4.80972146987915,0.28909844160079956,-4.455066118680406e-06,-2.0323404896771535e-06,8.367073314730078e-05,-1.2340674402366858e-05,-0.00024699518689885736,-3.854765964206308e-06,4.063238066009944e-06,-2.2793594325776212e-05,0.0,0.0,5.0,0.26829001613223097,7.152557373046875e-06,3.2186508178710938e-06,6.67572021484375e-06,3.6954879760742188e-06,0.00968888122588396,5.027008204720914,False,False
571,11.42,-0.11107022315263748,0.15309008955955505,4.809717655181885,0.28909793496131897,-4.376311153464485e-06,-2.0912225409119856e-06,8.27241747174412e-05,-1.2200310266052838e-05,-0.0002450491883791983,-2.033729970207787e-06,3.812410341197392e-06,-2.210422644566279e-05,0.0,0.0,5.0,0.26829189466327413,6.67572021484375e-06,4.410743713378906e-06,6.67572021484375e-06,3.814697265625e-06,0.009688880294561386,5.036697085015476,False,False
572,11.44,-0.11106856167316437,0.15308985114097595,4.809713840484619,0.28909745812416077,-4.303326022636611e-06,-2.1355331227823626e-06,8.178924326784909e-05,-1.2046472875226755e-05,-0.00024309015134349465,-2.3975678686838364e-06,3.486241894279374e-06,-2.1602534616249613e-05,0.0,0.0,5.0,0.2682937763303962,6.794929504394531e-06,3.4570693969726562e-06,6.67572021484375e-06,3.5762786865234375e-06,0.009688878431916237,5.046385963447392,False,False
573,11.46,-0.11106695234775543,0.15308961272239685,4.8097100257873535,0.2890969514846802,-4.23376422986621e-06,-2.1836438008904224e-06,8.086505840765312e-05,-1.1879914382006973e-05,-0.00024120957823470235,-2.4137095806509024e-06,3.470100182312308e-06,-2.103381666529458e-05,0.0,0.0,5.0,0.26829567963938905,7.152557373046875e-06,3.337860107421875e-06,6.556510925292969e-06,3.4570693969726562e-06,0.009688877500593662,5.056074840947986,False,False
574,11.48,-0.1110653430223465,0.15308937430381775,4.809706211090088,0.289096474647522,-4.174318291916279e-06,-2.221906015620334e-06,7.995087798917666e-05,-1.1701069524860941e-05,-0.00023923750268295407,-1.412754613738798e-06,2.4745327209529933e-06,-2.037730700976681e-05,0.0,0.0,5.0,0.2682975829989829,6.198883056640625e-06,3.933906555175781e-06,6.556510925292969e-06,4.172325134277344e-06,0.009688875637948513,5.065763716585934,False,False
575,11.5,-0.11106373369693756,0.15308913588523865,4.809702396392822,0.2890959680080414,-4.118441211176105e-06,-2.2494214135804214e-06,7.904529775260016e-05,-1.1513111530803144e-05,-0.0002373176976107061,-1.3389906143856933e-06,3.1133490665524732e-06,-1.9900557163055055e-05,0.0,0.0,5.0,0.26829948640917645,6.67572021484375e-06,3.814697265625e-06,6.556510925292969e-06,3.5762786865234375e-06,0.009688873775303364,5.0754525903612375,False,False
576,11.52,-0.1110621765255928,0.15308889746665955,4.809698581695557,0.2890954911708832,-4.058597369294148e-06,-2.2782439828006318e-06,7.814927084837109e-05,-1.1316654308757279e-05,-0.00023542396957054734,-1.543483222121722e-06,2.8711870072584134e-06,-1.9350000002305023e-05,0.0,0.0,5.0,0.2683014114589077,6.9141387939453125e-06,3.5762786865234375e-06,6.4373016357421875e-06,3.814697265625e-06,0.00968887284398079,5.085141463205218,False,False
577,11.540000000000001,-0.11106062680482864,0.15308865904808044,4.809694766998291,0.2890949845314026,-4.005567006970523e-06,-2.3003187834547134e-06,7.726246258243918e-05,-1.1111798812635243e-05,-0.0002335825120098889,-6.642036964876752e-07,2.4320083866768982e-06,-1.885436176962685e-05,0.0,0.0,5.0,0.26830333964238234,6.9141387939453125e-06,3.6954879760742188e-06,6.4373016357421875e-06,3.814697265625e-06,0.00968887098133564,5.094830334186554,False,False
578,11.56,-0.11105907708406448,0.15308842062950134,4.809690952301025,0.289094477891922,-3.963579729315825e-06,-2.3070683710102458e-06,7.638394163222983e-05,-1.090140449377941e-05,-0.0002317149774171412,-1.0945672812567864e-08,1.7668077134658233e-06,-1.8376884327153675e-05,0.0,0.0,5.0,0.26830526787539954,6.9141387939453125e-06,3.933906555175781e-06,6.556510925292969e-06,4.0531158447265625e-06,0.00968886911869049,5.1045192033052444,False,False
579,11.58,-0.11105755716562271,0.15308818221092224,4.80968713760376,0.28909412026405334,-3.924870270566316e-06,-2.303534984093858e-06,7.551263843197376e-05,-1.0688495422073174e-05,-0.00022976897889748216,3.641799253273348e-07,2.104262875946006e-06,-1.7875920093501918e-05,0.0,0.0,5.0,0.2683072084937159,6.318092346191406e-06,5.4836273193359375e-06,6.4373016357421875e-06,4.410743713378906e-06,0.009688867256045341,5.11420807056129,False,False
580,11.6,-0.11105606704950333,0.15308794379234314,4.809683322906494,0.28909385204315186,-3.901636318914825e-06,-2.315100800842629e-06,7.464805821655318e-05,-1.047371461027069e-05,-0.00022773159435018897,-1.5209078583211522e-06,2.191750354541e-07,-1.7677664800430648e-05,0.0,0.0,5.0,0.26830916149655637,5.9604644775390625e-06,4.291534423828125e-06,6.318092346191406e-06,6.318092346191406e-06,0.009688865393400192,5.12389693595469,False,False
581,11.620000000000001,-0.11105457693338394,0.15308770537376404,4.8096795082092285,0.28909361362457275,-3.873997684422648e-06,-2.3267823507922003e-06,7.378592272289097e-05,-1.0254569133394398e-05,-0.00022569420980289578,3.5261030006950023e-07,2.5447354801144684e-06,-1.7516924344818108e-05,0.0,0.0,5.0,0.26831111454790385,5.125999450683594e-06,6.9141387939453125e-06,6.198883056640625e-06,5.245208740234375e-06,0.009688863530755043,5.133585799485445,False,False
582,11.64,-0.11105309426784515,0.15308746695518494,4.809675693511963,0.28909337520599365,-3.8225098251132295e-06,-2.349270744161913e-06,7.293116505024955e-05,-1.0031489182438236e-05,-0.0002235392457805574,-2.601559799586539e-06,2.6041818728117505e-06,-1.7572527212905698e-05,0.0,0.0,5.0,0.2683130707315058,5.602836608886719e-06,5.125999450683594e-06,5.7220458984375e-06,5.9604644775390625e-06,0.009688861668109894,5.143274661153555,False,False
583,11.66,-0.11105166375637054,0.15308722853660583,4.809671878814697,0.28909313678741455,-3.763660288313986e-06,-2.388882649029256e-06,7.208445458672941e-05,-9.798473911359906e-06,-0.0002214888227172196,-1.3597701808976126e-06,3.2809168715175474e-06,-1.7517302694614045e-05,0.0,0.0,5.0,0.2683150485492833,4.887580871582031e-06,6.4373016357421875e-06,5.7220458984375e-06,6.198883056640625e-06,0.009688859805464745,5.15296352095902,False,False
584,11.68,-0.11105023324489594,0.15308699011802673,4.809668064117432,0.28909286856651306,-3.687739990709815e-06,-2.4189575924538076e-06,7.124826515791938e-05,-9.555587894283235e-06,-0.00021935993572697043,-1.6478948055009823e-06,4.311249540478457e-06,-1.7690266759018414e-05,0.0,0.0,5.0,0.26831702641455446,5.245208740234375e-06,6.079673767089844e-06,5.4836273193359375e-06,5.602836608886719e-06,0.00968885887414217,5.162652379833162,False,False
585,11.700000000000001,-0.11104880273342133,0.15308675169944763,4.809664249420166,0.2890926003456116,-3.597762997742393e-06,-2.4598382424301235e-06,7.042580546112731e-05,-9.30166061152704e-06,-0.00021723104873672128,-2.4402975213888567e-06,4.686623469751794e-06,-1.7759140973794274e-05,0.0,0.0,5.0,0.26831900432731826,5.602836608886719e-06,5.602836608886719e-06,5.364418029785156e-06,5.125999450683594e-06,0.00968885701149702,5.172341236844659,False,False
586,11.72,-0.1110474020242691,0.15308651328086853,4.8096604347229,0.28909239172935486,-3.519114443406579e-06,-2.512424089218257e-06,6.961730105103925e-05,-9.034027243615128e-06,-0.0002151936641894281,-2.8184513212181628e-06,3.178361794198281e-06,-1.7726239093462937e-05,0.0,0.0,5.0,0.2683209946215697,4.649162292480469e-06,5.602836608886719e-06,4.887580871582031e-06,6.9141387939453125e-06,0.009688855148851871,5.182030091993511,False,False
587,11.74,-0.11104603111743927,0.1530863493680954,4.809656620025635,0.28909212350845337,-3.4434779081493616e-06,-2.563124553489615e-06,6.881952867843211e-05,-8.752292160352226e-06,-0.0002131432411260903,-2.251714249723591e-06,4.3854929572262336e-06,-1.798756238713395e-05,0.0,0.0,5.0,0.2683230398043587,5.245208740234375e-06,5.4836273193359375e-06,4.649162292480469e-06,6.079673767089844e-06,0.009688853286206722,5.1917189452797174,False,False
588,11.76,-0.11104466021060944,0.15308623015880585,4.809652805328369,0.2890917658805847,-3.36001357936766e-06,-2.599216941234772e-06,6.803462019888684e-05,-8.45755039335927e-06,-0.00021111889509484172,-1.3576208175436477e-06,3.961126367357792e-06,-1.81628256541444e-05,0.0,0.0,5.0,0.268325110537356,5.4836273193359375e-06,5.4836273193359375e-06,4.5299530029296875e-06,5.9604644775390625e-06,0.009688851423561573,5.201407796703279,False,False
589,11.78,-0.1110432893037796,0.1530861109495163,4.8096489906311035,0.2890912890434265,-3.293237114121439e-06,-2.6139498459087918e-06,6.726275023538619e-05,-8.153336239047348e-06,-0.00020906847203150392,-1.1583153991523432e-07,2.716680910452851e-06,-1.826803600124549e-05,0.0,0.0,5.0,0.26832718131566213,5.841255187988281e-06,4.76837158203125e-06,4.410743713378906e-06,5.9604644775390625e-06,0.009688849560916424,5.211096646264195,False,False
590,11.8,-0.11104196310043335,0.15308599174022675,4.809645175933838,0.2890907824039459,-3.241932063247077e-06,-2.581622311481624e-06,6.650199793512002e-05,-7.84626627137186e-06,-0.00020721397595480084,3.348500058564241e-06,2.4139901597663993e-06,-1.8291508240508847e-05,0.0,0.0,5.0,0.2683292706387924,5.7220458984375e-06,6.4373016357421875e-06,4.649162292480469e-06,4.887580871582031e-06,0.009688847698271275,5.220785493962467,False,False
591,11.82,-0.11104065179824829,0.1530858725309372,4.809641361236572,0.28909027576446533,-3.2147631827683654e-06,-2.5169263153657084e-06,6.575241422979161e-05,-7.546633241872769e-06,-0.00020524190040305257,3.121026338703814e-06,3.0300441267172573e-07,-1.8358505258220248e-05,0.0,0.0,5.0,0.2683313661728784,6.794929504394531e-06,4.887580871582031e-06,4.76837158203125e-06,5.364418029785156e-06,0.009688845835626125,5.230474339798093,False,False
592,11.84,-0.11103934049606323,0.15308575332164764,4.809637546539307,0.28908976912498474,-3.2295815799443517e-06,-2.426411583655863e-06,6.500844756374136e-05,-7.259864105435554e-06,-0.0002032828633673489,5.930397946940502e-06,-1.7847519302449655e-06,-1.8290009393240325e-05,0.0,0.0,5.0,0.2683334617512912,6.198883056640625e-06,6.4373016357421875e-06,5.4836273193359375e-06,5.602836608886719e-06,0.009688843972980976,5.240163183771074,False,False
593,11.86,-0.11103802919387817,0.1530856341123581,4.809633731842041,0.2890893220901489,-3.272824187661172e-06,-2.304426516275271e-06,6.426500476663932e-05,-6.995114745222963e-06,-0.000201049551833421,6.268100605666405e-06,-2.539486786190537e-06,-1.8258999261888675e-05,0.0,0.0,5.0,0.26833555737402986,6.079673767089844e-06,6.556510925292969e-06,5.7220458984375e-06,5.7220458984375e-06,0.009688843041658401,5.249852026812732,False,False
594,11.88,-0.1110367625951767,0.15308551490306854,4.809629917144775,0.28908881545066833,-3.340840066812234e-06,-2.185366156481905e-06,6.351852789521217e-05,-6.756299626431428e-06,-0.0001988423173315823,5.637929916701978e-06,-4.262094080331735e-06,-1.83151842065854e-05,0.0,0.0,5.0,0.2683376715391641,6.556510925292969e-06,5.0067901611328125e-06,5.9604644775390625e-06,6.198883056640625e-06,0.009688841179013252,5.2595408679917455,False,False
595,11.9,-0.11103551089763641,0.153085395693779,4.80962610244751,0.28908833861351013,-3.4195454645669088e-06,-2.0487427718762774e-06,6.276446219999343e-05,-6.544672942254692e-06,-0.00019663508282974362,8.024388989724685e-06,-3.6084657040191814e-06,-1.8209653717349283e-05,0.0,0.0,5.0,0.2683397919138085,6.198883056640625e-06,6.9141387939453125e-06,6.4373016357421875e-06,5.4836273193359375e-06,0.009688839316368103,5.269229707308114,False,False
596,11.92,-0.11103425920009613,0.15308527648448944,4.809622287750244,0.28908783197402954,-3.5037824090977665e-06,-1.893542048492236e-06,6.200407369760796e-05,-6.3655343183199875e-06,-0.00019432330736890435,7.495675617974484e-06,-4.815241936739767e-06,-1.8214965166407637e-05,0.0,0.0,5.0,0.26834191233181887,6.4373016357421875e-06,5.9604644775390625e-06,7.033348083496094e-06,5.4836273193359375e-06,0.009688837453722954,5.2789185447618365,False,False
597,11.94,-0.11103300750255585,0.1530851572751999,4.8096184730529785,0.28908735513687134,-3.5899292925023474e-06,-1.753812739480054e-06,6.123535422375426e-05,-6.219422630238114e-06,-0.0001920245704241097,6.477248916780809e-06,-3.799474825427751e-06,-1.809010973374825e-05,0.0,0.0,5.0,0.268344032793194,7.152557373046875e-06,5.245208740234375e-06,7.033348083496094e-06,5.364418029785156e-06,0.009688835591077805,5.288607380352914,False,False
598,11.96,-0.11103180795907974,0.15308503806591034,4.809614658355713,0.28908705711364746,-3.6721046399179613e-06,-1.6176460349015542e-06,6.045883128535934e-05,-6.103348368924344e-06,-0.0001896867179311812,7.139419267332414e-06,-4.418094704305986e-06,-1.772495852492284e-05,0.0,0.0,5.0,0.2683461748773682,5.364418029785156e-06,7.510185241699219e-06,7.152557373046875e-06,6.794929504394531e-06,0.00968883279711008,5.298296213150024,False,False
599,11.98,-0.11103061586618423,0.1530849188566208,4.809610843658447,0.28908681869506836,-3.745758021977963e-06,-1.5094974514795467e-06,5.967422475805506e-05,-6.016427960275905e-06,-0.00018715293845161796,3.6754411212314153e-06,-2.947273969766684e-06,-1.785007589205634e-05,0.0,0.0,5.0,0.26834832008680537,5.9604644775390625e-06,6.198883056640625e-06,6.556510925292969e-06,7.62939453125e-06,0.009688830934464931,5.307985044084489,False,False
600,12.0,-0.11102942377328873,0.15308479964733124,4.809607028961182,0.28908661007881165,-3.7832419366168324e-06,-1.4314788359115482e-06,5.888348459848203e-05,-5.949455953668803e-06,-0.00018468446796759963,4.126402018300723e-06,-8.011523959794431e-07,-1.798629637050908e-05,0.0,0.0,5.0,0.2683504653386694,5.0067901611328125e-06,7.62939453125e-06,6.4373016357421875e-06,6.9141387939453125e-06,0.009688829071819782,5.317673873156309,False,False
601,12.02,-0.11102823168039322,0.1530846804380417,4.809603214263916,0.2890861928462982,-3.7973650250933133e-06,-1.3707818879993283e-06,5.809240246890113e-05,-5.897888968320331e-06,-0.0001823335769586265,1.943212737387512e-06,-6.111183097345929e-07,-1.8283955796505325e-05,0.0,0.0,5.0,0.26835261063295934,6.4373016357421875e-06,4.76837158203125e-06,6.4373016357421875e-06,6.4373016357421875e-06,0.009688828140497208,5.327362701296806,False,False
602,12.040000000000001,-0.11102709919214249,0.15308456122875214,4.80959939956665,0.28908571600914,-3.7916063320153626e-06,-1.313558414040017e-06,5.730274642701261e-05,-5.856661573488964e-06,-0.00018024392193183303,3.779060762099107e-06,1.1870583875861485e-06,-1.8129268937627785e-05,0.0,0.0,5.0,0.26835478063004853,6.794929504394531e-06,5.841255187988281e-06,6.67572021484375e-06,5.125999450683594e-06,0.009688826277852058,5.337051527574658,False,False
603,12.06,-0.11102596670389175,0.15308444201946259,4.809595584869385,0.28908538818359375,-3.776921175813186e-06,-1.2474089317038306e-06,5.6519409554312006e-05,-5.82699840379064e-06,-0.00017799745546653867,2.8358529107208597e-06,2.815198456573853e-07,-1.78996106114937e-05,0.0,0.0,5.0,0.2683569506686487,6.079673767089844e-06,6.318092346191406e-06,6.4373016357421875e-06,6.9141387939453125e-06,0.009688823483884335,5.346740351058543,False,False
604,12.08,-0.11102483421564102,0.15308432281017303,4.809591770172119,0.28908511996269226,-3.764869916267344e-06,-1.1838936870844918e-06,5.574162787524983e-05,-5.808443347632419e-06,-0.000175698718521744,3.5156001558789285e-06,9.235965308107552e-07,-1.7955097064259462e-05,0.0,0.0,5.0,0.26835912074875884,5.364418029785156e-06,7.3909759521484375e-06,6.4373016357421875e-06,6.794929504394531e-06,0.009688821621239185,5.356429172679782,False,False
605,12.1,-0.11102371662855148,0.15308420360088348,4.8095879554748535,0.2890847325325012,-3.7460051771631697e-06,-1.12863222057058e-06,5.497041638591327e-05,-5.800930921395775e-06,-0.0001733478275127709,2.0104753275518306e-06,9.62949911809119e-07,-1.8198259567725472e-05,0.0,0.0,5.0,0.2683612970351351,5.9604644775390625e-06,5.602836608886719e-06,6.318092346191406e-06,6.67572021484375e-06,0.009688819758594036,5.366117992438376,False,False
606,12.120000000000001,-0.11102264374494553,0.15308408439159393,4.809584140777588,0.289084255695343,-3.715805632964475e-06,-1.0820009492817917e-06,5.420604065875523e-05,-5.801201950816903e-06,-0.0001710883225314319,2.6525531211518683e-06,2.0570691958710086e-06,-1.8253746020491235e-05,0.0,0.0,5.0,0.26836349185673375,6.9141387939453125e-06,4.76837158203125e-06,6.556510925292969e-06,5.4836273193359375e-06,0.009688818827271461,5.375806811265647,False,False
607,12.14,-0.11102157086133957,0.15308396518230438,4.809580326080322,0.2890838384628296,-3.658480409285403e-06,-1.0131414001079975e-06,5.345248064259067e-05,-5.809476533613633e-06,-0.00016890716506168246,4.2333749661338516e-06,3.675558900795295e-06,-1.7968455722439103e-05,0.0,0.0,5.0,0.2683656867189485,6.794929504394531e-06,7.271766662597656e-06,6.556510925292969e-06,4.887580871582031e-06,0.009688816033303738,5.385495627298951,False,False
608,12.16,-0.11102049797773361,0.15308384597301483,4.809576511383057,0.28908365964889526,-3.6128603824181482e-06,-9.567410188537906e-07,5.271405098028481e-05,-5.8277119023841806e-06,-0.00016649096505716443,1.4066563380765729e-06,8.86509440078953e-07,-1.7902259060065262e-05,0.0,0.0,5.0,0.2683678816217783,5.602836608886719e-06,6.198883056640625e-06,5.9604644775390625e-06,7.62939453125e-06,0.009688814170658588,5.39518444146961,False,False
609,12.18,-0.11101943999528885,0.15308372676372528,4.809572696685791,0.289083331823349,-3.5823338748741662e-06,-9.154336453320866e-07,5.1984105084557086e-05,-5.852223694091663e-06,-0.00016410084208473563,2.7240341751166852e-06,2.1662160634150496e-06,-1.811113725125324e-05,0.0,0.0,5.0,0.2683700827295401,5.245208740234375e-06,7.033348083496094e-06,6.079673767089844e-06,6.9141387939453125e-06,0.00968881230801344,5.404873253777623,False,False
610,12.200000000000001,-0.11101842671632767,0.15308360755443573,4.809568881988525,0.2890828251838684,-3.534849838615628e-06,-8.722361712898419e-07,5.126414544065483e-05,-5.883212452317821e-06,-0.00016177602810785174,1.5956112520143506e-06,2.5822716906986898e-06,-1.8324031771044247e-05,0.0,0.0,5.0,0.2683723023703252,6.794929504394531e-06,4.410743713378906e-06,6.318092346191406e-06,5.9604644775390625e-06,0.00968881044536829,5.4145620642229915,False,False
611,12.22,-0.11101741343736649,0.15308348834514618,4.80956506729126,0.2890823483467102,-3.4704112295003142e-06,-8.150977919285651e-07,5.0556667702039704e-05,-5.9193539527768735e-06,-0.00015968637308105826,4.118187916901661e-06,3.8617299651377834e-06,-1.8072036255034618e-05,0.0,0.0,5.0,0.26837452205085355,6.67572021484375e-06,6.318092346191406e-06,6.4373016357421875e-06,4.76837158203125e-06,0.00968880858272314,5.424250872805715,False,False
612,12.24,-0.1110164001584053,0.15308336913585663,4.809561252593994,0.2890820801258087,-3.4174179290857865e-06,-7.441664138241322e-07,4.9865378969116136e-05,-5.964842785033397e-06,-0.0001575444475747645,2.9749530767730903e-06,1.4377060324477497e-06,-1.786225584510248e-05,0.0,0.0,5.0,0.2683767417711241,5.602836608886719e-06,7.033348083496094e-06,6.4373016357421875e-06,7.152557373046875e-06,0.009688805788755417,5.43393967859447,False,False
613,12.26,-0.11101538687944412,0.15308324992656708,4.8095574378967285,0.2890818119049072,-3.3796345633163583e-06,-6.801577114856627e-07,4.918542254017666e-05,-6.020322416588897e-06,-0.00015507597709074616,3.4259151107107755e-06,2.3407105800288264e-06,-1.8110482415067963e-05,0.0,0.0,5.0,0.2683789615311358,5.125999450683594e-06,7.510185241699219e-06,6.4373016357421875e-06,6.67572021484375e-06,0.009688804857432842,5.443628483451903,False,False
614,12.280000000000001,-0.11101443320512772,0.15308313071727753,4.809553623199463,0.28908130526542664,-3.330920890221023e-06,-6.334705631161341e-07,4.851709309150465e-05,-6.08478103458765e-06,-0.00015272508608177304,1.242727080352779e-06,2.5307442683697445e-06,-1.8408141841064207e-05,0.0,0.0,5.0,0.26838120598602094,7.033348083496094e-06,4.0531158447265625e-06,6.67572021484375e-06,5.841255187988281e-06,0.009688802994787693,5.453317286446691,False,False
615,12.3,-0.11101347953081131,0.15308301150798798,4.809549808502197,0.28908082842826843,-3.264875886088703e-06,-5.860267151547305e-07,4.78611582366284e-05,-6.153685717436019e-06,-0.0001505439286120236,3.501612127365661e-06,4.073894160683267e-06,-1.806534237402957e-05,0.0,0.0,5.0,0.26838345047979834,6.67572021484375e-06,6.318092346191406e-06,6.556510925292969e-06,5.245208740234375e-06,0.00968880020081997,5.4630060866475105,False,False
616,12.32,-0.1110125258564949,0.15308289229869843,4.809545993804932,0.2890806198120117,-3.1910922189126723e-06,-5.240642622084124e-07,4.722228550235741e-05,-6.2295580391946714e-06,-0.00014825834659859538,2.694644763323595e-06,3.304596248199232e-06,-1.7887867215904407e-05,0.0,0.0,5.0,0.26838569501246706,5.7220458984375e-06,7.3909759521484375e-06,6.198883056640625e-06,6.794929504394531e-06,0.00968879833817482,5.472694884985685,False,False
617,12.34,-0.1110115721821785,0.15308277308940887,4.809542179107666,0.28908035159111023,-3.1234776542987674e-06,-4.863525191467488e-07,4.6599441702710465e-05,-6.311446213658201e-06,-0.00014584214659407735,1.0765098750198376e-06,3.4569602576084435e-06,-1.807352055038791e-05,0.0,0.0,5.0,0.2683879395840261,5.841255187988281e-06,6.4373016357421875e-06,6.079673767089844e-06,6.9141387939453125e-06,0.00968879647552967,5.482383681461215,False,False
618,12.36,-0.11101064085960388,0.15308265388011932,4.8095383644104,0.289079874753952,-3.045658331757295e-06,-4.602843262091483e-07,4.5991564547875896e-05,-6.39486324871541e-06,-0.00014355656458064914,1.5302367728509125e-06,4.325058398535475e-06,-1.8147167793358676e-05,0.0,0.0,5.0,0.2683901934395253,6.556510925292969e-06,5.9604644775390625e-06,5.9604644775390625e-06,5.841255187988281e-06,0.009688794612884521,5.4920724760740995,False,False
619,12.38,-0.11100974678993225,0.15308253467082977,4.809534549713135,0.28907933831214905,-2.967459067804157e-06,-4.210281190353271e-07,4.540062218438834e-05,-6.479623152699787e-06,-0.00014131009811535478,2.3953241452545626e-06,3.494984412100166e-06,-1.8073767932946794e-05,0.0,0.0,5.0,0.2683924627417637,6.794929504394531e-06,5.364418029785156e-06,6.4373016357421875e-06,5.4836273193359375e-06,0.009688792750239372,5.501761268824339,False,False
620,12.4,-0.11100885272026062,0.15308241546154022,4.809530735015869,0.28907909989356995,-2.8983272386540193e-06,-3.6070392184228695e-07,4.482607982936315e-05,-6.569299330294598e-06,-0.0001391028636135161,3.637113877630327e-06,3.4183140087407082e-06,-1.7930751710082404e-05,0.0,0.0,5.0,0.2683947320820645,5.364418029785156e-06,7.62939453125e-06,6.318092346191406e-06,6.318092346191406e-06,0.009688790887594223,5.511450059711933,False,False
621,12.42,-0.11100795865058899,0.15308229625225067,4.8095269203186035,0.2890787422657013,-2.838349246303551e-06,-3.1254708687811217e-07,4.426744271768257e-05,-6.666748504358111e-06,-0.0001367780496366322,1.1785566584876506e-06,2.5795761757763103e-06,-1.814233655750286e-05,0.0,0.0,5.0,0.2683970014604268,6.318092346191406e-06,5.602836608886719e-06,6.079673767089844e-06,6.9141387939453125e-06,0.009688789024949074,5.521138848736882,False,False
622,12.44,-0.11100706458091736,0.15308217704296112,4.809523105621338,0.2890782952308655,-2.7780772597907344e-06,-2.802945289204217e-07,4.3721582187572494e-05,-6.767713784938678e-06,-0.000134492467623204,2.0466559362830594e-06,3.447674316703342e-06,-1.817966222006362e-05,0.0,0.0,5.0,0.26839927087684956,6.318092346191406e-06,5.7220458984375e-06,6.318092346191406e-06,5.841255187988281e-06,0.009688787162303925,5.530827635899186,False,False
623,12.46,-0.11100617051124573,0.15308205783367157,4.809519290924072,0.2890778183937073,-2.7061244054493727e-06,-2.363608047062371e-07,4.31903317803517e-05,-6.872171525174053e-06,-0.00013231131015345454,2.3466891434509307e-06,3.747707523871213e-06,-1.8118384105036967e-05,0.0,0.0,5.0,0.26840154033133184,6.9141387939453125e-06,5.4836273193359375e-06,6.4373016357421875e-06,5.4836273193359375e-06,0.0096887843683362,5.540516420267522,False,False
624,12.48,-0.11100533604621887,0.15308193862438202,4.809515476226807,0.28907743096351624,-2.637212446643389e-06,-1.8303641979855456e-07,4.26752922066953e-05,-6.981526439631125e-06,-0.00013005180517211556,2.9857546905986965e-06,3.1436557037523016e-06,-1.8026823454420082e-05,0.0,0.0,5.0,0.26840383447490707,6.318092346191406e-06,6.318092346191406e-06,6.4373016357421875e-06,5.7220458984375e-06,0.009688782505691051,5.550205202773213,False,False
625,12.5,-0.11100450158119202,0.15308181941509247,4.809511661529541,0.28907719254493713,-2.57951182902616e-06,-1.2811648275601328e-07,4.2175393900834024e-05,-7.097813977452461e-06,-0.0001278576091863215,2.506267264834605e-06,2.626495188451372e-06,-1.7983124052989297e-05,0.0,0.0,5.0,0.2684061286557369,5.602836608886719e-06,7.152557373046875e-06,6.4373016357421875e-06,6.9141387939453125e-06,0.009688780643045902,5.559893983416259,False,False
626,12.52,-0.11100366711616516,0.15308170020580292,4.809507846832275,0.2890767753124237,-2.53487655754725e-06,-9.040514470370908e-08,4.1688079363666475e-05,-7.220316092571011e-06,-0.00012542825425043702,1.2648341680687736e-06,1.8371040368947433e-06,-1.8199045371147804e-05,0.0,0.0,5.0,0.2684084228738204,5.841255187988281e-06,5.364418029785156e-06,6.318092346191406e-06,7.152557373046875e-06,0.009688778780400753,5.56958276219666,False,False
627,12.540000000000001,-0.1110028326511383,0.15308158099651337,4.80950403213501,0.2890762686729431,-2.4710234356462024e-06,-4.2516859366514836e-08,4.1211696952814236e-05,-7.3470214374538045e-06,-0.00012312951730564237,3.5239679618825903e-06,4.548278866423061e-06,-1.828986387408804e-05,0.0,0.0,5.0,0.26841071712915654,6.794929504394531e-06,6.318092346191406e-06,6.794929504394531e-06,4.410743713378906e-06,0.009688776917755604,5.579271539114416,False,False
628,12.56,-0.11100199818611145,0.15308146178722382,4.809500217437744,0.2890758514404297,-2.4007931642699987e-06,6.8512324702396654e-09,4.0752431232249364e-05,-7.480035947082797e-06,-0.00012096147838747129,1.4128595466900151e-06,2.474839448041166e-06,-1.8000804629991762e-05,0.0,0.0,5.0,0.26841301142174445,6.794929504394531e-06,5.245208740234375e-06,6.67572021484375e-06,6.198883056640625e-06,0.00968877412378788,5.5889603132382035,False,False
629,12.58,-0.1110011637210846,0.15308134257793427,4.8094964027404785,0.2890756130218506,-2.3398640678351512e-06,4.6541817511069894e-08,4.030684431199916e-05,-7.61712908570189e-06,-0.0001186366644105874,2.5562030714354478e-06,3.618181608544546e-06,-1.785289896361064e-05,0.0,0.0,5.0,0.2684153057515831,5.602836608886719e-06,7.867813110351562e-06,6.318092346191406e-06,6.318092346191406e-06,0.00968877226114273,5.598649085499346,False,False
630,12.6,-0.11100038141012192,0.15308122336864471,4.809492588043213,0.2890753448009491,-2.284929450979689e-06,7.609384056195267e-08,3.9875387301435694e-05,-7.75834450905677e-06,-0.00011623344471445307,3.9900808701531787e-07,1.8753586346065276e-06,-1.8037242625723593e-05,0.0,0.0,5.0,0.2684176216862567,5.125999450683594e-06,6.318092346191406e-06,5.9604644775390625e-06,7.987022399902344e-06,0.009688770398497581,5.608337855897844,False,False
631,12.620000000000001,-0.11099960654973984,0.15308110415935516,4.809488773345947,0.2890748977661133,-2.2159933905641083e-06,9.629264496879841e-08,3.945501885027625e-05,-7.900338459876366e-06,-0.00011390863073756918,1.6208285842367331e-06,5.018359388486715e-06,-1.8340970200370066e-05,0.0,0.0,5.0,0.26841994073853054,6.318092346191406e-06,6.4373016357421875e-06,6.318092346191406e-06,5.125999450683594e-06,0.009688768535852432,5.618026624433696,False,False
632,12.64,-0.11099883168935776,0.1530809849500656,4.809484958648682,0.2890744209289551,-2.127319930878002e-06,1.1739376049035855e-07,3.90519380744081e-05,-8.042196895985398e-06,-0.00011176670523127541,4.892700644631987e-07,3.849131189781474e-06,-1.8241478755953722e-05,0.0,0.0,5.0,0.2684222598272713,6.794929504394531e-06,5.0067901611328125e-06,6.198883056640625e-06,5.7220458984375e-06,0.009688766673207283,5.6277153911069036,False,False
633,12.66,-0.11099805682897568,0.15308086574077606,4.809481143951416,0.28907397389411926,-2.0468457933020545e-06,1.3669925635895197e-07,3.866533734253608e-05,-8.182612873497419e-06,-0.00010958560596918687,1.4412501059268834e-06,4.1983880691987e-06,-1.801313010219019e-05,0.0,0.0,5.0,0.268424578952478,6.794929504394531e-06,6.198883056640625e-06,6.198883056640625e-06,5.602836608886719e-06,0.00968876387923956,5.637404154986143,False,False
634,12.68,-0.1109972819685936,0.1530807465314865,4.80947732925415,0.28907373547554016,-1.9715566850209143e-06,1.6249721568328823e-07,3.829516936093569e-05,-8.323096153617371e-06,-0.00010723465675255284,1.1385602647351334e-06,3.330643949084333e-06,-1.7939730241778307e-05,0.0,0.0,5.0,0.2684268981141497,5.602836608886719e-06,7.033348083496094e-06,5.841255187988281e-06,7.033348083496094e-06,0.00968876201659441,5.6470929170027375,False,False
635,12.700000000000001,-0.11099650710821152,0.15308062732219696,4.809473514556885,0.2890733778476715,-1.9046955230805906e-06,1.851409763276024e-07,3.793953510466963e-05,-8.464156962872948e-06,-0.00010484453378012404,1.1258036920480663e-06,3.355556827955297e-06,-1.8150325558963232e-05,0.0,0.0,5.0,0.26842921731228553,5.4836273193359375e-06,6.556510925292969e-06,5.841255187988281e-06,6.556510925292969e-06,0.00968876015394926,5.656781677156687,False,False
636,12.72,-0.11099573224782944,0.1530805081129074,4.809469699859619,0.2890729308128357,-1.8379452058070456e-06,2.0767394914855686e-07,3.7597746995743364e-05,-8.605721632193308e-06,-0.00010251971980324015,1.1274880762357498e-06,3.319569941595546e-06,-1.8299657313036732e-05,0.0,0.0,5.0,0.26843153654688445,5.9604644775390625e-06,5.9604644775390625e-06,6.079673767089844e-06,6.079673767089844e-06,0.009688758291304111,5.666470435447991,False,False
637,12.74,-0.11099495738744736,0.15308038890361786,4.8094658851623535,0.2890724241733551,-1.7671342220637598e-06,2.3012397321053868e-07,3.7269957829266787e-05,-8.747731044422835e-06,-0.00010031248530140147,1.1174954579473706e-06,3.7616189274558565e-06,-1.8299351722816937e-05,0.0,0.0,5.0,0.2684338558179456,6.67572021484375e-06,5.245208740234375e-06,6.079673767089844e-06,5.245208740234375e-06,0.009688756428658962,5.67615919187665,False,False
638,12.76,-0.11099424213171005,0.1530802696943283,4.809462070465088,0.2890719175338745,-1.6984654394036625e-06,2.5909560008585686e-07,3.695700434036553e-05,-8.89028342498932e-06,-9.815752127906308e-05,1.7796668316805153e-06,3.1053311886353185e-06,-1.8106742572854273e-05,0.0,0.0,5.0,0.2684361997710668,6.794929504394531e-06,5.364418029785156e-06,6.318092346191406e-06,5.245208740234375e-06,0.009688754566013813,5.685847946442664,False,False
639,12.780000000000001,-0.11099352687597275,0.1530800759792328,4.809458255767822,0.28907161951065063,-1.6429221432190388e-06,3.0131030825941707e-07,3.6657820601249114e-05,-9.03585441847099e-06,-9.600255725672469e-05,2.4418372959189583e-06,2.4490434498147806e-06,-1.791413342289161e-05,0.0,0.0,5.0,0.26843850127210817,5.245208740234375e-06,6.794929504394531e-06,6.4373016357421875e-06,5.9604644775390625e-06,0.009688754566013813,5.6955367010086775,False,False
640,12.8,-0.11099281162023544,0.1530798375606537,4.809457302093506,0.28907138109207153,-1.594708578522841e-06,3.335586598041118e-07,3.6370638554217294e-05,-9.186384886561427e-06,-9.3795322754886e-05,7.830195158931019e-07,2.3723741833237e-06,-1.8019343769992702e-05,0.0,0.0,5.0,0.2684387465036422,4.172325134277344e-06,2.5033950805664062e-06,6.556510925292969e-06,3.2186508178710938e-06,0.009688755497336388,5.705225456506014,False,False
641,12.82,-0.11099209636449814,0.15307959914207458,4.809457302093506,0.28907114267349243,-1.5132892485780758e-06,3.281935221366439e-07,3.609510531532578e-05,-9.336833500128705e-06,-9.23327388591133e-05,-1.3195485735195689e-06,5.769657491327962e-06,-1.7528172975289635e-05,0.0,0.0,5.0,0.2684383148031774,4.172325134277344e-06,-9.5367431640625e-07,6.198883056640625e-06,-8.940696716308594e-07,0.009688756428658962,5.714914212934673,False,False
642,12.84,-0.11099138110876083,0.15307936072349548,4.809457302093506,0.28907090425491333,-1.3705954415854649e-06,2.801346568048757e-07,3.583878788049333e-05,-9.476664672547486e-06,-9.158867032965645e-05,-3.4864001463574823e-06,8.499931936967187e-06,-1.6399235391872935e-05,0.0,0.0,5.0,0.2684378831041359,4.0531158447265625e-06,-2.0265579223632812e-06,5.4836273193359375e-06,-3.337860107421875e-06,0.009688757359981537,5.724602970294654,False,False
643,12.86,-0.11099066585302353,0.15307912230491638,4.809457302093506,0.28907063603401184,-1.1980472436334821e-06,1.7566642895872064e-07,3.560858385753818e-05,-9.59428052738076e-06,-9.128878446063027e-05,-6.9605284807039425e-06,8.755150702199899e-06,-1.4946197552490048e-05,0.0,0.0,5.0,0.2684374514065177,4.0531158447265625e-06,-4.172325134277344e-06,4.649162292480469e-06,-3.6954879760742188e-06,0.009688758291304111,5.7342917285859585,False,False
644,12.88,-0.11098995059728622,0.15307888388633728,4.809457302093506,0.28907039761543274,-1.0138753623323282e-06,3.272124260433884e-08,3.540451143635437e-05,-9.678253263700753e-06,-9.131550177698955e-05,-7.334148904192261e-06,9.662317097536288e-06,-1.3389659216045402e-05,0.0,0.0,5.0,0.26843701971032286,3.5762786865234375e-06,-3.4570693969726562e-06,3.933906555175781e-06,-4.5299530029296875e-06,0.009688759222626686,5.743980487808585,False,False
645,12.9,-0.11098923534154892,0.15307864546775818,4.809457302093506,0.28907015919685364,-8.311499755109253e-07,-1.2824499151520286e-07,3.5227225453127176e-05,-9.723741641209926e-06,-9.152510756393895e-05,-8.762659490457736e-06,8.610511940787546e-06,-1.1940208423766308e-05,0.0,0.0,5.0,0.2684365880155513,3.337860107421875e-06,-3.933906555175781e-06,3.337860107421875e-06,-3.874301910400391e-06,0.00968876015394926,5.753669247962534,False,False
646,12.92,-0.11098852008581161,0.15307840704917908,4.809457302093506,0.28906989097595215,-6.589116310351528e-07,-3.0346527069013973e-07,3.5073629987891763e-05,-9.72747784544481e-06,-9.169553959509358e-05,-8.759574484429322e-06,8.61359694681596e-06,-1.0565292541286908e-05,0.0,0.0,5.0,0.2684361563222031,2.9802322387695312e-06,-3.933906555175781e-06,2.86102294921875e-06,-4.410743713378906e-06,0.00968876015394926,5.763358008116484,False,False
647,12.94,-0.11098780483007431,0.15307816863059998,4.809457302093506,0.28906965255737305,-4.901186798633717e-07,-4.88534851683653e-07,3.494230259093456e-05,-9.688176760391798e-06,-9.206189861288294e-05,-9.747591320774518e-06,8.265973519883119e-06,-9.264751497539692e-06,0.0,0.0,5.0,0.2684357246302782,2.9802322387695312e-06,-4.5299530029296875e-06,2.384185791015625e-06,-4.470348358154297e-06,0.009688761085271835,5.7730467692017555,False,False
648,12.96,-0.110987089574337,0.15307793021202087,4.809457302093506,0.28906938433647156,-3.248878783779219e-07,-6.775430279049033e-07,3.48317225871142e-05,-9.603936632629484e-06,-9.257197234546766e-05,-9.153458449873142e-06,8.257380613940768e-06,-7.939988790894859e-06,0.0,0.0,5.0,0.2684352929397767,2.86102294921875e-06,-4.112720489501953e-06,2.0265579223632812e-06,-5.125999450683594e-06,0.00968876201659441,5.78273553121835,False,False
649,12.98,-0.1109863743185997,0.15307769179344177,4.809457302093506,0.28906914591789246,-1.7628809700909187e-07,-8.57190116221318e-07,3.474104232736863e-05,-9.47601529333042e-06,-9.305591083830222e-05,-8.811466614133678e-06,6.6028496803482994e-06,-6.644919267273508e-06,0.0,0.0,5.0,0.26843486125069854,2.384185791015625e-06,-3.516674041748047e-06,1.7881393432617188e-06,-4.470348358154297e-06,0.009688762947916985,5.792424294166267,False,False
650,13.0,-0.1109856590628624,0.15307745337486267,4.809457302093506,0.2890690267086029,-5.976379924277353e-08,-1.0361401336922427e-06,3.466566340648569e-05,-9.307040272688027e-06,-9.353984933113679e-05,-9.083754775929265e-06,5.049778337706812e-06,-5.504809450940229e-06,0.0,0.0,5.0,0.2684344295630437,1.430511474609375e-06,-3.159046173095703e-06,1.430511474609375e-06,-3.516674041748047e-06,0.00968876387923956,5.8021130580455065,False,False
651,13.02,-0.11098494380712509,0.15307721495628357,4.809457302093506,0.2890690267086029,3.7378470096882666e-08,-1.2216645473017707e-06,3.460008156253025e-05,-9.097969268623274e-06,-9.406301978742704e-05,-9.468929420108907e-06,4.664607331505977e-06,-4.632971467799507e-06,0.0,0.0,5.0,0.26843399787681227,9.5367431640625e-07,-2.384185791015625e-06,9.5367431640625e-07,-2.9206275939941406e-06,0.00968876387923956,5.811801821924746,False,False
652,13.040000000000001,-0.11098422855138779,0.15307702124118805,4.809457302093506,0.2890690267086029,1.284409592017255e-07,-1.4132685919321375e-06,3.45416774507612e-05,-8.848190191201866e-06,-9.461232548346743e-05,-9.691741070128046e-06,4.4417920435080305e-06,-3.971310434280895e-06,0.0,0.0,5.0,0.2684335916846238,5.960464477539062e-07,-1.9073486328125e-06,4.76837158203125e-07,-2.682209014892578e-06,0.009688764810562134,5.821490586735308,False,False
653,13.06,-0.11098351329565048,0.1530769020318985,4.809457302093506,0.2890690267086029,2.066732776029312e-07,-1.6112992398120696e-06,3.448874849709682e-05,-8.557054570701439e-06,-9.5096263976302e-05,-1.0111571100424044e-05,3.3815686037996784e-06,-3.413004378671758e-06,0.0,0.0,5.0,0.2684332279815872,4.76837158203125e-07,-1.8477439880371094e-06,0.0,-1.7285346984863281e-06,0.00968876387923956,5.831179350614548,False,False
654,13.08,-0.11098279803991318,0.15307678282260895,4.809455871582031,0.2890690267086029,2.73844648290833e-07,-1.807959620236943e-06,3.443817331572063e-05,-8.224476914620027e-06,-9.55410287133418e-05,-9.554742064210586e-06,3.33567732013762e-06,-2.9899238143116236e-06,0.0,0.0,5.0,0.26843387970718546,8.344650268554688e-07,4.76837158203125e-07,-5.364418029785156e-07,0.0,0.00968876201659441,5.840868112631142,False,False
655,13.1,-0.11098208278417587,0.1530766636133194,4.809452056884766,0.2890690267086029,3.222803854896483e-07,-1.9868161871272605e-06,3.438861676841043e-05,-7.852711860323325e-06,-9.559388126945123e-05,-8.331151548190974e-06,1.5079803006301518e-06,-3.046452548005618e-06,0.0,0.0,5.0,0.26843622383639953,1.430511474609375e-06,5.0067901611328125e-06,-8.344650268554688e-07,4.172325134277344e-06,0.00968876015394926,5.850556872785091,False,False
656,13.120000000000001,-0.11098136752843857,0.15307654440402985,4.809451103210449,0.2890690267086029,3.2115789849740395e-07,-2.1410214685602114e-06,3.4335083910264075e-05,-7.447715688613243e-06,-9.477146522840485e-05,-7.089611244737171e-06,-1.6202244523810805e-06,-3.835024472209625e-06,0.0,0.0,5.0,0.26843653710491083,2.384185791015625e-07,2.384185791015625e-06,-6.556510925292969e-07,4.172325134277344e-06,0.009688761085271835,5.860245633870363,False,False
657,13.14,-0.11098065227270126,0.1530764251947403,4.809451103210449,0.2890690267086029,2.9740206741735165e-07,-2.2553285816684365e-06,3.42704588547349e-05,-7.017521511443192e-06,-9.430172940483317e-05,-4.341263320384314e-06,-7.553858836217842e-07,-4.490406354307197e-06,0.0,0.0,5.0,0.2684361734137,-2.384185791015625e-07,1.1920928955078125e-06,-4.172325134277344e-07,9.5367431640625e-07,0.00968876201659441,5.869934395886958,False,False
658,13.16,-0.11097999662160873,0.15307630598545074,4.809451103210449,0.2890690267086029,2.796079741074209e-07,-2.3523725758423097e-06,3.419658605707809e-05,-6.569494871655479e-06,-9.428927296539769e-05,-5.363320724427467e-06,-1.024038851937803e-06,-4.738803909276612e-06,0.0,0.0,5.0,0.26843583436642454,5.960464477539062e-07,-1.0132789611816406e-06,-5.960464477539062e-07,1.1920928955078125e-07,0.009688762947916985,5.879623158834875,False,False
659,13.18,-0.1109793409705162,0.1530761867761612,4.809451103210449,0.2890690267086029,2.559186214057263e-07,-2.4319572275999235e-06,3.411355282878503e-05,-6.104620752012124e-06,-9.448584023630247e-05,-2.595251544335042e-06,-1.3449267726173275e-06,-4.665167580242269e-06,0.0,0.0,5.0,0.2684354953203752,-5.960464477539062e-07,3.5762786865234375e-07,-5.960464477539062e-07,-7.152557373046875e-07,0.009688762947916985,5.889311921782792,False,False
660,13.200000000000001,-0.11097868531942368,0.15307606756687164,4.809451103210449,0.2890690267086029,2.1639286273966718e-07,-2.4964883778011426e-06,3.402133734198287e-05,-5.628887720376952e-06,-9.47738517425023e-05,-3.858019681501901e-06,-2.6076947960973484e-06,-4.7712692321510985e-06,0.0,0.0,5.0,0.2684351562755519,1.1920928955078125e-07,-1.430511474609375e-06,-4.76837158203125e-07,-4.172325134277344e-07,0.009688762947916985,5.899000684730709,False,False
661,13.22,-0.11097802966833115,0.1530759483575821,4.809451103210449,0.2890690267086029,1.7624310544306354e-07,-2.5548633857397363e-06,3.3917131077032536e-05,-5.1430083658488e-06,-9.506186324870214e-05,-1.979594571821508e-06,-1.4073331158215296e-06,-4.609120878740214e-06,0.0,0.0,5.0,0.26843481723195484,-1.1920928955078125e-07,1.1920928955078125e-07,-5.960464477539062e-07,-1.5497207641601562e-06,0.009688762947916985,5.908689447678626,False,False
662,13.24,-0.11097737401723862,0.15307582914829254,4.809450149536133,0.2890690267086029,1.239059770341555e-07,-2.6141251510125585e-06,3.380255293450318e-05,-4.64947606815258e-06,-9.545435750624165e-05,-3.946668130083708e-06,-3.826448846666608e-06,-4.567451469483785e-06,0.0,0.0,5.0,0.26843515515856237,7.152557373046875e-07,-5.364418029785156e-07,-6.556510925292969e-07,1.0728836059570312e-06,0.00968876015394926,5.918378207832575,False,False
663,13.26,-0.11097671836614609,0.153075709939003,4.809446334838867,0.2890690267086029,5.34723696432593e-08,-2.656073547768756e-06,3.367229874129407e-05,-4.148123025515815e-06,-9.55202485783957e-05,-2.482713625795441e-07,-3.217010998923797e-06,-4.623421773430891e-06,0.0,0.0,5.0,0.26843752401441534,8.344650268554688e-07,7.033348083496094e-06,-3.5762786865234375e-07,4.172325134277344e-06,0.009688759222626686,5.9280669670552015,False,False
664,13.280000000000001,-0.11097606271505356,0.15307559072971344,4.809445858001709,0.2890690267086029,-5.118917556501401e-08,-2.6829027319763554e-06,3.352597195771523e-05,-3.6462890875554876e-06,-9.450184734305367e-05,-2.4347216367459623e-06,-7.249301688716514e-06,-5.602700184681453e-06,0.0,0.0,5.0,0.2684375234681081,5.960464477539062e-07,1.3113021850585938e-06,-1.1920928955078125e-07,4.5299530029296875e-06,0.00968876015394926,5.937755727209151,False,False
665,13.3,-0.11097540706396103,0.1530754715204239,4.809445858001709,0.28906896710395813,-1.7573056254605035e-07,-2.6851610073208576e-06,3.335493238409981e-05,-3.1462225251743803e-06,-9.39798992476426e-05,2.20881497625669e-06,-5.2050090744160116e-06,-6.174630470923148e-06,0.0,0.0,5.0,0.26843718443411824,-2.384185791015625e-07,1.9073486328125e-06,7.152557373046875e-07,5.960464477539062e-07,0.009688761085271835,5.947444488294423,False,False
666,13.32,-0.1109747514128685,0.1530754268169403,4.809445858001709,0.28906872868537903,-2.791257998069341e-07,-2.6662730761017883e-06,3.316386937513016e-05,-2.655951448105043e-06,-9.382372809341177e-05,-3.2005192451833864e-07,-5.134628736414015e-06,-6.392756404238753e-06,0.0,0.0,5.0,0.2684368878880868,1.9073486328125e-06,-2.3245811462402344e-06,5.960464477539062e-07,-7.152557373046875e-07,0.00968876201659441,5.957133250311017,False,False
667,13.34,-0.11097409576177597,0.1530754268169403,4.809445858001709,0.2890685796737671,-3.7146611475691316e-07,-2.637837269503507e-06,3.2954714697552845e-05,-2.1737650968134403e-06,-9.403333388036117e-05,3.163627525282209e-06,-4.09951462643221e-06,-5.8359273680252954e-06,0.0,0.0,5.0,0.2684366168354033,1.1920928955078125e-06,1.0728836059570312e-06,2.384185791015625e-07,-1.5497207641601562e-06,0.00968876201659441,5.9668220123276114,False,False
668,13.36,-0.11097344011068344,0.1530754268169403,4.809445858001709,0.2890685796737671,-4.99871077863645e-07,-2.596495505713392e-06,3.2729403756093234e-05,-1.7052649354809546e-06,-9.406005119672045e-05,9.705318007036112e-07,-8.741175406612456e-06,-5.651987521559931e-06,0.0,0.0,5.0,0.26843634578404757,5.960464477539062e-07,-7.748603820800781e-07,2.384185791015625e-07,1.430511474609375e-06,0.009688762947916985,5.976510775275528,False,False
669,13.38,-0.11097278445959091,0.1530754268169403,4.809445858001709,0.2890685796737671,-6.591803867195267e-07,-2.5495187401247676e-06,3.2477484637638554e-05,-1.2519820984380203e-06,-9.403449803357944e-05,3.7271722703735577e-06,-7.189983534772182e-06,-5.626226993626915e-06,0.0,0.0,5.0,0.26843607473401954,-3.5762786865234375e-07,1.6689300537109375e-06,2.384185791015625e-07,3.5762786865234375e-07,0.009688762947916985,5.986199538223445,False,False
670,13.4,-0.11097212880849838,0.1530754268169403,4.809445858001709,0.2890685796737671,-8.149663131007401e-07,-2.493744659659569e-06,3.2200019632000476e-05,-8.182581723303883e-07,-9.39305973588489e-05,1.8502514649298973e-06,-8.388841706619132e-06,-5.8377172535983846e-06,0.0,0.0,5.0,0.2684358036853193,-5.960464477539063e-08,-4.76837158203125e-07,3.5762786865234375e-07,8.344650268554688e-07,0.009688762947916985,5.995888301171362,False,False
671,13.42,-0.11097147315740585,0.1530754268169403,4.809445858001709,0.2890685796737671,-9.699826932774158e-07,-2.450385636620922e-06,3.189514245605096e-05,-4.021478332560946e-07,-9.393117943545803e-05,2.4856826712493785e-06,-7.113017090887297e-06,-5.831838279846124e-06,0.0,0.0,5.0,0.2684355326379467,1.1920928955078125e-07,3.5762786865234375e-07,3.5762786865234375e-07,1.1920928955078125e-07,0.00968876387923956,6.005577065050602,False,False
672,13.44,-0.11097081750631332,0.1530754268169403,4.809445858001709,0.2890685796737671,-1.1120594081148738e-06,-2.406517296549282e-06,3.1565112294629216e-05,-2.847783342474486e-09,-9.393176151206717e-05,1.9011030190085876e-06,-7.0948744905763306e-06,-5.8308523875894025e-06,0.0,0.0,5.0,0.2684352615919019,1.1920928955078125e-07,-2.384185791015625e-07,2.384185791015625e-07,1.1920928955078125e-07,0.00968876387923956,6.0152658289298415,False,False
673,13.46,-0.11097017675638199,0.1530754268169403,4.809445858001709,0.2890685796737671,-1.2469928378777695e-06,-2.3615339159732684e-06,3.121110421488993e-05,3.8067204854996817e-07,-9.404992306372151e-05,2.597310185592505e-06,-6.398667210305575e-06,-5.7693268900038674e-06,0.0,0.0,5.0,0.2684349967072773,0.0,5.960464477539062e-07,3.5762786865234375e-07,-5.960464477539063e-08,0.00968876387923956,6.024954592809081,False,False
674,13.48,-0.11096958070993423,0.1530754268169403,4.809445858001709,0.2890685796737671,-1.3777964795735897e-06,-2.318447059224127e-06,3.0834977224003524e-05,7.480448402930051e-07,-9.40243699005805e-05,1.711367644929851e-06,-6.681883860437665e-06,-5.792559022665955e-06,0.0,0.0,5.0,0.2684347503041138,2.384185791015625e-07,-1.7881393432617188e-07,3.5762786865234375e-07,0.0,0.009688764810562134,6.034643357619643,False,False
675,13.5,-0.11096898466348648,0.1530754268169403,4.809445858001709,0.2890685796737671,-1.5014566088211723e-06,-2.279894488310674e-06,3.0436625820584595e-05,1.100835788747645e-06,-9.411639621248469e-05,2.14388319363934e-06,-5.6843136917450465e-06,-5.70378870179411e-06,0.0,0.0,5.0,0.2684345039020476,1.1920928955078125e-07,4.76837158203125e-07,2.384185791015625e-07,-5.960464477539063e-08,0.009688764810562134,6.044332122430205,False,False
676,13.52,-0.11096838861703873,0.1530754268169403,4.809445858001709,0.2890685796737671,-1.6179734529941925e-06,-2.2402255126507953e-06,3.001824916282203e-05,1.4394286154129077e-06,-9.414311352884397e-05,1.8229949318993022e-06,-5.967530341877136e-06,-5.727020834456198e-06,0.0,0.0,5.0,0.2684342575010787,2.384185791015625e-07,-1.7881393432617188e-07,3.5762786865234375e-07,0.0,0.009688764810562134,6.0540208872407675,False,False
677,13.540000000000001,-0.11096779257059097,0.1530754268169403,4.809445858001709,0.2890685796737671,-1.7273466710321372e-06,-2.199440586991841e-06,2.9580331101897173e-05,1.7642425973463105e-06,-9.423513984074816e-05,2.255510480608791e-06,-4.969960173184518e-06,-5.638250513584353e-06,0.0,0.0,5.0,0.2684340111012072,2.384185791015625e-07,4.76837158203125e-07,3.5762786865234375e-07,-2.980232238769531e-07,0.009688764810562134,6.06370965205133,False,False
678,13.56,-0.11096719652414322,0.1530754268169403,4.809445858001709,0.2890685796737671,-1.8338082554691937e-06,-2.1674211438948987e-06,2.9124834327376448e-05,2.0756810954480898e-06,-9.43010309129022e-05,9.464073400522466e-07,-5.6763392421999015e-06,-5.575269824475981e-06,0.0,0.0,5.0,0.2684337647024329,4.76837158203125e-07,-5.960464477539062e-07,2.384185791015625e-07,5.960464477539062e-07,0.009688765741884708,6.073398417793214,False,False
679,13.58,-0.11096660047769547,0.1530754268169403,4.809445858001709,0.2890685796737671,-1.9353283278178424e-06,-2.1304610982042504e-06,2.8650762033066712e-05,2.3756433620292228e-06,-9.435388346901163e-05,2.749615759967128e-06,-4.475853529584128e-06,-5.517931640497409e-06,0.0,0.0,5.0,0.26843351830475604,0.0,9.5367431640625e-07,4.76837158203125e-07,-2.384185791015625e-07,0.009688765741884708,6.083087183535099,False,False
680,13.6,-0.1109660193324089,0.1530754268169403,4.809445858001709,0.2890685796737671,-2.0349214082671097e-06,-2.09157360586687e-06,2.816086634993553e-05,2.6620148219080875e-06,-9.439363930141553e-05,1.1391510952307726e-06,-5.4835954870213754e-06,-5.479168976307847e-06,0.0,0.0,5.0,0.26843327806807754,3.5762786865234375e-07,-5.364418029785156e-07,3.5762786865234375e-07,7.152557373046875e-07,0.009688765741884708,6.092775949276984,False,False
681,13.620000000000001,-0.11096548289060593,0.1530754268169403,4.809445858001709,0.2890685796737671,-2.1295732040016446e-06,-2.0537720502034063e-06,2.7653732104226947e-05,2.936443706857972e-06,-9.442035661777481e-05,2.640997990965843e-06,-3.981748704973143e-06,-5.397616405389272e-06,0.0,0.0,5.0,0.2684330563120695,1.1920928955078125e-07,5.960464477539062e-07,3.5762786865234375e-07,0.0,0.009688765741884708,6.1024647150188684,False,False
682,13.64,-0.11096494644880295,0.15307553112506866,4.809445858001709,0.2890685796737671,-2.212039134974475e-06,-2.009811851166887e-06,2.7132835384691134e-05,3.1976883292372804e-06,-9.43948034546338e-05,1.7550556776768644e-06,-4.2649653551052324e-06,-5.420848538051359e-06,0.0,0.0,5.0,0.26843289403929693,5.960464477539062e-07,-5.960464477539063e-08,1.1920928955078125e-07,5.960464477539062e-07,0.009688766673207283,6.112153481692076,False,False
683,13.66,-0.11096441000699997,0.15307565033435822,4.809445858001709,0.2890685796737671,-2.297386799909873e-06,-1.963082922884496e-06,2.6598449039738625e-05,3.446361688475008e-06,-9.434311505174264e-05,2.9178702334320405e-06,-4.2699275581981055e-06,-5.421026799012907e-06,0.0,0.0,5.0,0.26843274026503017,3.5762786865234375e-07,7.152557373046875e-07,0.0,5.960464477539062e-07,0.009688766673207283,6.121842248365283,False,False
684,13.68,-0.11096387356519699,0.15307576954364777,4.809445858001709,0.2890685796737671,-2.385846755714738e-06,-1.9017617205463466e-06,2.605089684948325e-05,3.6799576719204197e-06,-9.426534961676225e-05,3.2142690997716272e-06,-4.576252649712842e-06,-5.493851858773269e-06,0.0,0.0,5.0,0.2684325864918003,2.384185791015625e-07,9.5367431640625e-07,-1.1920928955078125e-07,8.344650268554688e-07,0.009688766673207283,6.13153101503849,False,False
685,13.700000000000001,-0.11096333712339401,0.15307588875293732,4.809445858001709,0.2890685796737671,-2.4845771804393735e-06,-1.830369114941277e-06,2.5489631298114546e-05,3.896159796568099e-06,-9.427902841707692e-05,3.92504125557025e-06,-5.2969471653341316e-06,-5.654464985127561e-06,0.0,0.0,5.0,0.26843243271960726,1.1920928955078125e-07,8.344650268554688e-07,1.1920928955078125e-07,9.5367431640625e-07,0.009688766673207283,6.141219781711698,False,False
686,13.72,-0.11096284538507462,0.15307600796222687,4.809445858001709,0.2890685796737671,-2.59056423601578e-06,-1.7519184893899364e-06,2.4913213565014303e-05,4.092369636055082e-06,-9.422734001418576e-05,3.9200790524773765e-06,-5.301909368427005e-06,-5.751508069806732e-06,0.0,0.0,5.0,0.26843229742769137,3.5762786865234375e-07,7.152557373046875e-07,1.1920928955078125e-07,1.1920928955078125e-06,0.009688766673207283,6.150908548384905,False,False
687,13.74,-0.11096236854791641,0.15307612717151642,4.809445858001709,0.2890685796737671,-2.693143869691994e-06,-1.6640329931760789e-06,2.432156543363817e-05,4.26746737502981e-06,-9.409730409970507e-05,4.868547421210678e-06,-4.9561631385586224e-06,-5.88012881053146e-06,0.0,0.0,5.0,0.268432168296385,0.0,1.1920928955078125e-06,2.384185791015625e-07,9.5367431640625e-07,0.009688766673207283,6.160597315058112,False,False
688,13.76,-0.11096189171075821,0.15307624638080597,4.809445858001709,0.2890685200691223,-2.7990956823487068e-06,-1.5734927956145839e-06,2.371579648752231e-05,4.4195903683430515e-06,-9.3980306701269e-05,4.185520538158016e-06,-5.6391900216112845e-06,-6.034684702171944e-06,0.0,0.0,5.0,0.26843203916591646,5.960464477539062e-07,-3.5762786865234375e-07,3.5762786865234375e-07,1.0728836059570312e-06,0.009688767604529858,6.170286082662642,False,False
689,13.780000000000001,-0.1109614148736,0.15307636559009552,4.809445858001709,0.2890682816505432,-2.898626235037227e-06,-1.4708805338159436e-06,2.3095135475159623e-05,4.5485335249395575e-06,-9.387640602653846e-05,6.075745204725536e-06,-4.31401622336125e-06,-6.0361689975252375e-06,0.0,0.0,5.0,0.26843191003628575,1.5497207641601562e-06,-5.364418029785156e-07,8.344650268554688e-07,-8.344650268554688e-07,0.009688767604529858,6.179974850267172,False,False
690,13.8,-0.1109609380364418,0.15307648479938507,4.809445858001709,0.2890682816505432,-2.9911288947914727e-06,-1.342782979918411e-06,2.2463411369244568e-05,4.650487426260952e-06,-9.39422970986925e-05,6.734157523169415e-06,-4.936390723742079e-06,-5.721505658584647e-06,0.0,0.0,5.0,0.268431780907493,8.344650268554688e-07,1.430511474609375e-06,9.5367431640625e-07,3.5762786865234375e-07,0.009688767604529858,6.189663617871702,False,False
691,13.82,-0.11096051335334778,0.15307660400867462,4.809445858001709,0.2890682816505432,-3.099583409493789e-06,-1.2174526773378602e-06,2.1820329493493773e-05,4.72255624117679e-06,-9.374695218866691e-05,5.798993242933648e-06,-5.909226274525281e-06,-5.75137346459087e-06,0.0,0.0,5.0,0.268431673338248,5.960464477539062e-07,8.344650268554688e-07,1.0728836059570312e-06,1.0728836059570312e-06,0.009688767604529858,6.199352385476232,False,False
692,13.84,-0.11096009612083435,0.15307672321796417,4.809445858001709,0.2890682816505432,-3.204891072527971e-06,-1.1014064966730075e-06,2.116311043209862e-05,4.765913672599709e-06,-9.347320155939087e-05,5.805708951811539e-06,-4.621723746822681e-06,-5.752857759944163e-06,0.0,0.0,5.0,0.2684315688494907,5.960464477539062e-07,1.0728836059570312e-06,1.0728836059570312e-06,7.152557373046875e-07,0.009688767604529858,6.209041153080761,False,False
693,13.86,-0.11095967888832092,0.15307684242725372,4.809445858001709,0.2890682816505432,-3.2977507089526625e-06,-9.981509947465383e-07,2.0493815100053325e-05,4.78263791592326e-06,-9.319945093011484e-05,4.5199599298939575e-06,-4.664357220462989e-06,-5.753036020905711e-06,0.0,0.0,5.0,0.26843146436139415,5.960464477539062e-07,1.1920928955078125e-07,1.0728836059570312e-06,1.1920928955078125e-06,0.009688767604529858,6.218729920685291,False,False
694,13.88,-0.1109592616558075,0.15307696163654327,4.809445858001709,0.2890682816505432,-3.372134415258188e-06,-9.020350262289867e-07,1.9813411199720576e-05,4.776185960508883e-06,-9.297797078033909e-05,5.091726507089334e-06,-2.7741323265217943e-06,-5.703061106032692e-06,0.0,0.0,5.0,0.2684313598739584,8.344650268554688e-07,9.5367431640625e-07,1.0728836059570312e-06,3.5762786865234375e-07,0.009688767604529858,6.228418688289821,False,False
695,13.9,-0.11095886677503586,0.15307708084583282,4.809445858001709,0.2890682816505432,-3.4241602406837046e-06,-8.095531711660442e-07,1.9126759070786647e-05,4.74802118333173e-06,-9.27826258703135e-05,4.156562226853566e-06,-2.4285097879328532e-06,-5.623953256872483e-06,0.0,0.0,5.0,0.2684312646265085,9.5367431640625e-07,5.960464477539062e-07,1.0728836059570312e-06,4.76837158203125e-07,0.009688768535852432,6.238107456825674,False,False
696,13.92,-0.1109585091471672,0.15307720005512238,4.809445858001709,0.2890682816505432,-3.469273224254721e-06,-7.357742788371979e-07,1.8435606762068346e-05,4.70126224172418e-06,-9.25872809602879e-05,3.221397946617799e-06,-2.082887249343912e-06,-5.544845407712273e-06,0.0,0.0,5.0,0.26843118477848804,1.0728836059570312e-06,-1.1920928955078125e-07,8.344650268554688e-07,7.152557373046875e-07,0.009688768535852432,6.247796225361526,False,False
697,13.94,-0.11095815151929855,0.15307731926441193,4.809445858001709,0.2890682816505432,-3.5041994124185294e-06,-6.518083637274685e-07,1.774082011252176e-05,4.638377959054196e-06,-9.248338028555736e-05,5.175287242309423e-06,-1.409785340911185e-06,-5.378535206546076e-06,0.0,0.0,5.0,0.2684311049309733,2.384185791015625e-07,1.6689300537109375e-06,1.0728836059570312e-06,4.76837158203125e-07,0.009688768535852432,6.2574849938973784,False,False
698,13.96,-0.1109577938914299,0.15307743847370148,4.809445858001709,0.2890682816505432,-3.5349655718164286e-06,-5.761135071224999e-07,1.7045022104866803e-05,4.5571568989544176e-06,-9.223576489603147e-05,2.39428140957898e-06,-1.6668858506818651e-06,-5.45078182767611e-06,0.0,0.0,5.0,0.2684310250839641,1.1920928955078125e-06,-5.364418029785156e-07,9.5367431640625e-07,1.3113021850585938e-06,0.009688768535852432,6.267173762433231,False,False
699,13.98,-0.11095743626356125,0.15307755768299103,4.809445858001709,0.2890682816505432,-3.54916846845299e-06,-4.96286304496607e-07,1.6347914424841292e-05,4.461689059098717e-06,-9.20664970180951e-05,5.58852480025962e-06,2.465693000885949e-07,-5.35309845872689e-06,0.0,0.0,5.0,0.2684309452374606,3.5762786865234375e-07,2.0265579223632812e-06,1.1920928955078125e-06,-1.7881393432617188e-07,0.009688768535852432,6.276862530969083,False,False
700,14.0,-0.11095713824033737,0.15307767689228058,4.809445858001709,0.2890682816505432,-3.5629784633783856e-06,-4.220934215481975e-07,1.5654302842449397e-05,4.349089977040421e-06,-9.185805538436398e-05,1.8308572862224537e-06,-1.62758692567877e-06,-5.341576979844831e-06,0.0,0.0,5.0,0.26843089002931025,1.0728836059570312e-06,-8.344650268554688e-07,9.5367431640625e-07,1.5497207641601562e-06,0.009688768535852432,6.286551299504936,False,False
701,14.02,-0.1109568402171135,0.15307779610157013,4.809445858001709,0.2890682816505432,-3.580018073989777e-06,-3.571572619875951e-07,1.4960091903049033e-05,4.224167696520453e-06,-9.172801946988329e-05,4.662838819058379e-06,-7.639292221028882e-08,-5.21289803145919e-06,0.0,0.0,5.0,0.26843083482153235,2.384185791015625e-07,1.430511474609375e-06,1.1920928955078125e-06,4.76837158203125e-07,0.009688768535852432,6.296240068040788,False,False
702,14.040000000000001,-0.11095654219388962,0.15307791531085968,4.809445858001709,0.2890682816505432,-3.5788430068350863e-06,-2.856841945231281e-07,1.4268821360019501e-05,4.084560259798309e-06,-9.15326745598577e-05,2.4845567168085836e-06,1.9388933480968262e-07,-5.236708602751605e-06,0.0,0.0,5.0,0.2684307796141269,9.5367431640625e-07,-2.384185791015625e-07,1.0728836059570312e-06,9.5367431640625e-07,0.009688768535852432,6.305928836576641,False,False
703,14.06,-0.11095624417066574,0.15307803452014923,4.809445858001709,0.2890682816505432,-3.555803459676099e-06,-2.2926280962565215e-07,1.358242934657028e-05,3.934079359169118e-06,-9.142877388512716e-05,3.1576591936754994e-06,2.1101086531416513e-06,-5.0703984015854076e-06,0.0,0.0,5.0,0.268430724407094,1.1920928955078125e-06,9.5367431640625e-07,8.344650268554688e-07,1.1920928955078125e-07,0.009688768535852432,6.315617605112493,False,False
704,14.08,-0.11095599085092545,0.15307815372943878,4.809445858001709,0.2890682816505432,-3.5254747672297526e-06,-1.6555242154936423e-07,1.290531872655265e-05,3.7739496292488184e-06,-9.12595060071908e-05,3.2134730645339005e-06,9.228050430465373e-07,-4.966494088876061e-06,0.0,0.0,5.0,0.26843068767864303,5.960464477539062e-07,5.960464477539062e-07,9.5367431640625e-07,7.152557373046875e-07,0.009688768535852432,6.3253063736483455,False,False
705,14.1,-0.11095575243234634,0.15307827293872833,4.809445858001709,0.2890682816505432,-3.507068413455272e-06,-1.0133344829910129e-07,1.2236147085786797e-05,3.6030737646797206e-06,-9.110333485295996e-05,3.2085108614410274e-06,9.178432947010151e-07,-4.966672349837609e-06,0.0,0.0,5.0,0.26843065710987035,5.960464477539062e-07,5.960464477539062e-07,1.0728836059570312e-06,8.344650268554688e-07,0.009688768535852432,6.334995142184198,False,False
706,14.120000000000001,-0.11095551401376724,0.15307839214801788,4.809445858001709,0.2890682816505432,-3.482357669781777e-06,-4.361762151461335e-08,1.1574248674151022e-05,3.4215834148199065e-06,-9.088185470318422e-05,2.5631552489358e-06,1.5532755242020357e-06,-4.9123609642265365e-06,0.0,0.0,5.0,0.2684306265413589,1.0728836059570312e-06,2.384185791015625e-07,9.5367431640625e-07,7.152557373046875e-07,0.009688768535852432,6.34468391072005,False,False
707,14.14,-0.11095527559518814,0.15307851135730743,4.809445858001709,0.2890682816505432,-3.4520955978223355e-06,2.0026195812761216e-08,1.0920874956354965e-05,3.2309158086718526e-06,-9.071258682524785e-05,3.8013106404832797e-06,1.4729735084983986e-06,-4.809617166756652e-06,0.0,0.0,5.0,0.2684305959731087,3.5762786865234375e-07,1.3113021850585938e-06,1.1920928955078125e-06,5.960464477539062e-07,0.009688768535852432,6.354372679255903,False,False
708,14.16,-0.11095505207777023,0.15307863056659698,4.809445858001709,0.2890682816505432,-3.423063162699691e-06,7.64133361030872e-08,1.0276755347149447e-05,3.0295475426100893e-06,-9.042573947226629e-05,1.837497052292747e-06,1.4303417401606566e-06,-4.864281436312012e-06,0.0,0.0,5.0,0.2684305715644741,8.344650268554688e-07,-5.960464477539062e-07,9.5367431640625e-07,9.5367431640625e-07,0.009688768535852432,6.364061447791755,False,False
709,14.18,-0.11095487326383591,0.15307866036891937,4.809445858001709,0.2890682816505432,-3.379438567208126e-06,1.285577155840656e-07,9.641549695516005e-06,2.820844429152203e-06,-9.040018630912527e-05,3.3770152185752522e-06,2.9321888632694026e-06,-4.734292815555818e-06,0.0,0.0,5.0,0.2684305146477235,7.152557373046875e-07,7.152557373046875e-07,1.430511474609375e-06,-2.384185791015625e-07,0.009688768535852432,6.373750216327608,False,False
710,14.200000000000001,-0.11095469444990158,0.15307866036891937,4.809445858001709,0.2890682816505432,-3.3274825455009704e-06,1.7660227058513556e-07,9.01903877092991e-06,2.6044388050650014e-06,-9.029628563439474e-05,1.4275185549195157e-06,2.26347924581205e-06,-4.568393705994822e-06,0.0,0.0,5.0,0.26843044073561934,8.344650268554688e-07,-7.152557373046875e-07,1.430511474609375e-06,7.152557373046875e-07,0.009688768535852432,6.38343898486346,False,False
711,14.22,-0.11095451563596725,0.15307866036891937,4.809445858001709,0.2890682816505432,-3.2607913453830406e-06,2.1376651204718655e-07,8.408806934312452e-06,2.3837690150685376e-06,-9.021852019941434e-05,2.2889719275553944e-06,4.4057201193936635e-06,-4.3839190766448155e-06,0.0,0.0,5.0,0.26843036682361393,1.0728836059570312e-06,4.76837158203125e-07,1.7881393432617188e-06,-5.364418029785156e-07,0.009688768535852432,6.3931277533993125,False,False
712,14.24,-0.11095433682203293,0.15307866036891937,4.809445858001709,0.2890682816505432,-3.1792787922313437e-06,2.4126714492922474e-07,7.815288881829474e-06,2.1604248559015105e-06,-9.006234904518351e-05,4.6115104623822845e-07,3.7456745758390753e-06,-4.069255737704225e-06,0.0,0.0,5.0,0.2684302929117073,9.5367431640625e-07,-7.748603820800781e-07,1.5497207641601562e-06,3.5762786865234375e-07,0.009688769467175007,6.4028165228664875,False,False
713,14.26,-0.1109541803598404,0.15307866036891937,4.809445858001709,0.2890682816505432,-3.085842308792053e-06,2.562060785749054e-07,7.238318630697904e-06,1.9383032849873416e-06,-9.001066064229235e-05,1.032795353239635e-06,5.598104507953394e-06,-3.859984644805081e-06,0.0,0.0,5.0,0.26843022823887,1.1920928955078125e-06,0.0,1.6689300537109375e-06,-7.152557373046875e-07,0.009688769467175007,6.4125052923336625,False,False
714,14.280000000000001,-0.11095406115055084,0.15307866036891937,4.809445858001709,0.2890682816505432,-2.9774689664918697e-06,2.6159685262427956e-07,6.681624199700309e-06,1.7193045778185478e-06,-8.988062472781166e-05,-4.936640038977202e-07,5.239421625446994e-06,-3.52110532730876e-06,0.0,0.0,5.0,0.268430178964378,1.0728836059570312e-06,-8.940696716308594e-07,1.3113021850585938e-06,1.1920928955078125e-07,0.009688769467175007,6.4221940618008375,False,False
715,14.3,-0.11095394194126129,0.15307866036891937,4.809445858001709,0.2890682816505432,-2.859316282410873e-06,2.57555342386695e-07,6.145469797047554e-06,1.5068638958837255e-06,-8.97636273293756e-05,8.953313823667486e-08,6.576022315130103e-06,-3.199249704266549e-06,0.0,0.0,5.0,0.2684301296899299,9.5367431640625e-07,-1.1920928955078125e-07,1.1920928955078125e-06,-5.960464477539062e-07,0.009688769467175007,6.4318828312680125,False,False
716,14.32,-0.11095382273197174,0.15307866036891937,4.809445858001709,0.2890682816505432,-2.7238506845606025e-06,2.508614329599368e-07,5.633090950141195e-06,1.3020780897932127e-06,-8.980338316177949e-05,-7.588621997456357e-07,6.970743015699554e-06,-2.902748974520364e-06,0.0,0.0,5.0,0.2684300804155258,1.430511474609375e-06,-2.980232238769531e-07,1.0728836059570312e-06,-1.7881393432617188e-07,0.009688769467175007,6.4415716007351875,False,False
717,14.34,-0.11095370352268219,0.15307866036891937,4.809445858001709,0.2890682816505432,-2.5843446564977057e-06,2.357772928007762e-07,5.145979685039492e-06,1.1072166898884461e-06,-8.976479148259386e-05,-7.495071372431994e-07,6.980096259212587e-06,-2.570359583842219e-06,0.0,0.0,5.0,0.2684300311411655,1.0728836059570312e-06,-5.960464477539063e-08,9.5367431640625e-07,-2.384185791015625e-07,0.009688769467175007,6.4512603702023625,False,False
718,14.36,-0.11095358431339264,0.15307866036891937,4.809445858001709,0.2890682816505432,-2.4585895062045893e-06,2.2012699218976195e-07,4.683552560891258e-06,9.228091357726953e-07,-8.97131030797027e-05,-8.15492342098878e-07,5.595652510237414e-06,-2.356026243433007e-06,0.0,0.0,5.0,0.26842998186684913,7.152557373046875e-07,-4.172325134277344e-07,9.5367431640625e-07,4.76837158203125e-07,0.009688769467175007,6.4609491396695375,False,False
719,14.38,-0.11095349490642548,0.15307866036891937,4.809445858001709,0.2890682816505432,-2.3398320081469137e-06,2.102866574205109e-07,4.24276186095085e-06,7.477588610527164e-07,-8.966141467681155e-05,-1.685075972090999e-07,6.28030738880625e-06,-2.2496753899758914e-06,0.0,0.0,5.0,0.26842994491114064,5.960464477539062e-07,-5.960464477539063e-08,9.5367431640625e-07,1.1920928955078125e-07,0.009688769467175007,6.4706379091367126,False,False
720,14.4,-0.1109534353017807,0.15307866036891937,4.809445858001709,0.2890682816505432,-2.2140466171549633e-06,2.0709752845959883e-07,3.824758550763363e-06,5.80693040319602e-07,-8.960972627392039e-05,-1.5036386002975632e-07,6.298449989117216e-06,-2.151822855012142e-06,0.0,0.0,5.0,0.2684299202740154,5.960464477539062e-07,0.0,9.5367431640625e-07,-1.1920928955078125e-07,0.009688769467175007,6.480326678603888,False,False
721,14.42,-0.11095337569713593,0.15307866036891937,4.809445858001709,0.2890682816505432,-2.0951433725713287e-06,1.9702596887327672e-07,3.4297877391509246e-06,4.215027900045243e-07,-8.962340507423505e-05,-8.567429858885589e-07,5.592070920101833e-06,-1.9919773421861464e-06,0.0,0.0,5.0,0.2684298956369011,1.1920928955078125e-06,-7.152557373046875e-07,1.0728836059570312e-06,3.5762786865234375e-07,0.009688769467175007,6.490015448071063,False,False
722,14.44,-0.11095331609249115,0.15307866036891937,4.809445858001709,0.2890682816505432,-1.9708068066393025e-06,1.9201102929855551e-07,3.0564058306481456e-06,2.709858506477758e-07,-8.950640767579898e-05,3.5529518527255277e-07,6.8417784859775566e-06,-1.7282177395827603e-06,0.0,0.0,5.0,0.26842987099979776,7.152557373046875e-07,8.344650268554688e-07,7.152557373046875e-07,-3.5762786865234375e-07,0.009688769467175007,6.499704217538238,False,False
723,14.46,-0.11095325648784637,0.15307866036891937,4.809445858001709,0.2890682816505432,-1.843441850724048e-06,1.8964800574394758e-07,2.70731561613502e-06,1.2775740287906956e-07,-8.94416807568632e-05,-5.915460405958584e-07,5.894936293771025e-06,-1.6478020370414015e-06,0.0,0.0,5.0,0.26842984636270545,9.5367431640625e-07,-2.980232238769531e-07,7.152557373046875e-07,-1.7881393432617188e-07,0.009688769467175007,6.509392987005413,False,False
724,14.48,-0.1109531968832016,0.15307866036891937,4.809445858001709,0.2890682816505432,-1.7258281559406896e-06,1.7791026607483218e-07,2.380643081778544e-06,-7.159737247519615e-09,-8.952066855272278e-05,-5.82190978093422e-07,5.86662190471543e-06,-1.424387392034987e-06,0.0,0.0,5.0,0.2684298217256241,1.1920928955078125e-06,1.1920928955078125e-07,5.960464477539062e-07,2.384185791015625e-07,0.009688769467175007,6.519081756472588,False,False
725,14.5,-0.11095313727855682,0.15307866036891937,4.809445858001709,0.2890682816505432,-1.6150967212524847e-06,1.72851414959041e-07,2.0751645024574827e-06,-1.3375131402426632e-07,-8.940367115428671e-05,7.634643850451539e-08,5.2066998250666074e-06,-1.272048848477425e-06,0.0,0.0,5.0,0.2684297970885537,4.76837158203125e-07,4.76837158203125e-07,5.960464477539062e-07,3.5762786865234375e-07,0.009688769467175007,6.528770525939763,False,False
726,14.52,-0.11095307767391205,0.15307866036891937,4.809445858001709,0.2890682816505432,-1.5078848036864656e-06,1.7143021580068307e-07,1.7898155419970863e-06,-2.5396678893230273e-07,-8.932590571930632e-05,-2.1842431863206002e-07,5.514651093108114e-06,-1.2474279174057301e-06,0.0,0.0,5.0,0.26842977245149424,9.5367431640625e-07,1.1920928955078125e-07,5.960464477539062e-07,-2.384185791015625e-07,0.009688769467175007,6.538459295406938,False,False
727,14.540000000000001,-0.11095301806926727,0.15307866036891937,4.809445858001709,0.2890682816505432,-1.4046573824089137e-06,1.5999768265828607e-07,1.5243275583998184e-06,-3.6722641993947036e-07,-8.933958451962098e-05,-9.248034302800079e-07,4.80827202409273e-06,-1.0875814950850327e-06,0.0,0.0,5.0,0.2684297478144458,9.5367431640625e-07,-2.384185791015625e-07,3.5762786865234375e-07,3.5762786865234375e-07,0.009688769467175007,6.548148064874113,False,False
728,14.56,-0.11095301061868668,0.15307866036891937,4.809445858001709,0.2890682816505432,-1.3016468756177346e-06,1.5475171721845982e-07,1.2771309911840945e-06,-4.7257788082788466e-07,-8.935326331993565e-05,4.002451419182762e-07,5.492925083672162e-06,-9.75175225903513e-07,0.0,0.0,5.0,0.2684297447348155,1.0728836059570312e-06,5.960464477539062e-07,5.960464477539062e-07,-4.172325134277344e-07,0.009688769467175007,6.557836834341288,False,False
729,14.58,-0.11095301061868668,0.15307866036891937,4.809445858001709,0.2890682816505432,-1.2072854360667407e-06,1.596916661128489e-07,1.0493896525076707e-06,-5.725297000935825e-07,-8.922322740545496e-05,9.379763810102304e-08,3.943360752600711e-06,-8.4027209368287e-07,0.0,0.0,5.0,0.2684297447348155,3.5762786865234375e-07,3.5762786865234375e-07,3.5762786865234375e-07,4.76837158203125e-07,0.009688769467175007,6.567525603808463,False,False
730,14.6,-0.11095301061868668,0.15307866036891937,4.809445858001709,0.2890682816505432,-1.1283535741313244e-06,1.616332383491681e-07,8.378183906643244e-07,-6.683099513793422e-07,-8.91715390025638e-05,1.0038863251793373e-07,3.949952770199161e-06,-8.39867823287932e-07,0.0,0.0,5.0,0.2684297447348155,5.960464477539062e-07,3.5762786865234375e-07,4.76837158203125e-07,3.5762786865234375e-07,0.009688769467175007,6.577214373275638,False,False
731,14.620000000000001,-0.11095301061868668,0.15307866036891937,4.809445858001709,0.2890682816505432,-1.0523034461584757e-06,1.6672008484874823e-07,6.41104918486235e-07,-7.602494065395149e-07,-8.909377356758341e-05,4.0834129322320223e-07,3.655181899375748e-06,-8.15246892216237e-07,0.0,0.0,5.0,0.2684297447348155,3.5762786865234375e-07,2.384185791015625e-07,4.76837158203125e-07,3.5762786865234375e-07,0.009688769467175007,6.586903142742813,False,False
732,14.64,-0.11095301061868668,0.15307866036891937,4.809445858001709,0.2890682816505432,-9.7612144145387e-07,1.7758924286681577e-07,4.5894771005805524e-07,-8.494316148244252e-07,-8.90682204044424e-05,6.786236212974472e-07,3.963134076911956e-06,-7.906259611445421e-07,0.0,0.0,5.0,0.2684297447348155,5.960464477539062e-07,4.76837158203125e-07,4.76837158203125e-07,-1.7881393432617188e-07,0.009688769467175007,6.596591912209988,False,False
733,14.66,-0.11095301061868668,0.15307866036891937,4.809445858001709,0.2890682816505432,-9.099508133658674e-07,1.8409750168757455e-07,2.9138337254153157e-07,-9.364362085761968e-07,-8.908189920475706e-05,-2.7755570286558395e-08,2.654030822668574e-06,-6.792128601773584e-07,0.0,0.0,5.0,0.2684297447348155,4.76837158203125e-07,1.1920928955078125e-07,5.960464477539062e-07,5.960464477539062e-07,0.009688769467175007,6.606280681677163,False,False
734,14.68,-0.11095301061868668,0.15307866036891937,4.809445858001709,0.2890682816505432,-8.478799600197817e-07,1.8650601418812585e-07,1.3541604459987866e-07,-1.0206204024143517e-06,-8.900413376977667e-05,2.686444702248991e-07,3.5531536468624836e-06,-6.551730962200963e-07,0.0,0.0,5.0,0.2684297447348155,7.152557373046875e-07,1.1920928955078125e-07,4.76837158203125e-07,-5.960464477539063e-08,0.009688769467175007,6.615969451144338,False,False
735,14.700000000000001,-0.11095301061868668,0.15307866036891937,4.809445858001709,0.2890682816505432,-7.796501222401275e-07,1.9469672452032682e-07,-7.729186179972203e-09,-1.1020068768630153e-06,-8.897858060663566e-05,5.504795694832865e-07,3.26993517774099e-06,-5.815381314278056e-07,0.0,0.0,5.0,0.2684297447348155,7.152557373046875e-07,5.960464477539062e-07,5.960464477539062e-07,0.0,0.009688769467175007,6.625658220611513,False,False
736,14.72,-0.11095301061868668,0.15307866036891937,4.809445858001709,0.2890682816505432,-7.200981713140209e-07,1.9986021015938604e-07,-1.382006757921772e-07,-1.1813207265731762e-06,-8.887467993190512e-05,-3.410036342188505e-08,2.685355639187037e-06,-5.321193725649209e-07,0.0,0.0,5.0,0.2684297447348155,4.76837158203125e-07,1.1920928955078125e-07,4.76837158203125e-07,2.384185791015625e-07,0.009688769467175007,6.635346990078688,False,False
737,14.74,-0.11095301061868668,0.15307866036891937,4.809445858001709,0.2890682816505432,-6.662104397037183e-07,1.989826756698676e-07,-2.5803564085435937e-07,-1.2577972938743187e-06,-8.887526200851426e-05,-5.3626990847988054e-08,2.703500058487407e-06,-4.827006137020362e-07,0.0,0.0,5.0,0.2684297447348155,5.960464477539062e-07,3.5762786865234375e-07,4.76837158203125e-07,2.384185791015625e-07,0.009688769467175007,6.645035759545863,False,False
738,14.76,-0.11095301061868668,0.15307866036891937,4.809445858001709,0.2890682816505432,-6.179869842526386e-07,1.9809137086213013e-07,-3.68069464684595e-07,-1.3311655493453145e-06,-8.88235736056231e-05,-3.548339577719162e-08,2.1189205199334538e-06,-4.3328208221282694e-07,0.0,0.0,5.0,0.2684297447348155,3.5762786865234375e-07,-1.1920928955078125e-07,3.5762786865234375e-07,2.384185791015625e-07,0.009688769467175007,6.654724529013038,False,False
739,14.780000000000001,-0.11095301061868668,0.15307866036891937,4.809445858001709,0.2890682816505432,-5.686472945853893e-07,2.0472015194172855e-07,-4.6926916752454417e-07,-1.4021572951605776e-06,-8.888946467777714e-05,6.983943308114249e-07,2.815127800204209e-06,-3.202951006642252e-07,0.0,0.0,5.0,0.2684297447348155,2.384185791015625e-07,1.0728836059570312e-06,4.76837158203125e-07,-1.7881393432617188e-07,0.009688769467175007,6.664413298480213,False,False
740,14.8,-0.11095301061868668,0.15307866036891937,4.809445858001709,0.2890682816505432,-5.292034757076181e-07,1.961793998361827e-07,-5.609959430330491e-07,-1.471332438995887e-06,-8.886391151463613e-05,-1.5524641412412166e-06,1.129322868109739e-06,-3.3904615293067764e-07,0.0,0.0,5.0,0.2684297447348155,7.152557373046875e-07,-8.940696716308594e-07,3.5762786865234375e-07,1.0728836059570312e-06,0.009688769467175007,6.674102067947388,False,False
741,14.82,-0.11095301061868668,0.15307866036891937,4.809445858001709,0.2890682816505432,-4.880920414507273e-07,1.8968283654885454e-07,-6.471189522017085e-07,-1.535695446364116e-06,-8.881222311174497e-05,9.028152589962701e-07,2.9818784241797403e-06,-2.8907055593663245e-07,0.0,0.0,5.0,0.2684297447348155,4.76837158203125e-07,9.5367431640625e-07,5.960464477539062e-07,-5.364418029785156e-07,0.009688769467175007,6.683790837414563,False,False
742,14.84,-0.11095301061868668,0.15307866036891937,4.809445858001709,0.2890682816505432,-4.4070620219827106e-07,1.8946073510051065e-07,-7.238614330162818e-07,-1.5979391037035384e-06,-8.882590191205963e-05,-9.250060202248278e-07,1.7567799659445882e-06,-1.832757732245227e-07,0.0,0.0,5.0,0.2684297447348155,7.152557373046875e-07,-2.384185791015625e-07,3.5762786865234375e-07,4.76837158203125e-07,0.009688769467175007,6.693479606881738,False,False
743,14.86,-0.11095301061868668,0.15307866036891937,4.809445858001709,0.2890682816505432,-3.9872475099400617e-07,1.8421097536247544e-07,-7.931512868708523e-07,-1.6564118823225726e-06,-8.88395807123743e-05,4.000425519734563e-07,2.4414348445134237e-06,-7.08698664197982e-08,0.0,0.0,5.0,0.2684297447348155,3.5762786865234375e-07,1.0728836059570312e-06,3.5762786865234375e-07,-5.960464477539063e-08,0.009688769467175007,6.703168376348913,False,False
744,14.88,-0.11095301061868668,0.15307866036891937,4.809445858001709,0.2890682816505432,-3.625231101977988e-07,1.7996201506775833e-07,-8.54456004617532e-07,-1.7123812767749769e-06,-8.872258331393823e-05,-8.249310212704586e-07,1.1787910807470325e-06,-1.27398763538622e-07,0.0,0.0,5.0,0.2684297447348155,2.384185791015625e-07,-2.980232238769531e-07,3.5762786865234375e-07,5.960464477539062e-07,0.009688769467175007,6.712857145816088,False,False
745,14.9,-0.11095301061868668,0.15307866036891937,4.809445858001709,0.2890682816505432,-3.2317603881892865e-07,1.7358463821892656e-07,-9.100650686377776e-07,-1.764845137586235e-06,-8.876233914634213e-05,1.872031560878895e-07,2.7559788122744067e-06,-8.822375008321615e-08,0.0,0.0,5.0,0.2684297447348155,4.76837158203125e-07,5.960464477539062e-07,3.5762786865234375e-07,-4.76837158203125e-07,0.009688769467175007,6.722545915283263,False,False
746,14.92,-0.11095301061868668,0.15307866036891937,4.809445858001709,0.2890682816505432,-2.775256291442929e-07,1.6786016487913002e-07,-9.571380132911145e-07,-1.8141814734917716e-06,-8.874988270690665e-05,-7.596382260999235e-07,1.8091368474415503e-06,-5.624108112556314e-08,0.0,0.0,5.0,0.2684297447348155,5.960464477539062e-07,-5.960464477539063e-08,1.1920928955078125e-07,0.0,0.009688769467175007,6.732234684750438,False,False
747,14.94,-0.11095301061868668,0.15307866036891937,4.809445858001709,0.2890682816505432,-2.47189177571272e-07,1.5849934698053403e-07,-9.975470902645611e-07,-1.8595246729091741e-06,-8.875046478351578e-05,-1.7644137528805004e-07,1.2245573088875972e-06,-6.82248835204291e-09,0.0,0.0,5.0,0.2684297447348155,1.1920928955078125e-07,3.5762786865234375e-07,2.384185791015625e-07,3.5762786865234375e-07,0.009688769467175007,6.741923454217613,False,False
748,14.96,-0.11095301061868668,0.15307866036891937,4.809445858001709,0.2890682816505432,-2.2263252219545393e-07,1.5465967351246945e-07,-1.0332412330171792e-06,-1.9022503465748741e-06,-8.875104686012492e-05,-2.0752062823703454e-07,1.2311484169913456e-06,-5.485137322125411e-08,0.0,0.0,5.0,0.2684297447348155,2.384185791015625e-07,2.384185791015625e-07,2.384185791015625e-07,0.0,0.009688769467175007,6.751612223684788,False,False
749,14.98,-0.11095301061868668,0.15307866036891937,4.809445858001709,0.2890682816505432,-1.9782851268246304e-07,1.5031395150799653e-07,-1.0645287602528697e-06,-1.942830522239092e-06,-8.880389941623434e-05,-2.2704725211042387e-07,1.2492919267970137e-06,-5.386590729017371e-08,0.0,0.0,5.0,0.2684297447348155,3.5762786865234375e-07,1.1920928955078125e-07,3.5762786865234375e-07,-5.960464477539063e-08,0.009688769467175007,6.761300993151963,False,False
750,15.0,-0.11095301061868668,0.15307866036891937,4.809445858001709,0.2890682816505432,-1.7266160057261004e-07,1.4557772942680458e-07,-1.091374429051939e-06,-1.9811645870504435e-06,-8.880448149284348e-05,-2.465738759838132e-07,1.2674354366026819e-06,-4.447314516653478e-09,0.0,0.0,5.0,0.2684297447348155,3.5762786865234375e-07,1.1920928955078125e-07,3.5762786865234375e-07,-5.960464477539063e-08,0.009688769467175007,6.770989762619138,False,False
751,15.02,-0.11095301061868668,0.15307866036891937,4.809445858001709,0.2890682816505432,-1.4713187113102322e-07,1.404509220037653e-07,-1.1137317414977588e-06,-2.0171601136098616e-06,-8.880506356945261e-05,-2.661004998572025e-07,1.28557894640835e-06,4.4971276480509914e-08,0.0,0.0,5.0,0.2684297447348155,4.76837158203125e-07,2.384185791015625e-07,3.5762786865234375e-07,-1.7881393432617188e-07,0.009688769467175007,6.780678532086313,False,False
752,15.040000000000001,-0.11095301061868668,0.15307866036891937,4.809445858001709,0.2890682816505432,-1.2848437336288043e-07,1.276885512879744e-07,-1.1320378234813688e-06,-2.050460579994251e-06,-8.887095464160666e-05,-1.0101499583470286e-06,5.791998205495474e-07,1.5638428862985165e-07,0.0,0.0,5.0,0.2684297447348155,4.76837158203125e-07,-1.1920928955078125e-07,2.384185791015625e-07,4.76837158203125e-07,0.009688769467175007,6.790367301553488,False,False
753,15.06,-0.11095301061868668,0.15307866036891937,4.809445858001709,0.2890682816505432,-1.1005413114162366e-07,1.2035935981202783e-07,-1.1480512966954848e-06,-2.0802710878342623e-06,-8.89368457137607e-05,2.772285370156169e-07,1.2638548696486396e-06,2.1732998334300646e-07,0.0,0.0,5.0,0.2684297447348155,1.1920928955078125e-07,1.0728836059570312e-06,2.384185791015625e-07,0.0,0.009688769467175007,6.800056071020663,False,False
754,15.08,-0.11095301061868668,0.15307866036891937,4.809445858001709,0.2890682816505432,-9.740367090671498e-08,1.1327753668410878e-07,-1.1606434782152064e-06,-2.1084426862216787e-06,-8.887211879482493e-05,-9.854152267507743e-07,1.211073574758359e-09,1.1236792119007077e-07,0.0,0.0,5.0,0.2684297447348155,4.76837158203125e-07,-2.384185791015625e-07,2.384185791015625e-07,7.152557373046875e-07,0.009688769467175007,6.809744840487838,False,False
755,15.1,-0.11095301061868668,0.15307866036891937,4.809445858001709,0.2890682816505432,-8.763497305608325e-08,1.0934113703342518e-07,-1.1723636816896033e-06,-2.1342330001061782e-06,-8.891187462722883e-05,5.917723910897621e-07,9.756751069289749e-07,1.4851579521746316e-07,0.0,0.0,5.0,0.2684297447348155,0.0,9.5367431640625e-07,3.5762786865234375e-07,-1.7881393432617188e-07,0.009688769467175007,6.819433609955013,False,False
756,15.120000000000001,-0.11095301061868668,0.15307866036891937,4.809445858001709,0.2890682816505432,-7.819902236860798e-08,1.0507194758702099e-07,-1.1815983498308924e-06,-2.1595189991785446e-06,-8.895163045963272e-05,-1.0186920462729177e-06,-3.2065891275578906e-08,1.872791415280517e-07,0.0,0.0,5.0,0.2684297447348155,3.5762786865234375e-07,-2.980232238769531e-07,3.5762786865234375e-07,7.152557373046875e-07,0.009688769467175007,6.829122379422188,False,False
757,15.14,-0.11095301061868668,0.15307866036891937,4.809445858001709,0.2890682816505432,-6.608227209881079e-08,9.783312293620838e-08,-1.1901220204890706e-06,-2.182472371714539e-06,-8.896530925994739e-05,2.948039536931901e-07,1.2437598115866422e-06,2.5067069486794935e-07,0.0,0.0,5.0,0.2684297447348155,1.1920928955078125e-07,8.344650268554688e-07,2.384185791015625e-07,0.0,0.009688769467175007,6.838811148889363,False,False
758,15.16,-0.11095301061868668,0.15307866036891937,4.809445858001709,0.2890682816505432,-4.7053173801714365e-08,9.788331567506248e-08,-1.195276809085044e-06,-2.204232032454456e-06,-8.896589133655652e-05,-2.8977598276469507e-07,6.591799319721758e-07,2.0322303839748201e-07,0.0,0.0,5.0,0.2684297447348155,4.76837158203125e-07,3.5762786865234375e-07,3.5762786865234375e-07,2.384185791015625e-07,0.009688769467175007,6.848499918356538,False,False
759,15.18,-0.11095301061868668,0.15307866036891937,4.809445858001709,0.2890682816505432,-3.670192327831501e-08,8.925570682549733e-08,-1.1978970633208519e-06,-2.224369836767437e-06,-8.894033817341551e-05,-5.729941676690942e-07,3.759618039111956e-07,2.2842502289677213e-07,0.0,0.0,5.0,0.2684297447348155,3.5762786865234375e-07,2.384185791015625e-07,1.1920928955078125e-07,4.76837158203125e-07,0.009688769467175007,6.858188687823713,False,False
760,15.200000000000001,-0.11095301061868668,0.15307866036891937,4.809445858001709,0.2890682816505432,-2.911690444307169e-08,8.351232594350222e-08,-1.1993780617558514e-06,-2.2423739665100584e-06,-8.894092025002465e-05,-1.349878431256002e-09,3.8255268464126857e-07,2.288292932917102e-07,0.0,0.0,5.0,0.2684297447348155,1.1920928955078125e-07,4.76837158203125e-07,2.384185791015625e-07,2.384185791015625e-07,0.009688769467175007,6.867877457290888,False,False
761,15.22,-0.11095301061868668,0.15307866036891937,4.809445858001709,0.2890682816505432,-2.4298108414200215e-08,8.027646458685922e-08,-1.1997489082204993e-06,-2.259396751469467e-06,-8.896763756638393e-05,-3.2223826451627247e-07,9.933447131516004e-08,2.0559818381116202e-07,0.0,0.0,5.0,0.2684297447348155,2.384185791015625e-07,2.384185791015625e-07,3.5762786865234375e-07,4.76837158203125e-07,0.009688769467175007,6.877566226758063,False,False
762,15.24,-0.11095301061868668,0.15307866036891937,4.809445858001709,0.2890682816505432,-1.6218402620893357e-08,7.352097242119271e-08,-1.1995142585874419e-06,-2.2751644337404286e-06,-8.896821964299306e-05,-3.5331751746525697e-07,7.086488835739146e-07,2.0600245420610008e-07,0.0,0.0,5.0,0.2684297447348155,5.960464477539062e-07,2.384185791015625e-07,3.5762786865234375e-07,0.0,0.009688769467175007,6.887254996225238,False,False
763,15.26,-0.11095301061868668,0.15307866036891937,4.809445858001709,0.2890682816505432,-4.8777817340805996e-09,6.927296425374152e-08,-1.1975614597758977e-06,-2.2891581465955824e-06,-8.894266647985205e-05,-7.148237557430548e-08,4.2543078393464384e-07,2.7963764637206623e-07,0.0,0.0,5.0,0.2684297447348155,3.5762786865234375e-07,4.76837158203125e-07,3.5762786865234375e-07,0.0,0.009688769467175007,6.896943765692413,False,False
764,15.280000000000001,-0.11095301061868668,0.15307866036891937,4.809445858001709,0.2890682816505432,7.985634931095831e-10,6.501116445178923e-08,-1.1941283446503803e-06,-2.3020302251097746e-06,-8.891711331671104e-05,-3.547005746895593e-07,1.422125563976806e-07,3.0483974455819407e-07,0.0,0.0,5.0,0.2684297447348155,2.384185791015625e-07,3.5762786865234375e-07,2.384185791015625e-07,3.5762786865234375e-07,0.009688769467175007,6.906632535159588,False,False
765,15.3,-0.11095301061868668,0.15307866036891937,4.809445858001709,0.2890682816505432,3.7086766990768183e-09,5.760646004659975e-08,-1.1902828873644467e-06,-2.3135412448027637e-06,-8.891769539332017e-05,-3.857798276385438e-07,1.4880343712775357e-07,2.5681092097329383e-07,0.0,0.0,5.0,0.2684297447348155,2.384185791015625e-07,3.5762786865234375e-07,2.384185791015625e-07,3.5762786865234375e-07,0.009688769467175007,6.916321304626763,False,False
766,15.32,-0.11095301061868668,0.15307866036891937,4.809445858001709,0.2890682816505432,6.75060585209053e-09,4.9580176408881016e-08,-1.1863090776387253e-06,-2.3234429136209656e-06,-8.891827746992931e-05,-4.168590805875283e-07,1.5539431785782654e-07,2.087820973883936e-07,0.0,0.0,5.0,0.2684297447348155,2.384185791015625e-07,-1.1920928955078125e-07,2.384185791015625e-07,3.5762786865234375e-07,0.009688769467175007,6.926010074093938,False,False
767,15.34,-0.11095301061868668,0.15307866036891937,4.809445858001709,0.2890682816505432,1.971845264847616e-08,5.110307554900828e-08,-1.1815570815087995e-06,-2.3319837509916397e-06,-8.90103037818335e-05,5.691576916433405e-07,1.1414111895646784e-06,2.455112166899198e-07,0.0,0.0,5.0,0.2684297447348155,2.384185791015625e-07,1.0728836059570312e-06,3.5762786865234375e-07,-5.364418029785156e-07,0.009688769467175007,6.935698843561113,False,False
768,15.36,-0.11095301061868668,0.15307866036891937,4.809445858001709,0.2890682816505432,2.3515001501550614e-08,3.780426993671426e-08,-1.1741899470507633e-06,-2.3398913526762044e-06,-8.901088585844263e-05,-1.8990574517374625e-06,-7.617503570145345e-07,2.4535842158002197e-07,0.0,0.0,5.0,0.2684297447348155,5.960464477539062e-07,-1.0728836059570312e-06,1.1920928955078125e-07,9.5367431640625e-07,0.009688769467175007,6.945387613028288,False,False
769,15.38,-0.11095301061868668,0.15307866036891937,4.809445858001709,0.2890682816505432,2.028489909378095e-08,2.388266295838548e-08,-1.1688509857776808e-06,-2.3439865799446125e-06,-8.906373841455206e-05,5.068748691883229e-07,4.387350145407254e-07,3.5112901741740643e-07,0.0,0.0,5.0,0.2684297447348155,0.0,8.344650268554688e-07,3.5762786865234375e-07,0.0,0.009688769467175007,6.955076382495463,False,False
770,15.4,-0.11095301061868668,0.15307866036891937,4.809445858001709,0.2890682816505432,2.6227322535987696e-08,2.516069841362878e-08,-1.1630115750449477e-06,-2.3475504349335097e-06,-8.903818525141105e-05,-3.7906679040133895e-07,1.5551678700376215e-07,3.278977942500205e-07,0.0,0.0,5.0,0.2684297447348155,3.5762786865234375e-07,2.384185791015625e-07,2.384185791015625e-07,4.76837158203125e-07,0.009688769467175007,6.964765151962638,False,False
771,15.42,-0.11095301061868668,0.15307866036891937,4.809445858001709,0.2890682816505432,2.9403510737324723e-08,2.3295818607493857e-08,-1.1565109616640257e-06,-2.3504082946601557e-06,-8.903876732802019e-05,1.9257748817835818e-07,1.6210766773383511e-07,3.283020646449586e-07,0.0,0.0,5.0,0.2684297447348155,1.1920928955078125e-07,5.960464477539062e-07,3.5762786865234375e-07,3.5762786865234375e-07,0.009688769467175007,6.974453921429813,False,False
772,15.44,-0.11095301061868668,0.15307866036891937,4.809445858001709,0.2890682816505432,3.271152237971364e-08,2.1186060905620252e-08,-1.1494053069327492e-06,-2.3530742510047276e-06,-8.898707892512903e-05,-4.035550773551222e-07,1.6869854846390808e-07,2.8027324106005835e-07,0.0,0.0,5.0,0.2684297447348155,2.384185791015625e-07,1.1920928955078125e-07,1.1920928955078125e-07,2.384185791015625e-07,0.009688769467175007,6.984142690896988,False,False
773,15.46,-0.11095301061868668,0.15307866036891937,4.809445858001709,0.2890682816505432,3.626687217206381e-08,1.291980122886116e-08,-1.1419821248637163e-06,-2.3544694158772472e-06,-8.903993148123845e-05,-4.230817012285115e-07,1.8684217195641395e-07,2.812586785694293e-07,0.0,0.0,5.0,0.2684297447348155,4.76837158203125e-07,1.1920928955078125e-07,2.384185791015625e-07,3.5762786865234375e-07,0.009688769467175007,6.993831460364163,False,False
774,15.48,-0.11095301061868668,0.15307866036891937,4.809445858001709,0.2890682816505432,4.0069558338018396e-08,1.017463269192831e-08,-1.134247895606677e-06,-2.3543761926703155e-06,-8.904051355784759e-05,1.485625773511856e-07,1.9343305268648692e-07,2.816629489643674e-07,0.0,0.0,5.0,0.2684297447348155,3.5762786865234375e-07,4.76837158203125e-07,3.5762786865234375e-07,1.1920928955078125e-07,0.009688769467175007,7.003520229831338,False,False
775,15.5,-0.11095301061868668,0.15307866036891937,4.809445858001709,0.2890682816505432,4.1106023473957976e-08,1.0313696563457597e-08,-1.1259413668085472e-06,-2.3540960683021694e-06,-8.901496039470658e-05,-1.3465559334235877e-07,-8.978511800705746e-08,3.0686504715049523e-07,0.0,0.0,5.0,0.2684297447348155,1.1920928955078125e-07,2.384185791015625e-07,2.384185791015625e-07,3.5762786865234375e-07,0.009688769467175007,7.013208999298513,False,False
776,15.52,-0.11095301061868668,0.15307866036891937,4.809445858001709,0.2890682816505432,4.238982498350197e-08,1.03234034654065e-08,-1.1176481393704307e-06,-2.3536508706456516e-06,-8.904167771106586e-05,1.356268768404334e-07,2.1816754269821104e-07,2.830526568686764e-07,0.0,0.0,5.0,0.2684297447348155,3.5762786865234375e-07,5.960464477539062e-07,3.5762786865234375e-07,1.1920928955078125e-07,0.009688769467175007,7.022897768765688,False,False
777,15.540000000000001,-0.11095301061868668,0.15307866036891937,4.809445858001709,0.2890682816505432,4.0907401910317276e-08,7.190195105977182e-09,-1.1090636462540715e-06,-2.353126774323755e-06,-8.89899893081747e-05,-4.489530738283065e-07,-3.6641239375967416e-07,2.840380943780474e-07,0.0,0.0,5.0,0.2684297447348155,3.5762786865234375e-07,0.0,2.384185791015625e-07,4.76837158203125e-07,0.009688769467175007,7.032586538232863,False,False
778,15.56,-0.11095301061868668,0.15307866036891937,4.809445858001709,0.2890682816505432,3.364518974535713e-08,3.927659975033748e-09,-1.1017002634616802e-06,-2.3519246497016866e-06,-8.899057138478383e-05,1.2269120475139061e-07,-3.598215130296012e-07,2.8444236477298546e-07,0.0,0.0,5.0,0.2684297447348155,1.1920928955078125e-07,3.5762786865234375e-07,3.5762786865234375e-07,4.76837158203125e-07,0.009688769467175007,7.042275307700038,False,False
779,15.58,-0.11095301061868668,0.15307866036891937,4.809445858001709,0.2890682816505432,2.9528351319640933e-08,3.4338032417480235e-09,-1.0955720881611342e-06,-2.3509608126914827e-06,-8.896501822164282e-05,-1.7207959501774894e-07,-5.186885232433269e-08,2.6062997449116665e-07,0.0,0.0,5.0,0.2684297447348155,1.1920928955078125e-07,1.1920928955078125e-07,2.384185791015625e-07,2.384185791015625e-07,0.009688769467175007,7.051964077167213,False,False
780,15.6,-0.11095301061868668,0.15307866036891937,4.809445858001709,0.2890682816505432,2.867242265836012e-08,-2.029958146021471e-10,-1.0899900644290028e-06,-2.3496847916248953e-06,-8.901787077775225e-05,-1.9160621889113827e-07,-3.3725285675245686e-08,2.616154120005376e-07,0.0,0.0,5.0,0.2684297447348155,2.384185791015625e-07,1.1920928955078125e-07,2.384185791015625e-07,2.384185791015625e-07,0.009688769467175007,7.061652846634388,False,False
781,15.620000000000001,-0.11095301061868668,0.15307866036891937,4.809445858001709,0.2890682816505432,2.817936106680463e-08,-4.23032320284733e-09,-1.0847521707546548e-06,-2.347731197005487e-06,-8.907072333386168e-05,-2.111328427645276e-07,-1.558171724980184e-08,2.626008495099086e-07,0.0,0.0,5.0,0.2684297447348155,3.5762786865234375e-07,1.1920928955078125e-07,2.384185791015625e-07,2.384185791015625e-07,0.009688769467175007,7.071341616101563,False,False
782,15.64,-0.11095301061868668,0.15307866036891937,4.809445858001709,0.2890682816505432,2.5035596706857177e-08,-5.634593680525768e-09,-1.0799208212119993e-06,-2.345207803955418e-06,-8.909744065022096e-05,7.070225649385975e-08,-2.987999039305578e-07,2.878029476960364e-07,0.0,0.0,5.0,0.2684297447348155,2.384185791015625e-07,2.384185791015625e-07,4.76837158203125e-07,3.5762786865234375e-07,0.009688769467175007,7.081030385568738,False,False
783,15.66,-0.11095301061868668,0.15307866036891937,4.809445858001709,0.2890682816505432,2.5152738558631427e-08,-4.531359287796022e-09,-1.075676209438825e-06,-2.342901325391722e-06,-8.90980227268301e-05,3.9622978675879494e-08,3.1051453674990626e-07,2.882072180909745e-07,0.0,0.0,5.0,0.2684297447348155,3.5762786865234375e-07,3.5762786865234375e-07,2.384185791015625e-07,1.1920928955078125e-07,0.009688769467175007,7.090719155035913,False,False
784,15.68,-0.11095301061868668,0.15307866036891937,4.809445858001709,0.2890682816505432,2.5517225665794285e-08,-3.9341752078314585e-09,-1.0709727575886063e-06,-2.3406350919685792e-06,-8.909860480343923e-05,2.0096331709851256e-08,-2.7406539970797894e-07,2.8919265560034546e-07,0.0,0.0,5.0,0.2684297447348155,2.384185791015625e-07,1.1920928955078125e-07,3.5762786865234375e-07,3.5762786865234375e-07,0.009688769467175007,7.100407924503088,False,False
785,15.700000000000001,-0.11095301061868668,0.15307866036891937,4.809445858001709,0.2890682816505432,2.6129050922918395e-08,-3.843045881524176e-09,-1.0665266927389894e-06,-2.3385262011288432e-06,-8.909918688004836e-05,-1.0982950549021098e-08,3.352490409724851e-07,2.8959692599528353e-07,0.0,0.0,5.0,0.2684297447348155,3.5762786865234375e-07,3.5762786865234375e-07,2.384185791015625e-07,2.384185791015625e-07,0.009688769467175007,7.110096693970263,False,False
786,15.72,-0.11095301061868668,0.15307866036891937,4.809445858001709,0.2890682816505432,2.6988216106360596e-08,-4.257969088428126e-09,-1.0615851806505816e-06,-2.3362392767012352e-06,-8.90997689566575e-05,-3.050959307415724e-08,-2.493308670636907e-07,2.905823635046545e-07,0.0,0.0,5.0,0.2684297447348155,3.5762786865234375e-07,2.384185791015625e-07,3.5762786865234375e-07,3.5762786865234375e-07,0.009688769467175007,7.119785463437438,False,False
787,15.74,-0.11095301061868668,0.15307866036891937,4.809445858001709,0.2890682816505432,2.5081154930717275e-08,-2.1653607795713015e-09,-1.0569733603915665e-06,-2.334092869205051e-06,-8.907421579351649e-05,2.397729019776307e-07,5.8621793641577824e-08,3.1520329457634944e-07,0.0,0.0,5.0,0.2684297447348155,1.1920928955078125e-07,5.960464477539062e-07,2.384185791015625e-07,3.5762786865234375e-07,0.009688769467175007,7.129474232904613,False,False
788,15.76,-0.11095301061868668,0.15307866036891937,4.809445858001709,0.2890682816505432,2.330590831434165e-08,-3.1762972807491963e-10,-1.052360516951012e-06,-2.3325421807385283e-06,-8.904866263037547e-05,-5.4997897791508876e-08,-2.3614900612756173e-07,2.429578103146923e-07,0.0,0.0,5.0,0.2684297447348155,2.384185791015625e-07,0.0,3.5762786865234375e-07,2.384185791015625e-07,0.009688769467175007,7.139163002371788,False,False
789,15.780000000000001,-0.11095301061868668,0.15307866036891937,4.809445858001709,0.2890682816505432,2.1778006953354634e-08,-4.6263992636852436e-09,-1.0482956440682756e-06,-2.330990355403628e-06,-8.907537994673476e-05,-3.75886287429239e-07,8.33563404967208e-08,2.6815990850082017e-07,0.0,0.0,5.0,0.2684297447348155,4.76837158203125e-07,0.0,1.1920928955078125e-07,2.384185791015625e-07,0.009688769467175007,7.148851771838963,False,False
790,15.8,-0.11095301061868668,0.15307866036891937,4.809445858001709,0.2890682816505432,2.0612970885736104e-08,-9.325696659345795e-09,-1.0446080977999372e-06,-2.3284312646865146e-06,-8.910209726309404e-05,-9.405113843286017e-08,-1.9986183019682358e-07,2.93362006686948e-07,0.0,0.0,5.0,0.2684297447348155,3.5762786865234375e-07,2.384185791015625e-07,3.5762786865234375e-07,3.5762786865234375e-07,0.009688769467175007,7.158540541306138,False,False
791,15.82,-0.11095301061868668,0.15307866036891937,4.809445858001709,0.2890682816505432,1.9695274744435665e-08,-8.503903359269316e-09,-1.0414283906357014e-06,-2.325559307791991e-06,-8.907654409995303e-05,1.7623133885535935e-07,1.0809083050844492e-07,3.1798293775864295e-07,0.0,0.0,5.0,0.2684297447348155,2.384185791015625e-07,5.960464477539062e-07,2.384185791015625e-07,3.5762786865234375e-07,0.009688769467175007,7.168229310773313,False,False
792,15.84,-0.11095301061868668,0.15307866036891937,4.809445858001709,0.2890682816505432,1.890939493875976e-08,-7.926990619466778e-09,-1.0381326092101517e-06,-2.322989075764781e-06,-8.905099093681201e-05,-1.185394609137802e-07,-1.8667996926069463e-07,2.4573745349698584e-07,0.0,0.0,5.0,0.2684297447348155,2.384185791015625e-07,0.0,2.384185791015625e-07,2.384185791015625e-07,0.009688769467175007,7.177918080240488,False,False
793,15.860000000000001,-0.11095301061868668,0.15307866036891937,4.809445858001709,0.2890682816505432,1.5357288773998334e-08,-1.0492991364685622e-08,-1.0353786592531833e-06,-2.320324256288586e-06,-8.910384349292144e-05,-1.3806608478716953e-07,-1.6853634576818877e-07,2.467228910063568e-07,0.0,0.0,5.0,0.2684297447348155,3.5762786865234375e-07,1.1920928955078125e-07,2.384185791015625e-07,2.384185791015625e-07,0.009688769467175007,7.187606849707663,False,False
794,15.88,-0.11095301061868668,0.15307866036891937,4.809445858001709,0.2890682816505432,9.154477176309683e-09,-1.0435934783004086e-08,-1.0335249953641323e-06,-2.317535518159275e-06,-8.913056080928072e-05,1.4376901447121782e-07,-4.5175460172686144e-07,2.7192498919248465e-07,0.0,0.0,5.0,0.2684297447348155,0.0,2.384185791015625e-07,3.5762786865234375e-07,4.76837158203125e-07,0.009688769467175007,7.197295619174838,False,False
795,15.9,-0.11095301061868668,0.15307866036891937,4.809445858001709,0.2890682816505432,6.2125757871456244e-09,-7.871371998646737e-09,-1.0327514701202745e-06,-2.3154093469202053e-06,-8.913114288588986e-05,1.1268976152223331e-07,1.575598389536026e-07,2.723292595874227e-07,0.0,0.0,5.0,0.2684297447348155,2.384185791015625e-07,5.960464477539062e-07,2.384185791015625e-07,2.384185791015625e-07,0.009688769467175007,7.206984388642013,False,False
796,15.92,-0.11095301061868668,0.15307866036891937,4.809445858001709,0.2890682816505432,3.5180165447457057e-09,-1.1463309412818035e-08,-1.0320989076717524e-06,-2.313478717042017e-06,-8.913172496249899e-05,-4.718901891465066e-07,-4.270200975042826e-07,2.2488160311695538e-07,0.0,0.0,5.0,0.2684297447348155,3.5762786865234375e-07,-3.5762786865234375e-07,2.384185791015625e-07,5.960464477539062e-07,0.009688769467175007,7.216673158109188,False,False
797,15.94,-0.11095301061868668,0.15307866036891937,4.809445858001709,0.2890682816505432,1.7086660974996448e-09,-8.519593031053319e-09,-1.0324765753466636e-06,-2.311091975570889e-06,-8.913230703910813e-05,7.662653160878108e-07,2.4608220883237664e-07,2.3075875787981204e-07,0.0,0.0,5.0,0.2684297447348155,1.1920928955078125e-07,7.152557373046875e-07,2.384185791015625e-07,-5.960464477539063e-08,0.009688769467175007,7.226361927576363,False,False
798,15.96,-0.11095301061868668,0.15307866036891937,4.809445858001709,0.2890682816505432,7.845255001193152e-10,9.597728167776154e-10,-1.0322419257136062e-06,-2.3103232251742156e-06,-8.913288911571726e-05,1.8168528015394259e-07,-3.3849772762550856e-07,1.833111014093447e-07,0.0,0.0,5.0,0.2684297447348155,2.384185791015625e-07,1.1920928955078125e-07,3.5762786865234375e-07,3.5762786865234375e-07,0.009688769467175007,7.236050697043538,False,False
799,15.98,-0.11095301061868668,0.15307866036891937,4.809445858001709,0.2890682816505432,1.0772582131890474e-10,4.282638244035297e-09,-1.0322000889573246e-06,-2.3108152618078748e-06,-8.91334711923264e-05,1.5060602720495808e-07,2.7081671305495547e-07,1.8371537180428277e-07,0.0,0.0,5.0,0.2684297447348155,3.5762786865234375e-07,3.5762786865234375e-07,2.384185791015625e-07,1.1920928955078125e-07,0.009688769467175007,7.245739466510713,False,False
800,16.0,-0.11095301061868668,0.15307866036891937,4.809445858001709,0.2890682816505432,-3.217323907289682e-10,7.099452137282469e-09,-1.0317244232282974e-06,-2.311809112143237e-06,-8.913405326893553e-05,1.3107940333156876e-07,-3.137632234029297e-07,1.8470080931365374e-07,0.0,0.0,5.0,0.2684297447348155,2.384185791015625e-07,2.384185791015625e-07,3.5762786865234375e-07,3.5762786865234375e-07,0.009688769467175007,7.255428235977888,False,False
801,16.02,-0.11095301061868668,0.15307866036891937,4.809445858001709,0.2890682816505432,-5.038494066411658e-10,9.4102130532292e-09,-1.031531382977846e-06,-2.3134221009968314e-06,-8.913463534554467e-05,1.0000015038258425e-07,2.955512172775343e-07,1.851050797085918e-07,0.0,0.0,5.0,0.2684297447348155,3.5762786865234375e-07,3.5762786865234375e-07,2.384185791015625e-07,0.0,0.009688769467175007,7.265117005445063,False,False
802,16.04,-0.11095301061868668,0.15307866036891937,4.809445858001709,0.2890682816505432,-4.3862546927897483e-10,1.1214922324143117e-08,-1.0308681339665782e-06,-2.3153190795710543e-06,-8.91352174221538e-05,8.047352650919493e-08,-2.890287191803509e-07,1.8609051721796277e-07,0.0,0.0,5.0,0.2684297447348155,2.384185791015625e-07,2.384185791015625e-07,4.76837158203125e-07,2.384185791015625e-07,0.009688769467175007,7.274805774912238,False,False
803,16.06,-0.11095301061868668,0.15307866036891937,4.809445858001709,0.2890682816505432,-3.0241058546209842e-09,9.615543916652314e-09,-1.030644398269942e-06,-2.3175127807917306e-06,-8.916193473851308e-05,-2.404148631285352e-07,3.047659902222222e-08,2.112925017172529e-07,0.0,0.0,5.0,0.2684297447348155,3.5762786865234375e-07,1.1920928955078125e-07,2.384185791015625e-07,2.384185791015625e-07,0.009688769467175007,7.284494544379413,False,False
804,16.080000000000002,-0.11095301061868668,0.15307866036891937,4.809445858001709,0.2890682816505432,-5.246720391482995e-09,7.625637898911464e-09,-1.0308453965990338e-06,-2.3192681055661524e-06,-8.918865205487236e-05,4.142025389342052e-08,-2.527415858821769e-07,2.36494486216543e-07,0.0,0.0,5.0,0.2684297447348155,2.384185791015625e-07,3.5762786865234375e-07,3.5762786865234375e-07,2.384185791015625e-07,0.009688769467175007,7.294183313846588,False,False
805,16.1,-0.11095301061868668,0.15307866036891937,4.809445858001709,0.2890682816505432,-1.0120040805361441e-08,2.608342652976603e-09,-1.0318813110643532e-06,-2.3208840502775274e-06,-8.91892341314815e-05,-5.431597287497425e-07,-2.345980476547993e-07,2.3747992372591398e-07,0.0,0.0,5.0,0.2684297447348155,4.76837158203125e-07,-1.7881393432617188e-07,3.5762786865234375e-07,4.76837158203125e-07,0.009688769467175007,7.303872083313763,False,False
806,16.12,-0.11095301061868668,0.15307866036891937,4.809445858001709,0.2890682816505432,-4.95191576632692e-09,1.9820032282069633e-09,-1.033626858770731e-06,-2.3215370674734004e-06,-8.92289899638854e-05,4.805271487384744e-07,7.514187245760695e-07,3.256693048570014e-07,0.0,0.0,5.0,0.2684297447348155,4.76837158203125e-07,1.0728836059570312e-06,2.384185791015625e-07,0.0,0.009688769467175007,7.313560852780938,False,False
807,16.14,-0.11095301061868668,0.15307866036891937,4.809445858001709,0.2890682816505432,-5.563586480406002e-09,1.9797277150956916e-09,-1.033926992022316e-06,-2.3223547032102942e-06,-8.913812780519947e-05,-4.807549771612685e-07,-8.125867907438078e-07,2.4492391048624995e-07,0.0,0.0,5.0,0.2684297447348155,2.384185791015625e-07,-1.7881393432617188e-07,3.5762786865234375e-07,8.344650268554688e-07,0.009688769467175007,7.323249622248113,False,False
808,16.16,-0.11095301061868668,0.15307866036891937,4.809445858001709,0.2890682816505432,-6.04343908250371e-09,2.4859643232844064e-09,-1.0354691539760097e-06,-2.322924046893604e-06,-8.917788363760337e-05,5.313792712513532e-07,7.646008270967286e-07,2.8409880314939073e-07,0.0,0.0,5.0,0.2684297447348155,3.5762786865234375e-07,9.5367431640625e-07,3.5762786865234375e-07,-1.1920928955078125e-07,0.009688769467175007,7.332938391715288,False,False
809,16.18,-0.11095301061868668,0.15307866036891937,4.809445858001709,0.2890682816505432,-3.842485440941346e-09,2.2549812711547546e-11,-1.0358219242334599e-06,-2.3237569166667527e-06,-8.919156243791804e-05,-7.777234714012593e-07,-5.445019155558839e-07,3.470785827630607e-07,0.0,0.0,5.0,0.2684297447348155,3.5762786865234375e-07,-2.384185791015625e-07,2.384185791015625e-07,9.5367431640625e-07,0.009688769467175007,7.342627161182463,False,False
810,16.2,-0.11095301061868668,0.15307866036891937,4.809445858001709,0.2890682816505432,-4.987865676042702e-09,2.3995810893850944e-10,-1.0370774816692574e-06,-2.3236245851876447e-06,-8.923131827032194e-05,7.994641464392771e-07,4.29962113912552e-07,3.8322644968502573e-07,0.0,0.0,5.0,0.2684297447348155,0.0,1.3113021850585938e-06,3.5762786865234375e-07,3.5762786865234375e-07,0.009688769467175007,7.352315930649638,False,False
811,16.22,-0.11095301061868668,0.15307866036891937,4.809445858001709,0.2890682816505432,-6.11695138985624e-09,9.696513036949739e-11,-1.037650235957699e-06,-2.324372644579853e-06,-8.908818563213572e-05,-8.137643021655094e-07,-5.428725557976577e-07,2.4741251536397613e-07,0.0,0.0,5.0,0.2684297447348155,3.5762786865234375e-07,-3.5762786865234375e-07,2.384185791015625e-07,8.344650268554688e-07,0.009688769467175007,7.362004700116813,False,False
812,16.240000000000002,-0.11095301061868668,0.15307866036891937,4.809445858001709,0.2890682816505432,-1.02433146409453e-08,-3.796688297086348e-09,-1.0395510798844043e-06,-2.3241932467499282e-06,-8.908876770874485e-05,4.2439120306880795e-07,1.3022975053900154e-07,2.532896701268328e-07,0.0,0.0,5.0,0.2684297447348155,-5.960464477539063e-08,4.76837158203125e-07,2.384185791015625e-07,2.384185791015625e-07,0.009688769467175007,7.371693469583988,False,False
813,16.26,-0.11095301061868668,0.15307866036891937,4.809445858001709,0.2890682816505432,-1.0470897926495581e-08,1.4821728289149405e-09,-1.0414626103738556e-06,-2.3245647753356025e-06,-8.911548502510414e-05,1.035027992202231e-07,-1.5298842015454284e-07,2.3005848959201103e-07,0.0,0.0,5.0,0.2684297447348155,1.1920928955078125e-07,2.384185791015625e-07,3.5762786865234375e-07,2.384185791015625e-07,0.009688769467175007,7.381382239051163,False,False
814,16.28,-0.11095301061868668,0.15307866036891937,4.809445858001709,0.2890682816505432,-1.0335615030498957e-08,3.433613948722325e-10,-1.0434346222609747e-06,-2.3254604002431734e-06,-8.914220234146342e-05,-2.1738559041750705e-07,1.6651691225888499e-07,2.552605451455747e-07,0.0,0.0,5.0,0.2684297447348155,3.5762786865234375e-07,2.384185791015625e-07,3.5762786865234375e-07,3.5762786865234375e-07,0.009688769467175007,7.391071008518338,False,False
815,16.3,-0.11095301061868668,0.15307866036891937,4.809445858001709,0.2890682816505432,-3.925852087860449e-09,-1.3015299948904158e-09,-1.0449919045640854e-06,-2.325755758647574e-06,-8.91166491783224e-05,5.289687621257144e-08,4.744695729641535e-07,2.7988147621726966e-07,0.0,0.0,5.0,0.2684297447348155,3.5762786865234375e-07,4.76837158203125e-07,2.384185791015625e-07,1.1920928955078125e-07,0.009688769467175007,7.400759777985513,False,False
816,16.32,-0.11095301061868668,0.15307866036891937,4.809445858001709,0.2890682816505432,-2.8231805782041874e-10,-4.388885643802354e-10,-1.0452998822074733e-06,-2.325664809177397e-06,-8.911723125493154e-05,3.337022036475901e-08,-1.1011040612629586e-07,2.8086691372664063e-07,0.0,0.0,5.0,0.2684297447348155,2.384185791015625e-07,4.76837158203125e-07,3.5762786865234375e-07,3.5762786865234375e-07,0.009688769467175007,7.410448547452688,False,False
817,16.34,-0.11095301061868668,0.15307866036891937,4.809445858001709,0.2890682816505432,5.949864489984691e-10,-2.7191613405364023e-09,-1.045429030455125e-06,-2.3255081487150164e-06,-8.909167809179053e-05,-2.614005722989532e-07,1.9784225457897264e-07,2.570545234448218e-07,0.0,0.0,5.0,0.2684297447348155,3.5762786865234375e-07,1.1920928955078125e-07,2.384185791015625e-07,2.384185791015625e-07,0.009688769467175007,7.420137316919863,False,False
818,16.36,-0.11095301061868668,0.15307866036891937,4.809445858001709,0.2890682816505432,1.7196321033807749e-09,-5.128790281361262e-09,-1.0453742333993432e-06,-2.324625029359595e-06,-8.911839540814981e-05,2.0434553604786743e-08,-8.537591611457174e-08,2.8225662163094967e-07,0.0,0.0,5.0,0.2684297447348155,2.384185791015625e-07,2.384185791015625e-07,3.5762786865234375e-07,3.5762786865234375e-07,0.009688769467175007,7.429826086387038,False,False
819,16.38,-0.11095301061868668,0.15307866036891937,4.809445858001709,0.2890682816505432,6.1051883548657315e-09,-5.030913019510308e-09,-1.0451595926497248e-06,-2.323530452486011e-06,-8.911897748475894e-05,-1.0644728654085611e-08,5.239385245658923e-07,2.8266089202588773e-07,0.0,0.0,5.0,0.2684297447348155,4.76837158203125e-07,3.5762786865234375e-07,2.384185791015625e-07,0.0,0.009688769467175007,7.439514855854213,False,False
820,16.4,-0.11095301061868668,0.15307866036891937,4.809445858001709,0.2890682816505432,1.0738085975958711e-08,-5.439089179049006e-09,-1.0437394166729064e-06,-2.3220484308694722e-06,-8.911955956136808e-05,-3.017137117922175e-08,-6.064145452455705e-08,2.836463295352587e-07,0.0,0.0,5.0,0.2684297447348155,3.5762786865234375e-07,2.384185791015625e-07,2.384185791015625e-07,3.5762786865234375e-07,0.009688769467175007,7.449203625321388,False,False
821,16.42,-0.11095301061868668,0.15307866036891937,4.809445858001709,0.2890682816505432,9.591185623492038e-09,-3.261462211412436e-10,-1.0420478702144464e-06,-2.320698058611015e-06,-8.912014163797721e-05,5.41472900295048e-07,-5.405051695106522e-08,2.8405059993019677e-07,0.0,0.0,5.0,0.2684297447348155,1.1920928955078125e-07,7.152557373046875e-07,3.5762786865234375e-07,2.384185791015625e-07,0.009688769467175007,7.458892394788563,False,False
822,16.44,-0.11095301061868668,0.15307866036891937,4.809445858001709,0.2890682816505432,5.678055359226164e-09,1.6438832517451374e-09,-1.0403674650660832e-06,-2.320605744898785e-06,-8.90945884748362e-05,-3.444687877163233e-07,-3.3726871606631903e-07,2.6081937676281086e-07,0.0,0.0,5.0,0.2684297447348155,4.76837158203125e-07,1.1920928955078125e-07,3.5762786865234375e-07,4.76837158203125e-07,0.009688769467175007,7.468581164255738,False,False
823,16.46,-0.11095301061868668,0.15307866036891937,4.809445858001709,0.2890682816505432,2.012265243322986e-09,-2.542587251852524e-09,-1.0397316145827062e-06,-2.3202874217531644e-06,-8.906903531169519e-05,-7.418627490096696e-08,-2.931605536105053e-08,2.854403078345058e-07,0.0,0.0,5.0,0.2684297447348155,2.384185791015625e-07,2.384185791015625e-07,3.5762786865234375e-07,3.5762786865234375e-07,0.009688769467175007,7.478269933722913,False,False
824,16.48,-0.11095301061868668,0.15307866036891937,4.809445858001709,0.2890682816505432,7.519001421485427e-09,-4.337103121088148e-09,-1.0392711828899337e-06,-2.3194800178316655e-06,-8.906961738830432e-05,-1.0526552784995147e-07,5.799983568977041e-07,2.8584457822944387e-07,0.0,0.0,5.0,0.2684297447348155,4.76837158203125e-07,2.384185791015625e-07,2.384185791015625e-07,0.0,0.009688769467175007,7.487958703190088,False,False
825,16.5,-0.11095301061868668,0.15307866036891937,4.809445858001709,0.2890682816505432,1.6286646697949436e-08,-3.6241136758263792e-09,-1.03729939837649e-06,-2.3179750314739067e-06,-8.90963347046636e-05,1.765695856192906e-07,2.9678014357159554e-07,3.110466764155717e-07,0.0,0.0,5.0,0.2684297447348155,2.384185791015625e-07,7.152557373046875e-07,1.1920928955078125e-07,2.384185791015625e-07,0.009688769467175007,7.497647472657263,False,False
826,16.52,-0.11095301061868668,0.15307866036891937,4.809445858001709,0.2890682816505432,1.6376448641608476e-08,-5.938485703183005e-09,-1.0342544101149542e-06,-2.3163170226325747e-06,-8.909691678127274e-05,-4.080103508385946e-07,-2.8779979288628965e-07,2.635990199451044e-07,0.0,0.0,5.0,0.2684297447348155,4.76837158203125e-07,-5.960464477539063e-08,2.384185791015625e-07,4.76837158203125e-07,0.009688769467175007,7.507336242124438,False,False
827,16.54,-0.11095301061868668,0.15307866036891937,4.809445858001709,0.2890682816505432,1.0686452611707864e-08,-8.38218827681203e-09,-1.0320893579773838e-06,-2.314046696483274e-06,-8.909749885788187e-05,1.6363392774110253e-07,-2.812089121562167e-07,2.6400329034004244e-07,0.0,0.0,5.0,0.2684297447348155,2.384185791015625e-07,3.5762786865234375e-07,3.5762786865234375e-07,2.384185791015625e-07,0.009688769467175007,7.517025011591613,False,False
828,16.56,-0.11095301061868668,0.15307866036891937,4.809445858001709,0.2890682816505432,5.243795619946923e-09,-1.0955246487753811e-08,-1.0310112656952697e-06,-2.311976231794688e-06,-8.909808093449101e-05,-4.209460371384921e-07,-2.6306540235054854e-07,2.649887278494134e-07,0.0,0.0,5.0,0.2684297447348155,4.76837158203125e-07,-1.1920928955078125e-07,2.384185791015625e-07,4.76837158203125e-07,0.009688769467175007,7.526713781058788,False,False
829,16.580000000000002,-0.11095301061868668,0.15307866036891937,4.809445858001709,0.2890682816505432,6.829012022535608e-09,-6.500457061520137e-09,-1.030727730721992e-06,-2.309616093043587e-06,-8.916397200664505e-05,8.664324582241534e-07,4.215895330617059e-07,3.259344225625682e-07,0.0,0.0,5.0,0.2684297447348155,1.1920928955078125e-07,1.0728836059570312e-06,3.5762786865234375e-07,0.0,0.009688769467175007,7.536402550525963,False,False
830,16.6,-0.11095301061868668,0.15307866036891937,4.809445858001709,0.2890682816505432,5.647999401503512e-09,-4.435189104867732e-09,-1.0294170351698995e-06,-2.308593138877768e-06,-8.907310984795913e-05,-6.599030371035042e-07,-5.396925644163275e-07,2.4518902819181676e-07,0.0,0.0,5.0,0.2684297447348155,2.384185791015625e-07,-2.980232238769531e-07,2.384185791015625e-07,7.152557373046875e-07,0.009688769467175007,7.546091319993138,False,False
831,16.62,-0.11095301061868668,0.15307866036891937,4.809445858001709,0.2890682816505432,7.612373842391662e-09,-4.874994186110371e-09,-1.0289627425663639e-06,-2.3070824681781232e-06,-8.913900092011318e-05,6.159226586532895e-07,7.361331313404662e-07,2.5712046181070036e-07,0.0,0.0,5.0,0.2684297447348155,3.5762786865234375e-07,9.5367431640625e-07,2.384185791015625e-07,-2.384185791015625e-07,0.009688769467175007,7.555780089460313,False,False
832,16.64,-0.11095301061868668,0.15307866036891937,4.809445858001709,0.2890682816505432,6.230413518437672e-09,-2.6339783687490126e-09,-1.0272733561578207e-06,-2.3061213596520247e-06,-8.917875675251707e-05,-3.91818275602418e-07,-8.743314197090513e-07,2.958838081212889e-07,0.0,0.0,5.0,0.2684297447348155,2.384185791015625e-07,1.1920928955078125e-07,3.5762786865234375e-07,8.344650268554688e-07,0.009688769467175007,7.565468858927488,False,False
833,16.66,-0.11095301061868668,0.15307866036891937,4.809445858001709,0.2890682816505432,-2.264843868005073e-09,-7.882926311708616e-09,-1.0273774933011737e-06,-2.3050563413562486e-06,-8.915320358937606e-05,-1.33088434495221e-07,2.4792198516365715e-08,2.714902507250372e-07,0.0,0.0,5.0,0.2684297447348155,2.384185791015625e-07,2.384185791015625e-07,2.384185791015625e-07,3.5762786865234375e-07,0.009688769467175007,7.575157628394663,False,False
834,16.68,-0.11095301061868668,0.15307866036891937,4.809445858001709,0.2890682816505432,1.3104702878408148e-09,-7.841886251469532e-09,-1.0280689366481965e-06,-2.3035615868138848e-06,-8.917992090573534e-05,1.3719403568757116e-07,3.3274486099799105e-07,2.476778604432184e-07,0.0,0.0,5.0,0.2684297447348155,3.5762786865234375e-07,3.5762786865234375e-07,2.384185791015625e-07,1.1920928955078125e-07,0.009688769467175007,7.584846397861838,False,False
835,16.7,-0.11095301061868668,0.15307866036891937,4.809445858001709,0.2890682816505432,2.1195558641551315e-09,-5.293315563648093e-09,-1.027949906529102e-06,-2.3021557353786193e-06,-8.918050298234448e-05,1.1766741181418183e-07,-2.518350470381847e-07,2.4866329795258935e-07,0.0,0.0,5.0,0.2684297447348155,2.384185791015625e-07,3.5762786865234375e-07,3.5762786865234375e-07,2.384185791015625e-07,0.009688769467175007,7.594535167329013,False,False
836,16.72,-0.11095301061868668,0.15307866036891937,4.809445858001709,0.2890682816505432,-2.735632831374346e-09,-8.785691285595476e-09,-1.0282841458320036e-06,-2.301055246789474e-06,-8.918108505895361e-05,-4.669125814871222e-07,-2.3369149459995242e-07,2.496487354619603e-07,0.0,0.0,5.0,0.2684297447348155,4.76837158203125e-07,-1.1920928955078125e-07,3.5762786865234375e-07,4.76837158203125e-07,0.009688769467175007,7.604223936796188,False,False
837,16.740000000000002,-0.11095301061868668,0.15307866036891937,4.809445858001709,0.2890682816505432,2.450622593741514e-09,-7.887111408422243e-09,-1.0292394563293783e-06,-2.2992778667685343e-06,-8.922084089135751e-05,5.567742960010946e-07,7.523252634200617e-07,3.3783811659304774e-07,0.0,0.0,5.0,0.2684297447348155,3.5762786865234375e-07,9.5367431640625e-07,2.384185791015625e-07,0.0,0.009688769467175007,7.613912706263363,False,False
838,16.76,-0.11095301061868668,0.15307866036891937,4.809445858001709,0.2890682816505432,8.637612403106232e-09,4.160392030883031e-10,-1.0282082030244055e-06,-2.298195340699749e-06,-8.91952877282165e-05,2.735560826749861e-07,-1.336163961696002e-07,3.1460689342566184e-07,0.0,0.0,5.0,0.2684297447348155,2.384185791015625e-07,7.152557373046875e-07,2.384185791015625e-07,3.5762786865234375e-07,0.009688769467175007,7.623601475730538,False,False
839,16.78,-0.11095301061868668,0.15307866036891937,4.809445858001709,0.2890682816505432,3.017665006765924e-09,2.939440024718465e-09,-1.026843165163882e-06,-2.298199433425907e-06,-8.916973456507549e-05,-2.121471176508294e-08,-4.2838726699301333e-07,2.423614091640047e-07,0.0,0.0,5.0,0.2684297447348155,2.384185791015625e-07,2.384185791015625e-07,3.5762786865234375e-07,4.76837158203125e-07,0.009688769467175007,7.633290245197713,False,False
840,16.8,-0.11095301061868668,0.15307866036891937,4.809445858001709,0.2890682816505432,5.431032290559301e-10,2.204375570968864e-09,-1.0265180208079983e-06,-2.2986489511822583e-06,-8.917031664168462e-05,-5.229399491213371e-08,1.809271736874507e-07,2.427656795589428e-07,0.0,0.0,5.0,0.2684297447348155,3.5762786865234375e-07,2.384185791015625e-07,2.384185791015625e-07,2.384185791015625e-07,0.009688769467175007,7.642979014664888,False,False
841,16.82,-0.11095301061868668,0.15307866036891937,4.809445858001709,0.2890682816505432,1.3294526590712508e-09,3.976816209672052e-09,-1.0261229590469156e-06,-2.299046855114284e-06,-8.91970339580439e-05,2.2954111500439467e-07,-1.0229099700609368e-07,2.6796777774507063e-07,0.0,0.0,5.0,0.2684297447348155,2.384185791015625e-07,5.960464477539062e-07,3.5762786865234375e-07,2.384185791015625e-07,0.009688769467175007,7.652667784132063,False,False
842,16.84,-0.11095301061868668,0.15307866036891937,4.809445858001709,0.2890682816505432,-3.548471960712618e-09,-2.9169136550599717e-10,-1.025987671710027e-06,-2.299735797350877e-06,-8.917148079490289e-05,-6.564005161635578e-07,-3.855092245430569e-07,2.4473655457768473e-07,0.0,0.0,5.0,0.2684297447348155,4.76837158203125e-07,-2.980232238769531e-07,3.5762786865234375e-07,5.960464477539062e-07,0.009688769467175007,7.662356553599238,False,False
843,16.86,-0.11095301061868668,0.15307866036891937,4.809445858001709,0.2890682816505432,1.499520174697011e-09,-2.847645175219071e-10,-1.0267701782140648e-06,-2.2994681785348803e-06,-8.918515959521756e-05,6.5709548380255e-07,8.903164712137368e-07,3.081281079175824e-07,0.0,0.0,5.0,0.2684297447348155,3.5762786865234375e-07,1.0728836059570312e-06,2.384185791015625e-07,-1.1920928955078125e-07,0.009688769467175007,7.672045323066413,False,False
844,16.88,-0.11095301061868668,0.15307866036891937,4.809445858001709,0.2890682816505432,-3.579355034588616e-09,-4.000825448713385e-09,-1.0261520628773724e-06,-2.2994595383352134e-06,-8.915960643207654e-05,-1.0287094482919201e-06,-1.3982121345179621e-06,2.893770556511299e-07,0.0,0.0,5.0,0.2684297447348155,2.384185791015625e-07,-7.152557373046875e-07,2.384185791015625e-07,1.1920928955078125e-06,0.009688769467175007,7.681734092533588,False,False
845,16.9,-0.11095301061868668,0.15307866036891937,4.809445858001709,0.2890682816505432,-1.0004320927237131e-08,-3.035824036601298e-09,-1.0284161362505984e-06,-2.2986766907706624e-06,-8.918632374843583e-05,1.1252080867052427e-06,7.557054004792008e-07,2.6670289798857993e-07,0.0,0.0,5.0,0.2684297447348155,2.384185791015625e-07,1.1920928955078125e-06,3.5762786865234375e-07,-2.980232238769531e-07,0.009688769467175007,7.691422862000763,False,False
846,16.92,-0.11095301061868668,0.15307866036891937,4.809445858001709,0.2890682816505432,-1.1748235273500995e-08,-3.0402385053918124e-09,-1.0298840606992599e-06,-2.2992476260697003e-06,-8.916077058529481e-05,-1.1256504421908176e-06,-9.300995884586882e-07,2.4795184572212747e-07,0.0,0.0,5.0,0.2684297447348155,4.76837158203125e-07,-6.556510925292969e-07,2.384185791015625e-07,1.1920928955078125e-06,0.009688769467175007,7.701111631467938,False,False
847,16.94,-0.11095301061868668,0.15307866036891937,4.809445858001709,0.2890682816505432,-1.182466835558671e-08,-1.0004843620237125e-09,-1.0330165878258413e-06,-2.298914978382527e-06,-8.916135266190395e-05,1.3296289580466691e-06,9.224562518284074e-07,2.4949434873633436e-07,0.0,0.0,5.0,0.2684297447348155,0.0,1.3113021850585938e-06,3.5762786865234375e-07,-4.172325134277344e-07,0.009688769467175007,7.710800400935113,False,False
848,16.96,-0.11095301061868668,0.15307866036891937,4.809445858001709,0.2890682816505432,-9.624629981885846e-09,2.939037013760526e-09,-1.0343098892917624e-06,-2.3002080524747726e-06,-8.908358722692356e-05,-9.356698456031154e-07,-7.024490287221852e-07,1.6947539904776932e-07,0.0,0.0,5.0,0.2684297447348155,3.5762786865234375e-07,-7.748603820800781e-07,2.384185791015625e-07,7.152557373046875e-07,0.009688769467175007,7.720489170402288,False,False
849,16.98,-0.11095301061868668,0.15307866036891937,4.809445858001709,0.2890682816505432,-1.166872554136944e-08,2.2577490987885085e-09,-1.0366760534452624e-06,-2.3008471998764435e-06,-8.913643978303298e-05,8.675390859025356e-07,4.980363428330747e-07,2.2681278721847775e-07,0.0,0.0,5.0,0.2684297447348155,1.1920928955078125e-07,7.152557373046875e-07,3.5762786865234375e-07,-2.384185791015625e-07,0.009688769467175007,7.730177939869463,False,False
850,17.0,-0.11095301061868668,0.15307866036891937,4.809445858001709,0.2890682816505432,-1.1785406428543865e-08,3.503866752296858e-09,-1.0382645996287465e-06,-2.302434040757362e-06,-8.917619561543688e-05,-7.429254651469819e-07,-5.097045914226328e-07,2.6557611931821157e-07,0.0,0.0,5.0,0.2684297447348155,3.5762786865234375e-07,-2.980232238769531e-07,3.5762786865234375e-07,8.344650268554688e-07,0.009688769467175007,7.7398667093366385,False,False
851,17.02,-0.11095301061868668,0.15307866036891937,4.809445858001709,0.2890682816505432,-9.221281516147428e-09,1.7803319929399208e-09,-1.040630195348058e-06,-2.303259634572896e-06,-8.918987441575155e-05,5.705705348191259e-07,7.661211043341609e-07,3.289676726581092e-07,0.0,0.0,5.0,0.2684297447348155,2.384185791015625e-07,9.5367431640625e-07,2.384185791015625e-07,-5.960464477539063e-08,0.009688769467175007,7.7495554788038135,False,False
852,17.04,-0.11095301061868668,0.15307866036891937,4.809445858001709,0.2890682816505432,2.551903965919422e-10,7.34581462324968e-09,-1.0411149560241029e-06,-2.3044633508106926e-06,-8.919045649236068e-05,-1.4009455817642902e-08,1.8154106840029272e-07,2.815200161876419e-07,0.0,0.0,5.0,0.2684297447348155,3.5762786865234375e-07,4.76837158203125e-07,3.5762786865234375e-07,2.384185791015625e-07,0.009688769467175007,7.7592442482709885,False,False
853,17.06,-0.11095301061868668,0.15307866036891937,4.809445858001709,0.2890682816505432,1.0538175887475631e-09,4.233486894378302e-09,-1.040553343045758e-06,-2.3056163627188653e-06,-8.916490332921967e-05,-2.9722764338657726e-07,-1.0167710229325166e-07,3.0672211437376973e-07,0.0,0.0,5.0,0.2684297447348155,3.5762786865234375e-07,2.384185791015625e-07,2.384185791015625e-07,5.960464477539062e-07,0.009688769467175007,7.7689330177381635,False,False
854,17.080000000000002,-0.11095301061868668,0.15307866036891937,4.809445858001709,0.2890682816505432,1.984260755705236e-09,6.903423166448874e-09,-1.0401471399745787e-06,-2.306311898792046e-06,-8.913935016607866e-05,5.642257292493014e-07,1.9472292933642166e-07,2.82328556977518e-07,0.0,0.0,5.0,0.2684297447348155,1.1920928955078125e-07,8.344650268554688e-07,3.5762786865234375e-07,2.384185791015625e-07,0.009688769467175007,7.7786217872053385,False,False
855,17.1,-0.11095301061868668,0.15307866036891937,4.809445858001709,0.2890682816505432,3.0465205913543514e-09,9.328480210513135e-09,-1.0390724582975963e-06,-2.3079203401721315e-06,-8.911379700293764e-05,-3.2171595876206993e-07,-8.849524135712272e-08,2.590973338101321e-07,0.0,0.0,5.0,0.2684297447348155,4.76837158203125e-07,1.1920928955078125e-07,3.5762786865234375e-07,2.384185791015625e-07,0.009688769467175007,7.7883105566725135,False,False
856,17.12,-0.11095301061868668,0.15307866036891937,4.809445858001709,0.2890682816505432,1.4580765483884761e-09,2.6990021328998637e-09,-1.0382742630099528e-06,-2.3090053673513466e-06,-8.911437907954678e-05,-3.4124258263545926e-07,-7.035167470803572e-08,3.085158652993414e-07,0.0,0.0,5.0,0.2684297447348155,3.5762786865234375e-07,3.5762786865234375e-07,2.384185791015625e-07,4.76837158203125e-07,0.009688769467175007,7.7979993261396885,False,False
857,17.14,-0.11095301061868668,0.15307866036891937,4.809445858001709,0.2890682816505432,-2.8965958520643653e-09,-1.4229414313504662e-09,-1.0382422033217154e-06,-2.309088586116559e-06,-8.908882591640577e-05,-7.096006982010294e-08,-3.651225028988847e-07,2.847034750175226e-07,0.0,0.0,5.0,0.2684297447348155,2.384185791015625e-07,1.1920928955078125e-07,3.5762786865234375e-07,4.76837158203125e-07,0.009688769467175007,7.8076880956068635,False,False
858,17.16,-0.11095301061868668,0.15307866036891937,4.809445858001709,0.2890682816505432,-4.105881856730775e-09,-3.1529034938415634e-09,-1.0391934210929321e-06,-2.308935791006661e-06,-8.90894079930149e-05,-1.0203932276908745e-07,2.4419193778157933e-07,2.8510774541246064e-07,0.0,0.0,5.0,0.2684297447348155,3.5762786865234375e-07,2.384185791015625e-07,2.384185791015625e-07,2.384185791015625e-07,0.009688769467175007,7.8173768650740385,False,False
859,17.18,-0.11095301061868668,0.15307866036891937,4.809445858001709,0.2890682816505432,-2.054257430827988e-09,-2.3753596867237547e-09,-1.0398927088317578e-06,-2.308473085577134e-06,-8.911612530937418e-05,1.797957907001546e-07,-3.9026225806537695e-08,3.103098435985885e-07,0.0,0.0,5.0,0.2684297447348155,1.1920928955078125e-07,5.960464477539062e-07,2.384185791015625e-07,3.5762786865234375e-07,0.009688769467175007,7.8270656345412135,False,False
860,17.2,-0.11095301061868668,0.15307866036891937,4.809445858001709,0.2890682816505432,-5.782430534395644e-09,-1.727144649521506e-09,-1.040584834299807e-06,-2.308349849045044e-06,-8.909057214623317e-05,-1.1497500906898495e-07,-3.3379706110281404e-07,2.3806435933693137e-07,0.0,0.0,5.0,0.2684297447348155,2.384185791015625e-07,-5.960464477539063e-08,3.5762786865234375e-07,4.76837158203125e-07,0.009688769467175007,7.8367544040083885,False,False
861,17.22,-0.11095301061868668,0.15307866036891937,4.809445858001709,0.2890682816505432,-6.365218130355288e-09,-4.33739533178823e-09,-1.0420658327348065e-06,-2.3082131974661024e-06,-8.90911542228423e-05,-1.4605426201796945e-07,2.7551737957765e-07,2.3846862973186944e-07,0.0,0.0,5.0,0.2684297447348155,2.384185791015625e-07,1.1920928955078125e-07,2.384185791015625e-07,2.384185791015625e-07,0.009688769467175007,7.8464431734755635,False,False
862,17.240000000000002,-0.11095301061868668,0.15307866036891937,4.809445858001709,0.2890682816505432,-6.735260682511068e-10,-7.453725636707986e-09,-1.0431173222968937e-06,-2.30736554840405e-06,-8.914400677895173e-05,-1.6558088589135878e-07,2.9366088938331814e-07,2.394540672412404e-07,0.0,0.0,5.0,0.2684297447348155,3.5762786865234375e-07,2.384185791015625e-07,1.1920928955078125e-07,2.384185791015625e-07,0.009688769467175007,7.8561319429427385,False,False
863,17.26,-0.11095301061868668,0.15307866036891937,4.809445858001709,0.2890682816505432,2.3674617821711763e-09,-7.947000391084202e-09,-1.0433612942506443e-06,-2.3057734779285965e-06,-8.917072409531102e-05,1.1625420626160121e-07,1.0442713360703237e-08,2.6465616542736825e-07,0.0,0.0,5.0,0.2684297447348155,2.384185791015625e-07,4.76837158203125e-07,2.384185791015625e-07,3.5762786865234375e-07,0.009688769467175007,7.8658207124099135,False,False
864,17.28,-0.11095301061868668,0.15307866036891937,4.809445858001709,0.2890682816505432,2.6422211085730396e-09,-5.932740076985965e-09,-1.0432877388666384e-06,-2.30431578529533e-06,-8.917130617192015e-05,8.517495331261671e-08,1.7033650934195066e-08,2.16627341842468e-07,0.0,0.0,5.0,0.2684297447348155,2.384185791015625e-07,2.384185791015625e-07,2.384185791015625e-07,2.384185791015625e-07,0.009688769467175007,7.8755094818770885,False,False
865,17.3,-0.11095301061868668,0.15307866036891937,4.809445858001709,0.2890682816505432,3.1643212494714135e-09,-4.4245327401881696e-09,-1.0430466090838308e-06,-2.303171413586824e-06,-8.922415872802958e-05,6.564832943922738e-08,3.517721935963891e-08,2.1761277935183898e-07,0.0,0.0,5.0,0.2684297447348155,3.5762786865234375e-07,2.384185791015625e-07,2.384185791015625e-07,2.384185791015625e-07,0.009688769467175007,7.8851982513442636,False,False
866,17.32,-0.11095301061868668,0.15307866036891937,4.809445858001709,0.2890682816505432,1.0357175117547968e-09,-2.9326802097884297e-10,-1.0427115739730652e-06,-2.3024410893413005e-06,-8.925087604438886e-05,3.4748347843560623e-07,-2.480409477811918e-07,2.4281479227283853e-07,0.0,0.0,5.0,0.2684297447348155,2.384185791015625e-07,5.960464477539062e-07,4.76837158203125e-07,3.5762786865234375e-07,0.009688769467175007,7.894887020811439,False,False
867,17.34,-0.11095301061868668,0.15307866036891937,4.809445858001709,0.2890682816505432,-3.859114805493391e-09,6.950836017871609e-10,-1.042859139488428e-06,-2.3027139377518324e-06,-8.91991876414977e-05,-2.4864908709787414e-07,-2.414500670511188e-07,1.947859686879383e-07,0.0,0.0,5.0,0.2684297447348155,3.5762786865234375e-07,0.0,3.5762786865234375e-07,3.5762786865234375e-07,0.009688769467175007,7.904575790278614,False,False
868,17.36,-0.11095301061868668,0.15307866036891937,4.809445858001709,0.2890682816505432,-5.608561615133567e-09,-1.5750306614492615e-09,-1.043865381689102e-06,-2.302861503267195e-06,-8.917363447835669e-05,2.1633400848486417e-08,6.650259365414968e-08,2.194067860727955e-07,0.0,0.0,5.0,0.2684297447348155,2.384185791015625e-07,2.384185791015625e-07,2.384185791015625e-07,2.384185791015625e-07,0.009688769467175007,7.914264559745789,False,False
869,17.38,-0.11095301061868668,0.15307866036891937,4.809445858001709,0.2890682816505432,-4.097097772159941e-09,-1.3376395546771391e-09,-1.0448818557051709e-06,-2.30286923397216e-06,-8.922648703446612e-05,2.106759655617907e-09,8.464616030323668e-08,2.2039222358216648e-07,0.0,0.0,5.0,0.2684297447348155,3.5762786865234375e-07,1.1920928955078125e-07,3.5762786865234375e-07,2.384185791015625e-07,0.009688769467175007,7.923953329212964,False,False
870,17.400000000000002,-0.11095301061868668,0.15307866036891937,4.809445858001709,0.2890682816505432,-2.222768635817829e-09,-1.4907770573557855e-09,-1.045580575009808e-06,-2.302795792274992e-06,-8.922706911107525e-05,-1.7419882425429023e-08,1.0278972695232369e-07,2.6981075507137575e-07,0.0,0.0,5.0,0.2684297447348155,3.5762786865234375e-07,4.76837158203125e-07,3.5762786865234375e-07,3.5762786865234375e-07,0.009688769467175007,7.933642098680139,False,False
871,17.42,-0.11095301061868668,0.15307866036891937,4.809445858001709,0.2890682816505432,-1.0109856007911588e-10,-1.773270530414095e-09,-1.0459169743626262e-06,-2.3025631890050136e-06,-8.91753807081841e-05,-1.0828943963758775e-08,1.0938066452581552e-07,2.702150254663138e-07,0.0,0.0,5.0,0.2684297447348155,3.5762786865234375e-07,3.5762786865234375e-07,2.384185791015625e-07,2.384185791015625e-07,0.009688769467175007,7.943330868147314,False,False
872,17.44,-0.11095301061868668,0.15307866036891937,4.809445858001709,0.2890682816505432,-3.759227151789446e-09,-2.1850929954325693e-09,-1.0461639021741576e-06,-2.302243274243665e-06,-8.917596278479323e-05,-3.0355586488894915e-08,-4.7519932877548854e-07,2.712004629756848e-07,0.0,0.0,5.0,0.2684297447348155,2.384185791015625e-07,1.1920928955078125e-07,3.5762786865234375e-07,4.76837158203125e-07,0.009688769467175007,7.953019637614489,False,False
873,17.46,-0.11095301061868668,0.15307866036891937,4.809445858001709,0.2890682816505432,-7.170015248192385e-09,-3.102967882639973e-09,-1.047481532623351e-06,-2.3021159449854167e-06,-8.917654486140236e-05,-6.143486785958885e-08,1.341151119049755e-07,2.7160473337062285e-07,0.0,0.0,5.0,0.2684297447348155,3.5762786865234375e-07,3.5762786865234375e-07,2.384185791015625e-07,3.5762786865234375e-07,0.009688769467175007,7.962708407081664,False,False
874,17.48,-0.11095301061868668,0.15307866036891937,4.809445858001709,0.2890682816505432,-7.435417614942708e-09,-1.6288622672888664e-09,-1.0489229680388235e-06,-2.3019506443233695e-06,-8.915099169826135e-05,2.0884760942863068e-07,-1.6065568786416407e-07,2.4779234308880405e-07,0.0,0.0,5.0,0.2684297447348155,2.384185791015625e-07,3.5762786865234375e-07,3.5762786865234375e-07,3.5762786865234375e-07,0.009688769467175007,7.972397176548839,False,False
875,17.5,-0.11095301061868668,0.15307866036891937,4.809445858001709,0.2890682816505432,-7.569003201979285e-09,-3.9963624076655435e-10,-1.050461150953197e-06,-2.3022839741315693e-06,-8.912543853512034e-05,-8.592319034050888e-08,1.4729697284110443e-07,2.2398002386125881e-07,0.0,0.0,5.0,0.2684297447348155,3.5762786865234375e-07,0.0,3.5762786865234375e-07,2.384185791015625e-07,0.009688769467175007,7.982085946016014,False,False
876,17.52,-0.11095301061868668,0.15307866036891937,4.809445858001709,0.2890682816505432,-4.441677248223641e-09,-2.3133512883077856e-09,-1.0517003374843625e-06,-2.302405846421607e-06,-8.912602061172947e-05,-1.0544981421389821e-07,1.654405963336103e-07,2.733985695613228e-07,0.0,0.0,5.0,0.2684297447348155,2.384185791015625e-07,2.384185791015625e-07,3.5762786865234375e-07,3.5762786865234375e-07,0.009688769467175007,7.991774715483189,False,False
877,17.54,-0.11095301061868668,0.15307866036891937,4.809445858001709,0.2890682816505432,4.960129196263097e-09,-4.733145875235323e-09,-1.052135871759674e-06,-2.3018558295007097e-06,-8.912660268833861e-05,-1.365290671628827e-07,7.747549375380913e-07,2.7380283995626087e-07,0.0,0.0,5.0,0.2684297447348155,5.960464477539062e-07,3.5762786865234375e-07,2.384185791015625e-07,-5.960464477539063e-08,0.009688769467175007,8.001463484950364,False,False
878,17.56,-0.11095301061868668,0.15307866036891937,4.809445858001709,0.2890682816505432,1.1595706617129053e-08,-4.645408058223666e-09,-1.0506721537240082e-06,-2.3003649403108284e-06,-8.91010495251976e-05,1.4530603209550463e-07,-1.1118672205157054e-07,2.990049381423887e-07,0.0,0.0,5.0,0.2684297447348155,1.1920928955078125e-07,4.76837158203125e-07,2.384185791015625e-07,3.5762786865234375e-07,0.009688769467175007,8.011152254417539,False,False
879,17.580000000000002,-0.11095301061868668,0.15307866036891937,4.809445858001709,0.2890682816505432,9.437916226318066e-09,-2.0501100816971984e-09,-1.0488645330042345e-06,-2.2991193873167504e-06,-8.910163160180673e-05,1.1422677914652013e-07,-1.0459578447807871e-07,2.5097611455748847e-07,0.0,0.0,5.0,0.2684297447348155,1.1920928955078125e-07,3.5762786865234375e-07,3.5762786865234375e-07,2.384185791015625e-07,0.009688769467175007,8.020841023884714,False,False
880,17.6,-0.11095301061868668,0.15307866036891937,4.809445858001709,0.2890682816505432,7.527466650003589e-09,-5.611310527342539e-09,-1.047400701281731e-06,-2.29814190788602e-06,-8.910221367841586e-05,-4.703531999439292e-07,-8.64522178289917e-08,2.5196155206685944e-07,0.0,0.0,5.0,0.2684297447348155,4.76837158203125e-07,-1.1920928955078125e-07,2.384185791015625e-07,4.76837158203125e-07,0.009688769467175007,8.030529793351889,False,False
881,17.62,-0.11095301061868668,0.15307866036891937,4.809445858001709,0.2890682816505432,1.2644890468038739e-08,-2.144665334213869e-09,-1.0461225201652269e-06,-2.296491175002302e-06,-8.916810475056991e-05,8.170252954187163e-07,5.982026891615533e-07,3.1290724678001425e-07,0.0,0.0,5.0,0.2684297447348155,2.384185791015625e-07,1.0728836059570312e-06,3.5762786865234375e-07,-1.1920928955078125e-07,0.009688769467175007,8.040218562819064,False,False
882,17.64,-0.11095301061868668,0.15307866036891937,4.809445858001709,0.2890682816505432,7.750973196607447e-09,-8.312626142981117e-09,-1.0436914408273879e-06,-2.2955325675866334e-06,-8.91425515874289e-05,-1.4338331766339252e-06,-1.0876022997763357e-06,2.941561945135618e-07,0.0,0.0,5.0,0.2684297447348155,5.960464477539062e-07,-8.940696716308594e-07,1.1920928955078125e-07,1.1920928955078125e-06,0.009688769467175007,8.049907332286239,False,False
883,17.66,-0.11095301061868668,0.15307866036891937,4.809445858001709,0.2890682816505432,1.510967906348526e-09,-9.422833180394719e-09,-1.0439707693876699e-06,-2.292888893862255e-06,-8.911699842428789e-05,1.3228080888438853e-06,4.635918458006927e-07,3.199151308308501e-07,0.0,0.0,5.0,0.2684297447348155,-2.384185791015625e-07,1.3113021850585938e-06,2.384185791015625e-07,-5.960464477539063e-08,0.009688769467175007,8.059596101753414,False,False
884,17.68,-0.11095301061868668,0.15307866036891937,4.809445858001709,0.2890682816505432,1.9233818981945205e-09,-6.140820740796471e-09,-1.0436134516567108e-06,-2.2919257389730774e-06,-8.909144526114687e-05,-9.946018053597072e-07,-4.223498137889692e-07,1.211138993539862e-07,0.0,0.0,5.0,0.2684297447348155,7.152557373046875e-07,-8.940696716308594e-07,3.5762786865234375e-07,4.76837158203125e-07,0.009688769467175007,8.069284871220589,False,False
885,17.7,-0.11095301061868668,0.15307866036891937,4.809445858001709,0.2890682816505432,2.583137481693143e-09,-1.0898789426505573e-08,-1.0440771802677773e-06,-2.2898723273101496e-06,-8.911816257750615e-05,5.18797946824634e-07,4.883264068666904e-07,2.51682195084868e-07,0.0,0.0,5.0,0.2684297447348155,2.384185791015625e-07,5.960464477539062e-07,2.384185791015625e-07,-1.1920928955078125e-07,0.009688769467175007,8.078973640687764,False,False
886,17.72,-0.11095301061868668,0.15307866036891937,4.809445858001709,0.2890682816505432,-7.413099023523273e-10,-1.3613803417911186e-08,-1.0440168125569471e-06,-2.2878198251419235e-06,-8.91840536496602e-05,-7.903047958279785e-07,-8.207763357859221e-07,2.6622888071869966e-07,0.0,0.0,5.0,0.2684297447348155,3.5762786865234375e-07,-5.364418029785156e-07,2.384185791015625e-07,9.5367431640625e-07,0.009688769467175007,8.088662410154939,False,False
887,17.740000000000002,-0.11095301061868668,0.15307866036891937,4.809445858001709,0.2890682816505432,-5.151913118339735e-09,-1.1387823128927721e-08,-1.045761905515974e-06,-2.28514545597136e-06,-8.923690620576963e-05,1.0129041356776725e-06,3.797090357693378e-07,3.235663825762458e-07,0.0,0.0,5.0,0.2684297447348155,0.0,1.3113021850585938e-06,2.384185791015625e-07,3.5762786865234375e-07,0.009688769467175007,8.098351179622114,False,False
888,17.76,-0.11095301061868668,0.15307866036891937,4.809445858001709,0.2890682816505432,-1.0299615382791671e-08,-4.248491780600716e-09,-1.0471030691405758e-06,-2.2842930320621235e-06,-8.911990880733356e-05,-2.989625045302091e-07,-8.944874707594863e-07,1.6353583021100349e-07,0.0,0.0,5.0,0.2684297447348155,2.384185791015625e-07,-4.172325134277344e-07,4.76837158203125e-07,7.152557373046875e-07,0.009688769467175007,8.108039949089289,False,False
889,17.78,-0.11095301061868668,0.15307866036891937,4.809445858001709,0.2890682816505432,-1.543102534640184e-08,-3.873403375820317e-09,-1.0501424867470632e-06,-2.2841472855361644e-06,-8.91204908839427e-05,3.3646955444055493e-07,3.813382249973074e-07,1.6941298497386015e-07,0.0,0.0,5.0,0.2684297447348155,2.384185791015625e-07,3.5762786865234375e-07,2.384185791015625e-07,1.1920928955078125e-07,0.009688769467175007,8.117728718556464,False,False
890,17.8,-0.11095301061868668,0.15307866036891937,4.809445858001709,0.2890682816505432,-1.0636520109130743e-08,-3.5297187395144647e-10,-1.05266349237354e-06,-2.28452722694783e-06,-8.914720820030198e-05,1.558115592104059e-08,9.812001167119888e-08,1.4618187549331196e-07,0.0,0.0,5.0,0.2684297447348155,3.5762786865234375e-07,1.1920928955078125e-07,4.76837158203125e-07,2.384185791015625e-07,0.009688769467175007,8.127417488023639,False,False
891,17.82,-0.11095301061868668,0.15307866036891937,4.809445858001709,0.2890682816505432,-8.492718528430032e-09,-2.3662666270851673e-10,-1.054508175002411e-06,-2.285020627823542e-06,-8.914779027691111e-05,-3.9454861600063396e-09,1.1626357832028589e-07,1.9560042119337595e-07,0.0,0.0,5.0,0.2684297447348155,2.384185791015625e-07,1.1920928955078125e-07,3.5762786865234375e-07,3.5762786865234375e-07,0.009688769467175007,8.137106257490814,False,False
892,17.84,-0.11095301061868668,0.15307866036891937,4.809445858001709,0.2890682816505432,-7.443625577030488e-11,-6.263616292301322e-10,-1.055620600709517e-06,-2.2852784695714945e-06,-8.914837235352024e-05,-3.50247688629679e-08,7.255779905790405e-07,1.9600469158831402e-07,0.0,0.0,5.0,0.2684297447348155,7.152557373046875e-07,1.1920928955078125e-07,2.384185791015625e-07,-5.960464477539063e-08,0.009688769467175007,8.146795026957989,False,False
893,17.86,-0.11095301061868668,0.15307866036891937,4.809445858001709,0.2890682816505432,8.591185540751667e-09,4.504994599585643e-09,-1.0547043984843185e-06,-2.2851415906188777e-06,-8.914895443012938e-05,5.481721245814697e-07,1.40997968856027e-07,2.454232230775233e-07,0.0,0.0,5.0,0.2684297447348155,2.384185791015625e-07,7.152557373046875e-07,3.5762786865234375e-07,2.384185791015625e-07,0.009688769467175007,8.156483796425164,False,False
894,17.88,-0.11095301061868668,0.15307866036891937,4.809445858001709,0.2890682816505432,8.578962429339754e-09,6.608988911693814e-09,-1.0526176765779383e-06,-2.2859289856569376e-06,-8.912340126698837e-05,-3.377695634299016e-07,-1.4222020183751738e-07,2.2219208517526567e-07,0.0,0.0,5.0,0.2684297447348155,4.76837158203125e-07,-1.1920928955078125e-07,2.384185791015625e-07,2.384185791015625e-07,0.009688769467175007,8.166172565892339,False,False
895,17.900000000000002,-0.11095301061868668,0.15307866036891937,4.809445858001709,0.2890682816505432,9.68299840309328e-09,9.829235203540065e-09,-1.050678406500083e-06,-2.286658627781435e-06,-8.921542757889256e-05,6.597997526114341e-07,2.526255968859914e-07,3.0793557925790083e-07,0.0,0.0,5.0,0.2684297447348155,2.384185791015625e-07,1.0728836059570312e-06,3.5762786865234375e-07,3.5762786865234375e-07,0.009688769467175007,8.175861335359514,False,False
896,17.92,-0.11095301061868668,0.15307866036891937,4.809445858001709,0.2890682816505432,8.020807129582863e-09,1.0659961802161888e-08,-1.0481033996256883e-06,-2.2883943984197685e-06,-8.909843018045649e-05,-5.767266202383325e-07,-4.1884734969244164e-07,2.0239234288510488e-07,0.0,0.0,5.0,0.2684297447348155,5.960464477539062e-07,-4.172325134277344e-07,3.5762786865234375e-07,4.76837158203125e-07,0.009688769467175007,8.185550104826689,False,False
897,17.94,-0.11095301061868668,0.15307866036891937,4.809445858001709,0.2890682816505432,3.47686368584732e-09,8.60894644461041e-09,-1.046628085532575e-06,-2.2896354039403377e-06,-8.907287701731548e-05,3.7161990462664107e-07,-3.555420136081011e-08,2.8150043362984434e-07,0.0,0.0,5.0,0.2684297447348155,1.1920928955078125e-07,5.960464477539062e-07,2.384185791015625e-07,2.384185791015625e-07,0.009688769467175007,8.195238874293864,False,False
898,17.96,-0.11095301061868668,0.15307866036891937,4.809445858001709,0.2890682816505432,-3.0799156558458662e-09,1.0195551070069087e-08,-1.0457592907187063e-06,-2.2914775854587788e-06,-8.907345909392461e-05,-2.129600176203894e-07,-6.201341875566868e-07,2.34052777159377e-07,0.0,0.0,5.0,0.2684297447348155,0.0,-5.960464477539063e-08,3.5762786865234375e-07,5.960464477539062e-07,0.009688769467175007,8.204927643761039,False,False
899,17.98,-0.11095301061868668,0.15307866036891937,4.809445858001709,0.2890682816505432,-6.491308823797226e-09,8.523690198103395e-09,-1.0463910484759253e-06,-2.293515308338101e-06,-8.90479059307836e-05,4.576977730152976e-08,2.78989432445087e-07,2.096592197631253e-07,0.0,0.0,5.0,0.2684297447348155,2.384185791015625e-07,2.384185791015625e-07,2.384185791015625e-07,2.384185791015625e-07,0.009688769467175007,8.214616413228214,False,False
900,18.0,-0.11095301061868668,0.15307866036891937,4.809445858001709,0.2890682816505432,-7.301761417721764e-10,9.243782628232111e-09,-1.0466472986081499e-06,-2.2954075120651396e-06,-8.910075848689303e-05,2.624312678278784e-08,2.9713294225075515e-07,2.1064465727249626e-07,0.0,0.0,5.0,0.2684297447348155,3.5762786865234375e-07,3.5762786865234375e-07,2.384185791015625e-07,1.1920928955078125e-07,0.009688769467175007,8.224305182695389,False,False
901,18.02,-0.11095301061868668,0.15307866036891937,4.809445858001709,0.2890682816505432,-6.333182867024334e-10,9.573372317106532e-09,-1.0460694284120109e-06,-2.2971639737079386e-06,-8.910134056350216e-05,6.7164869221869594e-09,-2.8744699420713005e-07,2.1163009478186723e-07,0.0,0.0,5.0,0.2684297447348155,2.384185791015625e-07,1.1920928955078125e-07,4.76837158203125e-07,2.384185791015625e-07,0.009688769467175007,8.233993952162564,False,False
902,18.04,-0.11095301061868668,0.15307866036891937,4.809445858001709,0.2890682816505432,-3.187164754336891e-09,6.49887876846833e-09,-1.0460075827722903e-06,-2.2989372610027203e-06,-8.912805787986144e-05,-3.141718991628295e-07,3.205832399544306e-08,2.3683207928115735e-07,0.0,0.0,5.0,0.2684297447348155,3.5762786865234375e-07,0.0,3.5762786865234375e-07,3.5762786865234375e-07,0.009688769467175007,8.243682721629739,False,False
903,18.06,-0.11095301061868668,0.15307866036891937,4.809445858001709,0.2890682816505432,5.334696018266527e-10,2.9183027105972315e-09,-1.046144916472258e-06,-2.2998970052867662e-06,-8.910250471672043e-05,-4.388939700561423e-08,3.4001098470071156e-07,2.614530103528523e-07,0.0,0.0,5.0,0.2684297447348155,3.5762786865234375e-07,3.5762786865234375e-07,2.384185791015625e-07,2.384185791015625e-07,0.009688769467175007,8.253371491096914,False,False
904,18.080000000000002,-0.11095301061868668,0.15307866036891937,4.809445858001709,0.2890682816505432,1.4878750453917178e-09,1.8452600558660492e-09,-1.0456469681230374e-06,-2.3002562556939665e-06,-8.910308679332957e-05,-6.34160457479993e-08,-2.445689233354642e-07,2.6243844786222326e-07,0.0,0.0,5.0,0.2684297447348155,1.1920928955078125e-07,1.1920928955078125e-07,3.5762786865234375e-07,3.5762786865234375e-07,0.009688769467175007,8.263060260564089,False,False
905,18.1,-0.11095301061868668,0.15307866036891937,4.809445858001709,0.2890682816505432,2.6896220806094107e-09,2.661653120128449e-10,-1.0453888990014093e-06,-2.3004261038295226e-06,-8.91036688699387e-05,-9.449529869698381e-08,3.647455173449998e-07,2.628427182571613e-07,0.0,0.0,5.0,0.2684297447348155,2.384185791015625e-07,2.384185791015625e-07,2.384185791015625e-07,2.384185791015625e-07,0.009688769467175007,8.272749030031264,False,False
906,18.12,-0.11095301061868668,0.15307866036891937,4.809445858001709,0.2890682816505432,1.0165849495535895e-08,-1.8190088324487874e-09,-1.0443078508615145e-06,-2.2999790871836012e-06,-8.915652142604813e-05,-1.1402192257037314e-07,3.8288902715066797e-07,2.638281557665323e-07,0.0,0.0,5.0,0.2684297447348155,3.5762786865234375e-07,3.5762786865234375e-07,1.1920928955078125e-07,1.1920928955078125e-07,0.009688769467175007,8.282437799498439,False,False
907,18.14,-0.11095301061868668,0.15307866036891937,4.809445858001709,0.2890682816505432,1.1977800973284047e-08,-4.2946832756740605e-09,-1.0422271543575334e-06,-2.298772869835375e-06,-8.915710350265726e-05,-1.3354855354918982e-07,-2.0169092351807194e-07,2.6481359327590326e-07,0.0,0.0,5.0,0.2684297447348155,2.384185791015625e-07,1.1920928955078125e-07,2.384185791015625e-07,2.384185791015625e-07,0.009688769467175007,8.292126568965614,False,False
908,18.16,-0.11095301061868668,0.15307866036891937,4.809445858001709,0.2890682816505432,8.125478956344523e-09,-7.160860793220536e-09,-1.0406055253042723e-06,-2.2971614725975087e-06,-8.920995605876669e-05,-1.5307517742257915e-07,-1.8354730002556607e-07,2.657990307852742e-07,0.0,0.0,5.0,0.2684297447348155,3.5762786865234375e-07,2.384185791015625e-07,2.384185791015625e-07,3.5762786865234375e-07,0.009688769467175007,8.301815338432789,False,False
909,18.18,-0.11095301061868668,0.15307866036891937,4.809445858001709,0.2890682816505432,4.520498197990719e-09,-4.505945394583932e-09,-1.0397641290182946e-06,-2.295491412951378e-06,-8.921053813537583e-05,4.18569101157118e-07,-1.769564050846384e-07,2.662033011802123e-07,0.0,0.0,5.0,0.2684297447348155,2.384185791015625e-07,7.152557373046875e-07,3.5762786865234375e-07,2.384185791015625e-07,0.009688769467175007,8.311504107899964,False,False
910,18.2,-0.11095301061868668,0.15307866036891937,4.809445858001709,0.2890682816505432,-1.8507112509169588e-09,-4.99394348096871e-09,-1.0395334584245575e-06,-2.294754267495591e-06,-8.918498497223482e-05,-4.673725868542533e-07,-4.6017464683245635e-07,2.429720780128264e-07,0.0,0.0,5.0,0.2684297447348155,4.76837158203125e-07,-2.384185791015625e-07,3.5762786865234375e-07,5.960464477539062e-07,0.009688769467175007,8.321192877367139,False,False
911,18.22,-0.11095301061868668,0.15307866036891937,4.809445858001709,0.2890682816505432,1.7039966104803739e-09,-1.2065093368818225e-09,-1.0402898169559194e-06,-2.293855004609213e-06,-8.919866377254948e-05,8.46123384690145e-07,8.156510489243374e-07,3.0636363135272404e-07,0.0,0.0,5.0,0.2684297447348155,3.5762786865234375e-07,1.0728836059570312e-06,2.384185791015625e-07,-1.1920928955078125e-07,0.009688769467175007,8.330881646834314,False,False
912,18.240000000000002,-0.11095301061868668,0.15307866036891937,4.809445858001709,0.2890682816505432,-4.868163649973667e-09,-1.1420624446145666e-09,-1.0397152436780743e-06,-2.2940091639611637e-06,-8.917311060940847e-05,-8.39681604247744e-07,-1.4728775568073615e-06,2.876125790862716e-07,0.0,0.0,5.0,0.2684297447348155,1.1920928955078125e-07,-4.76837158203125e-07,3.5762786865234375e-07,1.1920928955078125e-06,0.009688769467175007,8.340570416301489,False,False
913,18.26,-0.11095301061868668,0.15307866036891937,4.809445858001709,0.2890682816505432,-1.5046591528289355e-08,-5.060564856051997e-09,-1.0423409548820928e-06,-2.293772922712378e-06,-8.912142220651731e-05,4.478208097680181e-07,4.5501855083784903e-07,2.3769474921664369e-07,0.0,0.0,5.0,0.2684297447348155,1.1920928955078125e-07,4.76837158203125e-07,2.384185791015625e-07,1.1920928955078125e-07,0.009688769467175007,8.350259185768664,False,False
914,18.28,-0.11095301061868668,0.15307866036891937,4.809445858001709,0.2890682816505432,-8.778503257644843e-09,6.868512425484141e-10,-1.0446804026287282e-06,-2.2940550934436033e-06,-8.914813952287659e-05,1.2693240591943322e-07,1.7180030909003108e-07,2.144636397360955e-07,0.0,0.0,5.0,0.2684297447348155,2.384185791015625e-07,2.384185791015625e-07,2.384185791015625e-07,2.384185791015625e-07,0.009688769467175007,8.359947955235839,False,False
915,18.3,-0.11095301061868668,0.15307866036891937,4.809445858001709,0.2890682816505432,-5.161118643570717e-09,3.0301803288779183e-09,-1.0459416444064118e-06,-2.2947872366785305e-06,-8.920099207898602e-05,1.074057820460439e-07,1.8994393258253695e-07,2.1544907724546647e-07,0.0,0.0,5.0,0.2684297447348155,3.5762786865234375e-07,2.384185791015625e-07,2.384185791015625e-07,1.1920928955078125e-07,0.009688769467175007,8.369636724703014,False,False
916,18.32,-0.11095301061868668,0.15307866036891937,4.809445858001709,0.2890682816505432,-4.194436797888557e-09,7.996568740509247e-09,-1.0464802926435368e-06,-2.2959179659665097e-06,-8.92277093953453e-05,3.892409381478501e-07,-9.327423811100743e-08,2.406510759556113e-07,0.0,0.0,5.0,0.2684297447348155,2.384185791015625e-07,5.960464477539062e-07,4.76837158203125e-07,2.384185791015625e-07,0.009688769467175007,8.379325494170189,False,False
917,18.34,-0.11095301061868668,0.15307866036891937,4.809445858001709,0.2890682816505432,-8.892029335072493e-09,6.9220082998810994e-09,-1.047066234605154e-06,-2.2979304503678577e-06,-8.920215623220429e-05,-4.967006930201023e-07,-3.7649243722626125e-07,2.1741996647506312e-07,0.0,0.0,5.0,0.2684297447348155,4.76837158203125e-07,-1.7881393432617188e-07,3.5762786865234375e-07,5.960464477539062e-07,0.009688769467175007,8.389014263637364,False,False
918,18.36,-0.11095301061868668,0.15307866036891937,4.809445858001709,0.2890682816505432,-3.6637033407060926e-09,1.0122881199947642e-08,-1.0483570349606453e-06,-2.2995770905254176e-06,-8.921583503251895e-05,8.167953069460054e-07,8.993332585305325e-07,2.808115198149608e-07,0.0,0.0,5.0,0.2684297447348155,3.5762786865234375e-07,1.1920928955078125e-06,3.5762786865234375e-07,-2.384185791015625e-07,0.009688769467175007,8.398703033104539,False,False
919,18.38,-0.11095301061868668,0.15307866036891937,4.809445858001709,0.2890682816505432,-5.548676629274496e-09,6.963878362853393e-09,-1.0479203638169565e-06,-2.301890845046728e-06,-8.91641466296278e-05,-1.1327012998663122e-06,-1.0878336524910992e-06,2.862771282252652e-07,0.0,0.0,5.0,0.2684297447348155,4.76837158203125e-07,-5.960464477539062e-07,3.5762786865234375e-07,1.0728836059570312e-06,0.009688769467175007,8.408391802571714,False,False
920,18.400000000000002,-0.11095301061868668,0.15307866036891937,4.809445858001709,0.2890682816505432,-5.7661710961554036e-09,5.849044804051573e-09,-1.0494816251593875e-06,-2.302957454958232e-06,-8.913859346648678e-05,1.0212162351308507e-06,1.0660838825060637e-06,3.120360645425535e-07,0.0,0.0,5.0,0.2684297447348155,1.1920928955078125e-07,1.430511474609375e-06,2.384185791015625e-07,-2.980232238769531e-07,0.009688769467175007,8.418080572038889,False,False
921,18.42,-0.11095301061868668,0.15307866036891937,4.809445858001709,0.2890682816505432,-4.316184298858161e-09,6.4016854040005455e-09,-1.0493107538422919e-06,-2.304820554854814e-06,-8.913917554309592e-05,-9.65950675890781e-07,-9.210829716721491e-07,2.6906835159934417e-07,0.0,0.0,5.0,0.2684297447348155,3.5762786865234375e-07,-5.960464477539062e-07,2.384185791015625e-07,9.5367431640625e-07,0.009688769467175007,8.427769341506064,False,False
922,18.44,-0.11095301061868668,0.15307866036891937,4.809445858001709,0.2890682816505432,-1.0732888355846626e-08,5.114810353035182e-09,-1.0508598506930866e-06,-2.305870566488011e-06,-8.919202809920534e-05,8.3725825561487e-07,2.794023998831108e-07,3.2640585345689033e-07,0.0,0.0,5.0,0.2684297447348155,0.0,1.1920928955078125e-06,3.5762786865234375e-07,3.5762786865234375e-07,0.009688769467175007,8.437458110973239,False,False
923,18.46,-0.11095301061868668,0.15307866036891937,4.809445858001709,0.2890682816505432,-1.1859551563020432e-08,9.494649511054831e-09,-1.0522570619286853e-06,-2.3081408926373115e-06,-8.907503070076928e-05,-3.9926811723489664e-07,-3.9207054669532226e-07,2.2086261708409438e-07,0.0,0.0,5.0,0.2684297447348155,2.384185791015625e-07,-2.384185791015625e-07,3.5762786865234375e-07,4.76837158203125e-07,0.009688769467175007,8.447146880440414,False,False
924,18.48,-0.11095301061868668,0.15307866036891937,4.809445858001709,0.2890682816505432,-6.82725742606749e-09,8.732527589927486e-09,-1.0540244375079055e-06,-2.3102991235646186e-06,-8.914092177292332e-05,3.23057065543253e-07,8.953079486673232e-07,2.8483535174927965e-07,0.0,0.0,5.0,0.2684297447348155,4.76837158203125e-07,7.152557373046875e-07,2.384185791015625e-07,-1.1920928955078125e-07,0.009688769467175007,8.456835649907589,False,False
925,18.5,-0.11095301061868668,0.15307866036891937,4.809445858001709,0.2890682816505432,-5.025770466460244e-09,5.1163069336723765e-09,-1.0541709798417287e-06,-2.312144943061867e-06,-8.918067760532722e-05,-6.846838687124546e-07,-7.151564318519377e-07,3.235986980598682e-07,0.0,0.0,5.0,0.2684297447348155,1.1920928955078125e-07,-1.7881393432617188e-07,2.384185791015625e-07,9.5367431640625e-07,0.009688769467175007,8.466524419374764,False,False
926,18.52,-0.11095301061868668,0.15307866036891937,4.809445858001709,0.2890682816505432,-6.57061605124909e-09,4.180907176021265e-09,-1.055490770340839e-06,-2.3130724002839997e-06,-8.924656867748126e-05,5.911418270443392e-07,5.60669263904856e-07,3.355301316787518e-07,0.0,0.0,5.0,0.2684297447348155,3.5762786865234375e-07,1.0728836059570312e-06,3.5762786865234375e-07,1.1920928955078125e-07,0.009688769467175007,8.476213188841939,False,False
927,18.54,-0.11095301061868668,0.15307866036891937,4.809445858001709,0.2890682816505432,-7.98364663268103e-09,3.7540215380715836e-09,-1.0561172985035228e-06,-2.3144875740399584e-06,-8.91295712790452e-05,-6.338317461995757e-07,-7.01974556704954e-07,2.7900117061108176e-07,0.0,0.0,5.0,0.2684297447348155,1.1920928955078125e-07,-2.980232238769531e-07,3.5762786865234375e-07,8.344650268554688e-07,0.009688769467175007,8.485901958309114,False,False
928,18.56,-0.11095301061868668,0.15307866036891937,4.809445858001709,0.2890682816505432,-6.251288819925094e-09,1.1987593140361241e-09,-1.0579082072581514e-06,-2.315219944648561e-06,-8.916932711144909e-05,3.783024453696271e-07,8.752130611355824e-07,3.1817606327422254e-07,0.0,0.0,5.0,0.2684297447348155,3.5762786865234375e-07,8.344650268554688e-07,1.1920928955078125e-07,0.0,0.009688769467175007,8.495590727776289,False,False
929,18.580000000000002,-0.11095301061868668,0.15307866036891937,4.809445858001709,0.2890682816505432,2.393419906709937e-09,5.932514479667361e-09,-1.0578904721114668e-06,-2.315979145350866e-06,-8.914377394830808e-05,9.508424625437328e-08,-1.07285815786895e-08,2.9494484010683664e-07,0.0,0.0,5.0,0.2684297447348155,2.384185791015625e-07,4.76837158203125e-07,3.5762786865234375e-07,3.5762786865234375e-07,0.009688769467175007,8.505279497243464,False,False
930,18.6,-0.11095301061868668,0.15307866036891937,4.809445858001709,0.2890682816505432,5.258329327517686e-09,4.886494320288648e-09,-1.0569664254944655e-06,-2.316924110346008e-06,-8.911822078516707e-05,-1.9968655351476627e-07,2.9722409067289846e-07,2.7113244982501783e-07,0.0,0.0,5.0,0.2684297447348155,4.76837158203125e-07,2.384185791015625e-07,2.384185791015625e-07,2.384185791015625e-07,0.009688769467175007,8.514968266710639,False,False
931,18.62,-0.11095301061868668,0.15307866036891937,4.809445858001709,0.2890682816505432,8.37057978486655e-09,3.711117857463364e-09,-1.0554153959674295e-06,-2.317263124496094e-06,-8.914493810152635e-05,8.214855995447579e-08,1.4005914650283557e-08,2.9633454801114567e-07,0.0,0.0,5.0,0.2684297447348155,2.384185791015625e-07,4.76837158203125e-07,3.5762786865234375e-07,3.5762786865234375e-07,0.009688769467175007,8.524657036177814,False,False
932,18.64,-0.11095301061868668,0.15307866036891937,4.809445858001709,0.2890682816505432,1.1730171500801134e-08,2.4063857573253244e-09,-1.0534572538745124e-06,-2.317422740816255e-06,-8.911938493838534e-05,-2.1262223981466377e-07,3.2195856647376786e-07,2.7252215772932686e-07,0.0,0.0,5.0,0.2684297447348155,4.76837158203125e-07,2.384185791015625e-07,2.384185791015625e-07,1.1920928955078125e-07,0.009688769467175007,8.534345805644989,False,False
933,18.66,-0.11095301061868668,0.15307866036891937,4.809445858001709,0.2890682816505432,1.533710403123223e-08,9.722976868076216e-10,-1.050793571266695e-06,-2.3168997813627357e-06,-8.914610225474462e-05,6.921287365457829e-08,3.8740381569368765e-08,2.977242559154547e-07,0.0,0.0,5.0,0.2684297447348155,3.5762786865234375e-07,4.76837158203125e-07,3.5762786865234375e-07,2.384185791015625e-07,0.009688769467175007,8.544034575112164,False,False
934,18.68,-0.11095301061868668,0.15307866036891937,4.809445858001709,0.2890682816505432,1.3279762178797228e-08,-4.755951188428753e-10,-1.0479461707291193e-06,-2.316217660336406e-06,-8.912054909160361e-05,-2.140052970389661e-07,-2.4447780333503033e-07,3.2292635410158255e-07,0.0,0.0,5.0,0.2684297447348155,2.384185791015625e-07,2.384185791015625e-07,3.5762786865234375e-07,4.76837158203125e-07,0.009688769467175007,8.553723344579339,False,False
935,18.7,-0.11095301061868668,0.15307866036891937,4.809445858001709,0.2890682816505432,1.4483332755332867e-08,-5.066428609978857e-09,-1.045673684529902e-06,-2.3150441847974434e-06,-8.912113116821274e-05,-2.450845499879506e-07,3.648366373454337e-07,3.233306244965206e-07,0.0,0.0,5.0,0.2684297447348155,3.5762786865234375e-07,3.5762786865234375e-07,1.1920928955078125e-07,3.5762786865234375e-07,0.009688769467175007,8.563412114046514,False,False
936,18.72,-0.11095301061868668,0.15307866036891937,4.809445858001709,0.2890682816505432,1.8832288617431914e-08,-7.265280821400211e-09,-1.0428632322145859e-06,-2.3128834527597064e-06,-8.909557800507173e-05,2.5197937958409966e-08,7.006580915458471e-08,2.995182342147018e-07,0.0,0.0,5.0,0.2684297447348155,2.384185791015625e-07,3.5762786865234375e-07,2.384185791015625e-07,4.76837158203125e-07,0.009688769467175007,8.573100883513689,False,False
937,18.740000000000002,-0.11095301061868668,0.15307866036891937,4.809445858001709,0.2890682816505432,2.0299490088859784e-08,-7.0721224432190866e-09,-1.0396016705271904e-06,-2.3104539650375955e-06,-8.909616008168086e-05,-5.881344744551598e-09,7.665674672807654e-08,2.5148941062980157e-07,0.0,0.0,5.0,0.2684297447348155,3.5762786865234375e-07,1.1920928955078125e-07,3.5762786865234375e-07,2.384185791015625e-07,0.009688769467175007,8.582789652980864,False,False
938,18.76,-0.11095301061868668,0.15307866036891937,4.809445858001709,0.2890682816505432,2.2014033262962585e-08,-7.385018818695244e-09,-1.0360499800299294e-06,-2.3079289803717984e-06,-8.909674215829e-05,-2.5407985049241688e-08,9.480031337716355e-08,3.0090794211901084e-07,0.0,0.0,5.0,0.2684297447348155,2.384185791015625e-07,3.5762786865234375e-07,2.384185791015625e-07,3.5762786865234375e-07,0.009688769467175007,8.592478422448039,False,False
939,18.78,-0.11095301061868668,0.15307866036891937,4.809445858001709,0.2890682816505432,2.3975918139740315e-08,-8.203969059650262e-09,-1.0321808758817497e-06,-2.305203679497936e-06,-8.909732423489913e-05,-5.64872699726493e-08,1.0139125095065538e-07,2.528791185341106e-07,0.0,0.0,5.0,0.2684297447348155,3.5762786865234375e-07,1.1920928955078125e-07,2.384185791015625e-07,1.1920928955078125e-07,0.009688769467175007,8.602167191915214,False,False
940,18.8,-0.11095301061868668,0.15307866036891937,4.809445858001709,0.2890682816505432,2.3171573104718846e-08,-6.515386008487667e-09,-1.028094061439333e-06,-2.3023656012810534e-06,-8.912404155125841e-05,2.2534786126016115e-07,-1.81826919742889e-07,2.7808121672023844e-07,0.0,0.0,5.0,0.2684297447348155,2.384185791015625e-07,4.76837158203125e-07,3.5762786865234375e-07,2.384185791015625e-07,0.009688769467175007,8.611855961382389,False,False
941,18.82,-0.11095301061868668,0.15307866036891937,4.809445858001709,0.2890682816505432,1.971652530130541e-08,-7.854191075296058e-09,-1.0243697943224106e-06,-2.3000006876827683e-06,-8.912462362786755e-05,-3.592321036194335e-07,-1.6368329625038314e-07,2.790666542296094e-07,0.0,0.0,5.0,0.2684297447348155,4.76837158203125e-07,0.0,2.384185791015625e-07,3.5762786865234375e-07,0.009688769467175007,8.621544730849564,False,False
942,18.84,-0.11095301061868668,0.15307866036891937,4.809445858001709,0.2890682816505432,1.6508820976923744e-08,-9.322352667595624e-09,-1.021455432237417e-06,-2.2972028546064394e-06,-8.912520570447668e-05,2.1241217496026366e-07,-1.5709241552031017e-07,2.794709246245475e-07,0.0,0.0,5.0,0.2684297447348155,2.384185791015625e-07,4.76837158203125e-07,3.5762786865234375e-07,2.384185791015625e-07,0.009688769467175007,8.631233500316739,False,False
943,18.86,-0.11095301061868668,0.15307866036891937,4.809445858001709,0.2890682816505432,1.3548456578860169e-08,-1.0919873005832414e-08,-1.0191067758569261e-06,-2.2946492208575364e-06,-8.912578778108582e-05,-3.7216778991933097e-07,-1.389487920278043e-07,2.8045636213391845e-07,0.0,0.0,5.0,0.2684297447348155,4.76837158203125e-07,0.0,2.384185791015625e-07,3.5762786865234375e-07,0.009688769467175007,8.640922269783914,False,False
944,18.88,-0.11095301061868668,0.15307866036891937,4.809445858001709,0.2890682816505432,1.0835431218936264e-08,-1.2646748537292751e-08,-1.0174895805903361e-06,-2.291586497449316e-06,-8.912636985769495e-05,1.9947648866036616e-07,-1.3235791129773133e-07,2.808606325288565e-07,0.0,0.0,5.0,0.2684297447348155,2.384185791015625e-07,3.5762786865234375e-07,2.384185791015625e-07,3.5762786865234375e-07,0.009688769467175007,8.650611039251089,False,False
945,18.900000000000002,-0.11095301061868668,0.15307866036891937,4.809445858001709,0.2890682816505432,8.254223082815315e-09,-8.968055631441985e-09,-1.0162807484448422e-06,-2.2889785213919822e-06,-8.912695193430409e-05,1.6839723571138165e-07,-1.2576703056765837e-07,2.3283180894395628e-07,0.0,0.0,5.0,0.2684297447348155,2.384185791015625e-07,3.5762786865234375e-07,2.384185791015625e-07,3.5762786865234375e-07,0.009688769467175007,8.660299808718264,False,False
946,18.92,-0.11095301061868668,0.15307866036891937,4.809445858001709,0.2890682816505432,5.804830394140481e-09,-5.910938405406796e-09,-1.0153560197068145e-06,-2.2871520286571467e-06,-8.912753401091322e-05,1.3731798276239715e-07,-1.1917614273215804e-07,1.8480298535905604e-07,0.0,0.0,5.0,0.2684297447348155,2.384185791015625e-07,1.1920928955078125e-07,2.384185791015625e-07,1.1920928955078125e-07,0.009688769467175007,8.669988578185439,False,False
947,18.94,-0.11095301061868668,0.15307866036891937,4.809445858001709,0.2890682816505432,3.602777853828343e-09,-3.3598737125828393e-09,-1.01471755442617e-06,-2.2859874206915265e-06,-8.918038656702265e-05,1.1779135888900782e-07,-1.0103257608307104e-07,1.85788422868427e-07,0.0,0.0,5.0,0.2684297447348155,2.384185791015625e-07,3.5762786865234375e-07,2.384185791015625e-07,2.384185791015625e-07,0.009688769467175007,8.679677347652614,False,False
948,18.96,-0.11095301061868668,0.15307866036891937,4.809445858001709,0.2890682816505432,-1.2499786761210885e-09,-4.2128953658959745e-09,-1.014531335385982e-06,-2.2852755137137137e-06,-8.920710388338193e-05,-2.0309703074872232e-07,-3.842507965146069e-07,1.6255731338787882e-07,0.0,0.0,5.0,0.2684297447348155,5.960464477539062e-07,-5.960464477539063e-08,3.5762786865234375e-07,4.76837158203125e-07,0.009688769467175007,8.68936611711979,False,False
949,18.98,-0.11095301061868668,0.15307866036891937,4.809445858001709,0.2890682816505432,-8.86896511786972e-09,-2.55838483731452e-09,-1.015642965285224e-06,-2.2846998035674915e-06,-8.915541548049077e-05,3.685472336201201e-07,-3.7765991578453395e-07,2.113946777626552e-07,0.0,0.0,5.0,0.2684297447348155,1.1920928955078125e-07,3.5762786865234375e-07,3.5762786865234375e-07,4.76837158203125e-07,0.009688769467175007,8.699054886586964,False,False
950,19.0,-0.11095301061868668,0.15307866036891937,4.809445858001709,0.2890682816505432,-1.3342566163032643e-08,1.864804088924643e-09,-1.0177817557632807e-06,-2.2853071186546003e-06,-8.912986231734976e-05,7.377640542927111e-08,-6.970725507926545e-08,1.875824011676741e-07,0.0,0.0,5.0,0.2684297447348155,2.384185791015625e-07,2.384185791015625e-07,2.384185791015625e-07,2.384185791015625e-07,0.009688769467175007,8.70874365605414,False,False
951,19.02,-0.11095301061868668,0.15307866036891937,4.809445858001709,0.2890682816505432,-1.4555256555581764e-08,3.1450522186560192e-09,-1.0202591056440724e-06,-2.2865465325594414e-06,-8.918271487345919e-05,5.424976734502707e-08,-5.1563688430178445e-08,1.8856783867704507e-07,0.0,0.0,5.0,0.2684297447348155,2.384185791015625e-07,2.384185791015625e-07,2.384185791015625e-07,2.384185791015625e-07,0.009688769467175007,8.718432425521314,False,False
952,19.04,-0.11095301061868668,0.15307866036891937,4.809445858001709,0.2890682816505432,-1.5405081654762398e-08,4.034771627914324e-09,-1.0228724249827792e-06,-2.2880537926539546e-06,-8.923556742956862e-05,3.472311149721463e-08,-3.342012178109144e-08,1.8955327618641604e-07,0.0,0.0,5.0,0.2684297447348155,3.5762786865234375e-07,3.5762786865234375e-07,3.5762786865234375e-07,3.5762786865234375e-07,0.009688769467175007,8.72812119498849,False,False
953,19.06,-0.11095301061868668,0.15307866036891937,4.809445858001709,0.2890682816505432,-1.6007563274911263e-08,4.7951349557706635e-09,-1.0255774895995273e-06,-2.2897497728990857e-06,-8.918387902667746e-05,4.131404907070646e-08,-2.682918420759961e-08,1.899575465813541e-07,0.0,0.0,5.0,0.2684297447348155,2.384185791015625e-07,2.384185791015625e-07,3.5762786865234375e-07,2.384185791015625e-07,0.009688769467175007,8.737809964455664,False,False
954,19.080000000000002,-0.11095301061868668,0.15307866036891937,4.809445858001709,0.2890682816505432,-1.3349135130624745e-08,2.412556376896191e-09,-1.0282283255946822e-06,-2.2914143755770056e-06,-8.921059634303674e-05,-2.795743228034553e-07,2.926761339949735e-07,2.1515953108064423e-07,0.0,0.0,5.0,0.2684297447348155,4.76837158203125e-07,1.1920928955078125e-07,1.1920928955078125e-07,2.384185791015625e-07,0.009688769467175007,8.74749873392284,False,False
955,19.1,-0.11095301061868668,0.15307866036891937,4.809445858001709,0.2890682816505432,-1.0327841692969741e-08,-3.6054983998390355e-10,-1.0303615454176906e-06,-2.292199496878311e-06,-8.923731365939602e-05,2.2608026561954375e-09,9.4579579723586e-09,2.4036151557993435e-07,0.0,0.0,5.0,0.2684297447348155,3.5762786865234375e-07,3.5762786865234375e-07,3.5762786865234375e-07,3.5762786865234375e-07,0.009688769467175007,8.757187503390014,False,False
956,19.12,-0.11095301061868668,0.15307866036891937,4.809445858001709,0.2890682816505432,-1.0072776390757099e-08,-2.494271733599618e-10,-1.0323029755454627e-06,-2.2927106329007074e-06,-8.918562525650486e-05,8.851740673776476e-09,1.6048895545850428e-08,2.407657859748724e-07,0.0,0.0,5.0,0.2684297447348155,2.384185791015625e-07,3.5762786865234375e-07,3.5762786865234375e-07,3.5762786865234375e-07,0.009688769467175007,8.76687627285719,False,False
957,19.14,-0.11095301061868668,0.15307866036891937,4.809445858001709,0.2890682816505432,-6.672326247070259e-09,-3.0200737466401506e-09,-1.0340671678932267e-06,-2.293035095135565e-06,-8.916007209336385e-05,-2.8591907152986096e-07,3.2400154736933473e-07,2.1695350937989133e-07,0.0,0.0,5.0,0.2684297447348155,4.76837158203125e-07,0.0,2.384185791015625e-07,1.1920928955078125e-07,0.009688769467175007,8.776565042324364,False,False
958,19.16,-0.11095301061868668,0.15307866036891937,4.809445858001709,0.2890682816505432,-3.0245350668423043e-09,-5.9200768731670905e-09,-1.0352000572311226e-06,-2.292399585712701e-06,-8.918678940972313e-05,-4.0839460702102315e-09,4.0783362464935635e-08,2.421555223008909e-07,0.0,0.0,5.0,0.2684297447348155,3.5762786865234375e-07,1.1920928955078125e-07,3.5762786865234375e-07,2.384185791015625e-07,0.009688769467175007,8.78625381179154,False,False
959,19.18,-0.11095301061868668,0.15307866036891937,4.809445858001709,0.2890682816505432,-2.027447987273945e-09,-6.197022450749046e-09,-1.0360284932176e-06,-2.2914159671927337e-06,-8.918737148633227e-05,-2.3610587263078742e-08,5.892692911402264e-08,2.9157405379010015e-07,0.0,0.0,5.0,0.2684297447348155,3.5762786865234375e-07,3.5762786865234375e-07,3.5762786865234375e-07,3.5762786865234375e-07,0.009688769467175007,8.795942581258714,False,False
960,19.2,-0.11095301061868668,0.15307866036891937,4.809445858001709,0.2890682816505432,-7.830198711644698e-10,-6.603324553822176e-09,-1.0366665037508938e-06,-2.2902986529516056e-06,-8.913568308344111e-05,-1.7019649689586913e-08,6.551786668751447e-08,2.919783241850382e-07,0.0,0.0,5.0,0.2684297447348155,2.384185791015625e-07,2.384185791015625e-07,3.5762786865234375e-07,3.5762786865234375e-07,0.009688769467175007,8.80563135072589,False,False
961,19.22,-0.11095301061868668,0.15307866036891937,4.809445858001709,0.2890682816505432,6.620364700893333e-09,-7.254533862521839e-09,-1.036775074680918e-06,-2.28893122766749e-06,-8.913626516005024e-05,-4.809893283663769e-08,6.748322789462691e-07,2.923825945799763e-07,0.0,0.0,5.0,0.2684297447348155,5.960464477539062e-07,3.5762786865234375e-07,2.384185791015625e-07,-5.960464477539063e-08,0.009688769467175007,8.815320120193064,False,False
962,19.240000000000002,-0.11095301061868668,0.15307866036891937,4.809445858001709,0.2890682816505432,1.1257520249330355e-08,-5.398208546836258e-09,-1.0352613344366546e-06,-2.2870676730235573e-06,-8.911071199690923e-05,2.3373618773803173e-07,-2.111093948542475e-07,3.175846927661041e-07,0.0,0.0,5.0,0.2684297447348155,1.1920928955078125e-07,5.960464477539062e-07,2.384185791015625e-07,4.76837158203125e-07,0.009688769467175007,8.82500888966024,False,False
963,19.26,-0.11095301061868668,0.15307866036891937,4.809445858001709,0.2890682816505432,4.087736371616302e-09,-3.671186910025881e-09,-1.0338758329453412e-06,-2.2858043848827947e-06,-8.908515883376822e-05,-6.103461203110783e-08,-5.058802230450965e-07,2.45339208504447e-07,0.0,0.0,5.0,0.2684297447348155,1.1920928955078125e-07,0.0,2.384185791015625e-07,7.152557373046875e-07,0.009688769467175007,8.834697659127414,False,False
964,19.28,-0.11095301061868668,0.15307866036891937,4.809445858001709,0.2890682816505432,-5.218397242101602e-11,7.089880904587176e-10,-1.0337819276173832e-06,-2.2852293568575988e-06,-8.908574091037735e-05,4.990569095753017e-07,9.188158855977235e-08,1.9672911832913087e-07,0.0,0.0,5.0,0.2684297447348155,1.1920928955078125e-07,3.5762786865234375e-07,2.384185791015625e-07,1.1920928955078125e-07,0.009688769467175007,8.84438642859459,False,False
965,19.3,-0.11095301061868668,0.15307866036891937,4.809445858001709,0.2890682816505432,-1.0467180455719927e-09,7.48114281634571e-09,-1.0335513707104838e-06,-2.286019935127115e-06,-8.911245822673663e-05,1.7816850572671683e-07,-1.9133658213377203e-07,1.7349800884858269e-07,0.0,0.0,5.0,0.2684297447348155,2.384185791015625e-07,2.384185791015625e-07,3.5762786865234375e-07,1.1920928955078125e-07,0.009688769467175007,8.854075198061764,False,False
966,19.32,-0.11095301061868668,0.15307866036891937,4.809445858001709,0.2890682816505432,-1.6783862077929257e-09,7.835627258145905e-09,-1.033442231346271e-06,-2.2876581624586834e-06,-8.913917554309592e-05,-1.427198839110133e-07,1.2816877870136523e-07,1.986999933478728e-07,0.0,0.0,5.0,0.2684297447348155,4.76837158203125e-07,1.1920928955078125e-07,3.5762786865234375e-07,2.384185791015625e-07,0.009688769467175007,8.86376396752894,False,False
967,19.34,-0.11095301061868668,0.15307866036891937,4.809445858001709,0.2890682816505432,1.0663820937395485e-09,4.785996932099579e-09,-1.0331722251066822e-06,-2.2889155388838844e-06,-8.913975761970505e-05,-1.6224650778440264e-07,1.463124021938711e-07,2.481185390479368e-07,0.0,0.0,5.0,0.2684297447348155,3.5762786865234375e-07,2.384185791015625e-07,2.384185791015625e-07,2.384185791015625e-07,0.009688769467175007,8.873452736996114,False,False
968,19.36,-0.11095301061868668,0.15307866036891937,4.809445858001709,0.2890682816505432,1.1604470717685444e-09,4.359423932953632e-09,-1.0326452866138425e-06,-2.28960584536253e-06,-8.916647493606433e-05,1.1958857726313e-07,-1.3690576849967329e-07,2.7332063723406463e-07,0.0,0.0,5.0,0.2684297447348155,2.384185791015625e-07,4.76837158203125e-07,3.5762786865234375e-07,3.5762786865234375e-07,0.009688769467175007,8.88314150646329,False,False
969,19.38,-0.11095301061868668,0.15307866036891937,4.809445858001709,0.2890682816505432,1.5018527532717485e-09,3.80349485240572e-09,-1.032236696119071e-06,-2.2904257548361784e-06,-8.914092177292332e-05,-1.7518222250600957e-07,1.7104689220559521e-07,2.4950824695224583e-07,0.0,0.0,5.0,0.2684297447348155,3.5762786865234375e-07,2.384185791015625e-07,1.1920928955078125e-07,2.384185791015625e-07,0.009688769467175007,8.892830275930464,False,False
970,19.400000000000002,-0.11095301061868668,0.15307866036891937,4.809445858001709,0.2890682816505432,2.090599693360673e-09,3.118209468411237e-09,-1.0316484804206993e-06,-2.290873453603126e-06,-8.91676390892826e-05,1.0665286964695042e-07,-1.1217127848794917e-07,2.7471034513837367e-07,0.0,0.0,5.0,0.2684297447348155,2.384185791015625e-07,5.960464477539062e-07,2.384185791015625e-07,3.5762786865234375e-07,0.009688769467175007,8.90251904539764,False,False
971,19.42,-0.11095301061868668,0.15307866036891937,4.809445858001709,0.2890682816505432,-3.1004518952215676e-09,2.30359420427817e-09,-1.0314100791219971e-06,-2.2914666715223575e-06,-8.914208592614159e-05,-1.881179372276165e-07,-4.0694212088965287e-07,2.0246486087671656e-07,0.0,0.0,5.0,0.2684297447348155,3.5762786865234375e-07,0.0,3.5762786865234375e-07,4.76837158203125e-07,0.009688769467175007,8.912207814864814,False,False
972,19.44,-0.11095301061868668,0.15307866036891937,4.809445858001709,0.2890682816505432,-8.159687148179273e-09,1.244099268049581e-09,-1.032426212077553e-06,-2.2920544324733783e-06,-8.911653276300058e-05,8.216453295517567e-08,-9.898946018438437e-08,2.2708567826157378e-07,0.0,0.0,5.0,0.2684297447348155,2.384185791015625e-07,1.1920928955078125e-07,2.384185791015625e-07,2.384185791015625e-07,0.009688769467175007,8.92189658433199,False,False
973,19.46,-0.11095301061868668,0.15307866036891937,4.809445858001709,0.2890682816505432,-9.958011304433967e-09,2.6921103124522006e-09,-1.0340074823034229e-06,-2.2929157239559572e-06,-8.916938531911e-05,6.263790908178635e-08,-8.084589353529736e-08,2.2807111577094474e-07,0.0,0.0,5.0,0.2684297447348155,1.1920928955078125e-07,2.384185791015625e-07,2.384185791015625e-07,2.384185791015625e-07,0.009688769467175007,8.931585353799164,False,False
974,19.48,-0.11095301061868668,0.15307866036891937,4.809445858001709,0.2890682816505432,-1.1393471055498594e-08,3.749592636381749e-09,-1.035825562212267e-06,-2.2941089810046833e-06,-8.922223787521943e-05,4.311125678668759e-08,-6.270232688621036e-08,2.290565532803157e-07,0.0,0.0,5.0,0.2684297447348155,2.384185791015625e-07,3.5762786865234375e-07,3.5762786865234375e-07,3.5762786865234375e-07,0.009688769467175007,8.94127412326634,False,False
975,19.5,-0.11095301061868668,0.15307866036891937,4.809445858001709,0.2890682816505432,-9.568021042127839e-09,1.6641326094912756e-09,-1.0377273156336742e-06,-2.2953545339987613e-06,-8.919668471207842e-05,-2.5165954298245197e-07,2.4525033381905814e-07,2.0524427668533463e-07,0.0,0.0,5.0,0.2684297447348155,5.960464477539062e-07,0.0,2.384185791015625e-07,3.5762786865234375e-07,0.009688769467175007,8.950962892733514,False,False
976,19.52,-0.11095301061868668,0.15307866036891937,4.809445858001709,0.2890682816505432,-7.61075291677571e-09,5.360937471721172e-09,-1.0391711384727387e-06,-2.2961626200412866e-06,-8.917113154893741e-05,6.213463734638935e-07,-4.952046239736774e-08,2.2986509407019184e-07,0.0,0.0,5.0,0.2684297447348155,1.1920928955078125e-07,7.152557373046875e-07,3.5762786865234375e-07,2.384185791015625e-07,0.009688769467175007,8.96065166220069,False,False
977,19.54,-0.11095301061868668,0.15307866036891937,4.809445858001709,0.2890682816505432,-1.1433283653161652e-08,8.92841178767867e-09,-1.0403610986031708e-06,-2.2982305836194428e-06,-8.91455783857964e-05,-2.645952861257683e-07,-3.327386650653352e-07,2.0663398458964366e-07,0.0,0.0,5.0,0.2684297447348155,3.5762786865234375e-07,-5.960464477539063e-08,4.76837158203125e-07,4.76837158203125e-07,0.009688769467175007,8.970340431667864,False,False
978,19.56,-0.11095301061868668,0.15307866036891937,4.809445858001709,0.2890682816505432,-1.5008474463229504e-08,6.339387681464359e-09,-1.042489088831644e-06,-2.300368805663311e-06,-8.912002522265539e-05,5.687209370108803e-09,-2.4786004360066727e-08,2.3125480197450088e-07,0.0,0.0,5.0,0.2684297447348155,1.1920928955078125e-07,2.384185791015625e-07,2.384185791015625e-07,2.384185791015625e-07,0.009688769467175007,8.98002920113504,False,False
979,19.580000000000002,-0.11095301061868668,0.15307866036891937,4.809445858001709,0.2890682816505432,-1.5322752844326715e-08,6.257867557479813e-09,-1.044988835019467e-06,-2.3024092570267385e-06,-8.917287777876481e-05,-1.3839432710938127e-08,-6.642432381909202e-09,2.3224023948387185e-07,0.0,0.0,5.0,0.2684297447348155,2.384185791015625e-07,2.384185791015625e-07,3.5762786865234375e-07,3.5762786865234375e-07,0.009688769467175007,8.989717970602214,False,False
980,19.6,-0.11095301061868668,0.15307866036891937,4.809445858001709,0.2890682816505432,-9.362551622871251e-09,5.6702673667530235e-09,-1.0472297162777977e-06,-2.3043144210532773e-06,-8.917345985537395e-05,-4.491871763434574e-08,6.026719461260654e-07,2.326445098788099e-07,0.0,0.0,5.0,0.2684297447348155,4.76837158203125e-07,3.5762786865234375e-07,3.5762786865234375e-07,-5.960464477539063e-08,0.009688769467175007,8.99940674006939,False,False
981,19.62,-0.11095301061868668,0.15307866036891937,4.809445858001709,0.2890682816505432,-1.4143941573507846e-10,1.939727267696867e-09,-1.0478925105417147e-06,-2.305433099536458e-06,-8.914790669223294e-05,-3.281369060914585e-07,3.1945376122166635e-07,2.578465796432283e-07,0.0,0.0,5.0,0.2684297447348155,4.76837158203125e-07,3.5762786865234375e-07,1.1920928955078125e-07,2.384185791015625e-07,0.009688769467175007,9.009095509536564,False,False
982,19.64,-0.11095301061868668,0.15307866036891937,4.809445858001709,0.2890682816505432,4.0182773775043756e-10,-4.818176968512944e-09,-1.0477491514393478e-06,-2.305188445461681e-06,-8.914848876884207e-05,-3.4766352996484784e-07,-2.6512617523621884e-07,2.588320171525993e-07,0.0,0.0,5.0,0.2684297447348155,3.5762786865234375e-07,1.1920928955078125e-07,3.5762786865234375e-07,4.76837158203125e-07,0.009688769467175007,9.01878427900374,False,False
983,19.66,-0.11095301061868668,0.15307866036891937,4.809445858001709,0.2890682816505432,-1.8211343544294323e-09,-9.068548578738955e-09,-1.048349759003031e-06,-2.3039096959109884e-06,-8.912293560570106e-05,-7.738101714949153e-08,4.282648546904966e-08,2.8345294822429423e-07,0.0,0.0,5.0,0.2684297447348155,3.5762786865234375e-07,2.384185791015625e-07,3.5762786865234375e-07,4.76837158203125e-07,0.009688769467175007,9.028473048470914,False,False
984,19.68,-0.11095301061868668,0.15307866036891937,4.809445858001709,0.2890682816505432,2.114859620760967e-09,-7.913380173363294e-09,-1.0489671922186972e-06,-2.3022496407065773e-06,-8.909738244256005e-05,1.9290146724415536e-07,3.5077914617431816e-07,3.0807387929598917e-07,0.0,0.0,5.0,0.2684297447348155,1.1920928955078125e-07,5.960464477539062e-07,1.1920928955078125e-07,2.384185791015625e-07,0.009688769467175007,9.03816181793809,False,False
985,19.7,-0.11095301061868668,0.15307866036891937,4.809445858001709,0.2890682816505432,3.2846250164197954e-09,-9.901125253009013e-09,-1.048730382535723e-06,-2.300577534697368e-06,-8.909796451916918e-05,-3.9167849763543927e-07,-2.3380080449442175e-07,2.6062622282552184e-07,0.0,0.0,5.0,0.2684297447348155,4.76837158203125e-07,-5.960464477539063e-08,2.384185791015625e-07,4.76837158203125e-07,0.009688769467175007,9.047850587405264,False,False
986,19.72,-0.11095301061868668,0.15307866036891937,4.809445858001709,0.2890682816505432,-1.3254095598824733e-09,-1.2018199768704108e-08,-1.0491521607036702e-06,-2.2982944756222423e-06,-8.909854659577832e-05,1.7996578094425786e-07,-2.272099237643488e-07,2.610304932204599e-07,0.0,0.0,5.0,0.2684297447348155,1.1920928955078125e-07,3.5762786865234375e-07,3.5762786865234375e-07,3.5762786865234375e-07,0.009688769467175007,9.05753935687244,False,False
987,19.740000000000002,-0.11095301061868668,0.15307866036891937,4.809445858001709,0.2890682816505432,-2.7900584065321254e-09,-1.1366595664696888e-08,-1.0502460554562276e-06,-2.296316779393237e-06,-8.90729934326373e-05,-1.148050188248817e-07,8.074273694091971e-08,2.372181171494958e-07,0.0,0.0,5.0,0.2684297447348155,2.384185791015625e-07,0.0,2.384185791015625e-07,3.5762786865234375e-07,0.009688769467175007,9.067228126339614,False,False
988,19.76,-0.11095301061868668,0.15307866036891937,4.809445858001709,0.2890682816505432,1.9042483145881306e-09,-1.095989965449462e-08,-1.0511303116800264e-06,-2.294198566232808e-06,-8.909971074899659e-05,1.5547746556876518e-07,3.886953834353335e-07,2.1340584055451473e-07,0.0,0.0,5.0,0.2684297447348155,2.384185791015625e-07,2.384185791015625e-07,2.384185791015625e-07,1.1920928955078125e-07,0.009688769467175007,9.07691689580679,False,False
989,19.78,-0.11095301061868668,0.15307866036891937,4.809445858001709,0.2890682816505432,9.859465244232979e-09,-8.0456956652597e-09,-1.0506631724638282e-06,-2.2920837636775104e-06,-8.915256330510601e-05,1.3595084169537586e-07,4.0683889324100164e-07,2.143912780638857e-07,0.0,0.0,5.0,0.2684297447348155,3.5762786865234375e-07,3.5762786865234375e-07,1.1920928955078125e-07,0.0,0.009688769467175007,9.086605665273964,False,False
990,19.8,-0.11095301061868668,0.15307866036891937,4.809445858001709,0.2890682816505432,1.215040690283331e-08,-5.521993529100655e-09,-1.0488265616004355e-06,-2.2901231204741634e-06,-8.915314538171515e-05,1.1642421782198653e-07,-1.7774104321688355e-07,2.1537671557325666e-07,0.0,0.0,5.0,0.2684297447348155,3.5762786865234375e-07,2.384185791015625e-07,2.384185791015625e-07,2.384185791015625e-07,0.009688769467175007,9.09629443474114,False,False
991,19.82,-0.11095301061868668,0.15307866036891937,4.809445858001709,0.2890682816505432,5.763504340450254e-09,-3.7520717088845856e-10,-1.0471884479557048e-06,-2.2888721105118748e-06,-8.917986269807443e-05,3.9825937392379274e-07,-4.609592849647015e-07,2.405787142834015e-07,0.0,0.0,5.0,0.2684297447348155,1.1920928955078125e-07,3.5762786865234375e-07,4.76837158203125e-07,3.5762786865234375e-07,0.009688769467175007,9.105983204208314,False,False
992,19.84,-0.11095301061868668,0.15307866036891937,4.809445858001709,0.2890682816505432,-3.7605760172532143e-10,4.642223494499831e-09,-1.046575789587223e-06,-2.2891617845743895e-06,-8.915430953493342e-05,1.0348853152208903e-07,-1.53006624259433e-07,2.167664376884204e-07,0.0,0.0,5.0,0.2684297447348155,2.384185791015625e-07,3.5762786865234375e-07,3.5762786865234375e-07,2.384185791015625e-07,0.009688769467175007,9.11567197367549,False,False
993,19.86,-0.11095301061868668,0.15307866036891937,4.809445858001709,0.2890682816505432,-3.254708502709036e-09,8.662647821289227e-10,-1.0466679896126152e-06,-2.2899973828316433e-06,-8.915489161154255e-05,-4.810914333575056e-07,-1.3486300076692714e-07,2.1775187519779138e-07,0.0,0.0,5.0,0.2684297447348155,4.76837158203125e-07,-2.384185791015625e-07,3.5762786865234375e-07,3.5762786865234375e-07,0.009688769467175007,9.125360743142664,False,False
994,19.88,-0.11095301061868668,0.15307866036891937,4.809445858001709,0.2890682816505432,3.908085410841977e-09,1.4812628901239577e-09,-1.0470255347172497e-06,-2.289992607984459e-06,-8.919464744394645e-05,5.425954441307113e-07,8.511537998856511e-07,3.059412279071694e-07,0.0,0.0,5.0,0.2684297447348155,3.5762786865234375e-07,1.0728836059570312e-06,2.384185791015625e-07,-5.960464477539063e-08,0.009688769467175007,9.13504951260984,False,False
995,19.900000000000002,-0.11095301061868668,0.15307866036891937,4.809445858001709,0.2890682816505432,5.291082683100967e-09,2.7203250763108144e-09,-1.0454929224579246e-06,-2.2902738692209823e-06,-8.910378528526053e-05,-4.1868665334732214e-07,-7.128517154342262e-07,2.2519579090385378e-07,0.0,0.0,5.0,0.2684297447348155,1.1920928955078125e-07,-2.980232238769531e-07,2.384185791015625e-07,7.152557373046875e-07,0.009688769467175007,9.144738282077014,False,False
996,19.92,-0.11095301061868668,0.15307866036891937,4.809445858001709,0.2890682816505432,3.79232911740246e-09,7.104789645495657e-09,-1.04487241969764e-06,-2.2906106096343137e-06,-8.916967635741457e-05,8.57139070831181e-07,5.629739803225675e-07,2.3712711083589966e-07,0.0,0.0,5.0,0.2684297447348155,2.384185791015625e-07,1.0728836059570312e-06,3.5762786865234375e-07,-2.980232238769531e-07,0.009688769467175007,9.15442705154419,False,False
997,19.94,-0.11095301061868668,0.15307866036891937,4.809445858001709,0.2890682816505432,-1.8061531159574429e-09,1.7390932027794292e-09,-1.0436270940772374e-06,-2.2919698494661134e-06,-8.914412319427356e-05,-1.3937194580648793e-06,-1.1228308949284838e-06,2.183760585694472e-07,0.0,0.0,5.0,0.2684297447348155,5.960464477539062e-07,-1.0728836059570312e-06,2.384185791015625e-07,1.0728836059570312e-06,0.009688769467175007,9.164115821011364,False,False
998,19.96,-0.11095301061868668,0.15307866036891937,4.809445858001709,0.2890682816505432,-5.737149422202492e-09,4.444711265705337e-09,-1.0449788305777474e-06,-2.291943019372411e-06,-8.91447052708827e-05,1.6642835589664173e-06,7.297249453586119e-07,2.6835164135263767e-07,0.0,0.0,5.0,0.2684297447348155,-1.1920928955078125e-07,1.6689300537109375e-06,3.5762786865234375e-07,-3.5762786865234375e-07,0.009688769467175007,9.17380459047854,False,False
999,19.98,-0.11095301061868668,0.15307866036891937,4.809445858001709,0.2890682816505432,-2.8713225130871933e-09,5.659805069058166e-09,-1.044887540047057e-06,-2.294011437697918e-06,-8.910611359169707e-05,-1.5427709740833961e-06,-4.4313770786175155e-07,1.0660173188625777e-07,0.0,0.0,5.0,0.2684297447348155,1.0728836059570312e-06,-1.1920928955078125e-06,3.5762786865234375e-07,5.960464477539062e-07,0.009688769467175007,9.183493359945714,False,True
