step,time,pos_x,pos_y,pos_z,euler_z,euler_y,euler_x,vel_x,vel_y,vel_z,omega_x,omega_y,omega_z,target_x,target_y,target_z,target_dist,action_0,action_1,action_2,action_3,reward,cumulative_reward,terminated,truncated
0,0.0,0.8781673908233643,-0.7574008703231812,4.474255084991455,2.9855432510375977,3.0378692150115967,-3.108471632003784,-0.649166464805603,0.9660124778747559,0.876379132270813,0.0,0.0,0.0,0.0,0.0,5.0,1.2732799222202358,0.4279043674468994,-0.9961739182472229,-0.9627099633216858,0.34623730182647705,-0.04993955045938492,-0.04993955045938492,False,False
1,0.02,0.8653520941734314,-0.7381699085235596,4.491550922393799,2.985581636428833,3.038760185241699,-3.089163064956665,-0.6324586868286133,0.9566201567649841,0.8531615734100342,1.9304684400558472,-0.08880867063999176,0.007603645324707031,0.0,0.0,5.0,1.2458930633319298,0.5159721374511719,-0.9676634669303894,-0.7507166266441345,-0.8489755392074585,-0.050721146166324615,-0.10066069662570953,False,False
2,0.04,0.8527918457984924,-0.7191164493560791,4.507641315460205,2.985618829727173,3.051626443862915,-3.039491891860962,-0.623870313167572,0.9479773640632629,0.7558706402778625,3.0364482402801514,-1.1926889419555664,0.10219600051641464,0.0,0.0,5.0,1.219343870381383,0.15455985069274902,-0.806806743144989,-0.17740678787231445,-0.931337296962738,-0.05072249099612236,-0.1513831876218319,False,False
3,0.06,0.8403747081756592,-0.7002816796302795,4.521745204925537,2.984851360321045,3.0791945457458496,-2.9751880168914795,-0.6184350252151489,0.9345780611038208,0.6544134020805359,3.399945020675659,-1.5485947132110596,0.19317413866519928,0.0,0.0,5.0,1.1938809530178653,-0.013447761535644531,-0.5828781127929688,0.0008870363235473633,-0.9318808317184448,-0.050092026591300964,-0.20147521421313286,False,False
4,0.08,0.8280287981033325,-0.6817740797996521,4.533822059631348,2.9834225177764893,3.1102678775787354,-2.9073731899261475,-0.6168143153190613,0.9152156114578247,0.5530898571014404,3.388427972793579,-1.5239794254302979,0.2851099371910095,0.0,0.0,5.0,1.1695167627962715,-0.1193230152130127,-0.4586395025253296,-0.02454143762588501,-0.9094061255455017,-0.04931700974702835,-0.2507922239601612,False,False
5,0.1,0.8156771063804626,-0.6636901497840881,4.543774604797363,2.981783151626587,3.1407039165496826,-2.841059923171997,-0.618934154510498,0.8923383951187134,0.4418638348579407,3.2456300258636475,-1.4539551734924316,0.3609697222709656,0.0,0.0,5.0,1.1462789224361722,-0.18858247995376587,-0.3994678258895874,-0.08759820461273193,-0.8623935580253601,-0.047831375151872635,-0.29862359911203384,False,False
6,0.12,0.8032525181770325,-0.6460920572280884,4.551418304443359,2.979715347290039,-3.1125786304473877,-2.7782480716705322,-0.6240233182907104,0.8667483329772949,0.3221912086009979,3.0326273441314697,-1.4398725032806396,0.419001042842865,0.0,0.0,5.0,1.1242219940738742,-0.07165753841400146,-0.9907032251358032,0.786737322807312,-0.070778489112854,-0.0460764616727829,-0.34470006078481674,False,False
7,0.14,0.7905780673027039,-0.6295145750045776,4.557852745056152,2.9830918312072754,-3.0953311920166016,-2.7223684787750244,-0.6442369222640991,0.7892982363700867,0.3204902112483978,2.56937575340271,-0.023946138098835945,0.5387212038040161,0.0,0.0,5.0,1.1030849811767234,0.09500408172607422,-0.9886975288391113,0.6113617420196533,-0.4440643787384033,-0.04527899622917175,-0.3899790570139885,False,False
8,0.16,0.7775084972381592,-0.6144330501556396,4.563868522644043,2.996798515319824,-3.0953586101531982,-2.6766483783721924,-0.6627331376075745,0.7176382541656494,0.28051233291625977,2.066274642944336,0.6145570874214172,0.6923848390579224,0.0,0.0,5.0,1.082708687478674,0.054586052894592285,-0.976982057094574,0.35059642791748047,-0.3413827419281006,-0.04518084600567818,-0.43515990301966667,False,False
9,0.18,0.764096200466156,-0.6007677316665649,4.568878173828125,3.0182297229766846,-3.10374116897583,-2.6377906799316406,-0.6781792044639587,0.647955060005188,0.2200925201177597,1.909466028213501,1.1258043050765991,0.8084465265274048,0.0,0.0,5.0,1.0633112902534132,-0.07084435224533081,-0.9460332989692688,0.31493163108825684,-0.33570051193237305,-0.04547538235783577,-0.48063528537750244,False,False
10,0.2,0.7504135370254517,-0.5884782075881958,4.5725202560424805,3.0474464893341064,-3.1200196743011475,-2.603013753890991,-0.6895332336425781,0.5802270174026489,0.1437661498785019,1.6547386646270752,1.7413345575332642,0.9089804887771606,0.0,0.0,5.0,1.0450674661720414,-0.12228864431381226,-0.8932443857192993,0.30697333812713623,-0.34021902084350586,-0.04615755379199982,-0.5267928391695023,False,False
11,0.22,0.7365478873252869,-0.577555775642395,4.574560165405273,3.085519790649414,3.1380414962768555,-2.573408842086792,-0.6961997151374817,0.5113920569419861,0.05985669419169426,1.339451551437378,2.3981735706329346,1.0044046640396118,0.0,0.0,5.0,1.0281403197818964,-0.144847571849823,0.29945671558380127,-0.7999841570854187,-0.9319958090782166,-0.044995974749326706,-0.571788813918829,False,False
12,0.24,0.72260582447052,-0.5679436326026917,4.574746131896973,3.121415138244629,3.119082450866699,-2.551163911819458,-0.6973379254341125,0.4494495987892151,-0.041531458497047424,0.8365338444709778,1.153727412223816,0.9630376100540161,0.0,0.0,5.0,1.0126993629450194,-0.2109891176223755,0.15443992614746094,-0.5876199007034302,-0.6368640065193176,0.006746385246515274,-0.5650424286723137,False,False
13,0.26,0.7086704969406128,-0.5594733357429504,4.572720050811768,0.0027007132302969694,0.022524818778038025,0.6036440134048462,-0.6959848403930664,0.3974149525165558,-0.1612052321434021,0.4321027100086212,0.1338173896074295,0.9290143251419067,0.0,0.0,5.0,0.9988956109722866,-0.9924864172935486,0.9381730556488037,0.23845887184143066,-0.38124537467956543,0.006103335879743099,-0.5589390927925706,False,False
14,0.28,0.6947958469390869,-0.5528021454811096,4.569388389587402,0.015335828065872192,0.009412754327058792,0.5901223421096802,-0.691591739654541,0.27003902196884155,-0.17177051305770874,-1.805324912071228,-0.504976212978363,0.8528105020523071,0.0,0.0,5.0,0.9867916902743211,-0.9844725728034973,0.5701823234558105,0.14152872562408447,0.6942944526672363,0.005883414298295975,-0.5530556784942746,False,False
15,0.3,0.6810053586959839,-0.5489620566368103,4.566376686096191,0.027317041531205177,-0.0005941683193668723,0.5484387874603271,-0.6876178979873657,0.11558355391025543,-0.1284155696630478,-2.367377519607544,0.31019356846809387,0.7017055749893188,0.0,0.0,5.0,0.9762975041248867,-0.8842822313308716,0.43259739875793457,0.009088277816772461,0.3661755323410034,0.005344336852431297,-0.5477113416418433,False,False
16,0.32,0.6672884225845337,-0.5478032827377319,4.56379508972168,0.04380088299512863,0.002395999850705266,0.4947967529296875,-0.6837514638900757,0.0019931255374103785,-0.12884125113487244,-2.9974074363708496,0.7728115320205688,0.5816289186477661,0.0,0.0,5.0,0.9672833086766814,-0.5430673956871033,0.3946244716644287,-0.05842310190200806,0.28810667991638184,0.004653519485145807,-0.5430578221566975,False,False
17,0.34,0.6536694765090942,-0.5487197041511536,4.561107158660889,0.0615767277777195,0.01464095152914524,0.42897066473960876,-0.6776164770126343,-0.09160951524972916,-0.1389959752559662,-3.599261999130249,1.1182600259780884,0.4660707712173462,0.0,0.0,5.0,0.9596895458543462,-0.17192751169204712,0.16248857975006104,-0.2037038803100586,0.5584107637405396,0.005230962298810482,-0.537826859857887,False,False
18,0.36,0.6402194499969482,-0.5514640212059021,4.558475017547607,0.07925758510828018,0.03560144826769829,0.36201000213623047,-0.6665591597557068,-0.1803913563489914,-0.12328758090734482,-3.1398730278015137,1.4989103078842163,0.3639780282974243,0.0,0.0,5.0,0.9533823057769449,-0.002468109130859375,0.3299330472946167,-0.23815321922302246,-0.24110770225524902,0.005248602479696274,-0.5325782573781908,False,False
19,0.38,0.627009928226471,-0.5556761026382446,4.555751800537109,0.0927797332406044,0.053243041038513184,0.2961231768131256,-0.6538673043251038,-0.23890720307826996,-0.14838936924934387,-3.5088844299316406,0.6082332134246826,0.333304762840271,0.0,0.0,5.0,0.948300502933439,0.00614011287689209,-0.2962985038757324,-0.13045340776443481,0.6402456760406494,0.006277840118855238,-0.5263004172593355,False,False
20,0.4,0.6141084432601929,-0.5610388517379761,4.552911758422852,0.10417237132787704,0.07165736705064774,0.23828941583633423,-0.6357436776161194,-0.29524245858192444,-0.13507646322250366,-2.344747543334961,1.468492865562439,0.2897073030471802,0.0,0.0,5.0,0.9443419237752133,0.15083158016204834,0.4737340211868286,-0.033783137798309326,-0.7581068277359009,0.005754110403358936,-0.5205463068559766,False,False
21,0.42,0.6015962958335876,-0.5673812031745911,4.550241470336914,0.11362551897764206,0.08668776601552963,0.1835331916809082,-0.6150217652320862,-0.33714592456817627,-0.13159750401973724,-3.2061285972595215,0.19892649352550507,0.3030506372451782,0.0,0.0,5.0,0.9413406757817496,0.14194798469543457,-0.3793463110923767,-0.0852733850479126,0.6005996465682983,0.006968161556869745,-0.5135781452991068,False,False
22,0.44,0.5895323157310486,-0.5744724869728088,4.547841548919678,0.12130359560251236,0.09770730137825012,0.13322840631008148,-0.591166615486145,-0.370043009519577,-0.10808569192886353,-1.8945655822753906,1.0095864534378052,0.2877274751663208,0.0,0.0,5.0,0.9391561395547031,0.24381935596466064,0.2574613094329834,0.045462727546691895,-0.704234778881073,0.006636645644903183,-0.5069414996542037,False,False
23,0.46,0.5779398083686829,-0.5820915102958679,4.5457000732421875,0.12872101366519928,0.10665784776210785,0.08999931067228317,-0.5678895711898804,-0.3904075622558594,-0.10591310262680054,-2.5045745372772217,-0.0381169393658638,0.3372427225112915,0.0,0.0,5.0,0.9376744487869487,0.1507641077041626,-0.2082957625389099,-0.019706308841705322,0.19304776191711426,0.007280481047928333,-0.4996610186062753,False,False
24,0.48,0.5668212175369263,-0.5900298953056335,4.54367733001709,0.13572044670581818,0.10785537213087082,0.0468745119869709,-0.5441150069236755,-0.40192246437072754,-0.09625722467899323,-1.8826979398727417,0.20472115278244019,0.3508645296096802,0.0,0.0,5.0,0.936830800702428,0.2376035451889038,-0.016426920890808105,0.11781466007232666,-0.40556609630584717,0.006987452041357756,-0.49267356656491756,False,False
25,0.5,0.5561509728431702,-0.5981086492538452,4.5416741371154785,0.14349879324436188,0.10612121969461441,0.007126718759536743,-0.5230962634086609,-0.40471717715263367,-0.1039898470044136,-2.1754159927368164,-0.3577963709831238,0.42324554920196533,0.0,0.0,5.0,0.9365364154668546,0.2978430986404419,-0.25130391120910645,0.06365704536437988,0.22355008125305176,0.007565438747406006,-0.48510812781751156,False,False
26,0.52,0.5459240078926086,-0.6061603426933289,4.539909362792969,0.15241162478923798,0.10159628093242645,-0.02773354947566986,-0.4999782145023346,-0.39911261200904846,-0.07250154763460159,-1.4027737379074097,-0.10466933995485306,0.45948708057403564,0.0,0.0,5.0,0.9365611447701613,0.2577342987060547,-0.0242118239402771,0.12938129901885986,-0.29701101779937744,0.007406275719404221,-0.47770185209810734,False,False
27,0.54,0.5361140966415405,-0.6140404343605042,4.538512706756592,0.16259606182575226,0.09548142552375793,-0.056338854134082794,-0.4813549816608429,-0.38796553015708923,-0.06721058487892151,-1.5581315755844116,-0.5492796897888184,0.5254369974136353,0.0,0.0,5.0,0.9367147385797552,0.2768169641494751,-0.17299872636795044,0.10653436183929443,0.14273977279663086,0.007704824674874544,-0.4699970274232328,False,False
28,0.56,0.5266733169555664,-0.6216191053390503,4.537500381469727,0.17416445910930634,0.08677827566862106,-0.08113422244787216,-0.46325311064720154,-0.36898452043533325,-0.034074801951646805,-1.026422381401062,-0.3988089859485626,0.5639463663101196,0.0,0.0,5.0,0.9368569752401634,0.19313561916351318,-0.01367342472076416,-0.004035770893096924,-0.0013263225555419922,0.007772604003548622,-0.46222442341968417,False,False
29,0.58,0.5175525546073914,-0.6287864446640015,4.53697395324707,0.1865389496088028,0.07780495285987854,-0.09833270311355591,-0.4492781162261963,-0.34717705845832825,-0.018578024581074715,-0.7952374219894409,-0.6057186126708984,0.5829492807388306,0.0,0.0,5.0,0.9368170364299949,0.16098380088806152,0.0168917179107666,-0.05228102207183838,0.09223246574401855,0.007806448731571436,-0.45441797468811274,False,False
30,0.6,0.5086835622787476,-0.6354818344116211,4.53679895401001,0.1995985060930252,0.0654393658041954,-0.11011727899312973,-0.4381805956363678,-0.32201021909713745,0.0010420111939311028,-0.47677886486053467,-0.759915292263031,0.5829101800918579,0.0,0.0,5.0,0.9365635789448448,0.10371732711791992,0.0890188217163086,-0.08289659023284912,0.08308243751525879,0.007765412796288729,-0.446652561891824,False,False
31,0.62,0.4999997317790985,-0.6416595578193665,4.536991596221924,0.21303315460681915,0.04953969269990921,-0.11685734987258911,-0.43084508180618286,-0.29562363028526306,0.01821407489478588,-0.2746431231498718,-0.9718390107154846,0.568825364112854,0.0,0.0,5.0,0.9360040074108857,-0.022545278072357178,0.197776198387146,-0.07680952548980713,0.08712756633758545,0.007675013039261103,-0.4389775488525629,False,False
32,0.64,0.4914206266403198,-0.6473047137260437,4.5375213623046875,0.2265191525220871,0.029755331575870514,-0.12236101925373077,-0.4278261363506317,-0.26884725689888,0.03471215069293976,-0.3294978737831116,-1.153131127357483,0.5330487489700317,0.0,0.0,5.0,0.9350850843768347,-0.03764253854751587,0.12081611156463623,-0.06337618827819824,0.1448819637298584,0.007686939090490341,-0.43129060976207256,False,False
33,0.66,0.48285314440727234,-0.6524144411087036,4.538360595703125,0.2396472543478012,0.008127134293317795,-0.1280924677848816,-0.42975670099258423,-0.24211522936820984,0.04916408658027649,-0.2686898112297058,-1.156661868095398,0.49890533089637756,0.0,0.0,5.0,0.9337573033881694,-0.06084626913070679,0.1408698558807373,-0.035356760025024414,0.10859203338623047,0.007676312234252691,-0.42361429752781987,False,False
34,0.68,0.4741967022418976,-0.656990647315979,4.5394768714904785,0.25225386023521423,-0.013635968789458275,-0.13406556844711304,-0.43671396374702454,-0.21550625562667847,0.062395524233579636,-0.3253188729286194,-1.1656396389007568,0.46672216057777405,0.0,0.0,5.0,0.9319768103177016,-0.09038114547729492,0.08392667770385742,0.0007675886154174805,0.11553025245666504,0.007724987808614969,-0.4158893097192049,False,False
35,0.7000000000000001,0.4653529226779938,-0.6610394716262817,4.540812969207764,0.2642533481121063,-0.034179285168647766,-0.14145101606845856,-0.448451429605484,-0.18933305144309998,0.07116921246051788,-0.38456839323043823,-1.0338571071624756,0.43980804085731506,0.0,0.0,5.0,0.9297199873836718,-0.06846272945404053,0.03650796413421631,0.0331721305847168,0.1152040958404541,0.007791696581989527,-0.4080976131372154,False,False
36,0.72,0.45622768998146057,-0.6645606756210327,4.542327404022217,0.27550992369651794,-0.05146458372473717,-0.1498296856880188,-0.4647623300552368,-0.16270187497138977,0.0802244022488594,-0.40503862500190735,-0.8395269513130188,0.42239704728126526,0.0,0.0,5.0,0.9269567421388909,-0.046978116035461426,0.012991786003112793,0.04034543037414551,0.12746334075927734,0.007852612994611263,-0.4002450001426041,False,False
37,0.74,0.4467351734638214,-0.6675411462783813,4.544035911560059,0.28597989678382874,-0.06462979316711426,-0.15820974111557007,-0.48505574464797974,-0.13523006439208984,0.09054479002952576,-0.37212279438972473,-0.6217451095581055,0.4087022840976715,0.0,0.0,5.0,0.9236269523629508,-0.0230596661567688,0.046628713607788086,0.034084320068359375,0.11897027492523193,0.007881678640842438,-0.3923633215017617,False,False
38,0.76,0.4368007779121399,-0.6699592471122742,4.545988082885742,0.29570966958999634,-0.07423089444637299,-0.16613774001598358,-0.508829653263092,-0.10645463317632675,0.10458221286535263,-0.353121817111969,-0.48246780037879944,0.3943106234073639,0.0,0.0,5.0,0.9196559863653688,-0.02827155590057373,0.04487204551696777,0.022817134857177734,0.15103590488433838,0.007908466272056103,-0.38445485522970557,False,False
39,0.78,0.4263642132282257,-0.6717919111251831,4.548229694366455,0.304666668176651,-0.08076860755681992,-0.17327795922756195,-0.5351641178131104,-0.07668398320674896,0.11955682188272476,-0.2914906144142151,-0.31273847818374634,0.3755625784397125,0.0,0.0,5.0,0.9149793567218751,-0.05546146631240845,0.09282898902893066,0.008328914642333984,0.12344610691070557,0.007915394380688667,-0.3765394608490169,False,False
40,0.8,0.4153853952884674,-0.6730241179466248,4.550747394561768,0.31276705861091614,-0.08465056121349335,-0.18012765049934387,-0.5629590749740601,-0.04638521373271942,0.1321389526128769,-0.32652732729911804,-0.21125921607017517,0.3510378897190094,0.0,0.0,5.0,0.909579239786083,-0.07624924182891846,0.051751017570495605,-0.00632166862487793,0.16636037826538086,0.007930101826786995,-0.3686093590222299,False,False
41,0.8200000000000001,0.40384209156036377,-0.673645555973053,4.553481578826904,0.31982508301734924,-0.08561255037784576,-0.1867687851190567,-0.5915123820304871,-0.015583745203912258,0.14118172228336334,-0.27748575806617737,-0.011594865471124649,0.32304278016090393,0.0,0.0,5.0,0.9034741116628672,-0.006959497928619385,0.09660696983337402,0.016903162002563477,0.11274564266204834,0.007943627424538136,-0.3606657315976918,False,False
42,0.84,0.391710102558136,-0.6736279129981995,4.556474208831787,0.3259728252887726,-0.0842386931180954,-0.19292455911636353,-0.621741771697998,0.017542079091072083,0.1580255627632141,-0.2859230637550354,0.03094896674156189,0.30447664856910706,0.0,0.0,5.0,0.8966194828620468,-0.026883423328399658,0.01884591579437256,-0.005906939506530762,0.12794089317321777,0.00796119961887598,-0.3527045319788158,False,False
43,0.86,0.3789854943752289,-0.6729521751403809,4.5597004890441895,0.3314056396484375,-0.08110028505325317,-0.1981368511915207,-0.6507095098495483,0.05020337924361229,0.16456124186515808,-0.19037149846553802,0.1716969907283783,0.2877570688724518,0.0,0.0,5.0,0.8890209751861496,0.001465439796447754,0.05822932720184326,0.00202023983001709,0.12299931049346924,0.007973087951540947,-0.34473144402727485,False,False
44,0.88,0.36567455530166626,-0.6716019511222839,4.56312370300293,0.3360756039619446,-0.07593299448490143,-0.2016187608242035,-0.6802870035171509,0.08496967703104019,0.17776426672935486,-0.12113919854164124,0.24229297041893005,0.2712081968784332,0.0,0.0,5.0,0.8806974281921133,-0.021209657192230225,0.04096496105194092,-0.025685906410217285,0.1354517936706543,0.00798216462135315,-0.3367492794059217,False,False
45,0.9,0.3517867624759674,-0.6695568561553955,4.566758155822754,0.34002363681793213,-0.06917975097894669,-0.20326001942157745,-0.7083218693733215,0.11965713649988174,0.18565349280834198,-0.014297990128397942,0.340036541223526,0.25041666626930237,0.0,0.0,5.0,0.8716414431543058,-0.04769188165664673,0.06428682804107666,-0.033766984939575195,0.12659943103790283,0.00799169484525919,-0.3287575845606625,False,False
46,0.92,0.3373527526855469,-0.6668152213096619,4.570530891418457,0.3431462347507477,-0.06074643135070801,-0.2032330483198166,-0.7348369359970093,0.15458376705646515,0.19168826937675476,0.037347447127103806,0.42302054166793823,0.22506001591682434,0.0,0.0,5.0,0.8619124864744646,-0.016514897346496582,0.015436410903930664,-0.031446993350982666,0.11226534843444824,0.008004608564078808,-0.3207529759965837,False,False
47,0.9400000000000001,0.32240813970565796,-0.6633755564689636,4.574397563934326,0.3455178141593933,-0.05071159079670906,-0.20141403377056122,-0.7593162655830383,0.18942779302597046,0.19501648843288422,0.1578301638364792,0.5123670101165771,0.2087048590183258,0.0,0.0,5.0,0.8515583192324564,-0.038546621799468994,0.030997633934020996,-0.048941731452941895,0.0888906717300415,0.008020477369427681,-0.312732498627156,False,False
48,0.96,0.306999534368515,-0.6592450141906738,4.578287601470947,0.3472863733768463,-0.03936753794550896,-0.19760651886463165,-0.7811735272407532,0.22362437844276428,0.19401933252811432,0.23094573616981506,0.5644786357879639,0.18939700722694397,0.0,0.0,5.0,0.8406509679473838,-0.03452897071838379,0.026811599731445312,-0.0795251727104187,0.08370113372802734,0.008037484250962734,-0.3046950143761933,False,False
49,0.98,0.29118070006370544,-0.6544370651245117,4.582125663757324,0.3485851287841797,-0.0274660587310791,-0.19193428754806519,-0.8003023862838745,0.25711849331855774,0.1898348331451416,0.34067463874816895,0.5779861211776733,0.16848865151405334,0.0,0.0,5.0,0.8292725928116947,-0.06776261329650879,0.030886292457580566,-0.1111345887184143,0.08102726936340332,0.008051387965679169,-0.2966436264105141,False,False
50,1.0,0.2750099301338196,-0.6489735841751099,4.585822105407715,0.3494518995285034,-0.01545147318392992,-0.1841326206922531,-0.8163530826568604,0.2891283929347992,0.1798505038022995,0.441426157951355,0.5860224366188049,0.1414126455783844,0.0,0.0,5.0,0.8175209495775596,-0.07567107677459717,0.055187344551086426,-0.1179574728012085,0.04717123508453369,0.008095962926745415,-0.2885476634837687,False,False
51,1.02,0.258545845746994,-0.6428808569908142,4.589298725128174,0.34996557235717773,-0.003995315637439489,-0.17494477331638336,-0.8296390771865845,0.31999945640563965,0.1678543984889984,0.47792166471481323,0.5319381952285767,0.11385467648506165,0.0,0.0,5.0,0.8054919539136411,-0.040941715240478516,0.030481934547424316,-0.12731540203094482,0.03704071044921875,0.00813461933284998,-0.2804130441509187,False,False
52,1.04,0.2418416142463684,-0.6361817121505737,4.592529296875,0.3503395915031433,0.00598820811137557,-0.16438071429729462,-0.8403926491737366,0.3497255742549896,0.1552695333957672,0.578481912612915,0.4456928074359894,0.09190228581428528,0.0,0.0,5.0,0.793250850085461,-0.08195537328720093,0.039411306381225586,-0.13435208797454834,0.03110790252685547,0.008170243352651596,-0.2722428007982671,False,False
53,1.06,0.2249477058649063,-0.6289078593254089,4.595468521118164,0.350586473941803,0.014391746371984482,-0.1523328274488449,-0.8486425876617432,0.37740957736968994,0.1386575698852539,0.6260985136032104,0.38016918301582336,0.06519725918769836,0.0,0.0,5.0,0.7808791733049858,-0.08747172355651855,0.04187285900115967,-0.12613075971603394,0.06408941745758057,0.008194965310394764,-0.26404783548787236,False,False
54,1.08,0.20790870487689972,-0.6210907697677612,4.598114967346191,0.3505021333694458,0.021888120099902153,-0.13915255665779114,-0.8549066781997681,0.4040069580078125,0.12607426941394806,0.6921295523643494,0.36264488101005554,0.03544407710433006,0.0,0.0,5.0,0.7684343519946598,-0.061016201972961426,0.037358760833740234,-0.10252618789672852,0.045711636543273926,0.008232707157731056,-0.2558151283301413,False,False
55,1.1,0.1907651573419571,-0.6127567887306213,4.600539684295654,0.3500683903694153,0.028785882517695427,-0.12477967888116837,-0.8590970039367676,0.42905181646347046,0.1164579764008522,0.7462934851646423,0.3267572820186615,0.012483160942792892,0.0,0.0,5.0,0.7559304010382044,-0.05683654546737671,0.05637097358703613,-0.06802362203598022,0.04662752151489258,0.008278871886432171,-0.24753625644370914,False,False
56,1.12,0.17355838418006897,-0.6039361357688904,4.602832317352295,0.34936633706092834,0.03505515307188034,-0.10986088216304779,-0.8612287640571594,0.4526439905166626,0.11285999417304993,0.7478570938110352,0.3039976954460144,-0.008731642737984657,0.0,0.0,5.0,0.7433730805903616,-0.04625129699707031,0.06446313858032227,-0.06095552444458008,0.06410753726959229,0.008314923383295536,-0.2392213330604136,False,False
57,1.1400000000000001,0.1563301533460617,-0.5946617722511292,4.605097770690918,0.34836873412132263,0.040899112820625305,-0.09478512406349182,-0.861244261264801,0.4743947982788086,0.11375707387924194,0.7635341882705688,0.2874448299407959,-0.03068380057811737,0.0,0.0,5.0,0.7307595438551178,-0.02498561143875122,0.07331728935241699,-0.0531156063079834,0.06628584861755371,0.00835196953266859,-0.230869363527745,False,False
58,1.16,0.13912314176559448,-0.5849727392196655,4.607423305511475,0.34708669781684875,0.04617123305797577,-0.07933972775936127,-0.8591148853302002,0.49408599734306335,0.11881587654352188,0.7866123914718628,0.24883267283439636,-0.05095325782895088,0.0,0.0,5.0,0.7180980540709085,-0.02664315700531006,0.09571516513824463,-0.043394267559051514,0.08649635314941406,0.008386112749576569,-0.22248325077816844,False,False
59,1.18,0.12198026478290558,-0.5749116539955139,4.609901428222656,0.34549838304519653,0.05075913295149803,-0.06360112875699997,-0.8548381328582764,0.511579155921936,0.1290336549282074,0.7949701547622681,0.22002379596233368,-0.07443901896476746,0.0,0.0,5.0,0.705393146124265,-0.023005902767181396,0.10347950458526611,-0.020211219787597656,0.0917731523513794,0.00842976849526167,-0.21405348228290677,False,False
60,1.2,0.10494411736726761,-0.5645253658294678,4.612624645233154,0.34354785084724426,0.054953981190919876,-0.047960784286260605,-0.8484510779380798,0.52659010887146,0.14331476390361786,0.7793952226638794,0.2095796763896942,-0.09664186835289001,0.0,0.0,5.0,0.6926484114726813,0.002053380012512207,0.1029961109161377,0.0321202278137207,0.06363129615783691,0.0084944237023592,-0.20555905858054757,False,False
61,1.22,0.08805710077285767,-0.5538638234138489,4.615682601928711,0.3413242697715759,0.058949653059244156,-0.03325273096561432,-0.8399356603622437,0.5391141176223755,0.16247937083244324,0.7040794491767883,0.1986156851053238,-0.10897395014762878,0.0,0.0,5.0,0.6798669357627374,0.015636920928955078,0.08753442764282227,0.0717092752456665,0.06398582458496094,0.008550691418349743,-0.19700836716219783,False,False
62,1.24,0.07136089354753494,-0.5429763793945312,4.619161605834961,0.338967502117157,0.06320664286613464,-0.02017865516245365,-0.8293780088424683,0.5492330193519592,0.18542300164699554,0.6177117824554443,0.23318295180797577,-0.11494889855384827,0.0,0.0,5.0,0.6670484301596865,0.01789677143096924,0.04082512855529785,0.08815932273864746,0.07296621799468994,0.008586302399635315,-0.1884220647625625,False,False
63,1.26,0.05489373952150345,-0.5319104194641113,4.623081207275391,0.33657655119895935,0.06894347816705704,-0.008393174968659878,-0.8170053362846375,0.55703204870224,0.20649674534797668,0.5766016244888306,0.34384483098983765,-0.11566904187202454,0.0,0.0,5.0,0.6542245740432857,0.04600679874420166,0.03028702735900879,0.09111988544464111,0.039611101150512695,0.008624054491519928,-0.17979801027104259,False,False
64,1.28,0.03869461640715599,-0.5207083225250244,4.627408981323242,0.33429965376853943,0.07639901340007782,0.002589042531326413,-0.8025288581848145,0.5628888010978699,0.22624045610427856,0.5381252765655518,0.40238112211227417,-0.10940971970558167,0.0,0.0,5.0,0.6414503080397622,0.049334049224853516,-0.005735278129577637,0.056329965591430664,0.03383147716522217,0.00864892266690731,-0.17114908760413527,False,False
65,1.3,0.022803250700235367,-0.5094075202941895,4.632058143615723,0.33224645256996155,0.08496322482824326,0.013545802794396877,-0.7862089276313782,0.5669179558753967,0.2386845499277115,0.5740684270858765,0.45239317417144775,-0.10218772292137146,0.0,0.0,5.0,0.6288061860814356,0.030165910720825195,-0.005150318145751953,0.03985798358917236,-0.00645899772644043,0.008690395392477512,-0.16245869221165776,False,False
66,1.32,0.00725674070417881,-0.498043417930603,4.636880874633789,0.33044707775115967,0.09413182735443115,0.02475181221961975,-0.7680354118347168,0.56922847032547,0.24358049035072327,0.5625969171524048,0.4608936309814453,-0.09458723664283752,0.0,0.0,5.0,0.6164052284304271,-0.0009812712669372559,-0.02255469560623169,0.0067435503005981445,-0.0067174434661865234,0.008721426129341125,-0.15373726608231664,False,False
67,1.34,-0.007909479551017284,-0.48664921522140503,4.641719818115234,0.3288688361644745,0.10365211218595505,0.03594128042459488,-0.7481880784034729,0.5699490308761597,0.2402525097131729,0.5719126462936401,0.48594656586647034,-0.0913253128528595,0.0,0.0,5.0,0.6043630591571246,-0.01875293254852295,-0.02242887020111084,-0.007813692092895508,-0.024520158767700195,0.008750748820602894,-0.14498651726171374,False,False
68,1.36,-0.022659746930003166,-0.4752553701400757,4.646440505981445,0.3274620771408081,0.11352809518575668,0.04709036275744438,-0.7264412641525269,0.5692033767700195,0.231782004237175,0.5582265257835388,0.4950064718723297,-0.08942762017250061,0.0,0.0,5.0,0.5927777381013634,-0.027068257331848145,-0.022061705589294434,-0.020775139331817627,-0.03117203712463379,0.008781599812209606,-0.13620491744950414,False,False
69,1.3800000000000001,-0.036954257637262344,-0.46389028429985046,4.6509623527526855,0.3261900544166565,0.12347209453582764,0.05794188752770424,-0.7026198506355286,0.5670828819274902,0.22032304108142853,0.5419548749923706,0.49139583110809326,-0.08892574906349182,0.0,0.0,5.0,0.5817104883197981,-0.02570730447769165,-0.015098154544830322,-0.033947765827178955,-0.033863723278045654,0.008815804496407509,-0.12738911295309663,False,False
70,1.4000000000000001,-0.05074979364871979,-0.4525809586048126,4.65524435043335,0.32499709725379944,0.13309481739997864,0.06851858645677567,-0.6765583753585815,0.5636343955993652,0.20779436826705933,0.5309765338897705,0.46147722005844116,-0.08992132544517517,0.0,0.0,5.0,0.5711930702968672,-0.04058748483657837,-0.005019009113311768,-0.0522383451461792,-0.03570592403411865,0.008850105106830597,-0.11853900784626603,False,False
71,1.42,-0.06400535255670547,-0.4413532614707947,4.659247875213623,0.3237880766391754,0.14197060465812683,0.07876960933208466,-0.6486519575119019,0.5589239597320557,0.19249111413955688,0.510711669921875,0.4148740768432617,-0.09477224946022034,0.0,0.0,5.0,0.5612498526621156,-0.04030483961105347,-0.014672458171844482,-0.0651358962059021,-0.032886505126953125,0.008878454566001892,-0.10966055328026414,False,False
72,1.44,-0.07668542116880417,-0.4302322268486023,4.662923336029053,0.32248586416244507,0.14993003010749817,0.08887054771184921,-0.6190422177314758,0.5529664754867554,0.17494554817676544,0.5183346271514893,0.36747896671295166,-0.1001613438129425,0.0,0.0,5.0,0.5519067858186987,-0.04393768310546875,-0.023994266986846924,-0.06949859857559204,-0.033547401428222656,0.008901487104594707,-0.10075906617566943,False,False
73,1.46,-0.08875775337219238,-0.41924312710762024,4.666226863861084,0.3210759460926056,0.1570539027452469,0.09919971227645874,-0.5879048705101013,0.5457168817520142,0.15530019998550415,0.5361499786376953,0.3286689519882202,-0.10536542534828186,0.0,0.0,5.0,0.543182515199691,-0.06248718500137329,-0.024641573429107666,-0.05010718107223511,-0.052750587463378906,0.008932673372328281,-0.09182639280334115,False,False
74,1.48,-0.10019364953041077,-0.408412367105484,4.66911506652832,0.3195941150188446,0.16363804042339325,0.10924932360649109,-0.5554192066192627,0.537137508392334,0.133453369140625,0.4924738109111786,0.3109421133995056,-0.10864296555519104,0.0,0.0,5.0,0.5350927659850069,-0.06115365028381348,-0.02139490842819214,-0.016493916511535645,-0.07321667671203613,0.008972310461103916,-0.08285408234223723,False,False
75,1.5,-0.11096077412366867,-0.39776739478111267,4.671579360961914,0.3181266486644745,0.1699785590171814,0.11780901253223419,-0.5210464000701904,0.5271652340888977,0.11294548958539963,0.3878578841686249,0.3026217818260193,-0.10706350207328796,0.0,0.0,5.0,0.5276280033236126,-0.043859243392944336,-0.01594609022140503,0.005977511405944824,-0.08388632535934448,0.00901144091039896,-0.07384264143183827,False,False
76,1.52,-0.12101919949054718,-0.38733452558517456,4.67366361618042,0.3167445659637451,0.17603881657123566,0.12405016273260117,-0.48457497358322144,0.5159870386123657,0.09540818631649017,0.2600421607494354,0.2825474143028259,-0.10129556059837341,0.0,0.0,5.0,0.5207390102153528,-0.012697041034698486,-0.0028182268142700195,0.019618749618530273,-0.07898914813995361,0.00904824584722519,-0.06479439558461308,False,False
77,1.54,-0.13032273948192596,-0.3771360516548157,4.675454139709473,0.31544631719589233,0.18141351640224457,0.12784257531166077,-0.4455896019935608,0.5037897229194641,0.08359083533287048,0.14227525889873505,0.2346104234457016,-0.09303441643714905,0.0,0.0,5.0,0.5143399977792669,0.013303995132446289,-4.661083221435547e-05,0.026401281356811523,-0.07211267948150635,0.009077878668904305,-0.05571651691570878,False,False
78,1.56,-0.13882729411125183,-0.3671875596046448,4.677046298980713,0.3142035901546478,0.18565508723258972,0.12953661382198334,-0.40472614765167236,0.49103954434394836,0.07560021430253983,0.049806442111730576,0.1703518182039261,-0.08261922001838684,0.0,0.0,5.0,0.5083294350327567,0.026280522346496582,0.002108931541442871,0.022270679473876953,-0.07977062463760376,0.00910151842981577,-0.04661499848589301,False,False
79,1.58,-0.14650647342205048,-0.3574947416782379,4.67848014831543,0.3129798471927643,0.18830500543117523,0.1294589638710022,-0.3631150722503662,0.4782596826553345,0.06778053939342499,-0.0348186269402504,0.07688730210065842,-0.0708681046962738,0.0,0.0,5.0,0.502634710410477,0.029473543167114258,0.025792241096496582,0.02563941478729248,-0.09786468744277954,0.009114431217312813,-0.0375005672685802,False,False
80,1.6,-0.15334762632846832,-0.34805649518966675,4.6797685623168945,0.3116886019706726,0.18862132728099823,0.12721678614616394,-0.3210084140300751,0.4656236469745636,0.061084333807229996,-0.165192648768425,-0.06176614388823509,-0.059026509523391724,0.0,0.0,5.0,0.49719914724874453,0.029750585556030273,-0.017418861389160156,0.002774953842163086,-0.07447105646133423,0.009136407636106014,-0.028364159632474184,False,False
81,1.62,-0.15935802459716797,-0.33886390924453735,4.68088436126709,0.3103405237197876,0.18662269413471222,0.12333342432975769,-0.28012222051620483,0.45372501015663147,0.05043715611100197,-0.19798216223716736,-0.15309025347232819,-0.047442734241485596,0.0,0.0,5.0,0.49199443073668514,0.02274620532989502,-0.02342832088470459,-0.01032930612564087,-0.08004534244537354,0.009148351848125458,-0.019215807784348726,False,False
82,1.6400000000000001,-0.16456405818462372,-0.3299020230770111,4.681757926940918,0.30899569392204285,0.18271715939044952,0.11886958032846451,-0.24062871932983398,0.4425491988658905,0.03695084527134895,-0.22369161248207092,-0.2505868971347809,-0.03665265440940857,0.0,0.0,5.0,0.48702637622765266,0.02265763282775879,-0.03650689125061035,0.011586666107177734,-0.07527518272399902,0.009162005968391895,-0.010053801815956831,False,False
83,1.6600000000000001,-0.1689877063035965,-0.3211591839790344,4.682377338409424,0.30773767828941345,0.17727091908454895,0.11386799067258835,-0.20193487405776978,0.431825190782547,0.025020010769367218,-0.25392043590545654,-0.3047390282154083,-0.02305680327117443,0.0,0.0,5.0,0.48226986376064546,0.0399397611618042,-0.0257718563079834,0.034859657287597656,-0.07622814178466797,0.009168684482574463,-0.0008851173333823681,False,False
84,1.68,-0.1726406216621399,-0.3126278817653656,4.682809352874756,0.3066851794719696,0.17064659297466278,0.10811281204223633,-0.16360299289226532,0.42141085863113403,0.018230801448225975,-0.3033490478992462,-0.3651238679885864,-0.006595810409635305,0.0,0.0,5.0,0.47765142450192766,0.06453573703765869,-0.01683896780014038,0.04770255088806152,-0.0664520263671875,0.00917226355522871,0.008287146221846342,False,False
85,1.7,-0.17553237080574036,-0.3043009042739868,4.683162689208984,0.305884450674057,0.1626601219177246,0.10155606269836426,-0.12587328255176544,0.41140246391296387,0.01720457337796688,-0.3390052020549774,-0.43743452429771423,0.011608995497226715,0.0,0.0,5.0,0.4730713847316625,0.06899333000183105,0.0009177923202514648,0.049068450927734375,-0.045275747776031494,0.009177654050290585,0.017464800272136927,False,False
86,1.72,-0.17768104374408722,-0.29616865515708923,4.683542728424072,0.30533331632614136,0.15319940447807312,0.09440407902002335,-0.08935634791851044,0.40195271372795105,0.02090621553361416,-0.36748695373535156,-0.5094538331031799,0.026731127873063087,0.0,0.0,5.0,0.4684353000541564,0.0499725341796875,2.1576881408691406e-05,0.05116105079650879,-0.022417724132537842,0.009193477220833302,0.026658277492970228,False,False
87,1.74,-0.17912150919437408,-0.2882175147533417,4.684006214141846,0.30503425002098083,0.1427619755268097,0.0867546871304512,-0.0550914891064167,0.3932972848415375,0.025543218478560448,-0.3930080831050873,-0.5327140092849731,0.038232412189245224,0.0,0.0,5.0,0.4636873122780394,0.03538060188293457,-0.009352564811706543,0.05423450469970703,-0.00820910930633545,0.009215625934302807,0.035873903427273035,False,False
88,1.76,-0.17990243434906006,-0.2804305851459503,4.684561252593994,0.30503255128860474,0.1322879195213318,0.07870374619960785,-0.02340836450457573,0.3855496048927307,0.02997625432908535,-0.41202840209007263,-0.5111473798751831,0.04821118339896202,0.0,0.0,5.0,0.4588112927283808,0.030707836151123047,-0.027040064334869385,0.052640438079833984,-0.009152710437774658,0.009240135550498962,0.045114038977772,False,False
89,1.78,-0.18007782101631165,-0.2727881968021393,4.685184001922607,0.3053775429725647,0.12244319170713425,0.07046554982662201,0.005484031978994608,0.3788521885871887,0.032398711889982224,-0.4161381423473358,-0.46806615591049194,0.05934103950858116,0.0,0.0,5.0,0.4538177327760676,0.036805152893066406,-0.022376835346221924,0.0520397424697876,-0.012014627456665039,0.009259233251214027,0.054373272228986025,False,False
90,1.8,-0.17969746887683868,-0.26526981592178345,4.685866355895996,0.3060784935951233,0.11329139024019241,0.06217512488365173,0.032186396420001984,0.37316182255744934,0.03588153421878815,-0.4211118519306183,-0.4405171871185303,0.07081499695777893,0.0,0.0,5.0,0.4487083706796434,0.03820788860321045,-0.02288186550140381,0.04248464107513428,-0.006308436393737793,0.009280340746045113,0.06365361297503114,False,False
91,1.82,-0.17880544066429138,-0.2578544318675995,4.686618328094482,0.3071020245552063,0.10463102906942368,0.054001327604055405,0.05666663497686386,0.3685516119003296,0.03938503935933113,-0.4073702096939087,-0.4181801676750183,0.0810457170009613,0.0,0.0,5.0,0.443473072385699,0.03620648384094238,-0.010273516178131104,0.045127153396606445,0.00675511360168457,0.009299167431890965,0.0729527804069221,False,False
92,1.84,-0.17744192481040955,-0.25052106380462646,4.687469482421875,0.3084016740322113,0.09647130966186523,0.04607618600130081,0.07934845983982086,0.36495843529701233,0.04571985453367233,-0.39816662669181824,-0.3903244435787201,0.08894583582878113,0.0,0.0,5.0,0.43808876327506446,0.023955464363098145,-4.857778549194336e-05,0.0474010705947876,0.013269901275634766,0.009315386414527893,0.08226816682145,False,False
93,1.86,-0.17564426362514496,-0.24324895441532135,4.688455581665039,0.3099270164966583,0.08899028599262238,0.03814747929573059,0.10009896010160446,0.3624362647533417,0.05294473469257355,-0.4088090658187866,-0.3507326543331146,0.09435859322547913,0.0,0.0,5.0,0.43252847971461444,0.022984623908996582,-0.003968238830566406,0.03993523120880127,0.015408039093017578,0.009332411922514439,0.09160057874396443,False,False
94,1.8800000000000001,-0.1734514832496643,-0.23601585626602173,4.689578533172607,0.31164059042930603,0.0823044702410698,0.030147675424814224,0.1188855841755867,0.36106520891189575,0.05936478450894356,-0.40581440925598145,-0.3116433918476105,0.09915164113044739,0.0,0.0,5.0,0.42679080181953544,0.010206937789916992,-0.013931751251220703,0.01748800277709961,0.02469468116760254,0.009355560876429081,0.10095613962039351,False,False
95,1.9000000000000001,-0.1709033101797104,-0.22879841923713684,4.690795421600342,0.31349316239356995,0.0765162855386734,0.022522492334246635,0.13567255437374115,0.3608657419681549,0.06243075057864189,-0.3713887929916382,-0.26212239265441895,0.10072806477546692,0.0,0.0,5.0,0.42090869482478654,-0.008871078491210938,-0.010189652442932129,-0.020636379718780518,0.04191792011260986,0.009375200606882572,0.11033134022727609,False,False
96,1.92,-0.16803717613220215,-0.2215740978717804,4.69204044342041,0.3153631389141083,0.07167240232229233,0.015930771827697754,0.15072599053382874,0.3617269694805145,0.06206844747066498,-0.3016255795955658,-0.21859224140644073,0.09502670168876648,0.0,0.0,5.0,0.414934527243607,-0.024321794509887695,0.009143829345703125,-0.05296051502227783,0.0676344633102417,0.009387824684381485,0.11971916491165757,False,False
97,1.94,-0.16488252580165863,-0.21432358026504517,4.6932759284973145,0.3170700967311859,0.06759954988956451,0.010967184789478779,0.16456341743469238,0.36344531178474426,0.061522409319877625,-0.20662106573581696,-0.18635937571525574,0.08068278431892395,0.0,0.0,5.0,0.40890157790297954,-0.03907960653305054,0.04468679428100586,-0.05574953556060791,0.0695335865020752,0.009396848268806934,0.1291160131804645,False,False
98,1.96,-0.16145989298820496,-0.2070322036743164,4.694521427154541,0.3184588849544525,0.06394688785076141,0.007379410322755575,0.17754879593849182,0.36577072739601135,0.06298474222421646,-0.16130207479000092,-0.17760761082172394,0.06121912598609924,0.0,0.0,5.0,0.40280117784051306,-0.03838503360748291,0.04926657676696777,-0.05514514446258545,0.07207536697387695,0.009407687932252884,0.1385237011127174,False,False
99,1.98,-0.15778595209121704,-0.19968996942043304,4.695805072784424,0.31946438550949097,0.060453545302152634,0.004647593945264816,0.18971090018749237,0.36850547790527344,0.0653218924999237,-0.1181473433971405,-0.17110680043697357,0.04121338948607445,0.0,0.0,5.0,0.39661952083597074,-0.029185056686401367,0.05288708209991455,-0.05618119239807129,0.06131875514984131,0.009417998604476452,0.14794169971719384,False,False
100,2.0,-0.1538768708705902,-0.19229035079479218,4.697136402130127,0.3200908601284027,0.0568266399204731,0.0027076909318566322,0.20106671750545502,0.37148216366767883,0.06780435889959335,-0.07953303307294846,-0.1913428008556366,0.022632183507084846,0.0,0.0,5.0,0.39035884684786215,-0.02552926540374756,0.05515086650848389,-0.04972594976425171,0.05073416233062744,0.009426936507225037,0.15736863622441888,False,False
101,2.02,-0.149748757481575,-0.18483015894889832,4.698519229888916,0.32036709785461426,0.05268770828843117,0.0013478933833539486,0.21160368621349335,0.37454041838645935,0.07050661742687225,-0.05797744169831276,-0.2224888801574707,0.005767062772065401,0.0,0.0,5.0,0.3840280364389075,-0.023473262786865234,0.05176126956939697,-0.045900166034698486,0.046302199363708496,0.009435187093913555,0.16680382331833243,False,False
102,2.04,-0.1454189121723175,-0.17730912566184998,4.699954509735107,0.32032251358032227,0.04793451353907585,0.00037085532676428556,0.2212241291999817,0.377545565366745,0.07306548207998276,-0.039521556347608566,-0.25283071398735046,-0.009822267107665539,0.0,0.0,5.0,0.37764067880546137,-0.02434295415878296,0.04311788082122803,-0.0412711501121521,0.04296863079071045,0.00944491196423769,0.17624873528257012,False,False
103,2.06,-0.14090681076049805,-0.16972953081130981,4.701434135437012,0.3199843764305115,0.042692139744758606,-0.00025261149858124554,0.22981780767440796,0.38038089871406555,0.07486695796251297,-0.02131268009543419,-0.2714070677757263,-0.023946423083543777,0.0,0.0,5.0,0.37122017513918454,-0.021598517894744873,0.030750751495361328,-0.045887887477874756,0.03342461585998535,0.009454088285565376,0.1857028235681355,False,False
104,2.08,-0.1362341195344925,-0.16209593415260315,4.702926158905029,0.31938451528549194,0.037028614431619644,-0.0004101567028556019,0.237278014421463,0.38292720913887024,0.07438313961029053,0.007931672967970371,-0.29492518305778503,-0.03620486333966255,0.0,0.0,5.0,0.36481186145335703,-0.026190996170043945,0.031022191047668457,-0.044177353382110596,0.02862679958343506,0.009461565874516964,0.19516438944265246,False,False
105,2.1,-0.1314232349395752,-0.1544150710105896,4.704402446746826,0.31854063272476196,0.030908046290278435,-0.00011178587737958878,0.24362991750240326,0.3850885331630707,0.07321581244468689,0.02475309744477272,-0.31711074709892273,-0.04831014946103096,0.0,0.0,5.0,0.3584605896419454,-0.027653276920318604,0.022876858711242676,-0.0410342812538147,0.026660680770874023,0.009471151046454906,0.20463554048910737,False,False
106,2.12,-0.1264967918395996,-0.14669565856456757,4.705847263336182,0.3174627423286438,0.02446143329143524,0.0005384688847698271,0.24882519245147705,0.3867701590061188,0.07126005738973618,0.04323815926909447,-0.32757440209388733,-0.05931751802563667,0.0,0.0,5.0,0.3522029061126794,-0.03033900260925293,0.02214658260345459,-0.04036742448806763,0.021151065826416016,0.009479674510657787,0.21411521499976516,False,False
107,2.14,-0.12147817760705948,-0.138947993516922,4.707245349884033,0.3161633014678955,0.017790980637073517,0.0014718511374667287,0.25284579396247864,0.38789936900138855,0.06852581351995468,0.05282730236649513,-0.3396039605140686,-0.06993190944194794,0.0,0.0,5.0,0.3460762599509435,-0.032910823822021484,0.013541936874389648,-0.03501695394515991,0.017069697380065918,0.009490912780165672,0.22360612777993083,False,False
108,2.16,-0.11639104038476944,-0.1311836987733841,4.708579063415527,0.31465914845466614,0.011016965843737125,0.0025653888005763292,0.25567495822906494,0.388430118560791,0.06484318524599075,0.05867597460746765,-0.33810266852378845,-0.07910643517971039,0.0,0.0,5.0,0.34012085996816815,-0.03138422966003418,0.00606083869934082,-0.028777480125427246,0.009416460990905762,0.00950327143073082,0.23310939921066165,False,False
109,2.18,-0.1112590879201889,-0.12341492623090744,4.709832191467285,0.31298550963401794,0.004324511159211397,0.0037312873173505068,0.2573307454586029,0.3883479833602905,0.06045209988951683,0.05918404087424278,-0.33166933059692383,-0.08614884316921234,0.0,0.0,5.0,0.33437581516923576,-0.02954953908920288,-0.00431215763092041,-0.023276686668395996,0.004066944122314453,0.009516016580164433,0.24262541579082608,False,False
110,2.2,-0.1061054989695549,-0.11565384268760681,4.710988998413086,0.3111856281757355,-0.0021422759164124727,0.004932846408337355,0.2578471302986145,0.387661337852478,0.05524342879652977,0.06115742027759552,-0.31578516960144043,-0.09104447066783905,0.0,0.0,5.0,0.3288792290161529,-0.02534693479537964,-0.00816565752029419,-0.020055413246154785,-0.0013382434844970703,0.009527790360152721,0.2521532061509788,False,False
111,2.22,-0.10095248371362686,-0.10791243612766266,4.712039947509766,0.30929696559906006,-0.008316329680383205,0.006179476156830788,0.2572821378707886,0.38638317584991455,0.04985165596008301,0.06251024454832077,-0.3026616871356964,-0.0943867415189743,0.0,0.0,5.0,0.32366261703992866,-0.019284367561340332,-0.010057389736175537,-0.015470266342163086,-0.0035846829414367676,0.009539220482110977,0.2616924266330898,False,False
112,2.24,-0.09582119435071945,-0.10020247101783752,4.712989330291748,0.30734893679618835,-0.014245141297578812,0.00747749162837863,0.2556804120540619,0.3845182955265045,0.04508787393569946,0.06508872658014297,-0.29153671860694885,-0.09635244309902191,0.0,0.0,5.0,0.3187434093612889,-0.01636040210723877,-0.010809004306793213,-0.009152591228485107,-0.0032491683959960938,0.009550552815198898,0.2712429794482887,False,False
113,2.2600000000000002,-0.09073202311992645,-0.09253566712141037,4.7138519287109375,0.30536484718322754,-0.019899915903806686,0.00881396234035492,0.2530779242515564,0.3820688724517822,0.04117243364453316,0.06516684591770172,-0.27553901076316833,-0.09741894900798798,0.0,0.0,5.0,0.3141271532540441,-0.013010382652282715,-0.01135110855102539,-0.0031477808952331543,-0.0025281310081481934,0.009561719372868538,0.2808046988211572,False,False
114,2.2800000000000002,-0.08570454269647598,-0.08492359519004822,4.7146453857421875,0.3033636212348938,-0.02518933266401291,0.010148262605071068,0.24952132999897003,0.37904733419418335,0.03816913068294525,0.06374805420637131,-0.2552766501903534,-0.09763120114803314,0.0,0.0,5.0,0.3098137207049427,-0.010384023189544678,-0.012556493282318115,0.0017298460006713867,-0.004996776580810547,0.009571862407028675,0.2903765612281859,False,False
115,2.3000000000000003,-0.08075712621212006,-0.07737739384174347,4.7153825759887695,0.3013659119606018,-0.030060185119509697,0.011426225304603577,0.24508388340473175,0.37548932433128357,0.03551444411277771,0.058528073132038116,-0.2339354008436203,-0.09680257737636566,0.0,0.0,5.0,0.30580394464847754,-0.006589710712432861,-0.014991939067840576,0.0060803890228271484,-0.005822539329528809,0.009581264108419418,0.2999578253366053,False,False
116,2.32,-0.07590670883655548,-0.06990738958120346,4.716070652008057,0.2993944585323334,-0.03447847440838814,0.012619951739907265,0.2398330271244049,0.3714330196380615,0.033309005200862885,0.05448237061500549,-0.21023151278495789,-0.0949120968580246,0.0,0.0,5.0,0.3021005564635488,-0.002244412899017334,-0.016898512840270996,0.010136604309082031,-0.00546574592590332,0.009590012021362782,0.3095478373579681,False,False
117,2.34,-0.07116885483264923,-0.06252320855855942,4.716721057891846,0.29747122526168823,-0.03839953616261482,0.013767302967607975,0.2338409274816513,0.36691465973854065,0.031744495034217834,0.053245238959789276,-0.18437545001506805,-0.09209506213665009,0.0,0.0,5.0,0.2986990400864436,0.003596186637878418,-0.014288246631622314,0.012752890586853027,-0.004637420177459717,0.009598282165825367,0.31914611952379346,False,False
118,2.36,-0.06655771285295486,-0.05523386225104332,4.71735143661499,0.2956109642982483,-0.04185664281249046,0.01491046603769064,0.22717541456222534,0.36195430159568787,0.031315356492996216,0.05360814183950424,-0.16396456956863403,-0.08881078660488129,0.0,0.0,5.0,0.29558572202153727,0.006232500076293945,-0.010832011699676514,0.016631484031677246,-0.0027660727500915527,0.009605776518583298,0.32875189604237676,False,False
119,2.38,-0.062086012214422226,-0.04804796352982521,4.717984676361084,0.2938195765018463,-0.04490819573402405,0.016033437103033066,0.21990884840488434,0.35657429695129395,0.03201675042510033,0.050919972360134125,-0.14392346143722534,-0.08541600406169891,0.0,0.0,5.0,0.29273865901041385,0.010148763656616211,-0.011133968830108643,0.019722461700439453,-0.0018132328987121582,0.009612184017896652,0.3383640800602734,False,False
120,2.4,-0.057764932513237,-0.04097352176904678,4.718638896942139,0.29210516810417175,-0.04755351319909096,0.017127076163887978,0.21212457120418549,0.3508129417896271,0.0334397591650486,0.05052097514271736,-0.12341100722551346,-0.08142934739589691,0.0,0.0,5.0,0.2901373592427453,0.011065363883972168,-0.010372817516326904,0.023457884788513184,-0.0041280388832092285,0.009618337266147137,0.34798241732642055,False,False
121,2.42,-0.053603943437337875,-0.03401775658130646,4.719324588775635,0.2904805839061737,-0.049791086465120316,0.0181486327201128,0.20391234755516052,0.3447119891643524,0.035139620304107666,0.04373093694448471,-0.10317271947860718,-0.07686500251293182,0.0,0.0,5.0,0.28776601081577524,0.013319253921508789,-0.009461045265197754,0.024146556854248047,-0.0026239752769470215,0.009624389931559563,0.3576068072579801,False,False
122,2.44,-0.04961099848151207,-0.027187127619981766,4.7200493812561035,0.28895294666290283,-0.051634613424539566,0.019056497141718864,0.19533145427703857,0.3383066952228546,0.03734060376882553,0.03931206464767456,-0.0839863196015358,-0.07225148379802704,0.0,0.0,5.0,0.2856094186360951,0.0077326297760009766,-0.008592784404754639,0.02435171604156494,-0.006218552589416504,0.009630690328776836,0.36723749758675694,False,False
123,2.46,-0.04579221457242966,-0.020486854016780853,4.720810413360596,0.2875213027000427,-0.05308043956756592,0.019762085750699043,0.1865060031414032,0.33168691396713257,0.0387272872030735,0.02375359833240509,-0.06334394961595535,-0.06788520514965057,0.0,0.0,5.0,0.2836608245613655,0.009423613548278809,-0.011913716793060303,0.019519686698913574,-0.004842698574066162,0.009636493399739265,0.3768739909864962,False,False
124,2.48,-0.042151983827352524,-0.013920629397034645,4.721593379974365,0.28618288040161133,-0.05413413792848587,0.020275568589568138,0.17748713493347168,0.3249113857746124,0.039600178599357605,0.020422469824552536,-0.04468155652284622,-0.06363032758235931,0.0,0.0,5.0,0.2819234288552286,0.005390644073486328,-0.009438812732696533,0.018488168716430664,-0.008092880249023438,0.009641824290156364,0.3865158152766526,False,False
125,2.5,-0.038693491369485855,-0.007491040974855423,4.72238826751709,0.2849321663379669,-0.05484529584646225,0.02062402106821537,0.16834159195423126,0.3180311918258667,0.03988971933722496,0.00761035131290555,-0.028975000604987144,-0.05977476388216019,0.0,0.0,5.0,0.280395392225711,0.0071887969970703125,-0.012225866317749023,0.015619874000549316,-0.0060637593269348145,0.009646428748965263,0.39616224402561784,False,False
126,2.52,-0.03541892021894455,-0.0011997766559943557,4.72318696975708,0.28376471996307373,-0.05524198338389397,0.020815642550587654,0.15910248458385468,0.31108710169792175,0.0399930477142334,0.005127968266606331,-0.013100657612085342,-0.05594826489686966,0.0,0.0,5.0,0.27907237965403875,0.003003835678100586,-0.01541680097579956,0.015159010887145996,-0.009757936000823975,0.009650047868490219,0.40581229189410806,False,False
127,2.54,-0.03232916444540024,0.004952622577548027,4.7239766120910645,0.2826833426952362,-0.055287666618824005,0.020907241851091385,0.1498706191778183,0.30415067076683044,0.038963817059993744,-0.0019426564686000347,0.006281881593167782,-0.05191332846879959,0.0,0.0,5.0,0.2779543380069109,0.005870699882507324,-0.018028080463409424,0.013418316841125488,-0.011284589767456055,0.009653247892856598,0.41546553978696465,False,False
128,2.56,-0.029423844069242477,0.010966412723064423,4.724742889404297,0.28169482946395874,-0.054985810071229935,0.02091420814394951,0.14066900312900543,0.297232061624527,0.03764072060585022,-0.002809820231050253,0.021833982318639755,-0.0473882332444191,0.0,0.0,5.0,0.2770424186678257,0.007120728492736816,-0.01721137762069702,0.01233375072479248,-0.014792680740356445,0.009656289592385292,0.42512182937934995,False,False
129,2.58,-0.026701804250478745,0.01684221439063549,4.725481033325195,0.28080469369888306,-0.05444737896323204,0.020876433700323105,0.13155008852481842,0.2903551757335663,0.036074716597795486,-0.005837243515998125,0.030140027403831482,-0.042597152292728424,0.0,0.0,5.0,0.2763282642076513,0.007419586181640625,-0.018819212913513184,0.013018608093261719,-0.015939652919769287,0.009658710099756718,0.43478053947910666,False,False
130,2.6,-0.02416105568408966,0.022581038996577263,4.726185321807861,0.280017614364624,-0.05373576283454895,0.020772814750671387,0.12254437059164047,0.2835375666618347,0.03434203192591667,-0.008781448006629944,0.03936916962265968,-0.03745795041322708,0.0,0.0,5.0,0.27580452847514864,0.007568001747131348,-0.020092129707336426,0.013676762580871582,-0.01715254783630371,0.009660771116614342,0.444441310595721,False,False
131,2.62,-0.02179904095828533,0.028184274211525917,4.726852893829346,0.27934038639068604,-0.05283569544553757,0.020598964765667915,0.11368214339017868,0.27679991722106934,0.03245370462536812,-0.012212006375193596,0.049219343811273575,-0.032012321054935455,0.0,0.0,5.0,0.2754612370351483,0.007847428321838379,-0.01983463764190674,0.013338685035705566,-0.01714181900024414,0.009662876836955547,0.45410418743267655,False,False
132,2.64,-0.019612649455666542,0.033653680235147476,4.72748327255249,0.2787756025791168,-0.05175042897462845,0.02035398781299591,0.1049872636795044,0.27015817165374756,0.030596883967518806,-0.015239786356687546,0.058129239827394485,-0.02659709006547928,0.0,0.0,5.0,0.27528638351858364,0.006280660629272461,-0.014144539833068848,0.009233593940734863,-0.0159493088722229,0.009665998630225658,0.4637701860629022,False,False
133,2.66,-0.017598284408450127,0.038991350680589676,4.7280778884887695,0.27830934524536133,-0.050565652549266815,0.020021438598632812,0.09648197889328003,0.26363030076026917,0.028871258720755577,-0.020400697365403175,0.05938281863927841,-0.02235066145658493,0.0,0.0,5.0,0.2752665249730586,0.005379438400268555,-0.013422012329101562,0.006380915641784668,-0.01456761360168457,0.009668084792792797,0.473438270855695,False,False
134,2.68,-0.015751954168081284,0.0441998653113842,4.728636741638184,0.27792245149612427,-0.0493716262280941,0.019609525799751282,0.08818355947732925,0.25724467635154724,0.02699720300734043,-0.022723551839590073,0.059230316430330276,-0.018649734556674957,0.0,0.0,5.0,0.2753902143185189,0.008826732635498047,-0.010585546493530273,0.004738330841064453,-0.012530088424682617,0.00966998003423214,0.48310825088992715,False,False
135,2.7,-0.014069899916648865,0.04928191006183624,4.7291646003723145,0.27760493755340576,-0.048246271908283234,0.0191939827054739,0.08005252480506897,0.2509823441505432,0.02579033561050892,-0.02038050815463066,0.052668530493974686,-0.015234538353979588,0.0,0.0,5.0,0.27564194607224707,0.009530425071716309,-0.007001519203186035,0.004198908805847168,-0.009240686893463135,0.009671874344348907,0.49278012523427606,False,False
136,2.72,-0.012548946775496006,0.05423983931541443,4.72967529296875,0.27734634280204773,-0.047270163893699646,0.01883244514465332,0.07206974923610687,0.244831383228302,0.02528449520468712,-0.01700851321220398,0.04443303868174553,-0.012444035150110722,0.0,0.0,5.0,0.2759979772854637,0.011378645896911621,-0.005431652069091797,0.0054662227630615234,-0.006754457950592041,0.009672815911471844,0.5024529411457479,False,False
137,2.74,-0.011186376214027405,0.059075694531202316,4.730183124542236,0.27713942527770996,-0.046456217765808105,0.018551960587501526,0.0642099678516388,0.23877102136611938,0.0254908986389637,-0.012010020203888416,0.0365617610514164,-0.009741144254803658,0.0,0.0,5.0,0.2764348367679733,0.011750102043151855,-0.002832651138305664,0.006756782531738281,-0.0036084651947021484,0.009673635475337505,0.5121265766210854,False,False
138,2.7600000000000002,-0.009979978203773499,0.06379104405641556,4.7307024002075195,0.27698007225990295,-0.04578469321131706,0.018365032970905304,0.056449104100465775,0.23277543485164642,0.026430776342749596,-0.007417334243655205,0.030285382643342018,-0.007418298162519932,0.0,0.0,5.0,0.27692976459879914,0.010417342185974121,5.4717063903808594e-05,0.004554867744445801,-0.0001938343048095703,0.00967465341091156,0.521801230031997,False,False
139,2.7800000000000002,-0.008927792310714722,0.06838704645633698,4.73124361038208,0.2768555283546448,-0.04524311050772667,0.01828346773982048,0.048785775899887085,0.22683319449424744,0.02764780819416046,-0.0013060137862339616,0.023635772988200188,-0.006011397577822208,0.0,0.0,5.0,0.2774643951194885,0.007913470268249512,0.004572629928588867,0.0019030570983886719,0.0024167299270629883,0.009675281122326851,0.5314765111543238,False,False
140,2.8000000000000003,-0.008028027601540089,0.07286452502012253,4.731810092926025,0.2767448425292969,-0.04485715925693512,0.018304292112588882,0.04120311886072159,0.220918208360672,0.029062602669000626,0.002890131203457713,0.014750680886209011,-0.005748164840042591,0.0,0.0,5.0,0.2780279023586055,0.005533337593078613,0.004930734634399414,0.001168370246887207,0.0047070980072021484,0.009675578214228153,0.541152089368552,False,False
141,2.82,-0.007279230747371912,0.07722382992506027,4.732405185699463,0.27663150429725647,-0.04460996389389038,0.01841222494840622,0.03368531912565231,0.21501153707504272,0.030434319749474525,0.007396509870886803,0.009757150895893574,-0.006021452136337757,0.0,0.0,5.0,0.2786099275853376,0.003812551498413086,0.0058841705322265625,0.00033080577850341797,0.006241440773010254,0.009675527922809124,0.5508276172913611,False,False
142,2.84,-0.006680299993604422,0.08146488666534424,4.733027458190918,0.27650654315948486,-0.04444648325443268,0.018607497215270996,0.02621455304324627,0.2090892642736435,0.031800441443920135,0.011574163101613522,0.006356682162731886,-0.006764658726751804,0.0,0.0,5.0,0.2792051078461925,0.00040900707244873047,0.004904985427856445,-0.0015694499015808105,0.007395267486572266,0.009675600565969944,0.560503217857331,False,False
143,2.86,-0.006230199709534645,0.08558731526136398,4.733672142028809,0.2763610780239105,-0.044311050325632095,0.018894067034125328,0.01880207657814026,0.20314641296863556,0.03266434371471405,0.016437862068414688,0.0069119567051529884,-0.00801791064441204,0.0,0.0,5.0,0.2798116006415601,-0.0004884004592895508,0.00482785701751709,-0.003128230571746826,0.007249712944030762,0.009675512090325356,0.5701787299476564,False,False
144,2.88,-0.005927828140556812,0.08959045261144638,4.734331130981445,0.2761886715888977,-0.04417188838124275,0.01928553357720375,0.01144260074943304,0.19715729355812073,0.033265698701143265,0.021945983171463013,0.006672384683042765,-0.009479140862822533,0.0,0.0,5.0,0.2804309831512662,-0.0012626051902770996,0.004613637924194336,-0.004037976264953613,0.006913900375366211,0.009675429202616215,0.5798541591502726,False,False
145,2.9,-0.005772088188678026,0.0934731662273407,4.7350006103515625,0.2759857475757599,-0.04403964802622795,0.01978863589465618,0.004139720927923918,0.19110019505023956,0.03364771232008934,0.027469297870993614,0.006153154652565718,-0.01104588620364666,0.0,0.0,5.0,0.28106089432837567,-0.0018627047538757324,0.00404965877532959,-0.0037978291511535645,0.006208181381225586,0.009675499983131886,0.5895296591334045,False,False
146,2.92,-0.0057618264108896255,0.09723386913537979,4.73567533493042,0.27575236558914185,-0.04390948638319969,0.020392829552292824,-0.003104452509433031,0.18495270609855652,0.03386901691555977,0.031924404203891754,0.006392352748662233,-0.012527918443083763,0.0,0.0,5.0,0.28170046594702514,-0.002090930938720703,0.004268169403076172,-0.0018922686576843262,0.004670381546020508,0.009675773791968822,0.5992054329253733,False,False
147,2.94,-0.005895890761166811,0.1008705273270607,4.736355304718018,0.2754923403263092,-0.04376974329352379,0.021044930443167686,-0.010292218066751957,0.17869344353675842,0.0341239795088768,0.03214643895626068,0.0070411101914942265,-0.013730986043810844,0.0,0.0,5.0,0.2823440280250961,-0.0008757114410400391,0.0028024911880493164,0.0006209611892700195,0.00393986701965332,0.009676119312644005,0.6088815522380173,False,False
148,2.96,-0.006173154339194298,0.10438080132007599,4.73704195022583,0.27521461248397827,-0.04359433799982071,0.021696092560887337,-0.017423413693904877,0.17231588065624237,0.03452775627374649,0.03175719454884529,0.009901986457407475,-0.014382464811205864,0.0,0.0,5.0,0.28298479722372283,0.00038313865661621094,0.0016149282455444336,0.0028802156448364258,0.0029954910278320312,0.00967616681009531,0.6185577190481126,False,False
149,2.98,-0.006592395715415478,0.10776238143444061,4.737738132476807,0.27493083477020264,-0.04334785044193268,0.02233145199716091,-0.024487992748618126,0.1658245027065277,0.035066306591033936,0.03054508939385414,0.014116620644927025,-0.014507865533232689,0.0,0.0,5.0,0.2836150166871344,0.0016902685165405273,0.000677943229675293,0.0047026872634887695,0.0022535324096679688,0.00967590045183897,0.6282336194999516,False,False
150,3.0,-0.007152148988097906,0.11101305484771729,4.738446235656738,0.2746512293815613,-0.04300924390554428,0.022938814014196396,-0.03147193789482117,0.1592274159193039,0.03574675694108009,0.02898465469479561,0.019103974103927612,-0.014185665175318718,0.0,0.0,5.0,0.28422776645482883,0.003871917724609375,0.003603696823120117,0.005010366439819336,0.003007173538208008,0.009675399400293827,0.6379090189002454,False,False
151,3.02,-0.007850808091461658,0.1141306608915329,4.7391743659973145,0.2743784785270691,-0.042614880949258804,0.02351132407784462,-0.03837691247463226,0.1525191068649292,0.0370321124792099,0.027099061757326126,0.019688718020915985,-0.013974158093333244,0.0,0.0,5.0,0.2848112608309754,0.0031741857528686523,0.002842426300048828,0.006476879119873047,0.003873109817504883,0.009675195440649986,0.6475842143408954,False,False
152,3.04,-0.008686546236276627,0.11711324006319046,4.739928722381592,0.2741119861602783,-0.0421675406396389,0.02403990924358368,-0.04517877474427223,0.1457262486219406,0.038403961807489395,0.024629615247249603,0.024400249123573303,-0.013700833544135094,0.0,0.0,5.0,0.2853559821095128,0.0038198232650756836,0.0019266605377197266,0.0076141357421875,0.0038368701934814453,0.00967496819794178,0.6572591825388372,False,False
153,3.06,-0.009657187387347221,0.11995922029018402,4.7407121658325195,0.2738564908504486,-0.04161114618182182,0.024522749707102776,-0.051864203065633774,0.1388620287179947,0.039858900010585785,0.022584354504942894,0.030603542923927307,-0.013172900304198265,0.0,0.0,5.0,0.2858560070177398,0.005074262619018555,0.0005273818969726562,0.009331464767456055,0.003263115882873535,0.009674584493041039,0.6669337670318782,False,False
154,3.08,-0.010760207660496235,0.12266731262207031,4.741526126861572,0.2736198306083679,-0.04091694951057434,0.024967700242996216,-0.05841265991330147,0.13194021582603455,0.04141450300812721,0.020934145897626877,0.038209810853004456,-0.012184565886855125,0.0,0.0,5.0,0.28630716852708693,0.005756974220275879,-0.0014545917510986328,0.010362505912780762,0.00270235538482666,0.009674247354269028,0.6766080143861473,False,False
155,3.1,-0.011992544867098331,0.12523658573627472,4.742369174957275,0.2734115719795227,-0.04005192592740059,0.025389989838004112,-0.0647909864783287,0.1249811202287674,0.0428929328918457,0.020451713353395462,0.047741495072841644,-0.01079990528523922,0.0,0.0,5.0,0.2867083283608337,0.005991697311401367,-0.0020827054977416992,0.010543227195739746,0.0017027854919433594,0.00967409648001194,0.6862821108661592,False,False
156,3.12,-0.013350456953048706,0.1276664137840271,4.743240833282471,0.27323803305625916,-0.039001625031232834,0.025797607377171516,-0.07096440345048904,0.11799866706132889,0.04425797984004021,0.0196240171790123,0.05681069567799568,-0.009225038811564445,0.0,0.0,5.0,0.28705786455488314,0.0059702396392822266,-0.0020279884338378906,0.011005163192749023,0.0020502805709838867,0.00967385619878769,0.6959559670649469,False,False
157,3.14,-0.014829564839601517,0.1299564093351364,4.744139671325684,0.2731013298034668,-0.03776230663061142,0.026184996590018272,-0.07690475136041641,0.11099862307310104,0.04571225121617317,0.01858958788216114,0.06672478467226028,-0.0076466635800898075,0.0,0.0,5.0,0.2873553411891672,0.005862236022949219,-0.001858830451965332,0.0116044282913208,0.0012863874435424805,0.009673632681369781,0.7056295997463167,False,False
158,3.16,-0.01642482355237007,0.13210637867450714,4.745068550109863,0.2730029225349426,-0.0363280326128006,0.026532242074608803,-0.08257350325584412,0.1039992943406105,0.04716448485851288,0.01576978527009487,0.07639413326978683,-0.005967135075479746,0.0,0.0,5.0,0.2875967911126723,0.006455183029174805,-0.002093493938446045,0.011745452880859375,0.0006119012832641602,0.009673413820564747,0.7153030135668814,False,False
159,3.18,-0.018130455166101456,0.1341165155172348,4.746026515960693,0.27294498682022095,-0.03471103310585022,0.026821618899703026,-0.08793660998344421,0.09702051430940628,0.048608750104904175,0.012961406260728836,0.08509429544210434,-0.004134679678827524,0.0,0.0,5.0,0.28778200731470105,0.006551265716552734,-0.0021651387214660645,0.011482715606689453,-0.00025397539138793945,0.009673338383436203,0.7249763519503176,False,False
160,3.2,-0.019940009340643883,0.13598749041557312,4.747012138366699,0.27292919158935547,-0.03293362632393837,0.027048559859395027,-0.09296166896820068,0.0900857001543045,0.04995494335889816,0.009678401052951813,0.0925396978855133,-0.0022303967271000147,0.0,0.0,5.0,0.28791154831965443,0.0065844058990478516,-0.002315342426300049,0.010979890823364258,-0.0010246634483337402,0.009673330001533031,0.7346496819518507,False,False
161,3.22,-0.0218464694917202,0.13772039115428925,4.748023509979248,0.2729559540748596,-0.031020985916256905,0.0272075105458498,-0.09762316197156906,0.08321598172187805,0.05117574706673622,0.0063013602048158646,0.09872647374868393,-0.0002841383102349937,0.0,0.0,5.0,0.2879866765878609,0.006417632102966309,-0.0024392008781433105,0.010297060012817383,-0.0017893314361572266,0.009673400782048702,0.7443230827338994,False,False
162,3.24,-0.02384234592318535,0.13931672275066376,4.749057769775391,0.2730249762535095,-0.028998304158449173,0.027296319603919983,-0.1019006222486496,0.07643194496631622,0.052237607538700104,0.002785898046568036,0.10365499556064606,0.0016657717060297728,0.0,0.0,5.0,0.28800973873674307,0.006516814231872559,-0.002400815486907959,0.009685754776000977,-0.0023758411407470703,0.00967348087579012,0.7539965636096895,False,False
163,3.2600000000000002,-0.02591981738805771,0.14077837765216827,4.750112056732178,0.27313539385795593,-0.02689267136156559,0.027314720675349236,-0.10578078031539917,0.06974973529577255,0.053207069635391235,-0.0006382680148817599,0.1071309968829155,0.003619016148149967,0.0,0.0,5.0,0.28798328551919317,0.005345582962036133,-0.0017755627632141113,0.009133696556091309,-0.00286257266998291,0.009673712775111198,0.7636702763848007,False,False
164,3.2800000000000002,-0.028070826083421707,0.14210756123065948,4.751183986663818,0.27328482270240784,-0.02472393400967121,0.02724500745534897,-0.10925307869911194,0.06318899989128113,0.054032642394304276,-0.005948667414486408,0.11007022112607956,0.005399049259722233,0.0,0.0,5.0,0.28790960166073354,0.00500035285949707,-0.0019984841346740723,0.008308887481689453,-0.0031085610389709473,0.009673898108303547,0.7733441744931042,False,False
165,3.3000000000000003,-0.030287152156233788,0.1433069109916687,4.75227165222168,0.27347037196159363,-0.022502845153212547,0.027073504403233528,-0.11231197416782379,0.05677138641476631,0.05470888316631317,-0.0107642887160182,0.11246075481176376,0.0071137333288788795,0.0,0.0,5.0,0.2877907514439707,0.004567146301269531,-0.00208127498626709,0.007156968116760254,-0.0037343502044677734,0.009674165397882462,0.7830183398909867,False,False
166,3.3200000000000003,-0.03256048634648323,0.14437954127788544,4.75337028503418,0.27368980646133423,-0.020248545333743095,0.026807263493537903,-0.11495371907949448,0.05051977187395096,0.05517134442925453,-0.01539124920964241,0.11347895860671997,0.008746706880629063,0.0,0.0,5.0,0.28763145432107023,0.00406491756439209,-0.002332448959350586,0.00607144832611084,-0.004152953624725342,0.00967444572597742,0.7926927856169641,False,False
167,3.34,-0.03488249331712723,0.14532895386219025,4.754476070404053,0.27394071221351624,-0.017982836812734604,0.026452895253896713,-0.1171797513961792,0.044452451169490814,0.05542314797639847,-0.019567027688026428,0.1136799156665802,0.010294252075254917,0.0,0.0,5.0,0.287435720074826,0.003522157669067383,-0.0022448301315307617,0.005193114280700684,-0.005051612854003906,0.009674688801169395,0.8023674744181335,False,False
168,3.36,-0.03724490478634834,0.14615900814533234,4.75558614730835,0.2742207944393158,-0.01572820357978344,0.026007991284132004,-0.1189950481057167,0.038585711270570755,0.055466294288635254,-0.024452371522784233,0.11244095116853714,0.011785098351538181,0.0,0.0,5.0,0.2872068418094305,0.0036525726318359375,-0.0030331015586853027,0.004657387733459473,-0.005684316158294678,0.009674797765910625,0.8120422721840441,False,False
169,3.38,-0.03963959962129593,0.1468738466501236,4.756694316864014,0.27452972531318665,-0.01350454706698656,0.025474507361650467,-0.12040964514017105,0.032934460788965225,0.05533964931964874,-0.02844478376209736,0.11064616590738297,0.013370447792112827,0.0,0.0,5.0,0.2869510065049601,0.003466963768005371,-0.003709852695465088,0.003618478775024414,-0.0051836371421813965,0.009675100445747375,0.8217173726297915,False,False
170,3.4,-0.042058683931827545,0.147477924823761,4.757798671722412,0.2748672664165497,-0.011313858442008495,0.0248835738748312,-0.12143482267856598,0.027510127052664757,0.05508450046181679,-0.030230678617954254,0.10920335352420807,0.01485817227512598,0.0,0.0,5.0,0.2866708122984064,0.0034149885177612305,-0.0025772452354431152,0.0020078420639038086,-0.005357682704925537,0.009675584733486176,0.8313929573632777,False,False
171,3.42,-0.044494446367025375,0.1479758322238922,4.758896827697754,0.2752293646335602,-0.009183661080896854,0.024260129779577255,-0.12208104878664017,0.022316910326480865,0.0547681525349617,-0.031743619590997696,0.10464192926883698,0.01610182784497738,0.0,0.0,5.0,0.2863692413197831,0.0031102895736694336,-0.002086460590362549,0.0008791685104370117,-0.00552135705947876,0.009676004759967327,0.841068962123245,False,False
172,3.44,-0.04693949222564697,0.14837217330932617,4.759987831115723,0.2756107449531555,-0.007161080837249756,0.0236088614910841,-0.12236589938402176,0.017357179895043373,0.05435016006231308,-0.033072423189878464,0.09847088903188705,0.01718156598508358,0.0,0.0,5.0,0.28604800113874096,0.0023664236068725586,-0.0019597411155700684,0.00035965442657470703,-0.005425691604614258,0.009676401503384113,0.8507453636266291,False,False
173,3.46,-0.04938681423664093,0.14867164194583893,4.761069297790527,0.27600812911987305,-0.005260010249912739,0.022928891703486443,-0.12231329828500748,0.012629748322069645,0.05383595824241638,-0.03467828780412674,0.09250953793525696,0.018122991546988487,0.0,0.0,5.0,0.2857099840706095,0.0017594099044799805,-0.002149224281311035,9.322166442871094e-05,-0.005399823188781738,0.009676690213382244,0.8604220538400114,False,False
174,3.48,-0.05182991549372673,0.14887890219688416,4.762139797210693,0.27641984820365906,-0.0034722338896244764,0.022216113284230232,-0.12194763123989105,0.00813409872353077,0.05322515591979027,-0.03642022982239723,0.08715193718671799,0.018998345360159874,0.0,0.0,5.0,0.28535722126907237,0.0012848377227783203,-0.002394556999206543,-0.00017833709716796875,-0.005531966686248779,0.00967689324170351,0.8700989470817149,False,False
175,3.5,-0.05426276847720146,0.14899858832359314,4.76319694519043,0.2768450677394867,-0.001788224559277296,0.021468201652169228,-0.1212916150689125,0.0038710166700184345,0.05250854790210724,-0.038259703665971756,0.08213780075311661,0.019839322194457054,0.0,0.0,5.0,0.2849924808348078,0.0010254383087158203,-0.002473115921020508,-0.0007507801055908203,-0.005622923374176025,0.009677089750766754,0.8797760368324816,False,False
176,3.52,-0.056679774075746536,0.14903533458709717,4.764238357543945,0.27728304266929626,-0.0002080364793073386,0.02068745531141758,-0.12036681920289993,-0.00015868509944994003,0.05169755965471268,-0.03977205976843834,0.0767691507935524,0.020618712529540062,0.0,0.0,5.0,0.2846184811257734,0.00043189525604248047,-0.0024214982986450195,-0.0010508298873901367,-0.005518734455108643,0.009677302092313766,0.8894533389247954,False,False
177,3.54,-0.05907578021287918,0.14899380505084991,4.765263557434082,0.27773231267929077,0.0012686110567301512,0.019874511286616325,-0.1191948801279068,-0.0039551700465381145,0.05081753060221672,-0.04154638200998306,0.07177645713090897,0.021300366148352623,0.0,0.0,5.0,0.2842363439460084,4.553794860839844e-05,-0.0026832222938537598,-0.0012366771697998047,-0.005422651767730713,0.009677444584667683,0.8991307835094631,False,False
178,3.56,-0.06144605204463005,0.14887869358062744,4.766270160675049,0.2781917452812195,0.002651605987921357,0.01902846246957779,-0.11779661476612091,-0.007517450489103794,0.0498679056763649,-0.04314900562167168,0.06739070266485214,0.021944066509604454,0.0,0.0,5.0,0.28384876343752713,-0.00024759769439697266,-0.002973198890686035,-0.0012718439102172852,-0.005347549915313721,0.009677546098828316,0.9088083296082914,False,False
179,3.58,-0.06378625333309174,0.14869467914104462,4.767257213592529,0.27866125106811523,0.003953828942030668,0.018152177333831787,-0.11619044840335846,-0.01084456779062748,0.048867594450712204,-0.044634588062763214,0.06368209421634674,0.02257729135453701,0.0,0.0,5.0,0.28345722489265485,-0.00030475854873657227,-0.0033225417137145996,-0.0011538863182067871,-0.00520932674407959,0.009677626192569733,0.9184859558008611,False,False
180,3.6,-0.06609238684177399,0.1484464704990387,4.768224716186523,0.27914130687713623,0.0051892888732254505,0.017250237986445427,-0.11439187079668045,-0.013935694471001625,0.04785475134849548,-0.045779671519994736,0.06069439649581909,0.02323589287698269,0.0,0.0,5.0,0.2830624319631312,-0.0010985136032104492,-0.0036038756370544434,-0.0010025501251220703,-0.005952179431915283,0.009677491150796413,0.9281634469516575,False,False
181,3.62,-0.06836074590682983,0.1481388360261917,4.76917028427124,0.27963289618492126,0.006370459217578173,0.016310732811689377,-0.11241555958986282,-0.016786547377705574,0.046680279076099396,-0.04845498874783516,0.058230966329574585,0.023930003866553307,0.0,0.0,5.0,0.2826670550020874,-0.0015580058097839355,-0.00463634729385376,-0.001023411750793457,-0.007362306118011475,0.009677120484411716,0.9378405674360693,False,False
182,3.64,-0.07058792561292648,0.14777667820453644,4.7700886726379395,0.2801382839679718,0.007503252476453781,0.015309512615203857,-0.11027554422616959,-0.019389202818274498,0.04522076994180679,-0.05201822519302368,0.05583330988883972,0.02480681799352169,0.0,0.0,5.0,0.2822761419477171,-0.0013439655303955078,-0.005843937397003174,-0.001219034194946289,-0.007889628410339355,0.00967687088996172,0.947517438326031,False,False
183,3.66,-0.07277076691389084,0.147365003824234,4.7709760665893555,0.2806609570980072,0.008591257967054844,0.014249585568904877,-0.10798335820436478,-0.021736223250627518,0.043594345450401306,-0.05439551919698715,0.05372798070311546,0.025846844539046288,0.0,0.0,5.0,0.28189358088511995,-0.001690208911895752,-0.006316006183624268,-0.0013914108276367188,-0.0081254243850708,0.009676682762801647,0.9571941210888326,False,False
184,3.68,-0.07490632683038712,0.1469089835882187,4.7718305587768555,0.28120291233062744,0.009641899727284908,0.013143522664904594,-0.10554946959018707,-0.023821013048291206,0.041848890483379364,-0.05670526996254921,0.05206861346960068,0.026904558762907982,0.0,0.0,5.0,0.2815217596673946,-0.0017198920249938965,-0.00661998987197876,-0.001765131950378418,-0.008182764053344727,0.009676516987383366,0.966870638076216,False,False
185,3.7,-0.07699185609817505,0.14641395211219788,4.77264928817749,0.2817643880844116,0.010658618994057178,0.011998457834124565,-0.10298260301351547,-0.025637786835432053,0.040029376745224,-0.05837159976363182,0.050300899893045425,0.02795829437673092,0.0,0.0,5.0,0.2811638978331979,-0.0019965767860412598,-0.007356107234954834,-0.0018317103385925293,-0.007846653461456299,0.00967629998922348,0.9765469380654395,False,False
186,3.72,-0.0790247917175293,0.14588531851768494,4.773431301116943,0.28234556317329407,0.011654336005449295,0.010830220766365528,-0.10029056668281555,-0.02718215435743332,0.038137611001729965,-0.059100981801748276,0.04992770403623581,0.029017334803938866,0.0,0.0,5.0,0.28082168573414423,-0.002729177474975586,-0.009542346000671387,-0.0011275410652160645,-0.007426083087921143,0.009675749577581882,0.9862226876430213,False,False
187,3.74,-0.08100266754627228,0.14532852172851562,4.774173259735107,0.282948762178421,0.012687036767601967,0.009660972282290459,-0.09747611731290817,-0.02845085598528385,0.0360700786113739,-0.05855823680758476,0.053954605013132095,0.030238082632422447,0.0,0.0,5.0,0.28049871300252843,-0.0033934712409973145,-0.010455727577209473,-0.0007927417755126953,-0.008534848690032959,0.009675046429038048,0.9958977340720594,False,False
188,3.7600000000000002,-0.08292296528816223,0.14474914968013763,4.774871349334717,0.283577561378479,0.013809469528496265,0.0084905456751585,-0.09452817589044571,-0.029440900310873985,0.03377148136496544,-0.05931771174073219,0.05885447934269905,0.03161638230085373,0.0,0.0,5.0,0.28019893621438996,-0.0026409029960632324,-0.011592745780944824,-0.0027850866317749023,-0.008595883846282959,0.009674500674009323,1.0055722347460687,False,False
189,3.7800000000000002,-0.08478280901908875,0.14415280520915985,4.775521755218506,0.2842331528663635,0.015012242831289768,0.0073476023972034454,-0.0914306566119194,-0.030148232355713844,0.031232552602887154,-0.055921901017427444,0.061938028782606125,0.032990895211696625,0.0,0.0,5.0,0.27992613013975254,-0.004068255424499512,-0.008432209491729736,-0.0032071471214294434,-0.00985860824584961,0.009674234315752983,1.0152464690618217,False,False
190,3.8000000000000003,-0.08657906204462051,0.14354510605335236,4.776121139526367,0.2849116623401642,0.016240064054727554,0.00621465127915144,-0.088167205452919,-0.030577339231967926,0.02869647555053234,-0.05843384936451912,0.06130106374621391,0.03401642292737961,0.0,0.0,5.0,0.27968352762250187,-0.002137899398803711,-0.009024977684020996,-0.0035892128944396973,-0.00904923677444458,0.009673926047980785,1.0249203951098025,False,False
191,3.8200000000000003,-0.08830836415290833,0.14293159544467926,4.776671409606934,0.2856104075908661,0.017445888370275497,0.005073047708719969,-0.08473599702119827,-0.030725350603461266,0.026331128552556038,-0.05690392106771469,0.05967358127236366,0.03516601771116257,0.0,0.0,5.0,0.2794699759234937,-0.0020763278007507324,-0.007794022560119629,-0.0038729310035705566,-0.008533358573913574,0.009673685766756535,1.034594080876559,False,False
192,3.84,-0.08996741473674774,0.14231792092323303,4.7771759033203125,0.28632882237434387,0.018608316779136658,0.003959192894399166,-0.08114255964756012,-0.030595898628234863,0.024112500250339508,-0.055777184665203094,0.05689211189746857,0.03613229840993881,0.0,0.0,5.0,0.27928319747425606,-0.0012589693069458008,-0.00505983829498291,-0.004910945892333984,-0.008694946765899658,0.009673479944467545,1.0442675608210266,False,False
193,3.86,-0.09155303984880447,0.141709566116333,4.7776384353637695,0.28706225752830505,0.01966414600610733,0.0028576557524502277,-0.07739626616239548,-0.03019576333463192,0.02212132327258587,-0.055780719965696335,0.04894012212753296,0.03683852404356003,0.0,0.0,5.0,0.279120450096206,-0.0014705657958984375,-0.0023096203804016113,-0.005840480327606201,-0.005694210529327393,0.009673571214079857,1.0539411320351064,False,False
194,3.88,-0.09306236356496811,0.1411118507385254,4.778063774108887,0.2878018617630005,0.020556636154651642,0.0017674576956778765,-0.07351823151111603,-0.029532505199313164,0.020579082891345024,-0.05472701042890549,0.04047996550798416,0.03690304607152939,0.0,0.0,5.0,0.2789782183145154,-0.00296097993850708,-0.0003647804260253906,-0.006921589374542236,-0.0033825039863586426,0.009673159569501877,1.0636142916046083,False,False
195,3.9,-0.09449312090873718,0.14052994549274445,4.778461933135986,0.28853529691696167,0.021289179101586342,0.000698378193192184,-0.06954386085271835,-0.028618426993489265,0.019199270755052567,-0.05371585860848427,0.03286461532115936,0.03633185476064682,0.0,0.0,5.0,0.27884893858344006,-0.004140794277191162,4.029273986816406e-05,-0.007570803165435791,-0.0020599961280822754,0.009672533720731735,1.07328682532534,False,False
196,3.92,-0.09584368765354156,0.13996872305870056,4.778831958770752,0.28925323486328125,0.021885955706238747,-0.00034608549322001636,-0.06550390273332596,-0.02746649645268917,0.01780690811574459,-0.05228061601519585,0.026826201006770134,0.035429470241069794,0.0,0.0,5.0,0.2787338486063277,-0.004889786243438721,9.85860824584961e-05,-0.00793689489364624,-0.001627802848815918,0.009671894833445549,1.0829587201587856,False,False
197,3.94,-0.09711300581693649,0.13943280279636383,4.779173374176025,0.2899511754512787,0.02237093262374401,-0.0013619773089885712,-0.06142144277691841,-0.026089033111929893,0.01635085791349411,-0.050853122025728226,0.02161223255097866,0.03437768667936325,0.0,0.0,5.0,0.278633883559146,-0.005176961421966553,3.8743019104003906e-05,-0.008252739906311035,-0.001422107219696045,0.009671295061707497,1.092630015220493,False,False
198,3.96,-0.09830039739608765,0.13892659544944763,4.779484272003174,0.29062700271606445,0.022754881531000137,-0.002346290275454521,-0.057314593344926834,-0.02449745684862137,0.014847882091999054,-0.04910324141383171,0.016657475382089615,0.03325613588094711,0.0,0.0,5.0,0.27855116827142096,-0.005050003528594971,0.000624537467956543,-0.008936405181884766,-0.00033080577850341797,0.009670709259808064,1.1023007244803011,False,False
199,3.98,-0.09940551221370697,0.13845427334308624,4.7797675132751465,0.29127830266952515,0.023037007078528404,-0.0032815963495522738,-0.05319700017571449,-0.022703081369400024,0.013452842831611633,-0.04591876640915871,0.011371459811925888,0.03192659467458725,0.0,0.0,5.0,0.2784840926775608,-0.006112277507781982,0.002091526985168457,-0.011349141597747803,0.0024204254150390625,0.009669674560427666,1.1119703990407288,False,False
200,4.0,-0.10042831301689148,0.13801972568035126,4.780023097991943,0.29189586639404297,0.02321317419409752,-0.004125152714550495,-0.04908541589975357,-0.02072419784963131,0.012128972448408604,-0.039865247905254364,0.006016903091222048,0.029880736023187637,0.0,0.0,5.0,0.2784333459723535,-0.007669806480407715,0.004001975059509277,-0.014002084732055664,0.004399299621582031,0.009668523445725441,1.1216389224864542,False,False
201,4.0200000000000005,-0.10136908292770386,0.13762634992599487,4.780251979827881,0.2924653887748718,0.023271357640624046,-0.004835997708141804,-0.044996317476034164,-0.01858910173177719,0.010772459208965302,-0.03254323825240135,-0.0004535432963166386,0.027080748230218887,0.0,0.0,5.0,0.27839880663738875,-0.009047627449035645,0.005482077598571777,-0.014834940433502197,0.005064129829406738,0.009667747654020786,1.131306670140475,False,False
202,4.04,-0.10222842544317245,0.13727697730064392,4.780453681945801,0.29297545552253723,0.023197291418910027,-0.00541657255962491,-0.04094499349594116,-0.016330257058143616,0.009408986195921898,-0.026699701324105263,-0.007213835138827562,0.023875299841165543,0.0,0.0,5.0,0.2783814024617079,-0.009459078311920166,0.005614876747131348,-0.014937222003936768,0.005299806594848633,0.009667294099926949,1.140973964240402,False,False
203,4.0600000000000005,-0.10300726443529129,0.1369737684726715,4.780627727508545,0.2934213876724243,0.022992439568042755,-0.005884062498807907,-0.036949582397937775,-0.013978049159049988,0.008031298406422138,-0.021079597994685173,-0.013522894121706486,0.02058764174580574,0.0,0.0,5.0,0.2783819385558486,-0.009404599666595459,0.005722761154174805,-0.014611244201660156,0.00572514533996582,0.00966697372496128,1.1506409379653633,False,False
204,4.08,-0.10370687395334244,0.13671830296516418,4.780775547027588,0.2938022315502167,0.022667622193694115,-0.0062402402982115746,-0.033025167882442474,-0.011559497565031052,0.006743859965354204,-0.015408157370984554,-0.01918940618634224,0.0172857828438282,0.0,0.0,5.0,0.27839966029415736,-0.009153664112091064,0.005999922752380371,-0.01398700475692749,0.006368041038513184,0.009666725993156433,1.1603076639585197,False,False
205,4.1,-0.10432881861925125,0.1365116536617279,4.780899524688721,0.2941177189350128,0.022237220779061317,-0.006484681740403175,-0.029184957966208458,-0.009101036936044693,0.005633763037621975,-0.009744653478264809,-0.02405061386525631,0.013979766517877579,0.0,0.0,5.0,0.2784330301195903,-0.007249653339385986,0.006734728813171387,-0.013469159603118896,0.0045146942138671875,0.009666705504059792,1.1699743694625795,False,False
206,4.12,-0.10487492382526398,0.13635435700416565,4.781002521514893,0.2943713366985321,0.021666012704372406,-0.00663044024258852,-0.025444818660616875,-0.006630098447203636,0.004653383977711201,-0.00538855092599988,-0.03323526307940483,0.011003393679857254,0.0,0.0,5.0,0.27848008170102484,-0.006577432155609131,0.007122635841369629,-0.012758970260620117,0.005410432815551758,0.009666481986641884,1.1796408514492214,False,False
207,4.14,-0.1053474172949791,0.13624638319015503,4.781088352203369,0.294566810131073,0.020916692912578583,-0.0066853733733296394,-0.02182791568338871,-0.0041718860156834126,0.003936991561204195,-0.0005216862773522735,-0.041825421154499054,0.008036162704229355,0.0,0.0,5.0,0.27853808501559923,-0.006561338901519775,0.007593750953674316,-0.011343777179718018,0.0060079097747802734,0.00966635812073946,1.1893072095699608,False,False
208,4.16,-0.10574904084205627,0.13618722558021545,4.781162261962891,0.2947043180465698,0.02001180127263069,-0.006658168043941259,-0.018361451104283333,-0.0017534528160467744,0.003469081362709403,0.00296005024574697,-0.0487540066242218,0.005102697294205427,0.0,0.0,5.0,0.27860325848677703,-0.006253302097320557,0.007084846496582031,-0.009812116622924805,0.006289958953857422,0.009666449390351772,1.1989736589603126,False,False
209,4.18,-0.10608303546905518,0.13617585599422455,4.781228542327881,0.2947857677936554,0.018989868462085724,-0.006567273288965225,-0.015069167129695415,0.0006022483576089144,0.0031632648315280676,0.00597003661096096,-0.05349098518490791,0.0023616321850568056,0.0,0.0,5.0,0.27867261232864704,-0.005724191665649414,0.006575345993041992,-0.008226573467254639,0.006094694137573242,0.009666670113801956,1.2086403290741146,False,False
210,4.2,-0.10635308176279068,0.13621079921722412,4.781290054321289,0.29481542110443115,0.017887765541672707,-0.006425316911190748,-0.01196689810603857,0.0028779723215848207,0.002999890362843871,0.008170193061232567,-0.056737180799245834,-0.00011691916733980179,0.0,0.0,5.0,0.27874432758824436,-0.004728376865386963,0.005403757095336914,-0.006563663482666016,0.005776882171630859,0.00966708268970251,1.218307411763817,False,False
211,4.22,-0.10656306892633438,0.13629035651683807,4.781351089477539,0.29479941725730896,0.016736984252929688,-0.006238162983208895,-0.009064996615052223,0.005060579627752304,0.0029552991036325693,0.010572412051260471,-0.058328624814748764,-0.002209319034591317,0.0,0.0,5.0,0.27881552146741156,-0.004496753215789795,0.005079150199890137,-0.00522691011428833,0.005527615547180176,0.00966736301779747,1.2279747747816145,False,False
212,4.24,-0.106717050075531,0.13641254603862762,4.781412124633789,0.29474347829818726,0.015566992573440075,-0.0060148173943161964,-0.006367973051965237,0.007139493245631456,0.0030123719479888678,0.011852066032588482,-0.0586344376206398,-0.004102230072021484,0.0,0.0,5.0,0.27888630434404316,-0.004168868064880371,0.00421297550201416,-0.004278838634490967,0.005342364311218262,0.009667709469795227,1.2376424842514098,False,False
213,4.26,-0.10681916028261185,0.13657522201538086,4.781473159790039,0.29465150833129883,0.014404835179448128,-0.005765686277300119,-0.0038766609504818916,0.009107759222388268,0.0030953504610806704,0.013198213651776314,-0.057525601238012314,-0.005778372287750244,0.0,0.0,5.0,0.2789571726344076,-0.0035810470581054688,0.003933072090148926,-0.0034436583518981934,0.004656434059143066,0.009668094106018543,1.2473105783574283,False,False
214,4.28,-0.10687346011400223,0.13677608966827393,4.78153657913208,0.2945278286933899,0.013262963853776455,-0.005497095175087452,-0.0015864286106079817,0.010961857624351978,0.00322667951695621,0.013831550255417824,-0.05659050866961479,-0.007232107222080231,0.0,0.0,5.0,0.2790267038098627,-0.0029538869857788086,0.003536820411682129,-0.0028269290924072266,0.004424691200256348,0.00966844242066145,1.2569790207780898,False,False
215,4.3,-0.1068839356303215,0.13701289892196655,4.78160285949707,0.2943764328956604,0.012141358107328415,-0.005214155651628971,0.000507425342220813,0.012700016610324383,0.0034217233769595623,0.014654291793704033,-0.05548769235610962,-0.008511580526828766,0.0,0.0,5.0,0.27909500380100705,-0.002504289150238037,0.003510713577270508,-0.0021997690200805664,0.004189848899841309,0.00966875720769167,1.2666477779857814,False,False
216,4.32,-0.10685445368289948,0.1372832953929901,4.781673908233643,0.29420021176338196,0.011041387915611267,-0.004919098224490881,0.002409782027825713,0.01432083547115326,0.003699836554005742,0.015055282041430473,-0.05441887676715851,-0.009666509926319122,0.0,0.0,5.0,0.27916099264009253,-0.0020270347595214844,0.0031054019927978516,-0.0015763640403747559,0.004048705101013184,0.009669122286140919,1.2763169002719223,False,False
217,4.34,-0.10678879916667938,0.13758493959903717,4.78175163269043,0.29400190711021423,0.009967203252017498,-0.004614772275090218,0.0041250851936638355,0.015823455527424812,0.004034948069602251,0.015585353597998619,-0.052904147654771805,-0.010668136179447174,0.0,0.0,5.0,0.27922358973629935,-0.00161057710647583,0.002893686294555664,-0.0009557008743286133,0.0037230253219604492,0.009669500403106213,1.2859864006750286,False,False
218,4.36,-0.1066906675696373,0.1379154473543167,4.78183650970459,0.2937847077846527,0.008924282155930996,-0.004303280729800463,0.005659100599586964,0.017207732424139977,0.004421417601406574,0.015768688172101974,-0.051290467381477356,-0.011523142457008362,0.0,0.0,5.0,0.2792827915630888,-0.0011546015739440918,0.0025048255920410156,-0.0003948807716369629,0.0034728050231933594,0.00966989528387785,1.2956562959589064,False,False
219,4.38,-0.10656362026929855,0.1382724493741989,4.781929016113281,0.2935514450073242,0.007916279137134552,-0.00398767227306962,0.007018056698143482,0.018474454060196877,0.004847025964409113,0.01598837971687317,-0.04941227659583092,-0.012224040925502777,0.0,0.0,5.0,0.2793385570131005,-0.0007651448249816895,0.0022698640823364258,0.000125885009765625,0.003161311149597168,0.009670278988778591,1.305326574947685,False,False
220,4.4,-0.10641108453273773,0.13865362107753754,4.7820305824279785,0.29330500960350037,0.006946451961994171,-0.0036697927862405777,0.008208959363400936,0.019625017419457436,0.005310126580297947,0.015982521697878838,-0.04747568070888519,-0.012789271771907806,0.0,0.0,5.0,0.2793900723827407,-0.0003771781921386719,0.002011537551879883,0.0005524158477783203,0.0029425621032714844,0.009670646861195564,1.3149972218088806,False,False
221,4.42,-0.10623634606599808,0.13905668258666992,4.78214168548584,0.29304802417755127,0.0060162534937262535,-0.0033518499694764614,0.009239042177796364,0.020661449059844017,0.00580779742449522,0.015978150069713593,-0.045453548431396484,-0.013234168291091919,0.0,0.0,5.0,0.27943723338240933,-9.334087371826172e-05,0.002040386199951172,0.0002841949462890625,0.0030971765518188477,0.009670925326645374,1.324668147135526,False,False
222,4.44,-0.10604254901409149,0.1394793540239334,4.782263278961182,0.2927815914154053,0.005121915601193905,-0.0030264484230428934,0.01011558249592781,0.02158554457128048,0.0063262805342674255,0.016710221767425537,-0.043894972652196884,-0.013694822788238525,0.0,0.0,5.0,0.27947950209107636,-0.000152587890625,0.002278447151184082,0.00022649765014648438,0.003113985061645508,0.009671201929450035,1.334339349064976,False,False
223,4.46,-0.10583269596099854,0.13991934061050415,4.782394886016846,0.2925051748752594,0.004256414715200663,-0.002688637003302574,0.010845220647752285,0.022397054359316826,0.006859483662992716,0.017200451344251633,-0.042575959116220474,-0.014190077781677246,0.0,0.0,5.0,0.27951738236265916,-6.955862045288086e-05,0.0021086931228637695,0.000347137451171875,0.003040313720703125,0.00967155396938324,1.3440109030343592,False,False
224,4.48,-0.10560967028141022,0.14037443697452545,4.782537460327148,0.292218953371048,0.003418814856559038,-0.0023401977960020304,0.011433696374297142,0.023095449432730675,0.007389676757156849,0.017753219231963158,-0.04111200198531151,-0.014643676578998566,0.0,0.0,5.0,0.27955024803034917,4.7326087951660156e-05,0.0019985437393188477,0.0005826950073242188,0.0027990341186523438,0.009671935811638832,1.353682838845998,False,False
225,4.5,-0.10537625849246979,0.14084236323833466,4.782690525054932,0.2919239401817322,0.0026104485150426626,-0.00198320928029716,0.011886963620781898,0.023680515587329865,0.007920650765299797,0.01803448610007763,-0.03966083750128746,-0.015031799674034119,0.0,0.0,5.0,0.2795784953055798,0.00023102760314941406,0.0017729997634887695,0.0008749961853027344,0.0026775598526000977,0.00967231672257185,1.36335515556857,False,False
226,4.5200000000000005,-0.10513506829738617,0.14132088422775269,4.782854080200195,0.2916216254234314,0.0018335122149437666,-0.001620427705347538,0.012210984714329243,0.024152744561433792,0.008464918471872807,0.018310735002160072,-0.03797834366559982,-0.015343204140663147,0.0,0.0,5.0,0.2796020840239091,0.000392913818359375,0.001589059829711914,0.0011800527572631836,0.0023854970932006836,0.009672721847891808,1.3730278774164617,False,False
227,4.54,-0.10488863289356232,0.14180772006511688,4.783029079437256,0.29131361842155457,0.0010906999232247472,-0.00125463108997792,0.012412152253091335,0.024513086304068565,0.009008699096739292,0.01831391267478466,-0.03625869378447533,-0.015566863119602203,0.0,0.0,5.0,0.2796201622740958,0.000601649284362793,0.0013011693954467773,0.0015139579772949219,0.002052903175354004,0.009673134423792362,1.382701011840254,False,False
228,4.5600000000000005,-0.10463935136795044,0.14230065047740936,4.783214569091797,0.2910018563270569,0.0003832710790447891,-0.0008903934503905475,0.012496965005993843,0.024763399735093117,0.009545177221298218,0.01813276670873165,-0.03445085510611534,-0.015682179480791092,0.0,0.0,5.0,0.27963331710483735,0.0008080005645751953,0.0010260343551635742,0.0018544197082519531,0.001695394515991211,0.009673534892499447,1.3923745467327535,False,False
229,4.58,-0.1043894961476326,0.14279751479625702,4.783411026000977,0.290688693523407,-0.00028733533690683544,-0.0005319135379977524,0.012471974827349186,0.024906424805521965,0.010073271580040455,0.017716705799102783,-0.032587599009275436,-0.015687692910432816,0.0,0.0,5.0,0.2796409855437745,0.0010104179382324219,0.0007131099700927734,0.002181529998779297,0.0013478994369506836,0.009673918597400188,1.4020484653301537,False,False
230,4.6000000000000005,-0.10414118319749832,0.14329618215560913,4.7836174964904785,0.2903761863708496,-0.0009195727179758251,-0.00018328138685319573,0.012343751266598701,0.024945789948105812,0.010588584467768669,0.017127633094787598,-0.03062506392598152,-0.015582345426082611,0.0,0.0,5.0,0.27964364767181193,0.001192331314086914,0.00042128562927246094,0.002475142478942871,0.0010533332824707031,0.009674283675849438,1.4117227490060031,False,False
231,4.62,-0.10389640182256699,0.14379467070102692,4.783834457397461,0.29006659984588623,-0.0015112741384655237,0.00015251306467689574,0.012119011022150517,0.02488589659333229,0.011092894710600376,0.016414184123277664,-0.028544722124934196,-0.015378139913082123,0.0,0.0,5.0,0.27964068273830117,0.0013412237167358398,0.0001804828643798828,0.0027130842208862305,0.0009124279022216797,0.009674635715782642,1.4213973847217858,False,False
232,4.64,-0.10365701466798782,0.1442909836769104,4.784061431884766,0.28976163268089294,-0.0020592045038938522,0.0004743392637465149,0.01180480606853962,0.024731718003749847,0.01159744244068861,0.015713993459939957,-0.026257971301674843,-0.015102401375770569,0.0,0.0,5.0,0.2796321330963013,0.001465439796447754,1.2278556823730469e-05,0.0029271841049194336,0.0006743669509887695,0.00967499054968357,1.4310723752714694,False,False
233,4.66,-0.10342476516962051,0.14478331804275513,4.784298419952393,0.28946271538734436,-0.0025610902812331915,0.0007805700297467411,0.01140877977013588,0.024488553404808044,0.012095140293240547,0.014840050600469112,-0.02394937351346016,-0.01475735753774643,0.0,0.0,5.0,0.2796177084322363,0.0015982389450073242,-0.00023436546325683594,0.003098607063293457,0.0004608631134033203,0.009675339795649052,1.4407477150671184,False,False
234,4.68,-0.10320118069648743,0.1452699452638626,4.784545421600342,0.28917133808135986,-0.003015948226675391,0.0010693869553506374,0.010938716121017933,0.02416221611201763,0.012577206827700138,0.013960429467260838,-0.021563369780778885,-0.014341138303279877,0.0,0.0,5.0,0.27959706015530483,0.0016978979110717773,-0.00041407346725463867,0.0032320022583007812,0.0002257823944091797,0.009675689041614532,1.450423404108733,False,False
235,4.7,-0.10298766940832138,0.1457493007183075,4.784801483154297,0.2888887822628021,-0.003423237707465887,0.0013397448929026723,0.01040253322571516,0.02375876158475876,0.01304120197892189,0.012984410859644413,-0.019199669361114502,-0.013864606618881226,0.0,0.0,5.0,0.27957059996112554,0.001788496971130371,-0.0006215572357177734,0.0033229589462280273,1.9311904907226562e-05,0.00967603549361229,1.4600994396023452,False,False
236,4.72,-0.10278547555208206,0.14621984958648682,4.785067081451416,0.28861626982688904,-0.0037831796798855066,0.001590665546245873,0.009808097966015339,0.023284494876861572,0.013482064940035343,0.012009469792246819,-0.016834501177072525,-0.013332553207874298,0.0,0.0,5.0,0.2795375786426124,0.0018485784530639648,-0.0007842779159545898,0.003377079963684082,-0.00018900632858276367,0.009676379151642323,1.4697758187539876,False,False
237,4.74,-0.10259568691253662,0.14668023586273193,4.785340785980225,0.288354754447937,-0.004096322692930698,0.0018217043252661824,0.00916319526731968,0.02274579368531704,0.013897386379539967,0.010991419665515423,-0.014524386264383793,-0.012755371630191803,0.0,0.0,5.0,0.2794987383323754,0.001895308494567871,-0.0009548664093017578,0.003395557403564453,-0.000375211238861084,0.009676718153059483,1.479452536907047,False,False
238,4.76,-0.10241924226284027,0.14712926745414734,4.785622596740723,0.288105309009552,-0.004363708198070526,0.0020325465593487024,0.008475433103740215,0.022149084135890007,0.014283851720392704,0.00998733565211296,-0.012262212112545967,-0.012138843536376953,0.0,0.0,5.0,0.2794537413517293,0.0019159317016601562,-0.001091301441192627,0.003383040428161621,-0.0005548596382141113,0.009677054360508919,1.489129591267556,False,False
239,4.78,-0.10225691646337509,0.1475658267736435,4.785911560058594,0.28786852955818176,-0.004586659371852875,0.0022232113406062126,0.007752209901809692,0.0215007234364748,0.014639873057603836,0.008973215706646442,-0.010083256289362907,-0.011492207646369934,0.0,0.0,5.0,0.279402953299588,0.0019223690032958984,-0.0012274384498596191,0.003342151641845703,-0.000716865062713623,0.009677383117377758,1.4988069743849337,False,False
240,4.8,-0.10210934281349182,0.14798897504806519,4.78620719909668,0.28764501214027405,-0.004766813479363918,0.00239381892606616,0.007000639569014311,0.02080698497593403,0.014962908811867237,0.007982978597283363,-0.007983749732375145,-0.010821014642715454,0.0,0.0,5.0,0.27934640921921083,0.0019104480743408203,-0.0013390779495239258,0.003277420997619629,-0.0008701682090759277,0.00967770628631115,1.5084846806712449,False,False
241,4.82,-0.10197702795267105,0.14839783310890198,4.7865095138549805,0.2874352037906647,-0.00490599637851119,0.002544713206589222,0.006227537523955107,0.02007398009300232,0.0152522511780262,0.00700500188395381,-0.005986364558339119,-0.010132290422916412,0.0,0.0,5.0,0.2792837603154078,0.0018841028213500977,-0.001445174217224121,0.0031909942626953125,-0.001008450984954834,0.009678022004663944,1.5181627026759088,False,False
242,4.84,-0.10186035186052322,0.14879168570041656,4.7868170738220215,0.28723931312561035,-0.00500624580308795,0.002676307922229171,0.005439371336251497,0.019307641312479973,0.015506314113736153,0.0060573723167181015,-0.0040895650163292885,-0.009431309998035431,0.0,0.0,5.0,0.2792157893610721,0.0018450021743774414,-0.0015333890914916992,0.0030870437622070312,-0.0011362433433532715,0.009678329341113567,1.5278410320170224,False,False
243,4.86,-0.10175953805446625,0.1491699516773224,4.7871294021606445,0.28705763816833496,-0.0050697121769189835,0.0027891776990145445,0.004642245825380087,0.01851368136703968,0.015725020319223404,0.005138068925589323,-0.0023066478315740824,-0.008723556995391846,0.0,0.0,5.0,0.2791425612352184,0.001773238182067871,-0.001618802547454834,0.002961277961730957,-0.0012394189834594727,0.009678631089627743,1.5375196631066501,False,False
244,4.88,-0.10167469829320908,0.14953210949897766,4.787446022033691,0.28689008951187134,-0.005098320078104734,0.002883992390707135,0.003841909347102046,0.01769757829606533,0.01590576581656933,0.004258275497704744,-0.000601737410761416,-0.008016631007194519,0.0,0.0,5.0,0.27906413168576744,0.0014535188674926758,-0.0018014907836914062,0.002739548683166504,-0.0012280941009521484,0.009678952395915985,1.547198615502566,False,False
245,4.9,-0.1016058549284935,0.14987774193286896,4.787765979766846,0.28673654794692993,-0.005089677404612303,0.002962189493700862,0.0030441635753959417,0.016864735633134842,0.016016477718949318,0.003483150852844119,0.0014211429515853524,-0.007344144396483898,0.0,0.0,5.0,0.2789809431251043,0.0013611316680908203,-0.0018527507781982422,0.0024809837341308594,-0.0015290379524230957,0.009679232724010944,1.556877848226577,False,False
246,4.92,-0.10155288130044937,0.15020661056041718,4.788086414337158,0.2865966558456421,-0.005045127123594284,0.0030238977633416653,0.0022552460432052612,0.016020305454730988,0.016058268025517464,0.0026167863979935646,0.002991972491145134,-0.00667156558483839,0.0,0.0,5.0,0.27889492886202605,0.001374363899230957,-0.0019254088401794434,0.0022391080856323242,-0.0016791224479675293,0.009679493494331837,1.5665573417209089,False,False
247,4.94,-0.10151555389165878,0.1505185216665268,4.788406848907471,0.28647011518478394,-0.0049728164449334145,0.0030701386276632547,0.0014802044024690986,0.015169068239629269,0.0160557571798563,0.0019439044408500195,0.004200492519885302,-0.005999541841447353,0.0,0.0,5.0,0.278806195476128,0.0012700557708740234,-0.0018824338912963867,0.0020401477813720703,-0.001717686653137207,0.00967976450920105,1.57623710623011,False,False
248,4.96,-0.10149354487657547,0.15081335604190826,4.788727283477783,0.2863568663597107,-0.004878292325884104,0.003102995688095689,0.000722908356692642,0.014315019361674786,0.016023973003029823,0.0012860738206654787,0.005216892343014479,-0.0053561655804514885,0.0,0.0,5.0,0.2787144932702887,0.0011687278747558594,-0.0018916130065917969,0.001868128776550293,-0.0017377734184265137,0.009680015966296196,1.5859171221964061,False,False
249,4.98,-0.10148647427558899,0.15109111368656158,4.789047718048096,0.2862562835216522,-0.004764355719089508,0.003123270580545068,-1.3445382137433626e-05,0.013461769558489323,0.015962569043040276,0.0006928720977157354,0.006145494990050793,-0.0047354912385344505,0.0,0.0,5.0,0.2786196230645842,0.001070857048034668,-0.0018824338912963867,0.0017158985137939453,-0.0017812848091125488,0.009680249728262424,1.5955973719246686,False,False
250,5.0,-0.10149390995502472,0.15135185420513153,4.789365768432617,0.2861679792404175,-0.004633053205907345,0.003131627105176449,-0.0007260410930030048,0.012612617574632168,0.01587340608239174,0.00010126818233402446,0.006957103498280048,-0.00413487758487463,0.0,0.0,5.0,0.2785232073585106,0.000985264778137207,-0.0018915534019470215,0.0015752315521240234,-0.0018097162246704102,0.009680468589067459,1.605277840513736,False,False
251,5.0200000000000005,-0.10151533037424088,0.15159566700458527,4.789682388305664,0.28609156608581543,-0.004486360587179661,0.0031284785363823175,-0.0014124418376013637,0.011770672164857388,0.015758449211716652,-0.0004509932768996805,0.007688111625611782,-0.003551827510818839,0.0,0.0,5.0,0.2784243278601312,0.0008995532989501953,-0.0018830299377441406,0.001444101333618164,-0.0018393993377685547,0.009680675342679024,1.614958515856415,False,False
252,5.04,-0.10155020654201508,0.1518227458000183,4.7899956703186035,0.28602665662765503,-0.0043259975500404835,0.00311429426074028,-0.0020705177448689938,0.01093883067369461,0.015620311722159386,-0.000995995826087892,0.008327910676598549,-0.00298700830899179,0.0,0.0,5.0,0.2783242876141347,0.000820159912109375,-0.0018807649612426758,0.0013175010681152344,-0.0018544793128967285,0.009680869989097118,1.6246393858455122,False,False
253,5.0600000000000005,-0.10159795731306076,0.15203331410884857,4.790306568145752,0.2859729528427124,-0.0041535720229148865,0.0030894808005541563,-0.002698441967368126,0.010119839571416378,0.015460891649127007,-0.0015081831952556968,0.008897916413843632,-0.00244021019898355,0.0,0.0,5.0,0.27822222932741825,0.0007394552230834961,-0.001863718032836914,0.0011949539184570312,-0.0018671751022338867,0.009681054390966892,1.634320440236479,False,False
254,5.08,-0.101657934486866,0.15222764015197754,4.790614128112793,0.28592997789382935,-0.00397056620568037,0.0030544991604983807,-0.003294641152024269,0.00931626558303833,0.01528210286051035,-0.002007449511438608,0.0093894237652421,-0.0019126997794955969,0.0,0.0,5.0,0.2781187397791486,0.0006630420684814453,-0.001851201057434082,0.0010737180709838867,-0.0018677711486816406,0.00968122761696577,1.6440016678534448,False,False
255,5.1000000000000005,-0.10172952711582184,0.15240606665611267,4.790917873382568,0.2858974039554596,-0.003778385231271386,0.003009835723787546,-0.0038577995728701353,0.008530518971383572,0.01508528646081686,-0.002471538260579109,0.009818698279559612,-0.001404780661687255,0.0,0.0,5.0,0.2780141030805162,0.0005851984024047852,-0.0018233060836791992,0.0009539127349853516,-0.001864790916442871,0.009681391529738903,1.6536830593831837,False,False
256,5.12,-0.10181204229593277,0.1525689959526062,4.79121732711792,0.28587475419044495,-0.003578383009880781,0.0029560234397649765,-0.004386821761727333,0.007764827460050583,0.014872236177325249,-0.0029180769342929125,0.01017470471560955,-0.000918119796551764,0.0,0.0,5.0,0.27790860903944814,0.0005106925964355469,-0.001799166202545166,0.0008342266082763672,-0.0018510222434997559,0.009681545197963715,1.6633646045811474,False,False
257,5.14,-0.10190478712320328,0.15271683037281036,4.791512489318848,0.285861611366272,-0.0033718941267579794,0.0028936187736690044,-0.004880846478044987,0.007021256722509861,0.014644050970673561,-0.00332698505371809,0.010470287874341011,-0.0004530051373876631,0.0,0.0,5.0,0.277802192265948,0.0004363059997558594,-0.0017629265785217285,0.0007156133651733398,-0.0018338561058044434,0.00968168955296278,1.6730462941341102,False,False
258,5.16,-0.10200704634189606,0.15285004675388336,4.791803359985352,0.28585755825042725,-0.003160203341394663,0.002823279472067952,-0.005339215509593487,0.006301678251475096,0.014402375556528568,-0.003708329750224948,0.01069752499461174,-1.0800565178215038e-05,0.0,0.0,5.0,0.27769482387947236,0.00047397613525390625,-0.0017002224922180176,0.0005846023559570312,-0.0018358230590820312,0.009681821800768375,1.6827281159348786,False,False
259,5.18,-0.102118119597435,0.152969092130661,4.792088508605957,0.2858622372150421,-0.002946537686511874,0.002746421843767166,-0.005761593114584684,0.005607674364000559,0.014157632365822792,-0.003976036794483662,0.010670281946659088,0.00041694138781167567,0.0,0.0,5.0,0.27758753889735377,0.00040209293365478516,-0.0015927553176879883,0.0004756450653076172,-0.0017341971397399902,0.00968196801841259,1.6924100839532912,False,False
260,5.2,-0.1022372767329216,0.15307451784610748,4.792369365692139,0.2858751118183136,-0.0027339025400578976,0.0026645297184586525,-0.006148242857307196,0.00494031747803092,0.013915816321969032,-0.004209547303617001,0.010596650652587414,0.0008084364235401154,0.0,0.0,5.0,0.2774792768310223,0.0003180503845214844,-0.00151824951171875,0.0003800392150878906,-0.0016522407531738281,0.009682097472250462,1.7020921814255416,False,False
261,5.22,-0.10236381739377975,0.15316687524318695,4.792645454406738,0.285895437002182,-0.002522807801142335,0.0025781462900340557,-0.006499662529677153,0.00430044811218977,0.013671868480741978,-0.004423475358635187,0.010518028400838375,0.0011686049401760101,0.0,0.0,5.0,0.27737042084796487,0.00024175643920898438,-0.0014629960060119629,0.0002912282943725586,-0.0015963912010192871,0.009682211093604565,1.7117743925191462,False,False
262,5.24,-0.10249703377485275,0.1532467156648636,4.792916297912598,0.28592270612716675,-0.0023134255316108465,0.0024876133538782597,-0.006816384848207235,0.003688798751682043,0.013422817923128605,-0.004623264539986849,0.0104270800948143,0.0015030596405267715,0.0,0.0,5.0,0.2772613522742303,0.0001722574234008789,-0.0014143586158752441,0.00020587444305419922,-0.0015502572059631348,0.009682314470410347,1.7214567069895566,False,False
263,5.26,-0.10263624042272568,0.15331462025642395,4.793181896209717,0.28595635294914246,-0.002106079598888755,0.0023932296317070723,-0.007098977454006672,0.003106023883447051,0.01316790096461773,-0.004807641264051199,0.010315700434148312,0.001814272254705429,0.0,0.0,5.0,0.27715212192565186,0.00010776519775390625,-0.0013678669929504395,0.00012230873107910156,-0.0015054941177368164,0.009682409465312958,1.7311391164548695,False,False
264,5.28,-0.1027807742357254,0.1533711552619934,4.793442726135254,0.2859960198402405,-0.00190119375474751,0.0022953380830585957,-0.0073480624705553055,0.0025526948738843203,0.012907612137496471,-0.004973627161234617,0.0101821543648839,0.0021031531505286694,0.0,0.0,5.0,0.2770424267243726,4.649162292480469e-05,-0.0013200044631958008,3.981590270996094e-05,-0.0014600753784179688,0.009682497009634972,1.7408216134645045,False,False
265,5.3,-0.10292994976043701,0.15341691672801971,4.793698310852051,0.286041259765625,-0.001699251588433981,0.002194333355873823,-0.007564327213913202,0.0020292901899665594,0.01264245342463255,-0.005118766333907843,0.010022185742855072,0.0023700385354459286,0.0,0.0,5.0,0.27693268467502224,-1.2516975402832031e-05,-0.001269519329071045,-4.1484832763671875e-05,-0.0014116764068603516,0.009682578966021538,1.750504192430526,False,False
266,5.32,-0.10308312624692917,0.153452530503273,4.793948173522949,0.28609150648117065,-0.0015007797628641129,0.002090647118166089,-0.007748532108962536,0.0015361825935542583,0.012373331002891064,-0.00524185923859477,0.009835749864578247,0.002614536788314581,0.0,0.0,5.0,0.2768233466115655,-6.788969039916992e-05,-0.001218259334564209,-0.00012153387069702148,-0.0013601183891296387,0.009682654403150082,1.760186846833676,False,False
267,5.34,-0.10323966294527054,0.15347857773303986,4.794193267822266,0.2861463725566864,-0.0013063112273812294,0.0019847697112709284,-0.007901513017714024,0.0010736312251538038,0.012101228348910809,-0.005338201764971018,0.009622274897992611,0.002836886327713728,0.0,0.0,5.0,0.2767137742102614,-0.00012230873107910156,-0.0011646151542663574,-0.0001996159553527832,-0.001307666301727295,0.009682723321020603,1.7698695701546967,False,False
268,5.36,-0.10339897125959396,0.1534956842660904,4.794432163238525,0.2862055003643036,-0.001116382423788309,0.0018772156909108162,-0.008024177514016628,0.000641771184746176,0.011826560832560062,-0.005410115700215101,0.009381997399032116,0.0030370778404176235,0.0,0.0,5.0,0.27660514792145485,-0.00017374753952026367,-0.0011069178581237793,-0.0002754330635070801,-0.0012513399124145508,0.009682787582278252,1.779552357736975,False,False
269,5.38,-0.1035604327917099,0.15350446105003357,4.794666290283203,0.286268413066864,-0.0009315377101302147,0.0017684842459857464,-0.008117507211863995,0.00024061225121840835,0.011550630442798138,-0.005456576123833656,0.009113943204283714,0.0032147704623639584,0.0,0.0,5.0,0.27649650115024843,-0.00022292137145996094,-0.0010499358177185059,-0.000348508358001709,-0.001193702220916748,0.009682845324277878,1.7892352030612528,False,False
270,5.4,-0.10372347384691238,0.15350550413131714,4.794894218444824,0.2863345444202423,-0.0007523083477281034,0.0016590921441093087,-0.008182557299733162,-0.00012995937140658498,0.011274082586169243,-0.0054770600982010365,0.008820326998829842,0.003370413091033697,0.0,0.0,5.0,0.2763890020475497,-0.0002690553665161133,-0.0009918808937072754,-0.0004183053970336914,-0.0011344552040100098,0.009682898409664631,1.7989181014709175,False,False
271,5.42,-0.10388755798339844,0.15349943935871124,4.795116901397705,0.2864035964012146,-0.0005791862495243549,0.0015495701227337122,-0.008220451883971691,-0.00047018376062624156,0.010997723788022995,-0.005470584612339735,0.0085029611364007,0.003504385706037283,0.0,0.0,5.0,0.2762820781014765,-0.00031322240829467773,-0.0009309649467468262,-0.00048410892486572266,-0.001074373722076416,0.009682947769761086,1.8086010492406785,False,False
272,5.44,-0.10405212640762329,0.15348687767982483,4.7953338623046875,0.2864750623703003,-0.00041265739127993584,0.0014404184184968472,-0.008232376538217068,-0.0007804263150319457,0.010722505860030651,-0.005441061686724424,0.0081606050953269,0.0036168317310512066,0.0,0.0,5.0,0.2761762019960557,-0.0003539919853210449,-0.000870823860168457,-0.000545799732208252,-0.001011967658996582,0.009682992473244667,1.8182840417139232,False,False
273,5.46,-0.10421667993068695,0.15346841514110565,4.79554557800293,0.2865484952926636,-0.0002531663922127336,0.0013321246951818466,-0.008219580166041851,-0.0010611695470288396,0.010449307039380074,-0.005385885946452618,0.007798685692250729,0.003708332311362028,0.0,0.0,5.0,0.2760711529585337,-0.0003921985626220703,-0.0008102655410766602,-0.0006025433540344238,-0.0009513497352600098,0.009683032520115376,1.8279670742340386,False,False
274,5.48,-0.10438074171543121,0.15344461798667908,4.795752048492432,0.2866235673427582,-0.00010111232404597104,0.0012251439038664103,-0.00818336009979248,-0.0013130099978297949,0.010178701020777225,-0.005310870241373777,0.007416329346597195,0.0037797256372869015,0.0,0.0,5.0,0.27596705550695616,-0.0004271864891052246,-0.0007514357566833496,-0.0006548762321472168,-0.0008887648582458496,0.00968306977301836,1.837650144007057,False,False
275,5.5,-0.10454387217760086,0.15341605246067047,4.795952796936035,0.28669989109039307,4.3155709136044607e-05,0.001119903172366321,-0.008125064894557,-0.0015366459265351295,0.009911537170410156,-0.005213023163378239,0.0070194220170378685,0.0038316971622407436,0.0,0.0,5.0,0.2758644004592268,-0.0004596114158630371,-0.0006903409957885742,-0.0007019639015197754,-0.0008269548416137695,0.009683103300631046,1.847333247307688,False,False
276,5.5200000000000005,-0.10470562428236008,0.1533832997083664,4.796148777008057,0.2867770195007324,0.00017933662456925958,0.001016803551465273,-0.00804608128964901,-0.0017328743124380708,0.009648600593209267,-0.005097801797091961,0.006606916896998882,0.0038648019544780254,0.0,0.0,5.0,0.2757626252795986,-0.0004884600639343262,-0.0006330609321594238,-0.000743567943572998,-0.0007654428482055664,0.009683134034276009,1.857016381341964,False,False
277,5.54,-0.10486558824777603,0.15334689617156982,4.79633903503418,0.2868545353412628,0.00030718519701622427,0.0009161996422335505,-0.007947824895381927,-0.001902577350847423,0.009390445426106453,-0.00496447691693902,0.006185455247759819,0.0038803010247647762,0.0,0.0,5.0,0.27566256694519736,-0.0005136728286743164,-0.0005754828453063965,-0.0007804632186889648,-0.0007045865058898926,0.009683161973953247,1.8666995433159173,False,False
278,5.5600000000000005,-0.10502342134714127,0.15330737829208374,4.7965240478515625,0.286932110786438,0.00042651459807530046,0.0008184321341104805,-0.007831732742488384,-0.0020467154681682587,0.009137813001871109,-0.0048151216469705105,0.00575424637645483,0.003878943156450987,0.0,0.0,5.0,0.2755640295339079,-0.0005359649658203125,-0.000519096851348877,-0.0008120536804199219,-0.0006442070007324219,0.009683188982307911,1.8763827322982252,False,False
279,5.58,-0.10517875850200653,0.15326520800590515,4.7967047691345215,0.2870095372200012,0.0005371706793084741,0.000723809702321887,-0.00769925769418478,-0.002166319638490677,0.00889134593307972,-0.004650849848985672,0.005317373666912317,0.0038617397658526897,0.0,0.0,5.0,0.27546641558956875,-0.0005562305450439453,-0.0004646778106689453,-0.0008383393287658691,-0.0005855560302734375,0.009683213196694851,1.88606594549492,False,False
280,5.6000000000000005,-0.10533128678798676,0.15322086215019226,4.79688024520874,0.2870864272117615,0.0006390769267454743,0.0006325884605757892,-0.007551859598606825,-0.002262484049424529,0.008651385083794594,-0.004475793335586786,0.004878504201769829,0.0038296966813504696,0.0,0.0,5.0,0.27537056371537394,-0.0005723237991333008,-0.0004127621650695801,-0.0008594989776611328,-0.0005283951759338379,0.009683236479759216,1.8957491819746792,False,False
281,5.62,-0.10548073053359985,0.15317486226558685,4.797050952911377,0.2871626913547516,0.0007322149467654526,0.0005449901218526065,-0.007390992715954781,-0.00233634770847857,0.008418501354753971,-0.004289299249649048,0.004439797252416611,0.003784037660807371,0.0,0.0,5.0,0.27527629512575824,-0.0005865693092346191,-0.00035953521728515625,-0.0008762478828430176,-0.0004717111587524414,0.009683258831501007,1.9054324408061802,False,False
282,5.64,-0.10562683641910553,0.15312759578227997,4.797216892242432,0.28723785281181335,0.0008166024344973266,0.0004611927142832428,-0.007218099664896727,-0.002389090834185481,0.008193393237888813,-0.004096293821930885,0.004002731759101152,0.0037252060137689114,0.0,0.0,5.0,0.27518371673081854,-0.0005967020988464355,-0.00031191110610961914,-0.0008883476257324219,-0.00041687488555908203,0.009683280251920223,1.9151157210581005,False,False
283,5.66,-0.10576937347650528,0.15307945013046265,4.7973785400390625,0.2873116731643677,0.0008923100540414453,0.00038135869544930756,-0.007034608628600836,-0.002421921817585826,0.007976059801876545,-0.00389342219568789,0.003571153385564685,0.0036548166535794735,0.0,0.0,5.0,0.2750925925112471,-0.0006048083305358887,-0.0002652406692504883,-0.0008956193923950195,-0.0003654360771179199,0.00968330167233944,1.92479902273044,False,False
284,5.68,-0.10590814799070358,0.15303084254264832,4.7975358963012695,0.2873839735984802,0.000959451892413199,0.0003056316345464438,-0.006841918453574181,-0.002436075359582901,0.007766863331198692,-0.0036859880201518536,0.0031455224379897118,0.0035738362930715084,0.0,0.0,5.0,0.2750030688313566,-0.0006098151206970215,-0.00022208690643310547,-0.0008987784385681152,-0.0003153681755065918,0.009683323092758656,1.9344823458231986,False,False
285,5.7,-0.10604299604892731,0.15298211574554443,4.797689437866211,0.2874545454978943,0.001018185168504715,0.00023411851725541055,-0.006641400046646595,-0.002432801527902484,0.0075660208240151405,-0.0034723111893981695,0.002729742554947734,0.003483464475721121,0.0,0.0,5.0,0.2749149110177651,-0.000612795352935791,-0.00017952919006347656,-0.0008977651596069336,-0.0002690553665161133,0.009683344513177872,1.9441656903363764,False,False
286,5.72,-0.10617376118898392,0.15293362736701965,4.7978386878967285,0.2875233590602875,0.0010686913738027215,0.0001668661570874974,-0.006434382405132055,-0.002413359237834811,0.00737364636734128,-0.003260118653997779,0.002322265412658453,0.0033846083097159863,0.0,0.0,5.0,0.27482859759487577,-0.0006125569343566895,-0.00014162063598632812,-0.0008935928344726562,-0.00022172927856445312,0.009683365933597088,1.9538490562699735,False,False
287,5.74,-0.10630033165216446,0.15288567543029785,4.7979841232299805,0.28758999705314636,0.0011111947242170572,0.0001039209237205796,-0.006222160998731852,-0.002379000885412097,0.007190123666077852,-0.0030416774097830057,0.0019289797637611628,0.0032782494090497494,0.0,0.0,5.0,0.27474388933750327,-0.0006107091903686523,-0.00010395050048828125,-0.0008854269981384277,-0.00017958879470825195,0.009683389216661453,1.963532445486635,False,False
288,5.76,-0.10642261058092117,0.15283852815628052,4.798126220703125,0.28765439987182617,0.0011459572706371546,4.532864477369003e-05,-0.006005976349115372,-0.0023309800308197737,0.007015398237854242,-0.00282482523471117,0.0015477749984711409,0.0031654215417802334,0.0,0.0,5.0,0.2746605368440103,-0.0006062984466552734,-7.140636444091797e-05,-0.0008742213249206543,-0.00013911724090576172,0.009683413431048393,1.9732158589176834,False,False
289,5.78,-0.10654054582118988,0.15279249846935272,4.798264980316162,0.2877165675163269,0.001173260621726513,-8.913857527659275e-06,-0.005787022411823273,-0.002270535798743367,0.006849287543445826,-0.0026066533755511045,0.0011826521949842572,0.0030472627840936184,0.0,0.0,5.0,0.2745786839126859,-0.0006000995635986328,-3.927946090698242e-05,-0.0008599162101745605,-0.00010222196578979492,0.009683437645435333,1.9828992965631187,False,False
290,5.8,-0.1066540777683258,0.15274779498577118,4.798400402069092,0.28777629137039185,0.0011934107169508934,-5.883598350919783e-05,-0.005566434934735298,-0.0021988919470459223,0.006691968534141779,-0.0023926326539367437,0.0008321729837916791,0.002924575936049223,0.0,0.0,5.0,0.2744984135901902,-0.0006042122840881348,-1.6868114471435547e-05,-0.0008473992347717285,-6.008148193359375e-05,0.009683462791144848,1.9925827593542635,False,False
291,5.82,-0.10676319152116776,0.1527046263217926,4.798532962799072,0.28783345222473145,0.001206942368298769,-0.00010444220970384777,-0.005345285404473543,-0.00211724522523582,0.006541871000081301,-0.0021748559083789587,0.0005205569323152304,0.0027966699562966824,0.0,0.0,5.0,0.2744194764268452,-0.0007165074348449707,-4.476308822631836e-05,-0.0008711814880371094,2.2649765014648438e-05,0.009683468379080296,2.002266227733344,False,False
292,5.84,-0.10686788707971573,0.15266317129135132,4.7986626625061035,0.28788796067237854,0.0012164136860519648,-0.00014545062731485814,-0.00512443482875824,-0.0020267528016120195,0.006383717525750399,-0.0019326002802699804,0.00042587981442920864,0.0026509310118854046,0.0,0.0,5.0,0.2743419629344853,-0.0007214546203613281,-2.8312206268310547e-05,-0.0008839964866638184,-4.0471553802490234e-05,0.009683490730822086,2.011949718464166,False,False
293,5.86,-0.10696817189455032,0.15262359380722046,4.798788547515869,0.28793948888778687,0.0012230364372953773,-0.00018240248027723283,-0.004904197528958321,-0.0019284345908090472,0.006219203118234873,-0.001768874004483223,0.0002355754404561594,0.0025079469196498394,0.0,0.0,5.0,0.274266658192109,-0.0007014870643615723,-5.370378494262695e-05,-0.0008933544158935547,-3.725290298461914e-05,0.009683516807854176,2.02163323527202,False,False
294,5.88,-0.10706406831741333,0.15258607268333435,4.798911094665527,0.2879883050918579,0.001225851709023118,-0.0002154487301595509,-0.004685002379119396,-0.001823185826651752,0.006053619086742401,-0.0015417425893247128,4.4940734369447455e-05,0.002368041779845953,0.0,0.0,5.0,0.27419331164384014,-0.0006940960884094238,-1.055002212524414e-05,-0.0008925199508666992,-3.814697265625e-05,0.009683544747531414,2.0313167800195515,False,False
295,5.9,-0.10715559124946594,0.15255072712898254,4.799030303955078,0.2880341708660126,0.0012243076926097274,-0.000244366645347327,-0.004467355087399483,-0.0017120089614763856,0.005893021821975708,-0.0013556774938479066,-0.0002003949339268729,0.002224897500127554,0.0,0.0,5.0,0.27412198710061947,-0.0006771683692932129,-6.020069122314453e-06,-0.0008844137191772461,-1.1324882507324219e-05,0.009683575481176376,2.041000355500728,False,False
296,5.92,-0.10724276304244995,0.1525176465511322,4.79914665222168,0.28807729482650757,0.0012180004268884659,-0.0002692395937629044,-0.004251907579600811,-0.0015959093580022454,0.0057379379868507385,-0.001136888051405549,-0.0004314252582844347,0.0020811683498322964,0.0,0.0,5.0,0.2740523855912115,-0.0006654858589172363,2.956390380859375e-05,-0.0008669495582580566,2.1457672119140625e-06,0.009683609008789062,2.050683964509517,False,False
297,5.94,-0.10732566565275192,0.1524869203567505,4.799260139465332,0.28811752796173096,0.0012068911455571651,-0.00029003090457990766,-0.004039315041154623,-0.00147593196015805,0.0055904630571603775,-0.0009471210069023073,-0.0006806273013353348,0.0019355989061295986,0.0,0.0,5.0,0.2739845816741705,-0.0006468892097473145,3.9696693420410156e-05,-0.0008436441421508789,2.5987625122070312e-05,0.009683644399046898,2.060367608908564,False,False
298,5.96,-0.10740435868501663,0.15245863795280457,4.799370765686035,0.2881546914577484,0.00119099544826895,-0.00030693167354911566,-0.0038302713073790073,-0.0013530879514291883,0.0054504405707120895,-0.0007474219310097396,-0.0009100260213017464,0.001790768001228571,0.0,0.0,5.0,0.27391864159339696,-0.0006277561187744141,6.151199340820312e-05,-0.0008135437965393066,3.8504600524902344e-05,0.009683682583272457,2.0700512914918363,False,False
299,5.98,-0.10747890919446945,0.15243282914161682,4.799478054046631,0.2881891429424286,0.00117053696885705,-0.00032006565015763044,-0.0036254357546567917,-0.0012283679097890854,0.00531865656375885,-0.0005700447363778949,-0.0011369200656190515,0.001647310797125101,0.0,0.0,5.0,0.2738549508967772,-0.0006055831909179688,7.271766662597656e-05,-0.0007802844047546387,5.650520324707031e-05,0.009683722630143166,2.0797350141219795,False,False
300,6.0,-0.10754941403865814,0.15240950882434845,4.799583435058594,0.28822067379951477,0.0011457324726507068,-0.00032970550819300115,-0.003425451461225748,-0.0011027036234736443,0.005195189267396927,-0.0003975889121647924,-0.0013445491204038262,0.0015062722377479076,0.0,0.0,5.0,0.2737925023499562,-0.0005824565887451172,8.404254913330078e-05,-0.0007431507110595703,6.783008575439453e-05,0.009683765470981598,2.089418779592961,False,False
301,6.0200000000000005,-0.10761596262454987,0.15238872170448303,4.799686431884766,0.28824949264526367,0.0011169335339218378,-0.00033605151111260056,-0.003230914706364274,-0.0009769729804247618,0.005079807713627815,-0.00024027649487834424,-0.0015363546553999186,0.0013687503524124622,0.0,0.0,5.0,0.2737316998182555,-0.0005578994750976562,9.143352508544922e-05,-0.0007041096687316895,7.891654968261719e-05,0.009683809243142605,2.0991025888361037,False,False
302,6.04,-0.10767868161201477,0.15237043797969818,4.799786567687988,0.28827551007270813,0.001084487303160131,-0.0003393711522221565,-0.0030423724092543125,-0.0008519872208125889,0.004972511902451515,-9.455862164031714e-05,-0.0017091643530875444,0.0012353942729532719,0.0,0.0,5.0,0.2736729203300597,-0.0005320310592651367,9.691715240478516e-05,-0.0006635785102844238,8.7738037109375e-05,0.009683854877948761,2.1087864437140524,False,False
303,6.0600000000000005,-0.1077377051115036,0.1523546278476715,4.7998857498168945,0.28829896450042725,0.0010487823747098446,-0.0003399029665160924,-0.002860316075384617,-0.0007284909952431917,0.004873176105320454,3.8873964513186365e-05,-0.0018621243070811033,0.0011069593019783497,0.0,0.0,5.0,0.2736148001399821,-0.0005065202713012695,9.953975677490234e-05,-0.0006221532821655273,9.357929229736328e-05,0.009683902375400066,2.1184703460894525,False,False
304,6.08,-0.10779315233230591,0.15234127640724182,4.799981594085693,0.2883198857307434,0.0010102263186126947,-0.00033790472662076354,-0.0026851759757846594,-0.0006071607931517065,0.0047812433913350105,0.00015878875274211168,-0.001994206802919507,0.0009839567355811596,0.0,0.0,5.0,0.27355911772708963,-0.000479280948638916,0.00010156631469726562,-0.0005808472633361816,9.942054748535156e-05,0.009683950804173946,2.1281542968936265,False,False
305,6.1000000000000005,-0.10784515738487244,0.15233030915260315,4.800076961517334,0.2883383631706238,0.0009692216408438981,-0.00033362748217768967,-0.0025173204485327005,-0.0004886008100584149,0.00469678919762373,0.0002671064285095781,-0.002106881933286786,0.0008665202185511589,0.0,0.0,5.0,0.27350378859174346,-0.00045305490493774414,9.85860824584961e-05,-0.0005396008491516113,0.00010132789611816406,0.009684000164270401,2.137838297057897,False,False
306,6.12,-0.10789388418197632,0.1523216962814331,4.800169467926025,0.28835463523864746,0.0009261794621124864,-0.00032730490784160793,-0.0023570561315864325,-0.00037334865191951394,0.004618796519935131,0.0003636086476035416,-0.0021978814620524645,0.0007555251941084862,0.0,0.0,5.0,0.2734506005678076,-0.0004259347915649414,9.799003601074219e-05,-0.0004996061325073242,0.0001035928726196289,0.009684051387012005,2.147522348444909,False,False
307,6.140000000000001,-0.10793948918581009,0.15231536328792572,4.8002610206604,0.28836876153945923,0.0008814924512989819,-0.00031914960709400475,-0.002204623306170106,-0.00026187498588114977,0.004547582007944584,0.00045064251753501594,-0.002271299483254552,0.0006505870260298252,0.0,0.0,5.0,0.27339817681698503,-0.0004006028175354004,9.560585021972656e-05,-0.00046008825302124023,0.0001035928726196289,0.009684104472398758,2.1572064529173076,False,False
308,6.16,-0.10798211395740509,0.15231120586395264,4.800352573394775,0.2883806824684143,0.0008355109603144228,-0.0003093872219324112,-0.002060206839814782,-0.0001545913692098111,0.004482586868107319,0.0005245651118457317,-0.002327238442376256,0.0005519031547009945,0.0,0.0,5.0,0.2733458163508817,-0.0003746151924133301,8.571147918701172e-05,-0.000422060489654541,0.00010025501251220703,0.009684156626462936,2.1668906095437706,False,False
309,6.18,-0.10802194476127625,0.15230914950370789,4.800440311431885,0.2883908450603485,0.0007886150269769132,-0.0002982116711791605,-0.0019239361863583326,-5.184654946788214e-05,0.004422513768076897,0.0005921651027165353,-0.002362677128985524,0.00046045565977692604,0.0,0.0,5.0,0.27329633527355285,-0.00034928321838378906,8.559226989746094e-05,-0.00038564205169677734,9.906291961669922e-05,0.00968420971184969,2.1765748192556202,False,False
310,6.2,-0.1080591231584549,0.1523091197013855,4.800528049468994,0.28839918971061707,0.0007411180413328111,-0.00028582412051036954,-0.0017958796815946698,4.606536094797775e-05,0.004368400201201439,0.0006459522410295904,-0.002387290121987462,0.00037485314533114433,0.0,0.0,5.0,0.2732469598927482,-0.0003248453140258789,7.557868957519531e-05,-0.00035065412521362305,9.679794311523438e-05,0.009684264659881592,2.186259083915502,False,False
311,6.22,-0.10809384286403656,0.15231099724769592,4.8006157875061035,0.2884059548377991,0.0006933211698196828,-0.00027238510665483773,-0.0016760663129389286,0.00013890498667024076,0.004318909719586372,0.0006974622956477106,-0.0023925930727273226,0.0002959303092211485,0.0,0.0,5.0,0.27319769936716876,-0.0003027915954589844,7.009506225585938e-05,-0.00031703710556030273,9.000301361083984e-05,0.009684319607913494,2.1959434035234153,False,False
312,6.24,-0.10812623053789139,0.15231464803218842,4.800702095031738,0.28841111063957214,0.0006455291295424104,-0.0002580592699814588,-0.0015644694212824106,0.00022647518198937178,0.004273643717169762,0.0007347734062932432,-0.0023867408744990826,0.00022337659902404994,0.0,0.0,5.0,0.273149571956906,-0.0002791881561279297,5.888938903808594e-05,-0.00028526782989501953,8.487701416015625e-05,0.009684374555945396,2.2056277780793607,False,False
313,6.26,-0.1081564724445343,0.1523200124502182,4.800786018371582,0.288414865732193,0.000598010781686753,-0.00024301416124217212,-0.0014610235812142491,0.000308632297674194,0.004232313483953476,0.0007695030653849244,-0.0023651993833482265,0.00015745968266855925,0.0,0.0,5.0,0.27310331232104745,-0.000256955623626709,5.412101745605469e-05,-0.0002551078796386719,7.891654968261719e-05,0.009684429503977299,2.215312207583338,False,False
314,6.28,-0.10818472504615784,0.15232697129249573,4.800869941711426,0.2884174585342407,0.0005509956390596926,-0.0002273714344482869,-0.0013656183145940304,0.00038527027936652303,0.004195000976324081,0.0007946183905005455,-0.002336394740268588,9.736759966472164e-05,0.0,0.0,5.0,0.27305717538725943,-0.00023686885833740234,4.506111145019531e-05,-0.00022685527801513672,7.390975952148438e-05,0.009684485383331776,2.22499669296667,False,False
315,6.3,-0.10821115225553513,0.15233537554740906,4.8009538650512695,0.2884189486503601,0.0005046978476457298,-0.00021127730724401772,-0.0012781142722815275,0.00045632218825630844,0.00416102260351181,0.0008147213375195861,-0.0022934272419661283,4.315332989790477e-05,0.0,0.0,5.0,0.273011142544895,-0.00021702051162719727,3.600120544433594e-05,-0.00019997358322143555,6.461143493652344e-05,0.009684542194008827,2.2346812351606786,False,False
316,6.32,-0.1082359030842781,0.15234516561031342,4.801037788391113,0.28841930627822876,0.0004593248595483601,-0.00019484933000057936,-0.0011983350850641727,0.0005217575235292315,0.004129854962229729,0.000828058400657028,-0.0022438897285610437,-5.041526492277626e-06,0.0,0.0,5.0,0.27296523926976946,-0.00019848346710205078,2.4437904357910156e-05,-0.00017470121383666992,5.5789947509765625e-05,0.009684599936008453,2.244365835096687,False,False
317,6.34,-0.10825912654399872,0.15235620737075806,4.801121711730957,0.2884187400341034,0.00041504809632897377,-0.0001782117469701916,-0.0011260788887739182,0.0005815791664645076,0.004101034253835678,0.0008357251062989235,-0.0021837858948856592,-4.7207740863086656e-05,0.0,0.0,5.0,0.27291944956212905,-0.00018036365509033203,1.3709068298339844e-05,-0.0001512765884399414,4.5299530029296875e-05,0.009684654884040356,2.2540504899807274,False,False
318,6.36,-0.10828098654747009,0.15236839652061462,4.801201820373535,0.28841742873191833,0.0003720319946296513,-0.0001614666689420119,-0.0010611159959807992,0.0006358217215165496,0.004074133932590485,0.0008388342102989554,-0.002117803553119302,-8.3542188804131e-05,0.0,0.0,5.0,0.272876559141222,-0.00016295909881591797,9.179115295410156e-06,-0.0001296401023864746,4.029273986816406e-05,0.009684708900749683,2.263735198881477,False,False
319,6.38,-0.10830161720514297,0.15238156914710999,4.801281929016113,0.28841543197631836,0.0003303850826341659,-0.00014471476606559008,-0.001003196113742888,0.000684546132106334,0.0040501877665519714,0.0008364246459677815,-0.0020468684379011393,-0.00011534068471519276,0.0,0.0,5.0,0.2728337490864021,-0.00014722347259521484,4.76837158203125e-07,-0.00010919570922851562,3.3855438232421875e-05,0.009684763848781586,2.2734199627302587,False,False
320,6.4,-0.1083211600780487,0.15239569544792175,4.801362037658691,0.28841280937194824,0.00029022368835285306,-0.00012803432764485478,-0.0009520548046566546,0.0007278371485881507,0.004028264433145523,0.0008316983003169298,-0.0019692464265972376,-0.00014241482131183147,0.0,0.0,5.0,0.272791058861571,-0.00013273954391479492,-8.58306884765625e-06,-9.03010368347168e-05,2.47955322265625e-05,0.009684818796813488,2.283104781527072,False,False
321,6.42,-0.10833974182605743,0.15241064131259918,4.8014421463012695,0.28840968012809753,0.0002516630629543215,-0.00011149539932375774,-0.0009074085392057896,0.0007657990208826959,0.004007866606116295,0.0008222789037972689,-0.0018867863109335303,-0.00016467133536934853,0.0,0.0,5.0,0.2727484638081414,-0.00011903047561645508,-1.817941665649414e-05,-7.265806198120117e-05,1.537799835205078e-05,0.00968487374484539,2.2927896552719176,False,False
322,6.44,-0.1083574965596199,0.15242630243301392,4.801522254943848,0.28840628266334534,0.00021479380666278303,-9.519050945527852e-05,-0.0008689588285051286,0.0007985575939528644,0.003988699987530708,0.0008082939893938601,-0.00180011463817209,-0.00018229708075523376,0.0,0.0,5.0,0.2727059588946374,-0.0001068115234375,-2.7239322662353516e-05,-5.704164505004883e-05,5.9604644775390625e-06,0.009684927761554718,2.3024745830334723,False,False
323,6.46,-0.10837454348802567,0.1524425595998764,4.801602363586426,0.28840258717536926,0.00017969236068893224,-7.92051141615957e-05,-0.0008363962988369167,0.0008262601331807673,0.003970397636294365,0.000790320395026356,-0.0017100101104006171,-0.0001955488696694374,0.0,0.0,5.0,0.2726635248581897,-9.542703628540039e-05,-3.6776065826416016e-05,-4.273653030395508e-05,-3.516674041748047e-06,0.009684981778264046,2.3121595648117363,False,False
324,6.48,-0.10839098691940308,0.1524593085050583,4.801682472229004,0.2883986234664917,0.0001464242086512968,-6.361006671795622e-05,-0.0008094028453342617,0.0008490731124766171,0.003952747210860252,0.0007692506187595427,-0.001616786583326757,-0.00020469364244490862,0.0,0.0,5.0,0.2726211448446407,-8.422136306762695e-05,-4.655122756958008e-05,-2.9742717742919922e-05,-1.3589859008789062e-05,0.009685033932328224,2.3218445987440646,False,False
325,6.5,-0.10840694606304169,0.1524764746427536,4.801762580871582,0.28839460015296936,0.00011504256690386683,-4.8457994125783443e-05,-0.0007876521558500826,0.0008671781979501247,0.003935566172003746,0.0007460118504241109,-0.0015213623410090804,-0.00020968483295291662,0.0,0.0,5.0,0.27257882459371924,-7.486343383789062e-05,-5.4776668548583984e-05,-1.8358230590820312e-05,-2.3424625396728516e-05,0.009685086086392403,2.331529684830457,False,False
326,6.5200000000000005,-0.10842252522706985,0.15249396860599518,4.80184268951416,0.28839051723480225,8.557126420782879e-05,-3.3810567401815206e-05,-0.0007708131452091038,0.0008807693957351148,0.00391853041946888,0.0007187729934230447,-0.0014257564907893538,-0.000211051432415843,0.0,0.0,5.0,0.2725365555972306,-6.61015510559082e-05,-6.330013275146484e-05,-8.52346420288086e-06,-3.17692756652832e-05,0.009685135446488857,2.341214820276946,False,False
327,6.54,-0.10843781381845474,0.15251168608665466,4.8019208908081055,0.28838643431663513,5.8019064454128966e-05,-1.971855635929387e-05,-0.0007585556013509631,0.0008900532848201692,0.0039017696399241686,0.0006904582260176539,-0.0013294568052515388,-0.00020914908964186907,0.0,0.0,5.0,0.27249570153852815,-5.799531936645508e-05,-6.914138793945312e-05,2.384185791015625e-07,-3.8683414459228516e-05,0.009685182943940163,2.350900003220886,False,False
328,6.5600000000000005,-0.10845290124416351,0.1525295525789261,4.801997184753418,0.2883823812007904,3.239623401896097e-05,-6.20974560661125e-06,-0.0007505492540076375,0.0008952440693974495,0.0038853727746754885,0.0006604416994377971,-0.001232824637554586,-0.00020447419956326485,0.0,0.0,5.0,0.27245625528472595,-5.02467155456543e-05,-7.31348991394043e-05,7.748603820800781e-06,-4.374980926513672e-05,0.009685230441391468,2.3605852336622775,False,False
329,6.58,-0.10846786946058273,0.1525474339723587,4.8020734786987305,0.28837838768959045,8.693958079675213e-06,6.688233042950742e-06,-0.0007464646478183568,0.0008965613087639213,0.003869603620842099,0.0006293643382377923,-0.0011374041205272079,-0.00019752397201955318,0.0,0.0,5.0,0.2724167875724458,-4.3511390686035156e-05,-7.969141006469727e-05,1.4662742614746094e-05,-5.054473876953125e-05,0.009685277007520199,2.3702705106697977,False,False
330,6.6000000000000005,-0.10848277062177658,0.15256531536579132,4.802149772644043,0.28837457299232483,-1.3102951925247908e-05,1.8961676687467843e-05,-0.0007459767512045801,0.000894227996468544,0.0038538475055247545,0.0005979791167192161,-0.0010422918712720275,-0.0001880828058347106,0.0,0.0,5.0,0.27237731080110955,-3.826618194580078e-05,-8.589029312133789e-05,2.0384788513183594e-05,-5.793571472167969e-05,0.009685322642326355,2.379955833312124,False,False
331,6.62,-0.10849770903587341,0.15258315205574036,4.8022260665893555,0.2883709669113159,-3.300753451185301e-05,3.058436413994059e-05,-0.0007487633265554905,0.0008884692215360701,0.003837843658402562,0.0005642807227559388,-0.0009481742745265365,-0.0001763853942975402,0.0,0.0,5.0,0.27233784146536866,-3.2961368560791016e-05,-9.310245513916016e-05,2.5153160095214844e-05,-6.54458999633789e-05,0.009685368277132511,2.3896412015892565,False,False
332,6.640000000000001,-0.10851273685693741,0.15260083973407745,4.802302360534668,0.2883675992488861,-5.1035221986239776e-05,4.1544612031430006e-05,-0.0007545068510808051,0.000879514729604125,0.003821407677605748,0.0005317291361279786,-0.000854605226777494,-0.0001623199786990881,0.0,0.0,5.0,0.2722983418933963,-2.962350845336914e-05,-9.769201278686523e-05,2.872943878173828e-05,-7.355213165283203e-05,0.009685412980616093,2.3993266145698726,False,False
333,6.66,-0.10852790623903275,0.15261830389499664,4.8023786544799805,0.2883644700050354,-6.72337191645056e-05,5.1801838708342984e-05,-0.0007628945168107748,0.0008675943245179951,0.003804371925070882,0.0004939751815982163,-0.0007652592612430453,-0.00014641950838267803,0.0,0.0,5.0,0.27225879108222895,-2.5272369384765625e-05,-0.00010663270950317383,3.1113624572753906e-05,-7.975101470947266e-05,0.009685457684099674,2.4090120722539723,False,False
334,6.68,-0.108543261885643,0.15263551473617554,4.802454948425293,0.28836163878440857,-8.163931488525122e-05,6.136006413726136e-05,-0.0007736266707070172,0.0008529440383426845,0.003786565037444234,0.0004618277889676392,-0.0006753172492608428,-0.00012851739302277565,0.0,0.0,5.0,0.2722191901046034,-2.3245811462402344e-05,-0.0001100301742553711,3.3020973205566406e-05,-8.803606033325195e-05,0.009685502387583256,2.4186975746415555,False,False
335,6.7,-0.10855885595083237,0.15265241265296936,4.8025312423706055,0.28835922479629517,-9.429976489627734e-05,7.023370562819764e-05,-0.0007864062790758908,0.0008357905317097902,0.003767960937693715,0.0004255154635757208,-0.0005907457089051604,-0.00010913226287811995,0.0,0.0,5.0,0.27217952629436065,-2.1696090698242188e-05,-0.00011587142944335938,3.409385681152344e-05,-9.393692016601562e-05,0.009685546159744263,2.4283831208013,False,False
336,6.72,-0.10857472568750381,0.15266893804073334,4.802607536315918,0.2883571982383728,-0.00010526909318286926,7.836081931600347e-05,-0.0008009507437236607,0.0008163639577105641,0.003748468356207013,0.000387176958611235,-0.0005062039708718657,-8.843181421980262e-05,0.0,0.0,5.0,0.27213978103150155,-1.901388168334961e-05,-0.00012195110321044922,3.361701965332031e-05,-0.00010037422180175781,0.00968558993190527,2.438068710733205,False,False
337,6.74,-0.10859090089797974,0.15268506109714508,4.8026838302612305,0.28835558891296387,-0.00011458685185061768,8.57734412420541e-05,-0.0008169856737367809,0.0007948980201035738,0.0037279699463397264,0.0003540682082530111,-0.00042558633140288293,-6.638048216700554e-05,0.0,0.0,5.0,0.27209994943118365,-1.919269561767578e-05,-0.0001240372657775879,3.314018249511719e-05,-0.00010693073272705078,0.009685631841421127,2.447754342574626,False,False
338,6.76,-0.10860741138458252,0.152700737118721,4.802757740020752,0.2883545160293579,-0.0001223413273692131,9.246878471458331e-05,-0.0008342463406734169,0.000771614140830934,0.0037065830547362566,0.0003154530131723732,-0.0003498723672237247,-4.3533331336220726e-05,0.0,0.0,5.0,0.27206174675242745,-1.811981201171875e-05,-0.00012636184692382812,3.1113624572753906e-05,-0.00010818243026733398,0.00968567281961441,2.4574400153942406,False,False
339,6.78,-0.10862427949905396,0.15271593630313873,4.802830219268799,0.2883538603782654,-0.0001286085316678509,9.84416255960241e-05,-0.000852486933581531,0.0007467360701411963,0.003684739815071225,0.0002818246721290052,-0.0002768562699202448,-2.047168709395919e-05,0.0,0.0,5.0,0.2720244726696899,-1.8596649169921875e-05,-0.0001252889633178711,2.9206275939941406e-05,-0.00010985136032104492,0.009685712866485119,2.4671257282607257,False,False
340,6.8,-0.10864151269197464,0.15273059904575348,4.802902698516846,0.28835368156433105,-0.00013345919433049858,0.00010372675023972988,-0.000871471653226763,0.0007204760331660509,0.0036625817883759737,0.00024668656988069415,-0.00020821303769480437,2.4089461021503666e-06,0.0,0.0,5.0,0.27198705928190153,-1.901388168334961e-05,-0.00012826919555664062,2.6941299438476562e-05,-0.00011229515075683594,0.009685752913355827,2.4768114811740816,False,False
341,6.82,-0.10865914076566696,0.15274474024772644,4.802975177764893,0.28835397958755493,-0.00013695000961888582,0.00010833942360477522,-0.0008909781463444233,0.0006930411909706891,0.0036396414507180452,0.00021458492847159505,-0.00014086530427448452,2.553971171437297e-05,0.0,0.0,5.0,0.27194952679137746,-2.0444393157958984e-05,-0.0001296401023864746,2.384185791015625e-05,-0.00011652708053588867,0.009685792960226536,2.486497274134308,False,False
342,6.84,-0.10867715626955032,0.15275831520557404,4.8030476570129395,0.28835469484329224,-0.0001391480618622154,0.00011228262155782431,-0.000910791743081063,0.0006646303809247911,0.0036156822461634874,0.00017974426737055182,-7.893113797763363e-05,4.8707759560784325e-05,0.0,0.0,5.0,0.2719118470522653,-2.104043960571289e-05,-0.00013452768325805664,2.0623207092285156e-05,-0.00011992454528808594,0.009685831144452095,2.49618310527876,False,False
343,6.86,-0.10869557410478592,0.15277132391929626,4.803120136260986,0.2883559465408325,-0.00014011219900567085,0.00011558300320757553,-0.0009307131986133754,0.0006354404031299055,0.0035905588883906603,0.00015031028306111693,-1.7466787539888173e-05,7.23395642125979e-05,0.0,0.0,5.0,0.27187402595304344,-2.3424625396728516e-05,-0.00013405084609985352,1.6570091247558594e-05,-0.0001245737075805664,0.009685870260000229,2.5058689755387604,False,False
344,6.88,-0.10871439427137375,0.15278373658657074,4.803192615509033,0.2883576452732086,-0.00013991972082294524,0.00011825140245491639,-0.0009505492635071278,0.0006056554266251624,0.0035644297022372484,0.00011655226990114897,3.6735273170052096e-05,9.570883412379771e-05,0.0,0.0,5.0,0.2718360466849854,-2.473592758178711e-05,-0.0001385807991027832,1.1920928955078125e-05,-0.00012695789337158203,0.009685908444225788,2.515554883982986,False,False
345,6.9,-0.10873359441757202,0.15279553830623627,4.80326509475708,0.2883598804473877,-0.00013866023800801486,0.00012031049118377268,-0.0009701272938400507,0.0005754580488428473,0.003536981763318181,8.938608516473323e-05,8.924179564928636e-05,0.00011922298290301114,0.0,0.0,5.0,0.2717978918648896,-2.8312206268310547e-05,-0.0001373887062072754,7.3909759521484375e-06,-0.00013047456741333008,0.009685943834483624,2.52524082781747,False,False
346,6.92,-0.10875319689512253,0.15280674397945404,4.803334712982178,0.2883625030517578,-0.00013640835823025554,0.00012178582983324304,-0.0009892837842926383,0.0005450150929391384,0.0035085149575024843,5.81828280701302e-05,0.00013597848010249436,0.00014216623094398528,0.0,0.0,5.0,0.27176164916763756,-2.9087066650390625e-05,-0.00013744831085205078,2.1457672119140625e-06,-0.00012958049774169922,0.009685979224741459,2.5349268070422113,False,False
347,6.94,-0.10877316445112228,0.15281733870506287,4.803403377532959,0.2883656322956085,-0.00013326072075869888,0.00012269911530893296,-0.001007873797789216,0.0005144907045178115,0.003479589940980077,3.3186504879267886e-05,0.00017882653628475964,0.00016448060341645032,0.0,0.0,5.0,0.2717259138894505,-3.230571746826172e-05,-0.00013381242752075195,-2.9206275939941406e-06,-0.00012892484664916992,0.009686015546321869,2.544612822588533,False,False
348,6.96,-0.10879350453615189,0.15282732248306274,4.80347204208374,0.2883690893650055,-0.0001293105015065521,0.00012309419980738312,-0.001025765435770154,0.0004840324108954519,0.003450234653428197,6.367460173350992e-06,0.00021623566863127053,0.00018563175399322063,0.0,0.0,5.0,0.27168999865533316,-3.4809112548828125e-05,-0.00013577938079833984,-8.165836334228516e-06,-0.00012856721878051758,0.00968605000525713,2.5542988725937903,False,False
349,6.98,-0.10881419479846954,0.15283669531345367,4.8035407066345215,0.2883729934692383,-0.00012461529695428908,0.0001230050838785246,-0.0010428428649902344,0.00045377991045825183,0.003419951768592,-1.5227104995574336e-05,0.0002533318183850497,0.00020622539159376174,0.0,0.0,5.0,0.2716538944569724,-3.814697265625e-05,-0.0001341104507446289,-1.329183578491211e-05,-0.0001310110092163086,0.009686083532869816,2.56398495612666,False,False
350,7.0,-0.10883521288633347,0.15284547209739685,4.803609371185303,0.28837722539901733,-0.0001192435302073136,0.00012246960250195116,-0.001058995141647756,0.00042385957203805447,0.003388806479051709,-3.826808460871689e-05,0.00028389619546942413,0.00022616104979533702,0.0,0.0,5.0,0.27161760066483515,-4.106760025024414e-05,-0.00013560056686401367,-1.8835067749023438e-05,-0.00013178586959838867,0.009686117991805077,2.573671074118465,False,False
351,7.0200000000000005,-0.10885654389858246,0.15285365283489227,4.803678035736084,0.2883818745613098,-0.0001132753532147035,0.00012150595284765586,-0.0010741279693320394,0.0003943907213397324,0.0033565640915185213,-5.804357351735234e-05,0.0003129795950371772,0.0002454351051710546,0.0,0.0,5.0,0.27158111124847417,-4.410743713378906e-05,-0.00013506412506103516,-2.390146255493164e-05,-0.0001341104507446289,0.009686149656772614,2.583357223775238,False,False
352,7.04,-0.10887817293405533,0.15286125242710114,4.803744792938232,0.2883869707584381,-0.00010678570106392726,0.00012013140076305717,-0.0010881571797654033,0.00036548273055814207,0.0033232506830245256,-7.935248868307099e-05,0.0003360468544997275,0.0002641069586388767,0.0,0.0,5.0,0.2715458070637388,-4.678964614868164e-05,-0.0001334547996520996,-2.950429916381836e-05,-0.00013142824172973633,0.00968618132174015,2.593043405096978,False,False
353,7.0600000000000005,-0.10890007019042969,0.15286827087402344,4.803809642791748,0.2883923649787903,-9.985519136535004e-05,0.00011837691999971867,-0.0011010151356458664,0.0003372388891875744,0.003289687680080533,-9.603928629076108e-05,0.00035706866765394807,0.000281701039057225,0.0,0.0,5.0,0.2715116752351468,-4.988908767700195e-05,-0.0001283884048461914,-3.4809112548828125e-05,-0.0001290440559387207,0.009686212055385113,2.602729617152363,False,False
354,7.08,-0.10892221331596375,0.15287473797798157,4.803874492645264,0.2883981466293335,-9.25598869798705e-05,0.00011628244101302698,-0.0011126439785584807,0.00030974886612966657,0.0032559421379119158,-0.0001133517871494405,0.00037253001937642694,0.00029774935683235526,0.0,0.0,5.0,0.271477344728133,-5.310773849487305e-05,-0.00012761354446411133,-3.999471664428711e-05,-0.00012665987014770508,0.009686242789030075,2.612415859941393,False,False
355,7.1000000000000005,-0.10894457250833511,0.15288066864013672,4.803939342498779,0.2884042263031006,-8.495802467223257e-05,0.00011388317216187716,-0.0011229999363422394,0.0002830935700330883,0.003221740247681737,-0.0001265203027287498,0.0003877280396409333,0.0003127264208160341,0.0,0.0,5.0,0.27144281191936204,-5.710124969482422e-05,-0.00012540817260742188,-4.5180320739746094e-05,-0.00012671947479248047,0.009686272591352463,2.6221021325327456,False,False
356,7.12,-0.108967125415802,0.15288607776165009,4.804004192352295,0.28841060400009155,-7.708347402513027e-05,0.00011120249837404117,-0.0011320433113723993,0.0002573431993369013,0.0031868715304881334,-0.00014149710477795452,0.0003997993771918118,0.0003266441053710878,0.0,0.0,5.0,0.271408076169816,-5.9723854064941406e-05,-0.00012552738189697266,-5.054473876953125e-05,-0.00012701749801635742,0.00968630239367485,2.6317884349264205,False,False
357,7.140000000000001,-0.10898984223604202,0.15289096534252167,4.8040690422058105,0.2884173095226288,-6.900165317347273e-05,0.00010825482604559511,-0.0011397437192499638,0.000232564692851156,0.003151140408590436,-0.00015321990940719843,0.00040845718467608094,0.0003398602711968124,0.0,0.0,5.0,0.27137312544935976,-6.335973739624023e-05,-0.0001240372657775879,-5.543231964111328e-05,-0.00012671947479248047,0.009686330333352089,2.6414747652597725,False,False
358,7.16,-0.10901270061731339,0.15289537608623505,4.804130554199219,0.28842422366142273,-6.0779217164963484e-05,0.00010508128616493195,-0.0011460817186161876,0.0002088141191052273,0.0031147703994065523,-0.00016409083036705852,0.00041386071825399995,0.0003521341714076698,0.0,0.0,5.0,0.2713403853515662,-6.586313247680664e-05,-0.00011873245239257812,-6.031990051269531e-05,-0.00012260675430297852,0.009686358273029327,2.651161123532802,False,False
359,7.18,-0.1090356782078743,0.15289930999279022,4.804191589355469,0.28843140602111816,-5.2487717766780406e-05,0.00010169693268835545,-0.001151048461906612,0.00018613868451211601,0.003078556852415204,-0.0001743034808896482,0.0004153645713813603,0.0003628285485319793,0.0,0.0,5.0,0.2713077805697062,-6.878376007080078e-05,-0.00011545419692993164,-6.496906280517578e-05,-0.00011855363845825195,0.009686385281383991,2.660847508814186,False,False
360,7.2,-0.10905873030424118,0.15290282666683197,4.804252624511719,0.28843873739242554,-4.417212403495796e-05,9.813291399041191e-05,-0.0011546470923349261,0.00016457849415019155,0.0030423954594880342,-0.00018206407548859715,0.0004162691184319556,0.0003721452667377889,0.0,0.0,5.0,0.27127498238656406,-7.152557373046875e-05,-0.00011426210403442383,-6.949901580810547e-05,-0.0001175999641418457,0.009686412289738655,2.6705339211039245,False,False
361,7.22,-0.10908184945583344,0.1529059112071991,4.804313659667969,0.2884462773799896,-3.586053935578093e-05,9.443191811442375e-05,-0.001156883779913187,0.00014416457270272076,0.003005632432177663,-0.00018800486577674747,0.0004149627056904137,0.0003806251916103065,0.0,0.0,5.0,0.2712419793382885,-7.432699203491211e-05,-0.00011175870895385742,-7.361173629760742e-05,-0.00011646747589111328,0.009686439298093319,2.680220360402018,False,False
362,7.24,-0.10910497605800629,0.15290860831737518,4.804374694824219,0.28845399618148804,-2.7606190997175872e-05,9.061722084879875e-05,-0.0011577701661735773,0.00012491883535403758,0.0029685564804822206,-0.0001934413448907435,0.00041054427856579423,0.000388069951441139,0.0,0.0,5.0,0.27120877257804943,-7.742643356323242e-05,-0.00011068582534790039,-7.772445678710938e-05,-0.00011527538299560547,0.009686464443802834,2.6899068248458207,False,False
363,7.26,-0.10912810266017914,0.15291091799736023,4.804433345794678,0.2884618639945984,-1.9447606973699294e-05,8.670262468513101e-05,-0.0011573274387046695,0.00010685736924642697,0.0029310614336282015,-0.00019799958681687713,0.00040538428584113717,0.0003945882781408727,0.0,0.0,5.0,0.2711770784378173,-7.903575897216797e-05,-0.00010651350021362305,-8.159875869750977e-05,-0.00011235475540161133,0.009686489589512348,2.699593314435333,False,False
364,7.28,-0.10915122926235199,0.15291288495063782,4.804490566253662,0.2884698212146759,-1.1432967767177615e-05,8.270702528534457e-05,-0.0011555813252925873,8.999118290375918e-05,0.0028936986345797777,-0.00020154897356405854,0.0003961475158575922,0.0003999259206466377,0.0,0.0,5.0,0.27114623345571887,-8.088350296020508e-05,-0.00010257959365844727,-8.511543273925781e-05,-0.00010752677917480469,0.009686513803899288,2.7092798282392323,False,False
365,7.3,-0.10917431116104126,0.15291453897953033,4.8045477867126465,0.2884778678417206,-3.6102715057495516e-06,7.866943633416668e-05,-0.0011525676818564534,7.43233977118507e-05,0.002856570528820157,-0.0002022057888098061,0.0003861870209220797,0.0004039853229187429,0.0,0.0,5.0,0.27111520453072213,-8.338689804077148e-05,-9.924173355102539e-05,-8.827447891235352e-05,-0.00010502338409423828,0.009686538949608803,2.718966367188841,False,False
366,7.32,-0.10919732600450516,0.1529158651828766,4.804605007171631,0.2884860634803772,3.995565748482477e-06,7.461352652171627e-05,-0.0011483257403597236,5.9847705415450037e-05,0.002819494577124715,-0.00020338670583441854,0.0003744592540897429,0.0004069494898431003,0.0,0.0,5.0,0.2710839741732445,-8.58306884765625e-05,-9.775161743164062e-05,-9.131431579589844e-05,-0.00010281801223754883,0.009686563163995743,2.728652930352837,False,False
367,7.34,-0.1092202439904213,0.15291692316532135,4.804662227630615,0.2884942889213562,1.137302751885727e-05,7.055262540234253e-05,-0.0011428989237174392,4.655461816582829e-05,0.002782275201752782,-0.00020270986715331674,0.00036334601463750005,0.00040911551332101226,0.0,0.0,5.0,0.2710525639094925,-8.785724639892578e-05,-9.578466415405273e-05,-9.41157341003418e-05,-0.00010228157043457031,0.009686586447060108,2.738339516799897,False,False
368,7.36,-0.10924303531646729,0.15291772782802582,4.804717540740967,0.2885025143623352,1.8504264517105184e-05,6.649189162999392e-05,-0.0011363306548446417,3.443078458076343e-05,0.0027448844630271196,-0.00020337739260867238,0.0003498336882330477,0.0004105839761905372,0.0,0.0,5.0,0.2710223443620416,-8.821487426757812e-05,-9.298324584960938e-05,-9.66787338256836e-05,-9.894371032714844e-05,0.009686608798801899,2.748026125598699,False,False
369,7.38,-0.10926569253206253,0.15291829407215118,4.8047709465026855,0.2885107398033142,2.5344783352920786e-05,6.245422991923988e-05,-0.0011286711087450385,2.3460956072085537e-05,0.0027077693957835436,-0.00020040779781993479,0.0003342701238580048,0.0004113225149922073,0.0,0.0,5.0,0.2709933201315217,-9.000301361083984e-05,-8.744001388549805e-05,-9.924173355102539e-05,-9.381771087646484e-05,0.009686632081866264,2.757712757680565,False,False
370,7.4,-0.10928817838430405,0.15291866660118103,4.804824352264404,0.2885189354419708,3.185876994393766e-05,5.846824933541939e-05,-0.0011199753498658538,1.3619932360597886e-05,0.0026712280232459307,-0.00019821402383968234,0.0003171773278154433,0.0004106033011339605,0.0,0.0,5.0,0.2709641267744717,-9.09566879272461e-05,-8.589029312133789e-05,-0.00010097026824951172,-9.059906005859375e-05,0.009686654433608055,2.767399412114173,False,False
371,7.42,-0.10931048542261124,0.15291884541511536,4.804877758026123,0.2885272204875946,3.8047808629926294e-05,5.455211066873744e-05,-0.001110302866436541,4.879097559751244e-06,0.002634988399222493,-0.00019342910673003644,0.0003017716226167977,0.0004091769806109369,0.0,0.0,5.0,0.27093476118676807,-9.28640365600586e-05,-8.243322372436523e-05,-0.00010287761688232422,-8.90493392944336e-05,0.009686676785349846,2.777086088899523,False,False
372,7.44,-0.10933258384466171,0.15291887521743774,4.804931163787842,0.2885354161262512,4.390813410282135e-05,5.0717870180960745e-05,-0.0010997091885656118,-2.7947580747422762e-06,0.0025987878907471895,-0.00019002896442543715,0.00028430280508473516,0.0004069269052706659,0.0,0.0,5.0,0.270905236474089,-9.351968765258789e-05,-8.225440979003906e-05,-0.00010436773300170898,-8.755922317504883e-05,0.009686698205769062,2.786772787105292,False,False
373,7.46,-0.10935445874929428,0.152918741106987,4.804983139038086,0.2885436415672302,4.941477527609095e-05,4.6973698772490025e-05,-0.0010882543865591288,-9.435691026737913e-06,0.002562548266723752,-0.00018442630243953317,0.0002663996710907668,0.000404292659368366,0.0,0.0,5.0,0.2708765679964499,-9.512901306152344e-05,-7.802248001098633e-05,-0.00010561943054199219,-8.45193862915039e-05,0.009686718694865704,2.796459505800158,False,False
374,7.48,-0.10937609523534775,0.1529185026884079,4.805032730102539,0.2885516583919525,5.4557171097258106e-05,4.3321080738678575e-05,-0.001076000276952982,-1.508205878053559e-05,0.002526738913729787,-0.0001808775996323675,0.00024787403526715934,0.0004007040406577289,0.0,0.0,5.0,0.2708494692715233,-9.381771087646484e-05,-7.545948028564453e-05,-0.00010645389556884766,-7.992982864379883e-05,0.00968674011528492,2.8061462459154427,False,False
375,7.5,-0.10939749330282211,0.15291814506053925,4.805082321166992,0.2885596454143524,5.933126521995291e-05,3.978120003012009e-05,-0.0010630111210048199,-1.9771401639445685e-05,0.002491674618795514,-0.00017315543664153665,0.00022956632892601192,0.0003965093637816608,0.0,0.0,5.0,0.27082221502554904,-9.441375732421875e-05,-7.176399230957031e-05,-0.00010722875595092773,-7.724761962890625e-05,0.009686760604381561,2.8158330065198243,False,False
376,7.5200000000000005,-0.10941861569881439,0.15291769802570343,4.805131912231445,0.2885676324367523,6.373369978973642e-05,3.640120121417567e-05,-0.0010493480367586017,-2.355046854063403e-05,0.0024571449030190706,-0.0001648937613936141,0.00021070564980618656,0.000391623645555228,0.0,0.0,5.0,0.27079480693229363,-9.608268737792969e-05,-6.783008575439453e-05,-0.00010752677917480469,-7.50422477722168e-05,0.009686782024800777,2.825519788544625,False,False
377,7.54,-0.10943946242332458,0.15291722118854523,4.805181503295898,0.28857535123825073,6.774339271942154e-05,3.3147163776447996e-05,-0.0010350743541494012,-2.646906978043262e-05,0.002423034282401204,-0.0001605609868420288,0.00019028925453312695,0.0003859192947857082,0.0,0.0,5.0,0.27076727854299304,-9.530782699584961e-05,-7.033348083496094e-05,-0.00010758638381958008,-7.343292236328125e-05,0.009686803445219994,2.835206591989845,False,False
378,7.5600000000000005,-0.1094600185751915,0.15291664004325867,4.805231094360352,0.28858309984207153,7.137958891689777e-05,3.0030811103642918e-05,-0.001020256895571947,-2.857097024389077e-05,0.0023888845462352037,-0.0001511279697297141,0.0001733532699290663,0.00038039026549085975,0.0,0.0,5.0,0.27073958165120054,-9.626150131225586e-05,-6.723403930664062e-05,-0.00010734796524047852,-7.349252700805664e-05,0.009686822071671486,2.8448934140615165,False,False
379,7.58,-0.10948026925325394,0.1529160439968109,4.805277347564697,0.28859058022499084,7.465788075933233e-05,2.7062067601946183e-05,-0.001004954450763762,-2.9905690098530613e-05,0.002354956464841962,-0.00014580090646632016,0.00015449608326889575,0.0003745615831576288,0.0,0.0,5.0,0.2707141615040471,-9.423494338989258e-05,-6.377696990966797e-05,-0.00010728836059570312,-6.884336471557617e-05,0.009686841629445553,2.854580255690962,False,False
380,7.6000000000000005,-0.1095002144575119,0.15291544795036316,4.805323123931885,0.28859809041023254,7.755245314911008e-05,2.423547994112596e-05,-0.000989229534752667,-3.051890234928578e-05,0.0023220342118293047,-0.00013691469212062657,0.00013497896725311875,0.0003681473317556083,0.0,0.0,5.0,0.2706889677540288,-9.47713851928711e-05,-5.8591365814208984e-05,-0.0001068115234375,-6.42538070678711e-05,0.00968686118721962,2.8642671168781817,False,False
381,7.62,-0.1095198467373848,0.1529148519039154,4.805368900299072,0.28860536217689514,8.006074494915083e-05,2.157182098017074e-05,-0.0009731457685120404,-3.0462166250799783e-05,0.002290091710165143,-0.00012950845120940357,0.0001158653394668363,0.00036085437750443816,0.0,0.0,5.0,0.27066365425185757,-9.465217590332031e-05,-5.7756900787353516e-05,-0.00010609626770019531,-6.175041198730469e-05,0.009686880744993687,2.8739539976231754,False,False
382,7.640000000000001,-0.10953914374113083,0.15291425585746765,4.80541467666626,0.2886125445365906,8.221016469178721e-05,1.9062730643781833e-05,-0.0009567654924467206,-2.978585325763561e-05,0.00225851614959538,-0.00012145844812039286,9.909059008350596e-05,0.0003532349946908653,0.0,0.0,5.0,0.27063821184910203,-9.40561294555664e-05,-5.698204040527344e-05,-0.00010514259338378906,-6.133317947387695e-05,0.009686901234090328,2.8836408988572657,False,False
383,7.66,-0.1095581203699112,0.1529136598110199,4.805460453033447,0.2886195480823517,8.402071398450062e-05,1.670522033236921e-05,-0.0009401451097801328,-2.8538574042613618e-05,0.0022272143978625536,-0.00011435014312155545,8.197683928301558e-05,0.0003457578714005649,0.0,0.0,5.0,0.2706126464704483,-9.363889694213867e-05,-5.698204040527344e-05,-0.00010412931442260742,-6.026029586791992e-05,0.00968692172318697,2.8933278205804527,False,False
384,7.68,-0.1095767542719841,0.15291306376457214,4.805506229400635,0.28862640261650085,8.551037171855569e-05,1.4492779882857576e-05,-0.0009233394521288574,-2.676662552403286e-05,0.002196160377934575,-0.00010695183300413191,6.699890218442306e-05,0.00033830542815849185,0.0,0.0,5.0,0.2705869489620839,-9.244680404663086e-05,-5.698204040527344e-05,-0.00010311603546142578,-6.0439109802246094e-05,0.009686939418315887,2.9030147599987686,False,False
385,7.7,-0.10959504544734955,0.15291258692741394,4.805548667907715,0.2886331379413605,8.669521048432216e-05,1.2433948541001882e-05,-0.0009063983452506363,-2.45151823037304e-05,0.0021652758587151766,-9.898840653477237e-05,5.149361822986975e-05,0.00033101666485890746,0.0,0.0,5.0,0.270563585465422,-9.09566879272461e-05,-5.078315734863281e-05,-0.00010204315185546875,-5.59687614440918e-05,0.00968695804476738,2.912701718043536,False,False
386,7.72,-0.10961300134658813,0.15291211009025574,4.805590629577637,0.2886396050453186,8.755442831898108e-05,1.0519227544136811e-05,-0.0008893719641491771,-2.183041397074703e-05,0.0021356858778744936,-9.253976895706728e-05,3.44358486472629e-05,0.0003230005386285484,0.0,0.0,5.0,0.270540434657153,-8.952617645263672e-05,-4.965066909790039e-05,-0.00010085105895996094,-5.2094459533691406e-05,0.009686976671218872,2.922388694714755,False,False
387,7.74,-0.10963061451911926,0.1529117077589035,4.805632591247559,0.28864601254463196,8.809503196971491e-05,8.762028301134706e-06,-0.0008723142091184855,-1.875754060165491e-05,0.002106906147673726,-8.323630027007312e-05,1.9630158931249753e-05,0.0003148279502056539,0.0,0.0,5.0,0.27051719278952063,-8.922815322875977e-05,-4.684925079345703e-05,-9.924173355102539e-05,-5.0067901611328125e-05,0.009686995297670364,2.932075690012425,False,False
388,7.76,-0.10964788496494293,0.15291135013103485,4.8056745529174805,0.2886522114276886,8.834202162688598e-05,7.163986083469354e-06,-0.0008552729850634933,-1.534502735012211e-05,0.0020787783432751894,-7.662155985599384e-05,5.074004093330586e-06,0.00030629074899479747,0.0,0.0,5.0,0.27049384292438594,-8.785724639892578e-05,-4.8100948333740234e-05,-9.757280349731445e-05,-4.9114227294921875e-05,0.009687013924121857,2.941762703936547,False,False
389,7.78,-0.10966482013463974,0.15291109681129456,4.805716514587402,0.2886582314968109,8.832617459120229e-05,5.7235015447076876e-06,-0.0008382934611290693,-1.1636958333838265e-05,0.002050846116617322,-6.747986481059343e-05,-6.653837772319093e-06,0.000298106053378433,0.0,0.0,5.0,0.27047042168648133,-8.660554885864258e-05,-4.6133995056152344e-05,-9.560585021972656e-05,-4.965066909790039e-05,0.009687032550573349,2.9514497364871204,False,False
390,7.8,-0.10968142002820969,0.15291090309619904,4.805758476257324,0.2886640727519989,8.805407560430467e-05,4.43094222646323e-06,-0.0008214137051254511,-7.678079782635905e-06,0.0020234372932463884,-6.182701326906681e-05,-2.0552080968627706e-05,0.000290058262180537,0.0,0.0,5.0,0.27044690371859725,-8.565187454223633e-05,-4.8100948333740234e-05,-9.41157341003418e-05,-4.869699478149414e-05,0.009687051177024841,2.9611367876641452,False,False
391,7.82,-0.10969767719507217,0.15291078388690948,4.80579948425293,0.2886698246002197,8.754731970839202e-05,3.2773953080322826e-06,-0.0008046748698689044,-3.50798813997244e-06,0.0019961458165198565,-5.3577641665469855e-05,-3.0120983865344897e-05,0.00028237159131094813,0.0,0.0,5.0,0.2704239792017925,-8.445978164672852e-05,-4.51207160949707e-05,-9.226799011230469e-05,-4.845857620239258e-05,0.009687067940831184,2.9708238556049764,False,False
392,7.84,-0.1097136065363884,0.1529107689857483,4.805837631225586,0.28867536783218384,8.682633051648736e-05,2.2527744931721827e-06,-0.0007881092024035752,8.340983868038165e-07,0.0019695081282407045,-4.893289951724e-05,-4.1976072679972276e-05,0.00027457153191789985,0.0,0.0,5.0,0.2704030402549607,-8.165836334228516e-05,-4.2378902435302734e-05,-9.065866470336914e-05,-4.404783248901367e-05,0.009687085635960102,2.9805109412409365,False,False
393,7.86,-0.10972920060157776,0.15291082859039307,4.805875778198242,0.2886807322502136,8.587693446315825e-05,1.3557132660935167e-06,-0.0007717525004409254,5.313635938364314e-06,0.001943954499438405,-4.081895895069465e-05,-5.2961211622459814e-05,0.0002665866049937904,0.0,0.0,5.0,0.2703820120773568,-8.064508438110352e-05,-3.9637088775634766e-05,-8.851289749145508e-05,-4.184246063232422e-05,0.00968710333108902,2.9901980445720255,False,False
394,7.88,-0.10974448174238205,0.152910977602005,4.805913925170898,0.28868597745895386,8.47094997880049e-05,5.943168162048096e-07,-0.0007556387572549284,9.891630725178402e-06,0.001919276313856244,-3.5364762879908085e-05,-6.378082616720349e-05,0.0002583728055469692,0.0,0.0,5.0,0.2703609120909909,-7.933378219604492e-05,-4.035234451293945e-05,-8.64863395690918e-05,-3.999471664428711e-05,0.009687121026217937,2.9998851655982435,False,False
395,7.9,-0.10975944250822067,0.1529112160205841,4.805952072143555,0.2886910140514374,8.336260361829773e-05,-2.8601878199197017e-08,-0.0007397998706437647,1.4532493878505193e-05,0.001894976245239377,-2.6969137252308428e-05,-7.090561848599464e-05,0.0002504733274690807,0.0,0.0,5.0,0.2703397372011546,-7.814168930053711e-05,-3.8504600524902344e-05,-8.416175842285156e-05,-4.07099723815918e-05,0.009687138721346855,3.0095723043195903,False,False
396,7.92,-0.10977408289909363,0.15291155874729156,4.805990219116211,0.28869590163230896,8.185251499526203e-05,-5.303407988321851e-07,-0.0007242584833875299,1.9200155293219723e-05,0.0018711464945226908,-2.3244723706739023e-05,-8.010237070266157e-05,0.00024275429314002395,0.0,0.0,5.0,0.27031849576645567,-7.653236389160156e-05,-4.1365623474121094e-05,-8.207559585571289e-05,-3.999471664428711e-05,0.009687156416475773,3.019259460736066,False,False
397,7.94,-0.10978841036558151,0.1529119908809662,4.806028366088867,0.2887006998062134,8.020068344194442e-05,-9.1917831923638e-07,-0.0007090396829880774,2.3865954062785022e-05,0.0018474871758371592,-1.567781509947963e-05,-8.507991151418537e-05,0.00023557519307360053,0.0,0.0,5.0,0.2702971823159401,-7.56382942199707e-05,-3.886222839355469e-05,-7.987022399902344e-05,-4.124641418457031e-05,0.009687175042927265,3.0289466357789934,False,False
398,7.96,-0.10980243980884552,0.15291251242160797,4.806066513061523,0.2887052595615387,7.842420745873824e-05,-1.214195890497649e-06,-0.000694159884005785,2.8500386179075576e-05,0.0018241938669234514,-1.3860118087904993e-05,-9.256704652216285e-05,0.00022848945809528232,0.0,0.0,5.0,0.2702758028369906,-7.325410842895508e-05,-4.297494888305664e-05,-7.802248001098633e-05,-4.112720489501953e-05,0.009687191806733608,3.038633827585727,False,False
399,7.98,-0.10981617867946625,0.15291312336921692,4.806102752685547,0.2887097895145416,7.654131331946701e-05,-1.4239028587326175e-06,-0.0006796391098760068,3.3082644222304225e-05,0.0018009657505899668,-7.145288691390306e-06,-9.572207636665553e-05,0.00022226042347028852,0.0,0.0,5.0,0.27025572873560333,-7.200241088867188e-05,-3.743171691894531e-05,-7.611513137817383e-05,-3.993511199951172e-05,0.009687207639217377,3.0483210352249444,False,False
400,8.0,-0.10982963442802429,0.15291383862495422,4.8061370849609375,0.28871408104896545,7.454958540620282e-05,-1.5514619917667005e-06,-0.0006654891767539084,3.758865568670444e-05,0.0017787304241210222,-5.643258191412315e-06,-0.00010344949259888381,0.00021568365627899766,0.0,0.0,5.0,0.2702369709515239,-6.920099258422852e-05,-3.737211227416992e-05,-7.414817810058594e-05,-3.540515899658203e-05,0.00968722440302372,3.058008259627968,False,False
401,8.02,-0.10984280705451965,0.1529146432876587,4.806171417236328,0.2887182831764221,7.245018059620634e-05,-1.5900862990747555e-06,-0.0006517295259982347,4.1998915548902005e-05,0.0017574226949363947,1.7505178675492061e-06,-0.00010649061005096883,0.00020907510770484805,0.0,0.0,5.0,0.27021815240575886,-6.836652755737305e-05,-3.3974647521972656e-05,-7.200241088867188e-05,-3.4928321838378906e-05,0.009687240235507488,3.0676954998634756,False,False
402,8.040000000000001,-0.10985570400953293,0.15291552245616913,4.806205749511719,0.28872233629226685,7.027366518741474e-05,-1.5268936977008707e-06,-0.0006383697036653757,4.6287717850646004e-05,0.0017367417458444834,4.539864676189609e-06,-0.00011116020323242992,0.00020245410269126296,0.0,0.0,5.0,0.2701992676411022,-6.669759750366211e-05,-3.510713577270508e-05,-6.99162483215332e-05,-3.3736228942871094e-05,0.009687256999313831,3.0773827568627894,False,False
403,8.06,-0.10986834019422531,0.15291647613048553,4.806240081787109,0.2887263000011444,6.803186988690868e-05,-1.386979647577391e-06,-0.0006254203617572784,5.04355994053185e-05,0.001716426806524396,9.424426934856456e-06,-0.00011301883205305785,0.00019616034114733338,0.0,0.0,5.0,0.27018032266444836,-6.568431854248047e-05,-3.3974647521972656e-05,-6.765127182006836e-05,-3.409385681152344e-05,0.009687273763120174,3.0870700306259096,False,False
404,8.08,-0.1098807230591774,0.1529175490140915,4.8062744140625,0.28873008489608765,6.575003499165177e-05,-1.1771223853429547e-06,-0.0006128859240561724,5.4424439440481365e-05,0.0016964778769761324,1.153582979895873e-05,-0.00011516436643432826,0.00019006716320291162,0.0,0.0,5.0,0.2701613457608479,-6.371736526489258e-05,-3.612041473388672e-05,-6.574392318725586e-05,-3.457069396972656e-05,0.009687290526926517,3.096757321152836,False,False
405,8.1,-0.10989285260438919,0.15291866660118103,4.806308746337891,0.2887338101863861,6.344060966512188e-05,-9.033216201714822e-07,-0.0006007702904753387,5.8240999351255596e-05,0.0016766462940722704,1.5820422049728222e-05,-0.00011577711848076433,0.0001846320810727775,0.0,0.0,5.0,0.2701422947148646,-6.270408630371094e-05,-3.528594970703125e-05,-6.365776062011719e-05,-3.5822391510009766e-05,0.00968730729073286,3.106444628443569,False,False
406,8.120000000000001,-0.10990474373102188,0.15291985869407654,4.806343078613281,0.28873735666275024,6.110921822255477e-05,-5.836929517499811e-07,-0.000589073752053082,6.187166582094505e-05,0.0016571406740695238,1.6120511645567603e-05,-0.00011736077431123704,0.0001794748823158443,0.0,0.0,5.0,0.27012319241149896,-6.0558319091796875e-05,-3.832578659057617e-05,-6.186962127685547e-05,-3.600120544433594e-05,0.009687324054539204,3.116131952498108,False,False
407,8.14,-0.10991641134023666,0.1529211401939392,4.806377410888672,0.28874093294143677,5.8777950471267104e-05,-2.277891439916857e-07,-0.0005777980550192297,6.530968676088378e-05,0.0016376751009374857,1.944865107361693e-05,-0.00011576565157156438,0.00017501151887699962,0.0,0.0,5.0,0.2701040533096546,-5.996227264404297e-05,-3.647804260253906e-05,-6.03795051574707e-05,-3.695487976074219e-05,0.009687340818345547,3.1258192933164537,False,False
408,8.16,-0.10992785543203354,0.15292245149612427,4.806411266326904,0.2887442409992218,5.6452587159583345e-05,1.645179565912258e-07,-0.0005669385427609086,6.854706589365378e-05,0.0016184963751584291,1.9763045202125795e-05,-0.00011676990834530443,0.000170659099239856,0.0,0.0,5.0,0.2700851854075364,-5.805492401123047e-05,-3.892183303833008e-05,-5.8591365814208984e-05,-3.695487976074219e-05,0.009687354788184166,3.135506648104638,False,False
409,8.18,-0.1099390909075737,0.15292388200759888,4.806441783905029,0.28874754905700684,5.413049439084716e-05,5.90226704844099e-07,-0.0005564942257478833,7.157873915275559e-05,0.0015994480345398188,2.278968349855859e-05,-0.0001154385827248916,0.00016686663730069995,0.0,0.0,5.0,0.2700686957344837,-5.5789947509765625e-05,-3.30805778503418e-05,-5.6803226470947266e-05,-3.3736228942871094e-05,0.009687370620667934,3.145194018725306,False,False
410,8.2,-0.10995012521743774,0.1529253125190735,4.806472301483154,0.2887509763240814,5.1803526730509475e-05,1.045321596393478e-06,-0.0005464612040668726,7.439748151227832e-05,0.0015816933009773493,2.2701746274833567e-05,-0.00011725955118890852,0.00016258290270343423,0.0,0.0,5.0,0.270052127074781,-5.59687614440918e-05,-3.159046173095703e-05,-5.555152893066406e-05,-2.9325485229492188e-05,0.009687385521829128,3.154881404247135,False,False
411,8.22,-0.10996095836162567,0.15292686223983765,4.806502819061279,0.2887541353702545,4.948978312313557e-05,1.5173955034697428e-06,-0.0005368405254557729,7.699974230490625e-05,0.001564657548442483,2.448926170472987e-05,-0.00011411604646127671,0.00015787762822583318,0.0,0.0,5.0,0.2700355468999618,-5.3942203521728516e-05,-3.218650817871094e-05,-5.3942203521728516e-05,-3.0338764190673828e-05,0.009687399491667747,3.1645688037388027,False,False
412,8.24,-0.10997160524129868,0.1529284119606018,4.806533336639404,0.2887573540210724,4.722586527350359e-05,2.025731873800396e-06,-0.0005276232259348035,7.938236376503482e-05,0.0015478304121643305,2.6328754756832495e-05,-0.00011227668437641114,0.0001537047210149467,0.0,0.0,5.0,0.27001889373897825,-5.364418029785156e-05,-3.0875205993652344e-05,-5.227327346801758e-05,-2.9802322387695312e-05,0.009687414392828941,3.1742562181316316,False,False
413,8.26,-0.10998206585645676,0.15293002128601074,4.806563854217529,0.2887605130672455,4.500386421568692e-05,2.5401930088264635e-06,-0.0005187996430322528,8.154247916536406e-05,0.0015313040930777788,2.5102508516283706e-05,-0.0001099243963835761,0.00014947046292945743,0.0,0.0,5.0,0.2700022013165281,-5.1975250244140625e-05,-3.343820571899414e-05,-5.0961971282958984e-05,-2.9802322387695312e-05,0.009687429293990135,3.1839436474256217,False,False
414,8.28,-0.10999235510826111,0.15293169021606445,4.806594371795654,0.2887634336948395,4.285527757019736e-05,3.0662745302834082e-06,-0.0005103599396534264,8.348344272235408e-05,0.0015148299280554056,2.7492595108924434e-05,-0.00010493518493603915,0.00014582049334421754,0.0,0.0,5.0,0.2699854756754921,-5.054473876953125e-05,-3.2961368560791016e-05,-4.953145980834961e-05,-3.218650817871094e-05,0.009687444195151329,3.193631091620773,False,False
415,8.3,-0.11000248044729233,0.15293335914611816,4.806624889373779,0.28876638412475586,4.0774557419354096e-05,3.6112601264903788e-06,-0.0005022876430302858,8.520497794961557e-05,0.0014985252637416124,2.6993369829142466e-05,-0.00010313662642147392,0.00014255318092182279,0.0,0.0,5.0,0.2699686860618757,-4.988908767700195e-05,-3.4332275390625e-05,-4.8160552978515625e-05,-3.2007694244384766e-05,0.009687459096312523,3.2033185507170856,False,False
416,8.32,-0.11001244187355042,0.15293505787849426,4.806655406951904,0.28876933455467224,3.8753165426896885e-05,4.153409918217221e-06,-0.0004945721593685448,8.670950046507642e-05,0.0014822466764599085,2.7209873223910108e-05,-9.900254372041672e-05,0.0001395705039612949,0.0,0.0,5.0,0.2699518493291228,-4.9054622650146484e-05,-3.427267074584961e-05,-4.690885543823242e-05,-3.2961368560791016e-05,0.009687473997473717,3.2130060247145593,False,False
417,8.34,-0.11002226173877716,0.15293684601783752,4.806685924530029,0.2887721061706543,3.6812456528423354e-05,4.688462013291428e-06,-0.00048719983897171915,8.800136856734753e-05,0.001466177636757493,2.6284580599167384e-05,-9.50684625422582e-05,0.00013690994819626212,0.0,0.0,5.0,0.269935008331282,-4.738569259643555e-05,-3.5881996154785156e-05,-4.6133995056152344e-05,-3.427267074584961e-05,0.009687489829957485,3.222693514544517,False,False
418,8.36,-0.11003193259239197,0.1529386341571808,4.806716442108154,0.2887748181819916,3.494575139484368e-05,5.2161562962282915e-06,-0.00048015674110502005,8.908700692700222e-05,0.0014500163961201906,2.6474701371625997e-05,-9.160114859696478e-05,0.00013472168939188123,0.0,0.0,5.0,0.26991810935765526,-4.661083221435547e-05,-3.6656856536865234e-05,-4.500150680541992e-05,-3.540515899658203e-05,0.009687504731118679,3.2323810192756355,False,False
419,8.38,-0.11004146933555603,0.15294042229652405,4.806746959686279,0.28877750039100647,3.315036155981943e-05,5.7409492910664994e-06,-0.00047342939069494605,8.997089753393084e-05,0.001433829078450799,2.599528852442745e-05,-8.793691813480109e-05,0.0001328687067143619,0.0,0.0,5.0,0.26990115845669094,-4.553794860839844e-05,-3.7550926208496094e-05,-4.398822784423828e-05,-3.6597251892089844e-05,0.009687517769634724,3.24206853704527,False,False
420,8.4,-0.11005087196826935,0.1529422104358673,4.806774616241455,0.28878021240234375,3.142022615065798e-05,6.256409960769815e-06,-0.00046700495295226574,9.06582354218699e-05,0.0014176026452332735,2.5541734430589713e-05,-8.507560414727777e-05,0.00013146997662261128,0.0,0.0,5.0,0.26988620395015095,-4.464387893676758e-05,-3.2782554626464844e-05,-4.297494888305664e-05,-3.2961368560791016e-05,0.009687530808150768,3.251756067853421,False,False
421,8.42,-0.11006015539169312,0.15294399857521057,4.8068013191223145,0.28878292441368103,2.9739210731349885e-05,6.751295131834922e-06,-0.00046087318332865834,9.115460852626711e-05,0.0014024351257830858,2.393834620306734e-05,-8.302506466861814e-05,0.0001294360845349729,0.0,0.0,5.0,0.2698718858975411,-4.357099533081055e-05,-3.123283386230469e-05,-4.1961669921875e-05,-2.9385089874267578e-05,0.009687543846666813,3.261443611700088,False,False
422,8.44,-0.11006931960582733,0.15294578671455383,4.806828022003174,0.2887856066226959,2.810937621688936e-05,7.235206339828437e-06,-0.00045502642751671374,9.146673983195797e-05,0.0013879595790058374,2.444498568365816e-05,-7.995693886186928e-05,0.00012704945402219892,0.0,0.0,5.0,0.26985752143571956,-4.363059997558594e-05,-3.0100345611572266e-05,-4.0650367736816406e-05,-2.8431415557861328e-05,0.009687556885182858,3.2711311685852706,False,False
423,8.46,-0.110078364610672,0.1529475748538971,4.806854724884033,0.2887881398200989,2.6556754164630547e-05,7.714206731179729e-06,-0.00044945330591872334,9.15984928724356e-05,0.0013737848494201899,2.344781933061313e-05,-7.530364382546395e-05,0.00012464291648939252,0.0,0.0,5.0,0.26984311054512955,-4.178285598754883e-05,-3.170967102050781e-05,-3.9458274841308594e-05,-2.9325485229492188e-05,0.009687569923698902,3.2808187385089695,False,False
424,8.48,-0.11008729785680771,0.15294936299324036,4.806881427764893,0.28879061341285706,2.5101311621256173e-05,8.189049367501866e-06,-0.00044413775322027504,9.155659790849313e-05,0.0013597013894468546,2.402978134341538e-05,-7.023899524938315e-05,0.0001227981992997229,0.0,0.0,5.0,0.2698286562461035,-4.088878631591797e-05,-3.0994415283203125e-05,-3.832578659057617e-05,-3.0279159545898438e-05,0.009687582962214947,3.2905063214711845,False,False
425,8.5,-0.11009612679481506,0.15295115113258362,4.806908130645752,0.28879305720329285,2.373298593738582e-05,8.650807103549596e-06,-0.00043906187056563795,9.13466647034511e-05,0.0013457222376018763,2.2139822249300778e-05,-6.659147038590163e-05,0.00012116194557165727,0.0,0.0,5.0,0.26981416156073135,-3.993511199951172e-05,-3.272294998168945e-05,-3.74913215637207e-05,-3.039836883544922e-05,0.009687596000730991,3.3001939174719155,False,False
426,8.52,-0.11010485887527466,0.15295293927192688,4.806934833526611,0.288795530796051,2.2459083993453532e-05,9.08945639821468e-06,-0.00043421113514341414,9.097791917156428e-05,0.0013317822013050318,2.1718995412811637e-05,-6.079678132664412e-05,0.00011987381003564224,0.0,0.0,5.0,0.2697996295128353,-3.933906555175781e-05,-3.17692756652832e-05,-3.695487976074219e-05,-3.129243850708008e-05,0.009687609039247036,3.3098815265111625,False,False
427,8.540000000000001,-0.11011349409818649,0.15295472741127014,4.806961536407471,0.2887979745864868,2.127617881342303e-05,9.503453838988207e-06,-0.0004295676189940423,9.045950719155371e-05,0.0013179464731365442,1.9675324438139796e-05,-5.749134288635105e-05,0.00011863282270496711,0.0,0.0,5.0,0.2697850600869729,-3.8504600524902344e-05,-3.314018249511719e-05,-3.62396240234375e-05,-3.129243850708008e-05,0.00968762207776308,3.3195691485889256,False,False
428,8.56,-0.11012203991413116,0.1529565155506134,4.80698823928833,0.2888004183769226,2.0168794435448945e-05,9.890514775179327e-06,-0.0004251183127053082,8.980156417237595e-05,0.001304189907386899,1.902545045595616e-05,-5.324413359630853e-05,0.00011767332762246951,0.0,0.0,5.0,0.26977045630916197,-3.8504600524902344e-05,-3.314018249511719e-05,-3.5643577575683594e-05,-3.1888484954833984e-05,0.009687635116279125,3.3292567837052047,False,False
429,8.58,-0.11013049632310867,0.15295830368995667,4.8070149421691895,0.2888028919696808,1.9143726603942923e-05,1.0248753824271262e-05,-0.0004208493046462536,8.90128721948713e-05,0.0012904193717986345,1.6793293980299495e-05,-4.92607505293563e-05,0.00011684893252095208,0.0,0.0,5.0,0.26975581816532623,-3.838539123535156e-05,-3.36766242980957e-05,-3.5643577575683594e-05,-3.212690353393555e-05,0.00968764815479517,3.33894443186,False,False
430,8.6,-0.11013887077569962,0.15296009182929993,4.807041645050049,0.28880536556243896,1.820811303332448e-05,1.0571761777100619e-05,-0.00041674694512039423,8.810483268462121e-05,0.0012765575665980577,1.5502888345508836e-05,-4.429793625604361e-05,0.00011610626097535715,0.0,0.0,5.0,0.26974114868363236,-3.7670135498046875e-05,-3.355741500854492e-05,-3.516674041748047e-05,-3.337860107421875e-05,0.009687661193311214,3.348632093053311,False,False
431,8.620000000000001,-0.11014717072248459,0.1529618799686432,4.807068347930908,0.28880783915519714,1.7353151633869857e-05,1.0856381777557544e-05,-0.0004127961292397231,8.708870154805481e-05,0.0012626436073333025,1.2954672456544358e-05,-4.119566801819019e-05,0.00011557855032151565,0.0,0.0,5.0,0.2697264508938989,-3.7550926208496094e-05,-3.451108932495117e-05,-3.522634506225586e-05,-3.3020973205566406e-05,0.009687674231827259,3.3583197672851384,False,False
432,8.64,-0.1101553812623024,0.15296362340450287,4.807095050811768,0.28881025314331055,1.6577303540543653e-05,1.1106727470178157e-05,-0.000408985186368227,8.59763749758713e-05,0.001248703571036458,1.2075615813955665e-05,-3.638655107351951e-05,0.00011508279567351565,0.0,0.0,5.0,0.26971169334567663,-3.6835670471191406e-05,-3.4928321838378906e-05,-3.4928321838378906e-05,-3.4749507904052734e-05,0.009687686339020729,3.368007453624159,False,False
433,8.66,-0.11016352474689484,0.15296529233455658,4.807120323181152,0.2888127267360687,1.5867639376665466e-05,1.1330213965266012e-05,-0.0004053003794979304,8.477744995616376e-05,0.0012346592266112566,1.0268992809869815e-05,-3.457687489571981e-05,0.00011492755584185943,0.0,0.0,5.0,0.26969789130321203,-3.701448440551758e-05,-3.337860107421875e-05,-3.439188003540039e-05,-3.254413604736328e-05,0.00968769658356905,3.377695150207728,False,False
434,8.68,-0.1101715937256813,0.1529669612646103,4.807143211364746,0.2888151705265045,1.5213388905976899e-05,1.1523222383402754e-05,-0.0004017333558294922,8.350071584573016e-05,0.001221020007506013,9.027790838445071e-06,-3.0845647415844724e-05,0.00011438826186349615,0.0,0.0,5.0,0.26968576570758857,-3.594160079956055e-05,-2.9325485229492188e-05,-3.427267074584961e-05,-2.950429916381836e-05,0.009687707759439945,3.387382857967168,False,False
435,8.700000000000001,-0.1101795956492424,0.152968630194664,4.80716609954834,0.2888173758983612,1.4618465684179682e-05,1.1682133845170029e-05,-0.000398273958126083,8.215523121180013e-05,0.0012082431931048632,6.8597664721892215e-06,-2.8643955374718644e-05,0.00011329424887662753,0.0,0.0,5.0,0.269673614364593,-3.3736228942871094e-05,-3.081560134887695e-05,-3.349781036376953e-05,-2.855062484741211e-05,0.00968771893531084,3.397070576902479,False,False
436,8.72,-0.11018753051757812,0.1529702991247177,4.807188987731934,0.2888195812702179,1.4069958524487447e-05,1.1838483260362409e-05,-0.0003949142701458186,8.07492106105201e-05,0.0011956749949604273,8.771800821705256e-06,-2.6204559617326595e-05,0.00011255006393184885,0.0,0.0,5.0,0.26966143726477515,-3.361701965332031e-05,-2.86102294921875e-05,-3.2901763916015625e-05,-2.8192996978759766e-05,0.009687730111181736,3.4067583070136607,False,False
437,8.74,-0.11019539088010788,0.15297187864780426,4.807211875915527,0.2888217866420746,1.3562121239374392e-05,1.200763199449284e-05,-0.00039164486224763095,7.928237755550072e-05,0.0011834206525236368,8.139709279930685e-06,-2.4576462237746455e-05,0.00011165046453243122,0.0,0.0,5.0,0.2696491806334081,-3.331899642944336e-05,-2.9385089874267578e-05,-3.218650817871094e-05,-2.777576446533203e-05,0.009687740355730057,3.4164460473693907,False,False
438,8.76,-0.11020319163799286,0.15297342836856842,4.807234764099121,0.2888239920139313,1.3094379937683698e-05,1.2169787623861339e-05,-0.0003884586039930582,7.775701669743285e-05,0.0011712184641510248,8.072668606473599e-06,-2.219495399913285e-05,0.0001109143704525195,0.0,0.0,5.0,0.26963688435738015,-3.314018249511719e-05,-2.956390380859375e-05,-3.153085708618164e-05,-2.7954578399658203e-05,0.009687751531600952,3.4261337989009917,False,False
439,8.78,-0.11021092534065247,0.15297497808933258,4.807257652282715,0.28882622718811035,1.2683540262514725e-05,1.2334224265941884e-05,-0.00038534688064828515,7.617625669809058e-05,0.0011591205839067698,8.367884220206179e-06,-1.8886139514506795e-05,0.00011025924322893843,0.0,0.0,5.0,0.26962456228883436,-3.2961368560791016e-05,-2.9027462005615234e-05,-3.0875205993652344e-05,-2.8908252716064453e-05,0.009687762707471848,3.4358215616084635,False,False
440,8.8,-0.1102185994386673,0.15297652781009674,4.807280540466309,0.28882843255996704,1.2328444427112117e-05,1.2479062206693925e-05,-0.00038229854544624686,7.454391015926376e-05,0.0011470618192106485,6.112952178227715e-06,-1.6620653696008958e-05,0.00010975795885315165,0.0,0.0,5.0,0.26961221746429226,-3.236532211303711e-05,-2.9921531677246094e-05,-3.057718276977539e-05,-2.86102294921875e-05,0.009687772952020168,3.4455093345604837,False,False
441,8.82,-0.11022621393203735,0.15297795832157135,4.807303428649902,0.28883063793182373,1.2030568541376851e-05,1.259862256119959e-05,-0.00037930533289909363,7.286846812348813e-05,0.0011349639389663935,5.840096036990872e-06,-1.3164166375645436e-05,0.00010936191392829642,0.0,0.0,5.0,0.26959978223305553,-3.24249267578125e-05,-2.9742717742919922e-05,-3.0219554901123047e-05,-2.968311309814453e-05,0.009687784127891064,3.4551971186883748,False,False
442,8.84,-0.11023376882076263,0.15297938883304596,4.807326316833496,0.2888328433036804,1.1788637493737042e-05,1.2694263205048628e-05,-0.00037635688204318285,7.115679181879386e-05,0.0011228530202060938,3.7212712413747795e-06,-1.1026264473912306e-05,0.00010900708002736792,0.0,0.0,5.0,0.26958732422187054,-3.170967102050781e-05,-3.0875205993652344e-05,-2.9742717742919922e-05,-3.0338764190673828e-05,0.009687794372439384,3.464884913060814,False,False
443,8.86,-0.11024126410484314,0.15298081934452057,4.80734920501709,0.2888350784778595,1.159552175522549e-05,1.2745294952765107e-05,-0.0003734457422979176,6.941835454199463e-05,0.0011106899473816156,1.3791868695989251e-06,-8.282879207399674e-06,0.00010898426262428984,0.0,0.0,5.0,0.2695748434225677,-3.159046173095703e-05,-3.129243850708008e-05,-2.9921531677246094e-05,-3.0219554901123047e-05,0.00968780554831028,3.4745727186091244,False,False
444,8.88,-0.11024870723485947,0.1529821902513504,4.807372093200684,0.2888372540473938,1.1453504157543648e-05,1.2766437976097222e-05,-0.0003705646959133446,6.76638082950376e-05,0.0010984356049448252,7.322590818148456e-07,-5.916196641919669e-06,0.00010899171320488676,0.0,0.0,5.0,0.26956230904735967,-3.159046173095703e-05,-3.1054019927978516e-05,-2.968311309814453e-05,-3.0875205993652344e-05,0.009687816724181175,3.4842605353333056,False,False
445,8.9,-0.11025609076023102,0.15298350155353546,4.807394981384277,0.2888394892215729,1.1363425073795952e-05,1.2766064173774794e-05,-0.0003677055356092751,6.590008706552908e-05,0.0010862334165722132,-7.724224815319758e-07,-3.0888083983882098e-06,0.00010907221439993009,0.0,0.0,5.0,0.26954971803597155,-3.135204315185547e-05,-3.081560134887695e-05,-2.950429916381836e-05,-3.170967102050781e-05,0.00968782790005207,3.4939483632333577,False,False
446,8.92,-0.1102634146809578,0.15298481285572052,4.807417869567871,0.2888416647911072,1.1309697583783418e-05,1.2715772754745558e-05,-0.00036486072349362075,6.413597293430939e-05,0.0010740181896835566,-4.259311481291661e-06,-2.2812987481302116e-06,0.00010925824608420953,0.0,0.0,5.0,0.2695371042053064,-3.0875205993652344e-05,-3.319978713989258e-05,-2.968311309814453e-05,-3.11732292175293e-05,0.009687839075922966,3.5036362023092806,False,False
447,8.94,-0.11027068644762039,0.15298610925674438,4.807440757751465,0.28884392976760864,1.1301476661174092e-05,1.2643556146940682e-05,-0.0003620269417297095,6.238244532141834e-05,0.0010616716463118792,-2.964849045383744e-06,1.4617229453506297e-06,0.00010962996020680293,0.0,0.0,5.0,0.26952446213743936,-3.17692756652832e-05,-3.057718276977539e-05,-2.9861927032470703e-05,-3.236532211303711e-05,0.009687850251793861,3.5133240525610745,False,False
448,8.96,-0.11027789860963821,0.1529873013496399,4.807463645935059,0.28884613513946533,1.1330327652103733e-05,1.2546636753540952e-05,-0.000359194673364982,6.064377521397546e-05,0.0010492599103599787,-6.7299984038982075e-06,1.4259203453548253e-06,0.00010972937889164314,0.0,0.0,5.0,0.26951173802382644,-3.129243850708008e-05,-3.349781036376953e-05,-2.9742717742919922e-05,-3.218650817871094e-05,0.009687857702374458,3.523011910263449,False,False
449,8.98,-0.11028505116701126,0.1529884934425354,4.807482719421387,0.288848340511322,1.1393003660487011e-05,1.2408572729327716e-05,-0.0003563620266504586,5.8929897932102904e-05,0.001036717789247632,-7.078713679220527e-06,4.844223440159112e-06,0.00011018240911653265,0.0,0.0,5.0,0.2695017160578231,-2.9921531677246094e-05,-2.7239322662353516e-05,-2.9981136322021484e-05,-2.8967857360839844e-05,0.009687867015600204,3.532699777279049,False,False
450,9.0,-0.11029215157032013,0.1529896855354309,4.807501792907715,0.2888505160808563,1.147070543083828e-05,1.224786501552444e-05,-0.0003535228024702519,5.724772563553415e-05,0.0010251423809677362,-8.99464066606015e-06,2.928290768977604e-06,0.00010981127707054839,0.0,0.0,5.0,0.26949167391959405,-2.950429916381836e-05,-2.6464462280273438e-05,-2.9802322387695312e-05,-2.4974346160888672e-05,0.00968787632882595,3.542387653607875,False,False
451,9.02,-0.11029919236898422,0.15299080312252045,4.807520866394043,0.2888527512550354,1.1537620594026521e-05,1.209520996781066e-05,-0.0003506798529997468,5.5600372434128076e-05,0.0010141546372324228,-6.273621238506166e-06,3.7657932807633188e-06,0.00010904037480941042,0.0,0.0,5.0,0.2694815662545842,-3.0517578125e-05,-2.3126602172851562e-05,-2.9265880584716797e-05,-2.4199485778808594e-05,0.009687884710729122,3.5520755383186042,False,False
452,9.040000000000001,-0.11030617356300354,0.1529918760061264,4.807539939880371,0.2888549566268921,1.1615291441557929e-05,1.1941629963985179e-05,-0.000347831315593794,5.3984160331310704e-05,0.001003545941784978,-9.087111720873509e-06,4.003584763268009e-06,0.0001078045679605566,0.0,0.0,5.0,0.2694714099700311,-2.956390380859375e-05,-2.580881118774414e-05,-2.9027462005615234e-05,-2.3603439331054688e-05,0.009687893092632294,3.5617634314112365,False,False
453,9.06,-0.11031310260295868,0.15299294888973236,4.807559013366699,0.2888571619987488,1.1721713235601783e-05,1.1775361599575263e-05,-0.000344975822372362,5.240404061623849e-05,0.0009928198996931314,-7.54241182221449e-06,6.640716947003966e-06,0.00010694356024032459,0.0,0.0,5.0,0.26946123348686984,-2.9742717742919922e-05,-2.3663043975830078e-05,-2.9087066650390625e-05,-2.4020671844482422e-05,0.009687901474535465,3.571451332885772,False,False
454,9.08,-0.11031997203826904,0.15299402177333832,4.807578086853027,0.28885936737060547,1.1853985597554129e-05,1.1613094102358446e-05,-0.00034210633020848036,5.086086457595229e-05,0.0009822372812777758,-8.68686220201198e-06,6.5886983975360636e-06,0.00010595047933747992,0.0,0.0,5.0,0.26945103374833484,-2.956390380859375e-05,-2.4497509002685547e-05,-2.8908252716064453e-05,-2.3424625396728516e-05,0.009687910787761211,3.581139243673533,False,False
455,9.1,-0.11032678186893463,0.15299499034881592,4.8075971603393555,0.28886160254478455,1.1999301932519302e-05,1.144164525612723e-05,-0.0003392207436263561,4.935697143082507e-05,0.0009716285858303308,-8.46062357595656e-06,7.94504285295261e-06,0.00010497742186998948,0.0,0.0,5.0,0.26944075151852853,-2.9742717742919922e-05,-2.3543834686279297e-05,-2.8431415557861328e-05,-2.384185791015625e-05,0.009687919169664383,3.5908271628431976,False,False
456,9.120000000000001,-0.11033353954553604,0.15299594402313232,4.807616233825684,0.2888638377189636,1.2163690371380653e-05,1.1254988748987671e-05,-0.0003363158321008086,4.7894634917611256e-05,0.0009610985871404409,-1.0207799277850427e-05,8.495745532854926e-06,0.00010403585474705324,0.0,0.0,5.0,0.26943044060311716,-2.944469451904297e-05,-2.4974346160888672e-05,-2.855062484741211e-05,-2.378225326538086e-05,0.009687927551567554,3.600515090394765,False,False
457,9.14,-0.11034023761749268,0.15299689769744873,4.807635307312012,0.2888660132884979,1.2351670193311293e-05,1.1055756658606697e-05,-0.0003333893255330622,4.647877722163685e-05,0.0009505159687250853,-9.717872671899386e-06,1.0304133866156917e-05,0.00010314760584151372,0.0,0.0,5.0,0.26942010640535446,-2.9385089874267578e-05,-2.4259090423583984e-05,-2.8431415557861328e-05,-2.485513687133789e-05,0.009687935933470726,3.610203026328236,False,False
458,9.16,-0.11034687608480453,0.15299785137176514,4.80765438079834,0.2888681888580322,1.2561211406136863e-05,1.0846821169252507e-05,-0.000330436450894922,4.5111755753168836e-05,0.0009399072732776403,-1.1178259228472598e-05,1.0651921002136078e-05,0.00010232827480649576,0.0,0.0,5.0,0.2694097489181154,-2.8967857360839844e-05,-2.5033950805664062e-05,-2.855062484741211e-05,-2.5033950805664062e-05,0.009687945246696472,3.6198909715749323,False,False
459,9.18,-0.11035345494747162,0.15299871563911438,4.807673454284668,0.2888701558113098,1.2777826668752823e-05,1.0619717613735702e-05,-0.00032745584030635655,4.3797746911877766e-05,0.0009291942697018385,-1.1534656550793443e-05,1.1011258720827755e-05,0.00010161546379094943,0.0,0.0,5.0,0.2693993173578098,-2.8014183044433594e-05,-2.658367156982422e-05,-2.8312206268310547e-05,-2.6106834411621094e-05,0.009687953628599644,3.629578925203532,False,False
460,9.200000000000001,-0.11035997420549393,0.15299955010414124,4.807692527770996,0.2888721227645874,1.2993861673749052e-05,1.0397686310170684e-05,-0.00032444694079458714,4.253858423908241e-05,0.0009183634538203478,-1.0671285053831525e-05,1.0593837032502051e-05,0.00010126848792424425,0.0,0.0,5.0,0.26938884556309306,-2.7954578399658203e-05,-2.6464462280273438e-05,-2.8073787689208984e-05,-2.6702880859375e-05,0.00968796294182539,3.6392668881453574,False,False
461,9.22,-0.11036643385887146,0.1530003845691681,4.807711601257324,0.288874089717865,1.320201135968091e-05,1.018810689856764e-05,-0.0003214101307094097,4.133188849664293e-05,0.0009075456764549017,-1.0288962585036643e-05,1.0222755918221083e-05,0.00010096435289597139,0.0,0.0,5.0,0.2693783504516654,-2.7835369110107422e-05,-2.6345252990722656e-05,-2.777576446533203e-05,-2.7120113372802734e-05,0.009687972255051136,3.6489548604004085,False,False
462,9.24,-0.11037283390760422,0.15300121903419495,4.807730674743652,0.2888760566711426,1.3393321751209442e-05,9.976758519769646e-06,-0.00031834692345000803,4.017577521153726e-05,0.0008966366294771433,-1.084852010535542e-05,8.909794814826455e-06,0.00010074077727040276,0.0,0.0,5.0,0.2693678320165132,-2.753734588623047e-05,-2.7060508728027344e-05,-2.765655517578125e-05,-2.682209014892578e-05,0.009687981568276882,3.6586428419686854,False,False
463,9.26,-0.1103791669011116,0.1530020534992218,4.8077497482299805,0.28887802362442017,1.356492157356115e-05,9.766419680090621e-06,-0.00031526145176030695,3.9069855120033026e-05,0.0008857666980475187,-1.0188066880800761e-05,8.251793587987777e-06,0.00010052511788671836,0.0,0.0,5.0,0.26935728719750296,-2.7894973754882812e-05,-2.6404857635498047e-05,-2.7477741241455078e-05,-2.6881694793701172e-05,0.009687989950180054,3.6683308319188654,False,False
464,9.28,-0.11038544028997421,0.1530027985572815,4.807768821716309,0.28887999057769775,1.3729390047956258e-05,9.556104487273842e-06,-0.0003121561312582344,3.801245111390017e-05,0.0008749619591981173,-1.084606810763944e-05,8.196510862035211e-06,0.00010030643170466647,0.0,0.0,5.0,0.2693466682524732,-2.765655517578125e-05,-2.6881694793701172e-05,-2.7239322662353516e-05,-2.7477741241455078e-05,0.0096879992634058,3.6780188311822712,False,False
465,9.3,-0.11039165407419205,0.1530035138130188,4.807787895202637,0.28888198733329773,1.3894259609514847e-05,9.319444870925508e-06,-0.0003090321843046695,3.700555316754617e-05,0.0008640529122203588,-1.2822654753108509e-05,8.291784070024733e-06,0.00010020165791502222,0.0,0.0,5.0,0.2693360090277557,-2.6881694793701172e-05,-2.8073787689208984e-05,-2.7358531951904297e-05,-2.777576446533203e-05,0.009688007645308971,3.68770683882758,False,False
466,9.32,-0.11039780080318451,0.1530042290687561,4.807805061340332,0.28888392448425293,1.4053760423848871e-05,9.069126463145949e-06,-0.0003058912407141179,3.6054247175343335e-05,0.0008530786726623774,-1.2211670764372684e-05,7.659648872504476e-06,0.00010042511712526903,0.0,0.0,5.0,0.26932668449579505,-2.7000904083251953e-05,-2.4318695068359375e-05,-2.753734588623047e-05,-2.5331974029541016e-05,0.009688014164566994,3.697394852992147,False,False
467,9.34,-0.1104038879275322,0.1530049443244934,4.8078203201293945,0.28888586163520813,1.4189060493663419e-05,8.825874829199165e-06,-0.00030273571610450745,3.515769640216604e-05,0.0008427707944065332,-1.2116020116081927e-05,5.871786015632097e-06,9.994839638238773e-05,0.0,0.0,5.0,0.2693186974801876,-2.6524066925048828e-05,-2.0682811737060547e-05,-2.7239322662353516e-05,-2.1219253540039062e-05,0.00968802161514759,3.707082874607295,False,False
468,9.36,-0.11040991544723511,0.1530056595802307,4.807835578918457,0.2888878583908081,1.4287392332335003e-05,8.583702765463386e-06,-0.0002995712566189468,3.4313456126255915e-05,0.0008332596626132727,-1.2103875633329153e-05,3.962742084695492e-06,9.884314931696281e-05,0.0,0.0,5.0,0.2693106867954772,-2.6702880859375e-05,-1.9252300262451172e-05,-2.7060508728027344e-05,-1.8537044525146484e-05,0.009688028134405613,3.7167709027417004,False,False
469,9.38,-0.11041587591171265,0.15300637483596802,4.8078508377075195,0.2888898253440857,1.4369657037605066e-05,8.351832548214588e-06,-0.0002964036539196968,3.351912528160028e-05,0.0008242188487201929,-1.1085810001532082e-05,4.26506176154362e-06,9.73895876086317e-05,0.0,0.0,5.0,0.2693026493807617,-2.6285648345947266e-05,-1.806020736694336e-05,-2.6881694793701172e-05,-1.800060272216797e-05,0.009688034653663635,3.726458937395364,False,False
470,9.4,-0.11042176932096481,0.15300709009170532,4.807866096496582,0.2888917922973633,1.4449565242102835e-05,8.136064025165979e-06,-0.00029323308262974024,3.2771571568446234e-05,0.0008153084199875593,-1.0493670743016992e-05,3.727085186255863e-06,9.585372026776895e-05,0.0,0.0,5.0,0.2692945852291953,-2.6166439056396484e-05,-1.7523765563964844e-05,-2.664327621459961e-05,-1.722574234008789e-05,0.009688041172921658,3.7361469785682857,False,False
471,9.42,-0.1104276031255722,0.15300768613815308,4.8078813552856445,0.28889375925064087,1.4524656762660015e-05,7.931301297503524e-06,-0.0002900598046835512,3.206795736332424e-05,0.0008066070731729269,-9.985415999835823e-06,3.7832937778148334e-06,9.417629189556465e-05,0.0,0.0,5.0,0.26928642965491445,-2.6106834411621094e-05,-1.7642974853515625e-05,-2.6226043701171875e-05,-1.7642974853515625e-05,0.00968804769217968,3.7458350262604654,False,False
472,9.44,-0.11043336987495422,0.15300828218460083,4.807896614074707,0.28889569640159607,1.4600351278204471e-05,7.731658115517348e-06,-0.00028688364545814693,3.140649641864002e-05,0.000797853572294116,-9.981436051020864e-06,3.787267132793204e-06,9.259083162760362e-05,0.0,0.0,5.0,0.26927824732603806,-2.586841583251953e-05,-1.823902130126953e-05,-2.5928020477294922e-05,-1.800060272216797e-05,0.009688054211437702,3.755523080471903,False,False
473,9.46,-0.11043907701969147,0.15300887823104858,4.8079118728637695,0.28889766335487366,1.4665810340375174e-05,7.534963970101671e-06,-0.0002837048377841711,3.078650843235664e-05,0.0007890870328992605,-9.690659680927638e-06,2.7595799565460766e-06,9.112760744756088e-05,0.0,0.0,5.0,0.2692700412916183,-2.6285648345947266e-05,-1.7881393432617188e-05,-2.5391578674316406e-05,-1.7583370208740234e-05,0.009688061662018299,3.7652111421339214,False,False
474,9.48,-0.11044471710920334,0.15300947427749634,4.807927131652832,0.2888995409011841,1.472969597671181e-05,7.336694579862524e-06,-0.0002805254189297557,3.0206863812054507e-05,0.0007803726475685835,-1.0138720426766668e-05,3.6299682051321724e-06,8.961479034041986e-05,0.0,0.0,5.0,0.26926180848964876,-2.5391578674316406e-05,-1.8775463104248047e-05,-2.5272369384765625e-05,-1.8537044525146484e-05,0.009688068181276321,3.7748992103151977,False,False
475,9.5,-0.11045029759407043,0.1530100703239441,4.8079423904418945,0.2889012396335602,1.4812841072853189e-05,7.130940957722487e-06,-0.00027734372997656465,2.966919964819681e-05,0.000771606108173728,-1.0439115612825844e-05,4.685695330408635e-06,8.837613131618127e-05,0.0,0.0,5.0,0.26925355196975714,-2.372264862060547e-05,-2.0265579223632812e-05,-2.5153160095214844e-05,-2.002716064453125e-05,0.009688074700534344,3.784587285015732,False,False
476,9.52,-0.11045581102371216,0.15301066637039185,4.807957649230957,0.28890299797058105,1.4895111235091463e-05,6.939751528989291e-06,-0.00027415718068368733,2.9174500014050864e-05,0.0007627613376826048,-8.682335646881256e-06,3.5418611332715955e-06,8.756733586778864e-05,0.0,0.0,5.0,0.26924526866951165,-2.4437904357910156e-05,-1.8358230590820312e-05,-2.5033950805664062e-05,-1.9550323486328125e-05,0.00968808215111494,3.794275367166847,False,False
477,9.540000000000001,-0.1104612648487091,0.1530112624168396,4.8079729080200195,0.28890466690063477,1.4946127521398012e-05,6.759500593034318e-06,-0.00027096763369627297,2.8718022804241627e-05,0.0007540208753198385,-9.345113539893646e-06,1.5606192391715012e-06,8.65190158947371e-05,0.0,0.0,5.0,0.2692369616391098,-2.372264862060547e-05,-2.0205974578857422e-05,-2.485513687133789e-05,-1.9311904907226562e-05,0.009688089601695538,3.8039634567685425,False,False
478,9.56,-0.11046665161848068,0.15301185846328735,4.807988166809082,0.28890636563301086,1.4977223145251628e-05,6.595869763259543e-06,-0.0002677807060535997,2.829719232977368e-05,0.0007452804129570723,-7.020264547463739e-06,1.5499061873924802e-06,8.566307224100456e-05,0.0,0.0,5.0,0.2692286278157001,-2.4020671844482422e-05,-1.8537044525146484e-05,-2.4497509002685547e-05,-2.0384788513183594e-05,0.00968809612095356,3.813651552889496,False,False
479,9.58,-0.11047197878360748,0.1530124545097351,4.8080034255981445,0.28890812397003174,1.4980951164034195e-05,6.433125236071646e-06,-0.0002645979984663427,2.7906975446967408e-05,0.0007365138735622168,-9.256647899746895e-06,-1.176198907160142e-06,8.478960808133706e-05,0.0,0.0,5.0,0.26922027025004414,-2.384185791015625e-05,-2.0205974578857422e-05,-2.467632293701172e-05,-1.8477439880371094e-05,0.009688103571534157,3.8233396564610302,False,False
480,9.6,-0.11047723889350891,0.15301305055618286,4.808018684387207,0.28890982270240784,1.4969858966651373e-05,6.272134669416118e-06,-0.0002614265540614724,2.754813976935111e-05,0.0007277734111994505,-6.844783456472214e-06,6.788241080357693e-08,8.382947271456942e-05,0.0,0.0,5.0,0.2692118858788765,-2.396106719970703e-05,-1.8596649169921875e-05,-2.4437904357910156e-05,-2.014636993408203e-05,0.009688110090792179,3.8330277665518224,False,False
481,9.620000000000001,-0.11048243939876556,0.15301364660263062,4.8080339431762695,0.2889115512371063,1.4950465811125468e-05,6.119420504546724e-06,-0.00025826526689343154,2.72171528195031e-05,0.0007190720643848181,-8.429095942119602e-06,-2.0061513623659266e-06,8.290018740808591e-05,0.0,0.0,5.0,0.26920347775351705,-2.372264862060547e-05,-1.9848346710205078e-05,-2.4259090423583984e-05,-1.9371509552001953e-05,0.009688117541372776,3.842715884093195,False,False
482,9.64,-0.11048757284879684,0.15301424264907837,4.808049201965332,0.2889132797718048,1.4913241102476604e-05,5.965446689515375e-06,-0.0002551187062636018,2.691419649636373e-05,0.0007104098331183195,-6.970659342186991e-06,-1.7155018667835975e-06,8.206845814129338e-05,0.0,0.0,5.0,0.26919504281029233,-2.396106719970703e-05,-1.8358230590820312e-05,-2.4199485778808594e-05,-1.996755599975586e-05,0.009688124991953373,3.8524040090851486,False,False
483,9.66,-0.11049264669418335,0.15301476418972015,4.8080644607543945,0.2889150083065033,1.4865975572320167e-05,5.8082146097149234e-06,-0.00025198780349455774,2.663728992047254e-05,0.0007017871830612421,-8.754876944294665e-06,-3.010014324900112e-06,8.115675154840574e-05,0.0,0.0,5.0,0.26918654174943935,-2.390146255493164e-05,-2.0205974578857422e-05,-2.4259090423583984e-05,-1.990795135498047e-05,0.009688131511211395,3.86209214059636,False,False
484,9.68,-0.11049765348434448,0.15301524102687836,4.808079719543457,0.2889167368412018,1.4809018466621637e-05,5.636014975607395e-06,-0.0002488764876034111,2.6388799597043544e-05,0.0006929684896022081,-8.467229235975537e-06,-2.6847080789593747e-06,8.037525549298152e-05,0.0,0.0,5.0,0.26917798844366536,-2.4020671844482422e-05,-1.9729137420654297e-05,-2.390146255493164e-05,-2.0325183868408203e-05,0.009688138961791992,3.871780279558152,False,False
485,9.700000000000001,-0.11050260066986084,0.15301571786403656,4.8080949783325195,0.2889184355735779,1.4752657079952769e-05,5.464032710733591e-06,-0.00024578519514761865,2.616939673316665e-05,0.0006841497961431742,-8.733085451240186e-06,-2.950571570181637e-06,7.959428330650553e-05,0.0,0.0,5.0,0.2691694113554609,-2.3543834686279297e-05,-2.002716064453125e-05,-2.3603439331054688e-05,-2.0802021026611328e-05,0.009688146412372589,3.8814684259705245,False,False
486,9.72,-0.11050748825073242,0.15301619470119476,4.808110237121582,0.28892019391059875,1.4684080269944388e-05,5.2798368415096775e-06,-0.0002427151339361444,2.5979743440984748e-05,0.0006753702182322741,-9.68868062045658e-06,-3.9061765164660756e-06,7.896598981460556e-05,0.0,0.0,5.0,0.2691608104792657,-2.4080276489257812e-05,-2.0444393157958984e-05,-2.3603439331054688e-05,-2.0205974578857422e-05,0.009688152931630611,3.891156578902155,False,False
487,9.74,-0.11051230877637863,0.15301667153835297,4.808125019073486,0.28892189264297485,1.4615721738664433e-05,5.089453225082252e-06,-0.0002396691415924579,2.582164052000735e-05,0.0006665515247732401,-9.351811058877502e-06,-2.928924459411064e-06,7.8339442552533e-05,0.0,0.0,5.0,0.2691525226805646,-2.390146255493164e-05,-1.913309097290039e-05,-2.3365020751953125e-05,-2.0682811737060547e-05,0.009688157588243484,3.9008447364903986,False,False
488,9.76,-0.11051706969738007,0.15301714837551117,4.808136463165283,0.28892338275909424,1.4551231288351119e-05,4.878072559222346e-06,-0.00023664608306717128,2.569663593021687e-05,0.0006578632164746523,-1.1788093615905382e-05,-3.5193809253541986e-06,7.759554864605889e-05,0.0,0.0,5.0,0.26914659046362727,-2.092123031616211e-05,-1.7642974853515625e-05,-2.3484230041503906e-05,-1.6808509826660156e-05,0.009688163176178932,3.9105328996665776,False,False
489,9.78,-0.11052177101373672,0.15301762521266937,4.80814790725708,0.28892484307289124,1.4458275472861715e-05,4.683807219407754e-06,-0.0002336489997105673,2.560786197136622e-05,0.00064998515881598,-7.64025935495738e-06,-5.77549417357659e-06,7.66741213737987e-05,0.0,0.0,5.0,0.26914063421114204,-2.1457672119140625e-05,-1.341104507446289e-05,-2.276897430419922e-05,-1.4424324035644531e-05,0.00968816876411438,3.920221068430692,False,False
490,9.8,-0.11052641272544861,0.15301810204982758,4.808159351348877,0.28892630338668823,1.4323995856102556e-05,4.535615062195575e-06,-0.00023068228620104492,2.5544455638737418e-05,0.0006427469197660685,-7.180842203524662e-06,-7.651643500139471e-06,7.513575110351667e-05,0.0,0.0,5.0,0.26913465391838953,-2.0802021026611328e-05,-1.3709068298339844e-05,-2.2172927856445312e-05,-1.2695789337158203e-05,0.009688173420727253,3.929909241851419,False,False
491,9.82,-0.11053099483251572,0.15301857888698578,4.808170795440674,0.28892776370048523,1.4166394066705834e-05,4.425503448146628e-06,-0.00022775080287829041,2.549847158661578e-05,0.0006358225364238024,-3.8321222746162675e-06,-8.107627763820346e-06,7.352642569458112e-05,0.0,0.0,5.0,0.2691286495806831,-2.1219253540039062e-05,-1.1742115020751953e-05,-2.1576881408691406e-05,-1.2636184692382812e-05,0.0096881790086627,3.939597420860082,False,False
492,9.84,-0.11053552478551865,0.15301905572414398,4.808182239532471,0.288929283618927,1.3997036148793995e-05,4.348842139734188e-06,-0.00022485485533252358,2.546034193073865e-05,0.0006290806923061609,-3.836051291727927e-06,-8.827300007396843e-06,7.177780935307965e-05,0.0,0.0,5.0,0.26912262425351224,-2.0503997802734375e-05,-1.2159347534179688e-05,-2.086162567138672e-05,-1.2040138244628906e-05,0.009688183665275574,3.9492856045253575,False,False
493,9.86,-0.1105399951338768,0.15301953256130219,4.808193683624268,0.2889307141304016,1.382029768137727e-05,4.272331807442242e-06,-0.0002219958696514368,2.5426918000448495e-05,0.0006225218530744314,-3.816751814156305e-06,-8.84567907633027e-06,7.014351285761222e-05,0.0,0.0,5.0,0.26911657487249735,-1.996755599975586e-05,-1.2695789337158203e-05,-2.0623207092285156e-05,-1.2040138244628906e-05,0.009688188321888447,3.958973792847246,False,False
494,9.88,-0.11054440587759018,0.1530200093984604,4.8082051277160645,0.288932204246521,1.3640554243465886e-05,4.206378889648477e-06,-0.00021917439880780876,2.539740307838656e-05,0.0006160417106002569,-2.780355316645e-06,-9.127747944148723e-06,6.864239549031481e-05,0.0,0.0,5.0,0.269110501433046,-2.014636993408203e-05,-1.2040138244628906e-05,-2.0265579223632812e-05,-1.1861324310302734e-05,0.009688193909823895,3.96866198675707,False,False
495,9.9,-0.11054875701665878,0.1530204862356186,4.808216571807861,0.2889336943626404,1.346108183497563e-05,4.153880581725389e-06,-0.0002163901663152501,2.5368868591613136e-05,0.0006096267607063055,-2.471245352353435e-06,-8.818647984298877e-06,6.709226727252826e-05,0.0,0.0,5.0,0.2691044039305983,-2.0205974578857422e-05,-1.2099742889404297e-05,-2.002716064453125e-05,-1.1861324310302734e-05,0.009688198566436768,3.9783501853235066,False,False
496,9.92,-0.11055305600166321,0.1530209630727768,4.808228015899658,0.2889350354671478,1.3290804417920299e-05,4.104549589101225e-06,-0.00021364184794947505,2.5340021238662302e-05,0.0006032378878444433,-2.463498276483733e-06,-8.208187864511274e-06,6.556635344168171e-05,0.0,0.0,5.0,0.2690982854215328,-1.9371509552001953e-05,-1.2993812561035156e-05,-1.9669532775878906e-05,-1.2755393981933594e-05,0.009688204154372215,3.988038389477879,False,False
497,9.94,-0.11055730283260345,0.153021439909935,4.808239459991455,0.2889362573623657,1.3124709766998421e-05,4.07070001529064e-06,-0.00021092750830575824,2.531030804675538e-05,0.0005968098994344473,-9.229486863659986e-07,-8.400476872338913e-06,6.42839222564362e-05,0.0,0.0,5.0,0.269092145901917,-1.8775463104248047e-05,-1.3172626495361328e-05,-1.913309097290039e-05,-1.3589859008789062e-05,0.009688208810985088,3.997726598288864,False,False
498,9.96,-0.11056149005889893,0.1530219167470932,4.808250904083252,0.2889374792575836,1.2951117241755128e-05,4.051955784234451e-06,-0.0002082462888211012,2.5275807274738327e-05,0.0005903427954763174,-9.531199225421005e-07,-8.958040780271403e-06,6.323100387817249e-05,0.0,0.0,5.0,0.26908598230656416,-1.806020736694336e-05,-1.3947486877441406e-05,-1.8775463104248047e-05,-1.3709068298339844e-05,0.009688214398920536,4.007414812687784,False,False
499,9.98,-0.11056562513113022,0.1530223935842514,4.808262348175049,0.2889387309551239,1.2769096429110505e-05,4.043241006002063e-06,-0.00020559938275255263,2.523439979995601e-05,0.0005838626530021429,8.013964247766125e-08,-9.243243766832165e-06,6.23480518697761e-05,0.0,0.0,5.0,0.2690797976925012,-1.811981201171875e-05,-1.3172626495361328e-05,-1.823902130126953e-05,-1.4126300811767578e-05,0.009688219986855984,4.01710303267464,False,False
500,10.0,-0.11056970804929733,0.1530228704214096,4.808273792266846,0.2889399528503418,1.2572243576869369e-05,4.032501237816177e-06,-0.00020298798335716128,2.518364453862887e-05,0.0005775259342044592,-1.1556020353964414e-06,-1.0441324775456451e-05,6.157551979413256e-05,0.0,0.0,5.0,0.26907359205587417,-1.7940998077392578e-05,-1.4424324035644531e-05,-1.8298625946044922e-05,-1.3053417205810547e-05,0.009688224643468857,4.026791257318109,False,False
501,10.02,-0.11057374626398087,0.1530233472585678,4.808285236358643,0.2889411747455597,1.2381711712805554e-05,4.0209251892520115e-06,-0.00020041485549882054,2.5124591047642753e-05,0.0005711761768907309,-3.4312030994243514e-09,-8.611094017396681e-06,6.074240445741452e-05,0.0,0.0,5.0,0.2690673684546846,-1.7523765563964844e-05,-1.341104507446289e-05,-1.7940998077392578e-05,-1.4543533325195312e-05,0.009688230231404305,4.036479487549514,False,False
502,10.040000000000001,-0.11057773232460022,0.153023824095726,4.8082966804504395,0.2889423966407776,1.2187560059828684e-05,4.016655111627188e-06,-0.00019787692872341722,2.5056260710698552e-05,0.0005647481884807348,-4.2499340224821935e-07,-1.0803165423567407e-05,6.007394767948426e-05,0.0,0.0,5.0,0.2690611238236612,-1.7940998077392578e-05,-1.4007091522216797e-05,-1.7702579498291016e-05,-1.3530254364013672e-05,0.009688235819339752,4.046167723368853,False,False
503,10.06,-0.1105816662311554,0.15302430093288422,4.808308124542236,0.28894364833831787,1.197880737890955e-05,4.008330961369211e-06,-0.00019537800108082592,2.497772584320046e-05,0.0005583593156188726,-4.08829208708994e-07,-1.0071276847156696e-05,5.9278772823745385e-05,0.0,0.0,5.0,0.2690548581590218,-1.7583370208740234e-05,-1.3887882232666016e-05,-1.7344951629638672e-05,-1.4126300811767578e-05,0.0096882414072752,4.0558559647761285,False,False
504,10.08,-0.11058554798364639,0.15302477777004242,4.808319568634033,0.2889448404312134,1.1772927791753318e-05,3.990069671999663e-06,-0.000192918349057436,2.4889768610592e-05,0.0005520356353372335,-1.4185496866048197e-06,-1.051595427270513e-05,5.8609151892596856e-05,0.0,0.0,5.0,0.2690485714570091,-1.7344951629638672e-05,-1.4543533325195312e-05,-1.728534698486328e-05,-1.3649463653564453e-05,0.009688246063888073,4.065544210840017,False,False
505,10.1,-0.11058937758207321,0.15302525460720062,4.80833101272583,0.28894609212875366,1.1580757018236909e-05,3.974218088842463e-06,-0.00019049816182814538,2.479436807334423e-05,0.0005457249935716391,-1.6793327972663974e-07,-8.700289981788956e-06,5.801936276839115e-05,0.0,0.0,5.0,0.26904226371389095,-1.7881393432617188e-05,-1.3053417205810547e-05,-1.71661376953125e-05,-1.4960765838623047e-05,0.00968825165182352,4.07523246249184,False,False
506,10.120000000000001,-0.11059316247701645,0.15302573144435883,4.808342456817627,0.28894728422164917,1.1393863132980186e-05,3.941793693229556e-06,-0.0001881136413430795,2.4691700673429295e-05,0.0005394273903220892,-3.0757305466977414e-06,-9.988272722694091e-06,5.7338798796990886e-05,0.0,0.0,5.0,0.2690359379886858,-1.6987323760986328e-05,-1.5795230865478516e-05,-1.722574234008789e-05,-1.4185905456542969e-05,0.009688257239758968,4.084920719731599,False,False
507,10.14,-0.1105969026684761,0.15302620828151703,4.808353900909424,0.28894853591918945,1.1205086593690794e-05,3.8984462662483566e-06,-0.00018576766888145357,2.4586777726653963e-05,0.0005330254789441824,-1.260185399587499e-06,-8.888468073564582e-06,5.695977961295284e-05,0.0,0.0,5.0,0.26902959427823836,-1.800060272216797e-05,-1.3172626495361328e-05,-1.710653305053711e-05,-1.436471939086914e-05,0.009688262827694416,4.0946089825592935,False,False
508,10.16,-0.11060059815645218,0.15302668511867523,4.808365345001221,0.28894978761672974,1.1026253559975885e-05,3.84959594157408e-06,-0.00018345817807130516,2.4478969862684608e-05,0.0005267278756946325,-3.6260346405470045e-06,-8.99411224963842e-06,5.622054231935181e-05,0.0,0.0,5.0,0.2690232325794119,-1.722574234008789e-05,-1.5079975128173828e-05,-1.728534698486328e-05,-1.436471939086914e-05,0.009688268415629864,4.104297250974923,False,False
509,10.18,-0.11060424149036407,0.15302716195583344,4.808376789093018,0.28895097970962524,1.0855855180125218e-05,3.786200068134349e-06,-0.00018118531443178654,2.4372673578909598e-05,0.0005203390028327703,-2.7145754302182468e-06,-8.044992682698648e-06,5.576887997449376e-05,0.0,0.0,5.0,0.26901684982583807,-1.7464160919189453e-05,-1.4483928680419922e-05,-1.710653305053711e-05,-1.519918441772461e-05,0.009688273072242737,4.113985524047166,False,False
510,10.200000000000001,-0.11060784012079239,0.15302763879299164,4.8083882331848145,0.2889522314071655,1.0694267984945327e-05,3.7255879306030693e-06,-0.00017894679331220686,2.426837818347849e-05,0.0005138588603585958,-3.3477201668574708e-06,-8.113088370009791e-06,5.5340296967187896e-05,0.0,0.0,5.0,0.2690104490773214,-1.7523765563964844e-05,-1.4126300811767578e-05,-1.710653305053711e-05,-1.4960765838623047e-05,0.009688278660178185,4.123673802707344,False,False
511,10.22,-0.11061140149831772,0.15302811563014984,4.808399677276611,0.2889534533023834,1.0528912753215991e-05,3.6499077396001667e-06,-0.0001767426438163966,2.4167546143871732e-05,0.0005074699874967337,-4.221326435072115e-06,-8.421647180512082e-06,5.483226050273515e-05,0.0,0.0,5.0,0.2690040333943773,-1.7523765563964844e-05,-1.519918441772461e-05,-1.71661376953125e-05,-1.4722347259521484e-05,0.009688284248113632,4.133362086955458,False,False
512,10.24,-0.11061491817235947,0.15302859246730804,4.808411121368408,0.2889546751976013,1.0369325536885299e-05,3.5690700315171853e-06,-0.00017457395733799785,2.4072542146313936e-05,0.000501028960570693,-3.863367510348326e-06,-7.536315479228506e-06,5.438118023448624e-05,0.0,0.0,5.0,0.26899759971069265,-1.7642974853515625e-05,-1.4543533325195312e-05,-1.728534698486328e-05,-1.5020370483398438e-05,0.00968828983604908,4.143050376791507,False,False
513,10.26,-0.11061838269233704,0.15302906930446625,4.808422565460205,0.28895577788352966,1.0224547622783575e-05,3.4860893265431514e-06,-0.00017243846377823502,2.3984095605555922e-05,0.0004945618566125631,-4.435613845998887e-06,-6.940789262444014e-06,5.389738726080395e-05,0.0,0.0,5.0,0.26899114495928833,-1.6570091247558594e-05,-1.5735626220703125e-05,-1.710653305053711e-05,-1.621246337890625e-05,0.009688295423984528,4.1527386722154915,False,False
514,10.28,-0.11062180995941162,0.15302954614162445,4.808434009552002,0.28895673155784607,1.0065308742923662e-05,3.397309455976938e-06,-0.00017033542098943144,2.390370900684502e-05,0.000487989978864789,-4.4430535126593895e-06,-8.982428880699445e-06,5.378667628974654e-05,0.0,0.0,5.0,0.26898467526483777,-1.633167266845703e-05,-1.7344951629638672e-05,-1.6808509826660156e-05,-1.5854835510253906e-05,0.00968830194324255,4.162426974158734,False,False
515,10.3,-0.11062520742416382,0.15303002297878265,4.808445453643799,0.28895771503448486,9.899603355734143e-06,3.3280580282735173e-06,-0.00016826855426188558,2.3829639758332632e-05,0.0004813135601580143,-2.482852778484812e-06,-7.587286290799966e-06,5.37804480700288e-05,0.0,0.0,5.0,0.26897819368910936,-1.5914440155029297e-05,-1.615285873413086e-05,-1.6689300537109375e-05,-1.710653305053711e-05,0.009688306599855423,4.1721152807585895,False,False
516,10.32,-0.11062854528427124,0.15303049981594086,4.808455467224121,0.28895872831344604,9.72769339568913e-06,3.278218400737387e-06,-0.00016623552073724568,2.3757287635817192e-05,0.0004746895283460617,-2.501968765500351e-06,-9.602930731489323e-06,5.384357427828945e-05,0.0,0.0,5.0,0.26897270668593953,-1.5556812286376953e-05,-1.4841556549072266e-05,-1.6450881958007812e-05,-1.4603137969970703e-05,0.009688309393823147,4.181803590152413,False,False
517,10.34,-0.11063184589147568,0.15303097665309906,4.808463096618652,0.28895968198776245,9.529151611786801e-06,3.2288678539771354e-06,-0.0001642402057768777,2.3683911422267556e-05,0.0004685227759182453,-2.433818508507102e-06,-1.0250520062982105e-05,5.358981798053719e-05,0.0,0.0,5.0,0.26896890247326416,-1.4066696166992188e-05,-1.1444091796875e-05,-1.627206802368164e-05,-1.0848045349121094e-05,0.00968831405043602,4.191491904202849,False,False
518,10.36,-0.11063511669635773,0.15303145349025726,4.808470726013184,0.28896066546440125,9.301262252847664e-06,3.2134566936292686e-06,-0.00016228636377491057,2.3606362447026186e-05,0.0004632051568478346,8.919207630242454e-07,-1.2537651855382137e-05,5.2818944823229685e-05,0.0,0.0,5.0,0.2689650862057647,-1.4901161193847656e-05,-7.808208465576172e-06,-1.5437602996826172e-05,-7.987022399902344e-06,0.009688316844403744,4.201180221047252,False,False
519,10.38,-0.1106383353471756,0.15303193032741547,4.808478355407715,0.2889616787433624,9.038817552209366e-06,3.2429777547804406e-06,-0.0001603781129233539,2.3513661290053278e-05,0.0004584754351526499,2.059278358501615e-06,-1.3705857782042585e-05,5.1454586355248466e-05,0.0,0.0,5.0,0.2689612486873576,-1.4662742614746094e-05,-6.973743438720703e-06,-1.4603137969970703e-05,-6.854534149169922e-06,0.009688320569694042,4.2108685416169465,False,False
520,10.4,-0.11064152419567108,0.15303240716457367,4.808485984802246,0.28896263241767883,8.764833182794973e-06,3.2903415103646694e-06,-0.00015851840726099908,2.339870661671739e-05,0.00045412452891469,2.6762722882267553e-06,-1.3691596905118786e-05,4.997817814000882e-05,0.0,0.0,5.0,0.2689573991101391,-1.4066696166992188e-05,-7.569789886474609e-06,-1.3887882232666016e-05,-6.67572021484375e-06,0.009688323363661766,4.220556864980608,False,False
521,10.42,-0.11064468324184418,0.15303288400173187,4.808493614196777,0.2889636158943176,8.50620199344121e-06,3.351928398842574e-06,-0.0001567064318805933,2.3258653527591377e-05,0.0004498651251196861,3.4816162042261567e-06,-1.217052158608567e-05,4.874394289799966e-05,0.0,0.0,5.0,0.2689535374725313,-1.3589859008789062e-05,-6.4373016357421875e-06,-1.341104507446289e-05,-6.794929504394531e-06,0.009688327088952065,4.23024519206956,False,False
522,10.44,-0.1106477901339531,0.15303336083889008,4.808501243591309,0.2889646291732788,8.256897672254127e-06,3.4202059850940714e-06,-0.0001549379958305508,2.3092145056580193e-05,0.00044580153189599514,3.3452047318860423e-06,-1.2758979210047983e-05,4.743101089843549e-05,0.0,0.0,5.0,0.26894965457729925,-1.3947486877441406e-05,-6.9141387939453125e-06,-1.2993812561035156e-05,-5.9604644775390625e-06,0.009688329882919788,4.23993352195248,False,False
523,10.46,-0.11065088212490082,0.15303383767604828,4.80850887298584,0.2889655828475952,8.025585884752218e-06,3.4880151815741556e-06,-0.0001532120950287208,2.2899133909959346e-05,0.0004417903255671263,3.434937298152363e-06,-1.0371366442996077e-05,4.611013355315663e-05,0.0,0.0,5.0,0.2689457657484702,-1.341104507446289e-05,-6.854534149169922e-06,-1.2874603271484375e-05,-6.973743438720703e-06,0.009688332676887512,4.249621854629368,False,False
524,10.48,-0.11065392196178436,0.15303431451320648,4.808516502380371,0.288966566324234,7.823681698937435e-06,3.545678509908612e-06,-0.00015152306878007948,2.2681793780066073e-05,0.00043771369382739067,2.330650659132516e-06,-9.818168109632097e-06,4.4900694774696603e-05,0.0,0.0,5.0,0.2689418556578691,-1.2934207916259766e-05,-7.450580596923828e-06,-1.2636184692382812e-05,-7.033348083496094e-06,0.00968833640217781,4.259310191031545,False,False
525,10.5,-0.11065693944692612,0.15303479135036469,4.808524131774902,0.2889675796031952,7.639359864697326e-06,3.5915431908506434e-06,-0.00014986790483817458,2.244398092443589e-05,0.00043363706208765507,2.2550116227648687e-06,-8.61302214616444e-06,4.3940064642811194e-05,0.0,0.0,5.0,0.268937936565233,-1.2993812561035156e-05,-6.735324859619141e-06,-1.2636184692382812e-05,-6.67572021484375e-06,0.009688339196145535,4.268998530227691,False,False
526,10.52,-0.11065991967916489,0.1530352681875229,4.808531761169434,0.2889685332775116,7.473639016097877e-06,3.630389073805418e-06,-0.0001482432708144188,2.2188150978763588e-05,0.00042971735820174217,1.6288843198708491e-06,-7.958367859828286e-06,4.28299572377e-05,0.0,0.0,5.0,0.2689340023379437,-1.2755393981933594e-05,-7.331371307373047e-06,-1.245737075805664e-05,-6.794929504394531e-06,0.009688341990113258,4.278686872217804,False,False
527,10.540000000000001,-0.11066287010908127,0.1530357450246811,4.808539390563965,0.2889694571495056,7.3202581916120835e-06,3.6744179396919208e-06,-0.00014664660557173193,2.191617932112422e-05,0.0004257583059370518,2.7732562557503115e-06,-7.379050657618791e-06,4.182578777545132e-05,0.0,0.0,5.0,0.26893005603996106,-1.3172626495361328e-05,-6.67572021484375e-06,-1.2099742889404297e-05,-7.212162017822266e-06,0.009688345715403557,4.288375217933208,False,False
528,10.56,-0.11066579073667526,0.1530362218618393,4.808547019958496,0.2889701724052429,7.177302904892713e-06,3.708151325554354e-06,-0.00014507542073260993,2.162744385714177e-05,0.00042177317664027214,5.996364507154794e-07,-6.915757694514468e-06,4.0796123357722536e-05,0.0,0.0,5.0,0.2689260976697728,-1.0907649993896484e-05,-1.0132789611816406e-05,-1.1861324310302734e-05,-8.165836334228516e-06,0.009688349440693855,4.298063567373902,False,False
529,10.58,-0.11066867411136627,0.1530366986989975,4.808554649353027,0.2889709174633026,7.048018687783042e-06,3.7544264159805607e-06,-0.0001435284357285127,2.132536428689491e-05,0.0004176835063844919,4.027202521683648e-06,-6.012098310748115e-06,4.0406481275567785e-05,0.0,0.0,5.0,0.26892212415976086,-1.1980533599853516e-05,-7.569789886474609e-06,-1.1622905731201172e-05,-9.059906005859375e-06,0.009688353165984154,4.307751920539886,False,False
530,10.6,-0.11067153513431549,0.1530371755361557,4.808562278747559,0.2889716327190399,6.91278319209232e-06,3.819989160547266e-06,-0.00014200199802871794,2.1004321752116084e-05,0.00041355472058057785,2.528509867261164e-06,-7.510792784160003e-06,3.974369974457659e-05,0.0,0.0,5.0,0.26891814164053274,-1.0967254638671875e-05,-9.47713851928711e-06,-1.1205673217773438e-05,-8.463859558105469e-06,0.009688355959951878,4.317440276499838,False,False
531,10.620000000000001,-0.11067435145378113,0.15303757786750793,4.80856990814209,0.288972407579422,6.7649325501406565e-06,3.885745172738098e-06,-0.00014049916353542358,2.066383785859216e-05,0.00040958262979984283,4.046447884320514e-06,-7.2736438596621156e-06,3.934253254556097e-05,0.0,0.0,5.0,0.26891409851102366,-1.1801719665527344e-05,-8.463859558105469e-06,-1.0728836059570312e-05,-8.940696716308594e-06,0.009688359685242176,4.32712863618508,False,False
532,10.64,-0.11067715287208557,0.1530379354953766,4.808577537536621,0.2889731228351593,6.6217944549862295e-06,3.946419838030124e-06,-0.00013901988859288394,2.030216455750633e-05,0.0004054929595440626,2.0203735857649008e-06,-7.0395071816165e-06,3.883411773131229e-05,0.0,0.0,5.0,0.2689100239933457,-1.0848045349121094e-05,-1.0609626770019531e-05,-1.0371208190917969e-05,-9.298324584960938e-06,0.009688363410532475,4.336816999595612,False,False
533,10.66,-0.11067990958690643,0.15303829312324524,4.808585166931152,0.2889738380908966,6.500058589153923e-06,3.992708570876857e-06,-0.0001375634892610833,1.9923438230762258e-05,0.0004013117868453264,2.6079835606651613e-06,-5.133440026838798e-06,3.8722970202798024e-05,0.0,0.0,5.0,0.26890593126038875,-1.049041748046875e-05,-9.47713851928711e-06,-1.0073184967041016e-05,-1.0251998901367188e-05,0.009688367135822773,4.346505366731435,False,False
534,10.68,-0.1106826514005661,0.1530386507511139,4.808592796325684,0.2889745831489563,6.3900747591105755e-06,4.025885573355481e-06,-0.00013612568727694452,1.9530039935489185e-05,0.00039724819362163544,7.092349960657884e-07,-5.8644131968321744e-06,3.8610687624895945e-05,0.0,0.0,5.0,0.26890183257687533,-1.0609626770019531e-05,-1.049041748046875e-05,-9.953975677490234e-06,-9.179115295410156e-06,0.009688370861113071,4.356193737592548,False,False
535,10.700000000000001,-0.11068535596132278,0.15303900837898254,4.808600425720215,0.288975328207016,6.290711553447181e-06,4.046704816573765e-06,-0.00013470716658048332,1.9126091501675546e-05,0.00039311940781772137,1.3721851246373262e-06,-4.071358944202075e-06,3.855405157082714e-05,0.0,0.0,5.0,0.26889771874151336,-1.0669231414794922e-05,-9.179115295410156e-06,-9.655952453613281e-06,-9.894371032714844e-06,0.009688373655080795,4.365882111247629,False,False
536,10.72,-0.11068803817033768,0.1530393660068512,4.808608055114746,0.2889760732650757,6.21616845819517e-06,4.054296823596815e-06,-0.000133303867187351,1.8713652025326155e-05,0.0003890558145940304,-6.134572458904586e-07,-3.382416934982757e-06,3.845026731141843e-05,0.0,0.0,5.0,0.2688935958864345,-1.0132789611816406e-05,-1.0609626770019531e-05,-9.775161743164062e-06,-1.0013580322265625e-05,0.009688377380371094,4.375570488628,False,False
537,10.74,-0.11069069057703018,0.15303972363471985,4.808615684509277,0.2889768183231354,6.158418273116695e-06,4.044024990434991e-06,-0.00013191348989494145,1.8298143913852982e-05,0.00038496614433825016,-4.142274292462389e-07,-2.392113628957304e-06,3.853114685625769e-05,0.0,0.0,5.0,0.26888946094345856,-1.055002212524414e-05,-9.59634780883789e-06,-9.775161743164062e-06,-1.0251998901367188e-05,0.009688381105661392,4.385258869733661,False,False
538,10.76,-0.1106933131814003,0.1530400812625885,4.808623313903809,0.2889775335788727,6.113809831731487e-06,4.01977013098076e-06,-0.00013053345901425928,1.788231747923419e-05,0.00038087647408246994,-2.011615833907854e-06,-2.0683226011897204e-06,3.850667053484358e-05,0.0,0.0,5.0,0.26888531391114584,-1.0192394256591797e-05,-1.0669231414794922e-05,-9.953975677490234e-06,-1.0311603546142578e-05,0.00968838483095169,4.394947254564613,False,False
539,10.78,-0.11069591343402863,0.15304043889045715,4.80863094329834,0.2889782786369324,6.078690148569876e-06,3.985793227911927e-06,-0.00012916293053422123,1.7470250895712525e-05,0.00037669530138373375,-1.3864615766578936e-06,-1.4431697081818129e-06,3.861234654323198e-05,0.0,0.0,5.0,0.26888115785540073,-1.0669231414794922e-05,-9.715557098388672e-06,-9.953975677490234e-06,-1.0311603546142578e-05,0.00968838855624199,4.404635643120855,False,False
540,10.8,-0.11069847643375397,0.1530407965183258,4.808638572692871,0.28897902369499207,6.053061042621266e-06,3.942092916986439e-06,-0.0001278000563615933,1.7062984625226818e-05,0.00037254043854773045,-2.983850663440535e-06,-1.1193786804142292e-06,3.85273051506374e-05,0.0,0.0,5.0,0.268876986640247,-1.0192394256591797e-05,-1.0728836059570312e-05,-1.0132789611816406e-05,-1.0251998901367188e-05,0.009688392281532288,4.414324035402387,False,False
541,10.82,-0.11070103198289871,0.15304115414619446,4.808646202087402,0.28897976875305176,6.036920694896253e-06,3.88867056244635e-06,-0.00012644419621210545,1.6664194845361635e-05,0.00036835926584899426,-2.358696747251088e-06,-4.942261853102536e-07,3.86329811590258e-05,0.0,0.0,5.0,0.26887281253420414,-1.0728836059570312e-05,-9.5367431640625e-06,-1.0311603546142578e-05,-1.0371208190917969e-05,0.009688396006822586,4.42401243140921,False,False
542,10.84,-0.11070353537797928,0.1530415117740631,4.808653831481934,0.28898048400878906,6.020853106747381e-06,3.821758582489565e-06,-0.00012509404041338712,1.627497658773791e-05,0.0003642435185611248,-4.332787739258492e-06,-1.1121912848466309e-06,3.846621621050872e-05,0.0,0.0,5.0,0.268868617130781,-1.0132789611816406e-05,-1.1920928955078125e-05,-1.0371208190917969e-05,-1.0311603546142578e-05,0.00968839880079031,4.43370083021,False,False
543,10.86,-0.11070603877305984,0.15304186940193176,4.808661460876465,0.28898122906684875,6.011261120875133e-06,3.7530346617131727e-06,-0.00012375110236462206,1.5898742276476696e-05,0.0003599580377340317,-2.5398569505341584e-06,1.5335460545884416e-07,3.8620320992777124e-05,0.0,0.0,5.0,0.2688644219021713,-1.0669231414794922e-05,-9.894371032714844e-06,-1.0371208190917969e-05,-1.1026859283447266e-05,0.009688403457403183,4.4433892336674035,False,False
544,10.88,-0.11070848256349564,0.15304222702980042,4.808669090270996,0.28898194432258606,6.015042799845105e-06,3.6897724839946022e-06,-0.00012241194781381637,1.5533943951595575e-05,0.000355724710971117,-3.7866616366954986e-06,2.2500627494537184e-07,3.8566129660466686e-05,0.0,0.0,5.0,0.26886020230499164,-1.0192394256591797e-05,-1.0907649993896484e-05,-1.0669231414794922e-05,-1.1146068572998047e-05,0.009688406251370907,4.453077639918774,False,False
545,10.9,-0.11071092635393143,0.15304258465766907,4.808676719665527,0.28898271918296814,6.003941507515265e-06,3.6169019494991517e-06,-0.00012107670772820711,1.5182303286565002e-05,0.0003513998817652464,-3.500663751765387e-06,-1.334838316324749e-06,3.864040263579227e-05,0.0,0.0,5.0,0.268855982880777,-1.1146068572998047e-05,-1.049041748046875e-05,-1.0848045349121094e-05,-1.0311603546142578e-05,0.009688409976661205,4.462766049895436,False,False
546,10.92,-0.11071332544088364,0.15304292738437653,4.808684349060059,0.28898343443870544,5.98311680732877e-06,3.5471152841637377e-06,-0.0001197489837068133,1.4842978998785838e-05,0.00034704897552728653,-3.478233793430263e-06,-7.473565233340196e-07,3.852812005789019e-05,0.0,0.0,5.0,0.2688517367381733,-1.0669231414794922e-05,-1.043081283569336e-05,-1.055002212524414e-05,-1.0967254638671875e-05,0.009688413701951504,4.472454463597387,False,False
547,10.94,-0.11071570962667465,0.15304316580295563,4.80869197845459,0.28898417949676514,5.968883215246024e-06,3.4711126772890566e-06,-0.00011842847015941516,1.4516129340336192e-05,0.0003427634947001934,-4.122315203858307e-06,-6.757051664862956e-07,3.8473928725579754e-05,0.0,0.0,5.0,0.2688474252522204,-1.0609626770019531e-05,-1.1265277862548828e-05,-1.0371208190917969e-05,-1.138448715209961e-05,0.009688417427241802,4.482142881024629,False,False
548,10.96,-0.11071806401014328,0.15304340422153473,4.808699607849121,0.28898492455482483,5.956429504294647e-06,3.3837043247331167e-06,-0.00011711504339473322,1.4203802493284456e-05,0.0003383734729140997,-4.618728326022392e-06,-5.693961497854616e-07,3.86303618142847e-05,0.0,0.0,5.0,0.2688431016614529,-1.0669231414794922e-05,-1.1086463928222656e-05,-1.0251998901367188e-05,-1.1146068572998047e-05,0.009688422083854675,4.4918313031084836,False,False
549,10.98,-0.11072038859128952,0.15304364264011383,4.808707237243652,0.2889856696128845,5.952042556600645e-06,3.284774265921442e-06,-0.00011580863065319136,1.3908261280448642e-05,0.0003339571412652731,-5.274484919937095e-06,1.309716566311181e-07,3.8737929571652785e-05,0.0,0.0,5.0,0.26883876596450396,-1.0311603546142578e-05,-1.1861324310302734e-05,-1.0192394256591797e-05,-1.1861324310302734e-05,0.009688425809144974,4.5015197289176285,False,False
550,11.0,-0.11072270572185516,0.15304388105869293,4.808714866638184,0.28898635506629944,5.956997938483255e-06,3.1767265227244934e-06,-0.00011450792953837663,1.363222600048175e-05,0.0003295277711004019,-5.530434918910032e-06,3.647317612376355e-07,3.902221578755416e-05,0.0,0.0,5.0,0.26883442736584867,-1.0251998901367188e-05,-1.1742115020751953e-05,-1.0371208190917969e-05,-1.1920928955078125e-05,0.009688429534435272,4.511208158452064,False,False
551,11.02,-0.11072497069835663,0.15304411947727203,4.808722496032715,0.2889871299266815,5.9670051086868625e-06,3.069210833928082e-06,-0.00011321197234792635,1.3377037248574197e-05,0.0003250462468713522,-5.221334049565485e-06,6.361620989991934e-07,3.9306502003455535e-05,0.0,0.0,5.0,0.268830067452806,-1.049041748046875e-05,-1.0669231414794922e-05,-1.0311603546142578e-05,-1.1861324310302734e-05,0.00968843325972557,4.520896591711789,False,False
552,11.040000000000001,-0.1107272356748581,0.15304435789585114,4.808730125427246,0.2889878749847412,5.974153737042798e-06,2.953185230580857e-06,-0.000111920184281189,1.3142881471139845e-05,0.00032064318656921387,-6.381369075825205e-06,7.884728603357871e-08,3.94666894862894e-05,0.0,0.0,5.0,0.26882570770487324,-1.0728836059570312e-05,-1.1563301086425781e-05,-1.043081283569336e-05,-1.1444091796875e-05,0.00968843698501587,4.530585028696805,False,False
553,11.06,-0.11072944849729538,0.15304459631443024,4.808737754821777,0.2889886200428009,5.98281940256129e-06,2.819087967509404e-06,-0.00011063430429203436,1.2932513527630363e-05,0.00031620077788829803,-7.028463642200222e-06,7.878786618675804e-07,3.961101538152434e-05,0.0,0.0,5.0,0.268821326639418,-1.0311603546142578e-05,-1.1980533599853516e-05,-1.0669231414794922e-05,-1.1801719665527344e-05,0.009688440710306168,4.540273469407111,False,False
554,11.08,-0.11073165386915207,0.15304483473300934,4.808745384216309,0.2889893352985382,5.991611033095978e-06,2.6851164420804707e-06,-0.00010935396130662411,1.274837450182531e-05,0.0003116277512162924,-6.368778031173861e-06,9.143525403487729e-08,3.9865615690359846e-05,0.0,0.0,5.0,0.2688169426684621,-1.0728836059570312e-05,-1.1742115020751953e-05,-1.0609626770019531e-05,-1.1622905731201172e-05,0.009688444435596466,4.549961913842708,False,False
555,11.1,-0.11073382943868637,0.15304507315158844,4.80875301361084,0.2889900505542755,5.997021617076825e-06,2.5541678496665554e-06,-0.00010807988292071968,1.258917836821638e-05,0.0003070286475121975,-6.726187621097779e-06,4.4975806190450385e-07,4.009600161225535e-05,0.0,0.0,5.0,0.26881254658417036,-1.0251998901367188e-05,-1.150369644165039e-05,-1.0728836059570312e-05,-1.1742115020751953e-05,0.009688448160886765,4.559650362003595,False,False
556,11.120000000000001,-0.11073597520589828,0.15304531157016754,4.808760643005371,0.2889908254146576,5.9930234783678316e-06,2.4198377559514483e-06,-0.0001068124984158203,1.2455228898033965e-05,0.0003025210462510586,-6.706894964736421e-06,-8.49408820613462e-07,4.029309275210835e-05,0.0,0.0,5.0,0.26880813838522466,-1.0967254638671875e-05,-1.1682510375976562e-05,-1.0848045349121094e-05,-1.1205673217773438e-05,0.009688451886177063,4.569338813889772,False,False
557,11.14,-0.110738106071949,0.15304554998874664,4.808768272399902,0.2889915704727173,5.980777132208459e-06,2.297978880960727e-06,-0.00010555439803283662,1.2345301911409479e-05,0.00029800040647387505,-5.479142600961495e-06,-3.750628820853308e-07,4.044908928335644e-05,0.0,0.0,5.0,0.268803724209093,-1.1086463928222656e-05,-1.0371208190917969e-05,-1.0788440704345703e-05,-1.1324882507324219e-05,0.009688456542789936,4.579027270432562,False,False
558,11.16,-0.11074019223451614,0.15304578840732574,4.808775901794434,0.2889922857284546,5.964543561276514e-06,2.174015207856428e-06,-0.00010430513793835416,1.2256985428393818e-05,0.00029357103630900383,-6.917310201970395e-06,-1.2481804105846095e-06,4.041177817271091e-05,0.0,0.0,5.0,0.26879929177713546,-1.055002212524414e-05,-1.2159347534179688e-05,-1.0848045349121094e-05,-1.1444091796875e-05,0.009688460268080235,4.588715730700642,False,False
559,11.18,-0.11074227839708328,0.15304602682590485,4.808783531188965,0.2889930307865143,5.942147708992707e-06,2.045773953796015e-06,-0.0001030670537147671,1.2191927453386597e-05,0.000289037125185132,-5.906912520003971e-06,-9.911916549754096e-07,4.0586372051620856e-05,0.0,0.0,5.0,0.2687948595050401,-1.0907649993896484e-05,-1.150369644165039e-05,-1.0967254638671875e-05,-1.150369644165039e-05,0.009688463062047958,4.59840419376269,False,False
560,11.200000000000001,-0.11074431985616684,0.15304626524448395,4.8087897300720215,0.2889937460422516,5.922631771682063e-06,1.927569655890693e-06,-0.00010183968697674572,1.2148685527790803e-05,0.0002845947165042162,-5.9136100389878266e-06,-9.602242698747432e-07,4.07367515435908e-05,0.0,0.0,5.0,0.2687914265961999,-1.0311603546142578e-05,-9.715557098388672e-06,-1.1146068572998047e-05,-1.0073184967041016e-05,0.009688463993370533,4.60809265775606,False,False
561,11.22,-0.1107463464140892,0.15304650366306305,4.808793544769287,0.2889944911003113,5.890725788049167e-06,1.8154347571908147e-06,-0.00010062313231173903,1.2126092769904062e-05,0.00028041354380548,-5.3000076150055975e-06,-2.230136942671379e-06,4.057545811519958e-05,0.0,0.0,5.0,0.2687896836737825,-9.655952453613281e-06,-4.947185516357422e-06,-1.0907649993896484e-05,-5.781650543212891e-06,0.009688465856015682,4.617781123612076,False,False
562,11.24,-0.11074835062026978,0.15304674208164215,4.808797359466553,0.28899523615837097,5.821516879223054e-06,1.7036675217241282e-06,-9.942142060026526e-05,1.2121604413550813e-05,0.0002772384323179722,-5.876790964975953e-06,-4.690435616794275e-06,3.9684997318545356e-05,0.0,0.0,5.0,0.2687879316001326,-9.357929229736328e-06,-4.5299530029296875e-06,-1.0848045349121094e-05,-2.2649765014648438e-06,0.009688467718660831,4.627469591330737,False,False
563,11.26,-0.11075031757354736,0.15304698050022125,4.808801174163818,0.28899598121643066,5.728779797209427e-06,1.6267625824184506e-06,-9.824126755120233e-05,1.2132017218391411e-05,0.0002744160592556,-1.813863150346151e-06,-4.582885594572872e-06,3.850576831609942e-05,0.0,0.0,5.0,0.2687861642347151,-1.0013580322265625e-05,-1.2516975402832031e-06,-1.0192394256591797e-05,-1.7285346984863281e-06,0.009688468649983406,4.63715805998072,False,False
564,11.28,-0.11075228452682495,0.15304721891880035,4.808804988861084,0.28899672627449036,5.6343992582696956e-06,1.5873919210207532e-06,-9.708155994303524e-05,1.2147266716056038e-05,0.00027198554016649723,-2.123445710822125e-06,-4.854799044551328e-06,3.694309634738602e-05,0.0,0.0,5.0,0.2687843969264217,-9.298324584960938e-06,-1.9073486328125e-06,-9.894371032714844e-06,-1.0728836059570312e-06,0.00968846958130598,4.646846529562026,False,False
565,11.3,-0.11075420677661896,0.15304745733737946,4.80880880355835,0.28899744153022766,5.542492544918787e-06,1.5640565607100143e-06,-9.594165749149397e-05,1.2163997780589852e-05,0.00026964652352035046,-2.1036073860614124e-07,-4.335513949627057e-06,3.540577381500043e-05,0.0,0.0,5.0,0.2687826112547923,-9.059906005859375e-06,-1.0132789611816406e-06,-9.357929229736328e-06,-1.430511474609375e-06,0.00968847144395113,4.656535001005977,False,False
566,11.32,-0.11075611412525177,0.15304769575595856,4.808812618255615,0.28899815678596497,5.449553100334015e-06,1.5532503994108993e-06,-9.481953020440415e-05,1.2178233191662002e-05,0.00026749027892947197,-8.705275718057237e-07,-4.958012141287327e-06,3.39363505190704e-05,0.0,0.0,5.0,0.2687808194990992,-8.702278137207031e-06,-2.205371856689453e-06,-9.179115295410156e-06,-7.152557373046875e-07,0.009688472375273705,4.666223473381251,False,False
567,11.34,-0.11075801402330399,0.15304793417453766,4.808816432952881,0.28899890184402466,5.356973360903794e-06,1.5597555602653301e-06,-9.371571650262922e-05,1.2188713299110532e-05,0.00026530795730650425,1.5207174328679685e-06,-4.299599822843447e-06,3.250438385293819e-05,0.0,0.0,5.0,0.26877902472912635,-9.119510650634766e-06,-1.7881393432617188e-07,-8.702278137207031e-06,-9.5367431640625e-07,0.00968847330659628,4.675911946687847,False,False
568,11.36,-0.11075986176729202,0.15304817259311676,4.8088202476501465,0.28899964690208435,5.271273039397784e-06,1.5799216726009035e-06,-9.262753883376718e-05,1.2190844245196786e-05,0.00026329560205340385,4.955248869009665e-07,-4.270026693120599e-06,3.0979168514022604e-05,0.0,0.0,5.0,0.26877720852288317,-8.64267349243164e-06,-1.2516975402832031e-06,-8.64267349243164e-06,-7.748603820800781e-07,0.009688475169241428,4.685600421857089,False,False
569,11.38,-0.11076170951128006,0.15304841101169586,4.808824062347412,0.2890003025531769,5.195090579945827e-06,1.5994332898117136e-06,-9.155404404737055e-05,1.2185207197035197e-05,0.00026124389842152596,1.4553011169482488e-06,-3.3479216199339135e-06,2.9571427148766816e-05,0.0,0.0,5.0,0.26877539237142295,-8.165836334228516e-06,-1.430511474609375e-06,-8.165836334228516e-06,-1.7881393432617188e-06,0.009688476100564003,4.695288897957653,False,False
570,11.4,-0.1107635349035263,0.15304864943027496,4.808827877044678,0.28900080919265747,5.125410098116845e-06,1.625823188078357e-06,-9.049259824678302e-05,1.2170965419500135e-05,0.00025920523330569267,1.1833885764644947e-06,-3.6198350699123694e-06,2.8381080483086407e-05,0.0,0.0,5.0,0.2687735670634312,-7.212162017822266e-06,-2.8014183044433594e-06,-7.927417755126953e-06,-1.9073486328125e-06,0.009688477963209152,4.704977375920862,False,False
571,11.42,-0.11076532304286957,0.15304888784885406,4.808831691741943,0.2890012860298157,5.055680958321318e-06,1.665349145696382e-06,-8.944280125433579e-05,1.2147306733822916e-05,0.0002570620272308588,2.7688690806826344e-06,-3.3528128824400483e-06,2.7400179533287883e-05,0.0,0.0,5.0,0.26877172645724795,-6.556510925292969e-06,-2.384185791015625e-06,-7.450580596923828e-06,-2.7418136596679688e-06,0.009688478894531727,4.714665854815394,False,False
572,11.44,-0.11076711118221283,0.15304912626743317,4.808835506439209,0.28900179266929626,4.977265689376509e-06,1.7323536667390727e-06,-8.840347436489537e-05,1.2109839190088678e-05,0.00025498424656689167,3.931188985006884e-06,-4.488375907385489e-06,2.656906144693494e-05,0.0,0.0,5.0,0.2687698859047105,-7.092952728271484e-06,-1.430511474609375e-06,-6.973743438720703e-06,-2.3245811462402344e-06,0.009688480757176876,4.724354335572571,False,False
573,11.46,-0.1107688695192337,0.15304936468601227,4.808839321136475,0.28900226950645447,4.877268565905979e-06,1.795104594748409e-06,-8.737681491766125e-05,1.2054350918333512e-05,0.000253050122410059,2.343582082175999e-06,-5.510928076546406e-06,2.5650151656009257e-05,0.0,0.0,5.0,0.2687680331232211,-6.258487701416016e-06,-3.635883331298828e-06,-6.794929504394531e-06,-1.9073486328125e-06,0.009688482619822025,4.734042818192393,False,False
574,11.48,-0.11077059805393219,0.15304960310459137,4.80884313583374,0.28900277614593506,4.78177071272512e-06,1.8646156831891858e-06,-8.636603888589889e-05,1.1981983334408142e-05,0.00025107688270509243,4.607126356859226e-06,-4.038459792354843e-06,2.498709363862872e-05,0.0,0.0,5.0,0.2687661681119419,-6.377696990966797e-06,-1.4901161193847656e-06,-6.377696990966797e-06,-2.9206275939941406e-06,0.0096884835511446,4.743731301743537,False,False
575,11.5,-0.11077232658863068,0.15304984152317047,4.808846950531006,0.28900325298309326,4.688974968303228e-06,1.9443632481852546e-06,-8.536770474165678e-05,1.188959322462324e-05,0.0002492342609912157,3.3672156405373244e-06,-5.240699010755634e-06,2.4250242859125137e-05,0.0,0.0,5.0,0.2687643031531933,-6.377696990966797e-06,-2.6226043701171875e-06,-6.377696990966797e-06,-2.1457672119140625e-06,0.00968848541378975,4.753419787157327,False,False
576,11.52,-0.11077401787042618,0.15305007994174957,4.8088507652282715,0.28900372982025146,4.591347078530816e-06,2.0189017959637567e-06,-8.438366057816893e-05,1.1777755389630329e-05,0.000247391639277339,4.086281478521414e-06,-4.521634309639921e-06,2.3517568479292095e-05,0.0,0.0,5.0,0.26876242289269314,-6.496906280517578e-06,-1.8477439880371094e-06,-6.020069122314453e-06,-2.682209014892578e-06,0.009688486345112324,4.763108273502439,False,False
577,11.540000000000001,-0.11077568680047989,0.15305031836032867,4.808854579925537,0.28900420665740967,4.502739557210589e-06,2.084001380353584e-06,-8.341292414115742e-05,1.1646752682281658e-05,0.0002455750945955515,2.423334080958739e-06,-4.338742201071e-06,2.280451008118689e-05,0.0,0.0,5.0,0.26876053347126483,-5.9604644775390625e-06,-3.516674041748047e-06,-6.020069122314453e-06,-2.9206275939941406e-06,0.009688488207757473,4.772796761710197,False,False
578,11.56,-0.1107773557305336,0.15305055677890778,4.808858394622803,0.28900471329689026,4.422397068992723e-06,2.13890734812594e-06,-8.245512435678393e-05,1.1500262189656496e-05,0.00024366707657463849,3.0669343686895445e-06,-3.6951405490981415e-06,2.232496626675129e-05,0.0,0.0,5.0,0.26875864410127365,-6.377696990966797e-06,-2.3245811462402344e-06,-6.020069122314453e-06,-3.039836883544922e-06,0.009688490070402622,4.782485251780599,False,False
579,11.58,-0.11077899485826492,0.15305079519748688,4.808862209320068,0.28900521993637085,4.349015398474876e-06,2.1894722976867342e-06,-8.150856592692435e-05,1.1339005141053349e-05,0.00024175914586521685,1.98925772565417e-06,-3.642710680651362e-06,2.1749132429249585e-05,0.0,0.0,5.0,0.268756742498483,-6.139278411865234e-06,-2.8014183044433594e-06,-5.9604644775390625e-06,-2.7418136596679688e-06,0.009688491001725197,4.7921737427823246,False,False
580,11.6,-0.11078060418367386,0.15305103361606598,4.808866024017334,0.28900572657585144,4.2840142668865155e-06,2.225815478595905e-06,-8.057293598540127e-05,1.1165670002810657e-05,0.0002398904471192509,1.6447684174636379e-06,-2.8570946142281173e-06,2.1148065570741892e-05,0.0,0.0,5.0,0.2687548286620881,-5.9604644775390625e-06,-2.384185791015625e-06,-6.020069122314453e-06,-3.0994415283203125e-06,0.009688492864370346,4.801862235646695,False,False
581,11.620000000000001,-0.1107822135090828,0.15305127203464508,4.8088698387146,0.28900620341300964,4.2221199691994116e-06,2.253586671940866e-06,-7.964703399920836e-05,1.0982711501128506e-05,0.00023803478688932955,1.1321446891088272e-06,-3.3320491183985723e-06,2.062067505903542e-05,0.0,0.0,5.0,0.2687529148760588,-6.4373016357421875e-06,-3.039836883544922e-06,-6.079673767089844e-06,-2.8014183044433594e-06,0.00968849379569292,4.811550729442388,False,False
582,11.64,-0.11078380793333054,0.15305151045322418,4.808873653411865,0.28900668025016785,4.158521733188536e-06,2.2792776235291967e-06,-7.873174035921693e-05,1.0791380191221833e-05,0.000236061547184363,1.43671354635444e-06,-3.027481170647661e-06,2.0013991161249578e-05,0.0,0.0,5.0,0.2687509949978795,-6.616115570068359e-06,-2.86102294921875e-06,-5.9604644775390625e-06,-3.0994415283203125e-06,0.00968849565833807,4.821239225100726,False,False
583,11.66,-0.1107853576540947,0.15305174887180328,4.808877468109131,0.28900718688964844,4.104522304260172e-06,2.29573083743162e-06,-7.782637840136886e-05,1.0592151738819666e-05,0.00023410134599544108,2.0835595648804883e-07,-2.372328481214936e-06,1.9426050130277872e-05,0.0,0.0,5.0,0.26874905674186006,-5.900859832763672e-06,-3.3974647521972656e-06,-5.841255187988281e-06,-3.337860107421875e-06,0.00968849752098322,4.830927722621709,False,False
584,11.68,-0.11078690737485886,0.15305198729038239,4.8088812828063965,0.28900766372680664,4.054351848026272e-06,2.3028283067105804e-06,-7.693000952713192e-05,1.0388227565272246e-05,0.00023211506777442992,5.012475980947784e-07,-2.6444911327416776e-06,1.8978083971887827e-05,0.0,0.0,5.0,0.26874711853515665,-6.318092346191406e-06,-3.039836883544922e-06,-5.781650543212891e-06,-3.0994415283203125e-06,0.009688498452305794,4.840616221074015,False,False
585,11.700000000000001,-0.11078845709562302,0.1530522257089615,4.808885097503662,0.28900817036628723,4.004620677733328e-06,2.309988531123963e-06,-7.604277925565839e-05,1.0179935998166911e-05,0.00023014182806946337,2.1464528288106521e-07,-2.3283707832888467e-06,1.8420410924591124e-05,0.0,0.0,5.0,0.26874518037777034,-6.139278411865234e-06,-3.2782554626464844e-06,-5.602836608886719e-06,-3.337860107421875e-06,0.009688500314950943,4.850304721388966,False,False
586,11.72,-0.1107899472117424,0.1530524641275406,4.808888912200928,0.28900858759880066,3.9639935494051315e-06,2.308547436769004e-06,-7.516401819884777e-05,9.968333870347124e-06,0.00022812935640104115,-3.5887816807189665e-07,-1.7341178590868367e-06,1.7948230379261076e-05,0.0,0.0,5.0,0.26874321769755877,-5.662441253662109e-06,-3.993511199951172e-06,-5.7220458984375e-06,-3.933906555175781e-06,0.009688502177596092,4.859993223566562,False,False
587,11.74,-0.11079143732786179,0.1530527025461197,4.808892726898193,0.28900885581970215,3.933484094886808e-06,2.3108193545340328e-06,-7.429214019794017e-05,9.755158316693269e-06,0.0002260385372210294,5.859596967638936e-07,-1.3166634289518697e-06,1.7606798792257905e-05,0.0,0.0,5.0,0.2687412550656356,-5.125999450683594e-06,-4.172325134277344e-06,-5.364418029785156e-06,-5.066394805908203e-06,0.009688504040241241,4.869681727606803,False,False
588,11.76,-0.11079292744398117,0.1530529409646988,4.808896541595459,0.28900909423828125,3.8917337406019215e-06,2.3248298930411693e-06,-7.342583558056504e-05,9.538567610434256e-06,0.00022405225900001824,8.149393124767812e-07,-2.8581844162545167e-06,1.747612259350717e-05,0.0,0.0,5.0,0.26873929248200196,-4.827976226806641e-06,-5.543231964111328e-06,-5.066394805908203e-06,-4.947185516357422e-06,0.00968850590288639,4.87937023350969,False,False
589,11.78,-0.11079438775777817,0.1530531793832779,4.808900356292725,0.28900930285453796,3.8489124563056976e-06,2.3513305222877534e-06,-7.256737444549799e-05,9.315925126429647e-06,0.0002219614398200065,1.8349934407524415e-06,-1.4237582490750356e-06,1.7563390429131687e-05,0.0,0.0,5.0,0.2687373176598262,-4.172325134277344e-06,-4.827976226806641e-06,-5.066394805908203e-06,-6.139278411865234e-06,0.00968850776553154,4.889058741275221,False,False
590,11.8,-0.11079581826925278,0.153053417801857,4.80890417098999,0.28900957107543945,3.7978313685016474e-06,2.378613089604187e-06,-7.171481411205605e-05,9.085371857509017e-06,0.00021988365915603936,8.930597346079594e-07,-3.6841493056272157e-06,1.7793543520383537e-05,0.0,0.0,5.0,0.2687353305983528,-4.5299530029296875e-06,-5.066394805908203e-06,-5.125999450683594e-06,-4.649162292480469e-06,0.00968850962817669,4.898747250903398,False,False
591,11.82,-0.11079724878072739,0.15305361151695251,4.808907985687256,0.28900980949401855,3.7241752579575405e-06,2.3965048967511393e-06,-7.087321137078106e-05,8.847135177347809e-06,0.00021792345796711743,8.960183208728267e-07,-3.68119162885705e-06,1.7793034203350544e-05,0.0,0.0,5.0,0.26873331812386536,-4.410743713378906e-06,-5.781650543212891e-06,-4.947185516357422e-06,-5.066394805908203e-06,0.009688511490821838,4.90843576239422,False,False
592,11.84,-0.110798679292202,0.15305373072624207,4.8089118003845215,0.28901004791259766,3.6626338442147244e-06,2.432538167340681e-06,-7.004354847595096e-05,8.600667570135556e-06,0.0002158456773031503,2.7071475869888673e-06,-2.4727860363782384e-06,1.7946906154975295e-05,0.0,0.0,5.0,0.26873126326202207,-4.5299530029296875e-06,-4.410743713378906e-06,-4.470348358154297e-06,-6.258487701416016e-06,0.009688513353466988,4.918124275747687,False,False
593,11.86,-0.11080005019903183,0.15305384993553162,4.808915615081787,0.2890103757381439,3.595091811803286e-06,2.4625724108773284e-06,-6.922279135324061e-05,8.34330239740666e-06,0.00021378093515522778,2.960754272862687e-07,-4.2811343519133516e-06,1.810137473512441e-05,0.0,0.0,5.0,0.2687291838706171,-4.708766937255859e-06,-6.079673767089844e-06,-4.172325134277344e-06,-5.066394805908203e-06,0.009688515216112137,4.927812790963799,False,False
594,11.88,-0.11080142110586166,0.15305396914482117,4.808919429779053,0.2890108823776245,3.533981953296461e-06,2.4802022835501703e-06,-6.841445429017767e-05,8.078405699052382e-06,0.00021171619300730526,1.4668107723991852e-06,-1.8296128700967529e-06,1.8312755855731666e-05,0.0,0.0,5.0,0.2687271045243198,-5.9604644775390625e-06,-2.9802322387695312e-06,-4.112720489501953e-06,-5.543231964111328e-06,0.009688517078757286,4.937501308042556,False,False
595,11.9,-0.1108027920126915,0.15305408835411072,4.808923244476318,0.2890113592147827,3.484723038127413e-06,2.4595817649242235e-06,-6.761488475603983e-05,7.808651389495935e-06,0.00020976903033442795,-3.528941761032911e-06,-3.0960143249103567e-06,1.8205741071142256e-05,0.0,0.0,5.0,0.2687250252231312,-5.543231964111328e-06,-6.198883056640625e-06,-4.410743713378906e-06,-3.933906555175781e-06,0.00968851801007986,4.947189826052636,False,False
596,11.92,-0.11080414801836014,0.15305420756340027,4.808927059173584,0.2890118658542633,3.466152747932938e-06,2.4010880679270485e-06,-6.682643288513646e-05,7.545288099208847e-06,0.00020765201770700514,-2.320412477274658e-06,1.2391424206725787e-06,1.8197286408394575e-05,0.0,0.0,5.0,0.26872293982276646,-5.841255187988281e-06,-3.635883331298828e-06,-4.649162292480469e-06,-5.602836608886719e-06,0.00968851987272501,4.956878345925361,False,False
597,11.94,-0.1108054593205452,0.15305432677268982,4.80893087387085,0.2890123128890991,3.483921773295151e-06,2.317905909876572e-06,-6.60403529764153e-05,7.2937627919600345e-06,0.00020553500507958233,-5.997707376081962e-06,5.377938236961199e-07,1.8090271623805165e-05,0.0,0.0,5.0,0.2687208360340439,-4.947185516357422e-06,-6.377696990966797e-06,-4.887580871582031e-06,-4.708766937255859e-06,0.00968852173537016,4.966566867660731,False,False
598,11.96,-0.11080677062273026,0.15305444598197937,4.808934688568115,0.2890128195285797,3.510529040795518e-06,2.218321697000647e-06,-6.525648495880887e-05,7.061993983370485e-06,0.0002033919154200703,-3.960559297411237e-06,2.1228997866273858e-06,1.8225968233309686e-05,0.0,0.0,5.0,0.2687187322894556,-6.198883056640625e-06,-3.516674041748047e-06,-5.185604095458984e-06,-4.947185516357422e-06,0.009688523598015308,4.976255391258746,False,False
599,11.98,-0.11080808192491531,0.15305456519126892,4.808938503265381,0.28901320695877075,3.553393980837427e-06,2.114653170792735e-06,-6.447105261031538e-05,6.8499334702210035e-06,0.00020132717327214777,-6.406165539374342e-06,2.1635269149555825e-06,1.7916696378961205e-05,0.0,0.0,5.0,0.2687166285890027,-5.0067901611328125e-06,-6.556510925292969e-06,-5.304813385009766e-06,-5.364418029785156e-06,0.009688525460660458,4.985943916719407,False,False
600,12.0,-0.11080936342477798,0.15305468440055847,4.8089423179626465,0.28901350498199463,3.60419949174684e-06,2.0053623757121386e-06,-6.368345202645287e-05,6.661693078058306e-06,0.0001990404271055013,-4.5227111513668206e-06,2.9168759283493273e-06,1.8126796931028366e-05,0.0,0.0,5.0,0.2687145126431499,-5.364418029785156e-06,-5.543231964111328e-06,-5.245208740234375e-06,-6.198883056640625e-06,0.009688526391983032,4.99563244311139,False,False
601,12.02,-0.11081061512231827,0.15305480360984802,4.808946132659912,0.2890140116214752,3.659899903141195e-06,1.9062413230130915e-06,-6.289119482971728e-05,6.495375600934494e-06,0.00019667521701194346,-5.389306807046523e-06,2.6530042305239476e-06,1.826310472097248e-05,0.0,0.0,5.0,0.26871238445118156,-5.662441253662109e-06,-4.649162292480469e-06,-5.7220458984375e-06,-5.245208740234375e-06,0.009688528254628181,5.005320971366018,False,False
602,12.040000000000001,-0.11081186681985855,0.15305492281913757,4.808949947357178,0.2890144884586334,3.704180244312738e-06,1.795323896658374e-06,-6.209508865140378e-05,6.3517318267258815e-06,0.0001944145478773862,-5.702274847863009e-06,1.7749813423506566e-06,1.807606895454228e-05,0.0,0.0,5.0,0.2687102563023961,-6.020069122314453e-06,-5.0067901611328125e-06,-5.841255187988281e-06,-4.649162292480469e-06,0.009688531048595905,5.015009502414614,False,False
603,12.06,-0.11081311851739883,0.15305504202842712,4.808953762054443,0.2890147268772125,3.736696498890524e-06,1.68394274169259e-06,-6.129808025434613e-05,6.2313001762959175e-06,0.00019220614922232926,-5.435625553218415e-06,1.4765761306989589e-06,1.7839440261013806e-05,0.0,0.0,5.0,0.26870812819679446,-4.827976226806641e-06,-7.212162017822266e-06,-5.543231964111328e-06,-5.9604644775390625e-06,0.009688532911241055,5.024698035325855,False,False
604,12.08,-0.11081432551145554,0.15305516123771667,4.808957576751709,0.2890149652957916,3.7739066556241596e-06,1.603249074833002e-06,-6.0500602558022365e-05,6.1319078668020666e-06,0.00018973651458509266,-2.633643134686281e-06,2.244366214654292e-06,1.8080536392517388e-05,0.0,0.0,5.0,0.26870598169866156,-4.827976226806641e-06,-5.543231964111328e-06,-5.364418029785156e-06,-7.152557373046875e-06,0.00968853384256363,5.034386569168419,False,False
605,12.1,-0.11081551760435104,0.15305528044700623,4.808961391448975,0.2890154719352722,3.7969425648043398e-06,1.5419092278534663e-06,-5.970008351141587e-05,6.0469715208455455e-06,0.00018731903401203454,-3.5003606626560213e-06,5.919033796430995e-08,1.83277006726712e-05,0.0,0.0,5.0,0.2687038290976589,-5.900859832763672e-06,-4.351139068603516e-06,-5.543231964111328e-06,-4.947185516357422e-06,0.009688536636531353,5.04407510580495,False,False
606,12.120000000000001,-0.11081670969724655,0.15305539965629578,4.80896520614624,0.2890159487724304,3.795518523475039e-06,1.4689173895021668e-06,-5.890160900889896e-05,5.975218300591223e-06,0.00018516290583647788,-3.7987640553183155e-06,-2.0154405433459033e-07,1.8091071979142725e-05,0.0,0.0,5.0,0.2687016765389095,-6.198883056640625e-06,-4.5299530029296875e-06,-5.662441253662109e-06,-5.0067901611328125e-06,0.009688538499176502,5.0537636443041265,False,False
607,12.14,-0.11081790179014206,0.15305551886558533,4.808969020843506,0.2890162467956543,3.7971669826220023e-06,1.387319798595854e-06,-5.810767106595449e-05,5.917738690186525e-06,0.00018292831373400986,-4.3608606574707665e-06,3.664663665858825e-07,1.783022889867425e-05,0.0,0.0,5.0,0.2686995240224143,-5.066394805908203e-06,-6.377696990966797e-06,-5.7220458984375e-06,-5.9604644775390625e-06,0.009688540361821651,5.063452184665948,False,False
608,12.16,-0.11081903427839279,0.15305563807487488,4.8089728355407715,0.2890164852142334,3.7952222555759363e-06,1.320963974649203e-06,-5.731768760597333e-05,5.875309398106765e-06,0.00018056310364045203,-2.2746119157091016e-06,-5.609034019471437e-07,1.7959318938665092e-05,0.0,0.0,5.0,0.2686973469653838,-5.245208740234375e-06,-5.662441253662109e-06,-5.185604095458984e-06,-6.198883056640625e-06,0.0096885422244668,5.073140726890415,False,False
609,12.18,-0.11082016676664352,0.15305575728416443,4.808976650238037,0.28901684284210205,3.7783511288580485e-06,1.269819108529191e-06,-5.653250264003873e-05,5.842782229592558e-06,0.00017822408699430525,-2.8398428639775375e-06,-1.1261358849878889e-06,1.8119841115549207e-05,0.0,0.0,5.0,0.2686951699496977,-5.066394805908203e-06,-5.662441253662109e-06,-5.245208740234375e-06,-5.9604644775390625e-06,0.00968854408711195,5.082829270977527,False,False
610,12.200000000000001,-0.11082129925489426,0.15305587649345398,4.808980464935303,0.28901731967926025,3.749943971342873e-06,1.2188162372694933e-06,-5.5754397180862725e-05,5.818991667183582e-06,0.00017598949489183724,-2.2604035621043295e-06,-1.7144734556495678e-06,1.8279199139215052e-05,0.0,0.0,5.0,0.26869299297535726,-6.198883056640625e-06,-3.874301910400391e-06,-5.424022674560547e-06,-5.0067901611328125e-06,0.0096885459497571,5.092517816927284,False,False
611,12.22,-0.1108224168419838,0.15305599570274353,4.808984279632568,0.2890177071094513,3.7153056382521754e-06,1.1548016800588812e-06,-5.49852593394462e-05,5.803312888019718e-06,0.00017387248226441443,-4.1409562072658446e-06,-1.7491861399321351e-06,1.796992728486657e-05,0.0,0.0,5.0,0.26869080989632954,-5.304813385009766e-06,-6.198883056640625e-06,-5.543231964111328e-06,-5.424022674560547e-06,0.009688547812402248,5.102206364739686,False,False
612,12.24,-0.11082348972558975,0.15305611491203308,4.808988094329834,0.2890179753303528,3.6833334888797253e-06,1.0881790331040975e-06,-5.4226482461672276e-05,5.7990660025097895e-06,0.0001715072721708566,-2.521191163395997e-06,-1.4478796401817817e-06,1.804380735848099e-05,0.0,0.0,5.0,0.268688608419992,-5.185604095458984e-06,-5.602836608886719e-06,-5.245208740234375e-06,-6.198883056640625e-06,0.009688549675047398,5.111894914414734,False,False
613,12.26,-0.11082456260919571,0.15305623412132263,4.8089919090271,0.2890183925628662,3.6487219858827302e-06,1.0321019772163709e-06,-5.3476942412089556e-05,5.804033662570873e-06,0.00016916825552470982,-3.086422111664433e-06,-2.0131121800659457e-06,1.8204329535365105e-05,0.0,0.0,5.0,0.2686864069841131,-5.4836273193359375e-06,-5.185604095458984e-06,-5.4836273193359375e-06,-5.543231964111328e-06,0.009688551537692547,5.121583465952426,False,False
614,12.280000000000001,-0.11082563549280167,0.15305635333061218,4.808995723724365,0.2890189290046692,3.601821163101704e-06,9.637359426051262e-07,-5.2738312660949305e-05,5.818300905957585e-06,0.00016682923887856305,-3.7500985854421742e-06,-2.6767904728330905e-06,1.81487703230232e-05,0.0,0.0,5.0,0.26868420558869394,-6.198883056640625e-06,-4.887580871582031e-06,-5.7220458984375e-06,-4.291534423828125e-06,0.009688553400337696,5.131272019352764,False,False
615,12.3,-0.11082669347524643,0.15305647253990173,4.808999538421631,0.28901922702789307,3.560107870725915e-06,8.945293643591867e-07,-5.201260864851065e-05,5.843213330081198e-06,0.00016460780170746148,-3.170410309394356e-06,-1.4943799442335148e-06,1.7826081602834165e-05,0.0,0.0,5.0,0.268681998087263,-5.185604095458984e-06,-5.781650543212891e-06,-5.424022674560547e-06,-6.079673767089844e-06,0.009688555262982845,5.140960574615747,False,False
616,12.32,-0.11082770675420761,0.15305659174919128,4.8090033531188965,0.28901946544647217,3.524566409396357e-06,8.311179726661067e-07,-5.129737837705761e-05,5.8784635257325135e-06,0.0001622165145818144,-3.1705885703559034e-06,-2.0596125978045166e-06,1.798660377971828e-05,0.0,0.0,5.0,0.2686797721863337,-4.589557647705078e-06,-6.318092346191406e-06,-5.424022674560547e-06,-6.258487701416016e-06,0.009688557125627995,5.150649131741375,False,False
617,12.34,-0.11082872003316879,0.15305671095848083,4.809007167816162,0.2890198528766632,3.474706318229437e-06,7.763676421745913e-07,-5.059332761447877e-05,5.922883701714454e-06,0.00015985130448825657,-2.304351255588699e-06,-2.9262064344948158e-06,1.822281046770513e-05,0.0,0.0,5.0,0.26867754632499924,-5.424022674560547e-06,-4.947185516357422e-06,-5.424022674560547e-06,-5.245208740234375e-06,0.009688559919595718,5.1603376916609704,False,False
618,12.36,-0.11082973331212997,0.15305683016777039,4.809010982513428,0.2890203595161438,3.4100364700861974e-06,7.245132565003587e-07,-4.9902806495083496e-05,5.973743554932298e-06,0.0001576821377966553,-2.8810109142796136e-06,-3.540537363733165e-06,1.812356640584767e-05,0.0,0.0,5.0,0.26867532050326054,-6.139278411865234e-06,-5.066394805908203e-06,-5.602836608886719e-06,-4.470348358154297e-06,0.009688561782240868,5.170026253443211,False,False
619,12.38,-0.11083074659109116,0.15305694937705994,4.809014797210693,0.28902068734169006,3.3478015666332794e-06,6.641688514719135e-07,-4.9227834097109735e-05,6.031456450728001e-06,0.00015547373914159834,-3.1532972570857964e-06,-2.682718331925571e-06,1.7837926861830056e-05,0.0,0.0,5.0,0.26867309472111855,-5.125999450683594e-06,-6.4373016357421875e-06,-5.424022674560547e-06,-5.602836608886719e-06,0.009688563644886017,5.179714817088097,False,False
620,12.4,-0.11083170771598816,0.1530570685863495,4.809018611907959,0.28902092576026917,3.2912753340497147e-06,6.155602818580519e-07,-4.856699160882272e-05,6.096846391301369e-06,0.0001531607995275408,-1.707442265796999e-06,-2.96969483315479e-06,1.8024526070803404e-05,0.0,0.0,5.0,0.2686708474640513,-5.364418029785156e-06,-6.020069122314453e-06,-5.304813385009766e-06,-6.258487701416016e-06,0.009688565507531166,5.1894033825956285,False,False
621,12.42,-0.11083266139030457,0.15305718779563904,4.809022426605225,0.2890213131904602,3.229240519431187e-06,5.727447955905518e-07,-4.791960236616433e-05,6.16689021626371e-06,0.00015079558943398297,-2.574034624558408e-06,-3.2335647119907662e-06,1.8160833860747516e-05,0.0,0.0,5.0,0.2686685971722863,-5.0067901611328125e-06,-6.020069122314453e-06,-5.304813385009766e-06,-5.7220458984375e-06,0.009688567370176315,5.199091949965805,False,False
622,12.44,-0.11083361506462097,0.1530573070049286,4.80902624130249,0.2890217900276184,3.1557847250951454e-06,5.241593044047477e-07,-4.7287274355767295e-05,6.242125891731121e-06,0.00014853492029942572,-2.284403535668389e-06,-4.111710950382985e-06,1.83449883479625e-05,0.0,0.0,5.0,0.268666346919275,-6.198883056640625e-06,-4.887580871582031e-06,-5.543231964111328e-06,-4.351139068603516e-06,0.009688569232821465,5.208780519198626,False,False
623,12.46,-0.11083456873893738,0.15305742621421814,4.809030055999756,0.289022296667099,3.084385980400839e-06,4.77631033390935e-07,-4.6671830205013976e-05,6.321977252810029e-06,0.0001463003281969577,-2.368337391089881e-06,-3.0278697522589937e-06,1.8077509594149888e-05,0.0,0.0,5.0,0.26866409670501834,-6.318092346191406e-06,-4.470348358154297e-06,-5.7220458984375e-06,-4.708766937255859e-06,0.009688571095466614,5.218469090294093,False,False
624,12.48,-0.11083550751209259,0.1530575454235077,4.8090338706970215,0.2890225350856781,3.0238559247663943e-06,4.246418541242747e-07,-4.6071298129390925e-05,6.407336059055524e-06,0.0001440657360944897,-2.9304324016266037e-06,-3.024912075488828e-06,1.7768237739801407e-05,0.0,0.0,5.0,0.2686618403820948,-4.887580871582031e-06,-6.616115570068359e-06,-5.304813385009766e-06,-5.900859832763672e-06,0.009688573889434338,5.228157664183527,False,False
625,12.5,-0.11083640158176422,0.15305766463279724,4.809037685394287,0.2890227735042572,2.9695268040086376e-06,3.7898385585322103e-07,-4.54847831861116e-05,6.4993400883395225e-06,0.00014172671944834292,-1.6352574903066852e-06,-2.4078026399365626e-06,1.7991173081099987e-05,0.0,0.0,5.0,0.2686595656551451,-4.5299530029296875e-06,-6.020069122314453e-06,-5.245208740234375e-06,-6.67572021484375e-06,0.009688575752079487,5.237846239935607,False,False
626,12.52,-0.11083729565143585,0.1530577838420868,4.809041500091553,0.28902319073677063,2.906066583818756e-06,3.426536920869694e-07,-4.4910750148119405e-05,6.5955878199019935e-06,0.00013940074131824076,-1.9976966996182455e-06,-3.9380201997119e-06,1.8231134163215756e-05,0.0,0.0,5.0,0.26865729096612884,-5.4836273193359375e-06,-5.7220458984375e-06,-5.364418029785156e-06,-5.185604095458984e-06,0.009688577614724636,5.247534817550331,False,False
627,12.540000000000001,-0.11083818972110748,0.15305790305137634,4.809045314788818,0.2890236973762512,2.8407491754478542e-06,3.082337514115352e-07,-4.435175651451573e-05,6.6949355641554575e-06,0.000137061724672094,-1.4442499605138437e-06,-2.5934994027920766e-06,1.8228747649118304e-05,0.0,0.0,5.0,0.26865501631504707,-5.781650543212891e-06,-4.0531158447265625e-06,-5.364418029785156e-06,-5.424022674560547e-06,0.009688579477369785,5.257223397027701,False,False
628,12.56,-0.11083908379077911,0.1530580222606659,4.809049129486084,0.28902414441108704,2.7836026674776804e-06,2.612655123357399e-07,-4.380581231089309e-05,6.797779860789888e-06,0.00013482713256962597,-3.2524746984563535e-06,-3.1209372082230402e-06,1.8072561942972243e-05,0.0,0.0,5.0,0.2686527417019007,-5.245208740234375e-06,-5.7220458984375e-06,-5.602836608886719e-06,-5.0067901611328125e-06,0.009688581340014935,5.266911978367716,False,False
629,12.58,-0.11083997786045074,0.15305814146995544,4.80905294418335,0.2890244126319885,2.7298758595861727e-06,2.1809324834975996e-07,-4.327366332290694e-05,6.9071375037310645e-06,0.00013256646343506873,-1.0646431292116176e-06,-2.251564410471474e-06,1.804782368708402e-05,0.0,0.0,5.0,0.26865046712669066,-5.185604095458984e-06,-4.887580871582031e-06,-5.304813385009766e-06,-6.556510925292969e-06,0.009688583202660084,5.276600561570376,False,False
630,12.6,-0.1108408197760582,0.153058260679245,4.809056758880615,0.28902485966682434,2.6650197924027452e-06,1.7735362689563772e-07,-4.27536251663696e-05,7.020124030532315e-06,0.00013027971726842225,-3.0092321594565874e-06,-4.233824256516527e-06,1.8154591089114547e-05,0.0,0.0,5.0,0.26864817107131,-5.424022674560547e-06,-5.841255187988281e-06,-5.602836608886719e-06,-4.5299530029296875e-06,0.009688585065305233,5.286289146635681,False,False
631,12.620000000000001,-0.11084165424108505,0.15305837988853455,4.809060573577881,0.28902536630630493,2.592047849248047e-06,1.360326820076807e-07,-4.2250074329786e-05,7.137887223507278e-06,0.00012799297110177577,-1.1227623417653376e-06,-3.0630899345851503e-06,1.810563844628632e-05,0.0,0.0,5.0,0.2686458719791001,-6.377696990966797e-06,-3.2186508178710938e-06,-5.424022674560547e-06,-5.0067901611328125e-06,0.009688587859272957,5.295977734494954,False,False
632,12.64,-0.11084248870611191,0.1530584990978241,4.8090643882751465,0.2890256345272064,2.528176537452964e-06,9.175695936392003e-08,-4.1761068132473156e-05,7.258683126565302e-06,0.00012590215192176402,-3.304676738480339e-06,-3.3238238756894134e-06,1.777213765308261e-05,0.0,0.0,5.0,0.2686435729240273,-4.76837158203125e-06,-7.092952728271484e-06,-5.364418029785156e-06,-5.841255187988281e-06,0.009688589721918106,5.3056663242168725,False,False
633,12.66,-0.11084332317113876,0.15305861830711365,4.809068202972412,0.2890258729457855,2.467984813847579e-06,4.437987044525471e-08,-4.1286966734332964e-05,7.385747267107945e-06,0.00012345859431661665,-1.432896397091099e-06,-2.6951615836878773e-06,1.804408384487033e-05,0.0,0.0,5.0,0.26864127390609255,-4.708766937255859e-06,-6.079673767089844e-06,-5.364418029785156e-06,-6.4373016357421875e-06,0.009688591584563255,5.315354915801436,False,False
634,12.68,-0.11084415763616562,0.1530587375164032,4.809072017669678,0.2890263795852661,2.405413397355005e-06,2.438407875615667e-08,-4.082580198883079e-05,7.515872766816756e-06,0.00012109341332688928,-5.666591391673137e-07,-3.5617554203781765e-06,1.828029053285718e-05,0.0,0.0,5.0,0.2686389749252967,-6.079673767089844e-06,-3.874301910400391e-06,-5.364418029785156e-06,-5.185604095458984e-06,0.009688593447208405,5.325043509248644,False,False
635,12.700000000000001,-0.11084499210119247,0.15305885672569275,4.809075832366943,0.28902679681777954,2.328032451259787e-06,-1.1551827050482188e-08,-4.037890903418884e-05,7.64615924708778e-06,0.00011892418842762709,-3.0268297450675163e-06,-4.176086349616526e-06,1.8020611605606973e-05,0.0,0.0,5.0,0.2686366759816408,-5.125999450683594e-06,-6.258487701416016e-06,-5.4836273193359375e-06,-4.708766937255859e-06,0.009688595309853554,5.334732104558498,False,False
636,12.72,-0.11084578931331635,0.1530589759349823,4.809079647064209,0.28902703523635864,2.250187662866665e-06,-4.154717458959567e-08,-3.9949340134626254e-05,7.779969564580824e-06,0.00011668965453281999,2.7416774628363783e-08,-3.6080748486710945e-06,1.8068531062453985e-05,0.0,0.0,5.0,0.26863436170357025,-5.424022674560547e-06,-5.066394805908203e-06,-5.066394805908203e-06,-6.139278411865234e-06,0.009688598103821278,5.344420702662319,False,False
637,12.74,-0.11084656417369843,0.15305909514427185,4.809083461761475,0.28902748227119446,2.168227183574345e-06,-6.774733662950894e-08,-3.9535327232442796e-05,7.913028639450204e-06,0.00011449429439380765,-2.647346036610543e-06,-4.587680450640619e-06,1.8150356481783092e-05,0.0,0.0,5.0,0.2686320382390742,-5.304813385009766e-06,-6.794929504394531e-06,-5.364418029785156e-06,-4.76837158203125e-06,0.009688599966466427,5.354109302628785,False,False
638,12.76,-0.1108473390340805,0.1530592143535614,4.80908727645874,0.28902798891067505,2.0927855075569823e-06,-9.797662414712249e-08,-3.9139016735134646e-05,8.048208655964117e-06,0.00011219445150345564,-3.755099271529616e-07,-2.956239541163086e-06,1.823200727812946e-05,0.0,0.0,5.0,0.26862971481094067,-6.198883056640625e-06,-3.814697265625e-06,-5.304813385009766e-06,-5.304813385009766e-06,0.009688601829111576,5.363797904457897,False,False
639,12.780000000000001,-0.11084811389446259,0.15305933356285095,4.809091091156006,0.28902843594551086,2.030528776231222e-06,-1.3310304325386824e-07,-3.8756556023145095e-05,8.184208127204329e-06,0.0001100513618439436,-3.137041858281009e-06,-3.2692089462216245e-06,1.7996542737819254e-05,0.0,0.0,5.0,0.2686273914191706,-5.543231964111328e-06,-6.020069122314453e-06,-5.602836608886719e-06,-5.0067901611328125e-06,0.009688603691756725,5.373486508149654,False,False
640,12.8,-0.11084888875484467,0.1530594527721405,4.8090949058532715,0.28902870416641235,1.977603233171976e-06,-1.837615855038166e-07,-3.838822522084229e-05,8.325919225171674e-06,0.00010775151895359159,-1.928636265802197e-06,-2.023133674811106e-06,1.7890080926008523e-05,0.0,0.0,5.0,0.2686250680637649,-4.649162292480469e-06,-6.318092346191406e-06,-5.304813385009766e-06,-6.4373016357421875e-06,0.009688605554401875,5.3831751137040555,False,False
641,12.82,-0.11084966361522675,0.15305957198143005,4.809098720550537,0.28902900218963623,1.9314870769449044e-06,-2.1668651584150211e-07,-3.803107392741367e-05,8.47287356009474e-06,0.0001054124440997839,-1.3637609299621545e-06,-2.5883664420689456e-06,1.8150502000935376e-05,0.0,0.0,5.0,0.26862274474472453,-4.76837158203125e-06,-6.258487701416016e-06,-5.245208740234375e-06,-6.258487701416016e-06,0.009688607417047024,5.392863721121103,False,False
642,12.84,-0.11085043847560883,0.1530596911907196,4.809102535247803,0.28902947902679443,1.8763258822218631e-06,-2.40573598375704e-07,-3.7685007555410266e-05,8.622385394119192e-06,0.00010306033072993159,-1.0249068509438075e-06,-2.9275770430103876e-06,1.8392762285657227e-05,0.0,0.0,5.0,0.2686204214620504,-5.424022674560547e-06,-4.76837158203125e-06,-5.543231964111328e-06,-5.125999450683594e-06,0.009688610211014748,5.402552331332117,False,False
643,12.86,-0.1108512133359909,0.15305981040000916,4.809106349945068,0.28902995586395264,1.8159183809984825e-06,-2.553921660819469e-07,-3.735092832357623e-05,8.772486580710392e-06,0.0001008911058306694,-4.5689500893786317e-07,-3.112970262009185e-06,1.823181810323149e-05,0.0,0.0,5.0,0.2686180982157435,-6.079673767089844e-06,-4.112720489501953e-06,-5.4836273193359375e-06,-4.947185516357422e-06,0.009688612073659897,5.412240943405777,False,False
644,12.88,-0.1108519434928894,0.1530599296092987,4.809110164642334,0.2890303134918213,1.7525562725495547e-06,-2.769323828033521e-07,-3.702930189319886e-05,8.92191383172758e-06,9.87088424153626e-05,-1.6970539036265109e-06,-3.2230227589025162e-06,1.791649265214801e-05,0.0,0.0,5.0,0.2686157565576358,-5.0067901611328125e-06,-6.258487701416016e-06,-5.245208740234375e-06,-5.662441253662109e-06,0.009688613936305046,5.421929557342082,False,False
645,12.9,-0.11085265874862671,0.1530601531267166,4.8091139793396,0.28903064131736755,1.6882376030480373e-06,-2.994295016378601e-07,-3.672115781228058e-05,9.072627108253073e-06,9.64220380410552e-05,-5.525602091438486e-07,-3.208636371709872e-06,1.8127320799976587e-05,0.0,0.0,5.0,0.26861346822223237,-5.304813385009766e-06,-5.185604095458984e-06,-5.543231964111328e-06,-5.364418029785156e-06,0.00968861486762762,5.43161817220971,False,False
646,12.92,-0.11085337400436401,0.15306039154529572,4.809115886688232,0.28903114795684814,1.614267603144981e-06,-3.0671455419906124e-07,-3.642640876933001e-05,9.22234175959602e-06,9.416136890649796e-05,-1.7591162304597674e-07,-4.188115781289525e-06,1.8098275177180767e-05,0.0,0.0,5.0,0.26861254383027305,-5.364418029785156e-06,-1.2516975402832031e-06,-5.841255187988281e-06,-2.086162567138672e-06,0.009688613936305046,5.441306786146015,False,False
647,12.94,-0.11085408926010132,0.15306062996387482,4.809115886688232,0.28903138637542725,1.518103999842424e-06,-3.0944670470489655e-07,-3.614758315961808e-05,9.368304745294154e-06,9.255390614271164e-05,-9.723988370069492e-08,-5.42790257895831e-06,1.7362573998980224e-05,0.0,0.0,5.0,0.2686129748642914,-3.516674041748047e-06,5.960464477539062e-07,-5.543231964111328e-06,1.0728836059570312e-06,0.009688613936305046,5.45099540008232,False,False
648,12.96,-0.11085480451583862,0.15306086838245392,4.809115886688232,0.28903162479400635,1.3915271210862556e-06,-2.8005786134599475e-07,-3.588882100302726e-05,9.507012691756245e-06,9.170413250103593e-05,3.0361045446625212e-06,-7.229356924653985e-06,1.6301608411595225e-05,0.0,0.0,5.0,0.26861340589973426,-3.2782554626464844e-06,2.7418136596679688e-06,-4.708766937255859e-06,3.0994415283203125e-06,0.009688613004982471,5.4606840130873024,False,False
649,12.98,-0.11085551977157593,0.15306110680103302,4.809115886688232,0.28903186321258545,1.2309502608331968e-06,-2.104564345017934e-07,-3.5653883969644085e-05,9.628262887417804e-06,9.133777348324656e-05,3.923924850823823e-06,-8.827769306662958e-06,1.499845711805392e-05,0.0,0.0,5.0,0.2686138369366017,-2.9206275939941406e-06,2.9802322387695312e-06,-4.291534423828125e-06,4.887580871582031e-06,0.009688612073659897,5.470372625160962,False,False
650,13.0,-0.11085623502731323,0.15306134521961212,4.809115886688232,0.2890321612358093,1.0664289220585488e-06,-9.507294151944734e-08,-3.5445584217086434e-05,9.724188203108497e-06,9.128492092713714e-05,7.6141564022691455e-06,-7.6237729444983415e-06,1.3626800864585675e-05,0.0,0.0,5.0,0.2686142679748935,-3.2782554626464844e-06,5.4836273193359375e-06,-3.635883331298828e-06,4.410743713378906e-06,0.009688611142337322,5.4800612363033,False,False
651,13.02,-0.11085695028305054,0.15306158363819122,4.809115886688232,0.2890323996543884,8.92459581791627e-07,4.1376143400384535e-08,-3.526050932123326e-05,9.785931069927756e-06,9.141495684161782e-05,6.030431450199103e-06,-9.772552402864676e-06,1.2014863386866637e-05,0.0,0.0,5.0,0.2686146990146099,-2.3245811462402344e-06,2.86102294921875e-06,-3.2782554626464844e-06,5.9604644775390625e-06,0.009688610211014748,5.489749846514314,False,False
652,13.040000000000001,-0.11085766553878784,0.15306182205677032,4.809115886688232,0.28903260827064514,7.18460910320573e-07,2.0115238896778465e-07,-3.510178794385865e-05,9.811666132009123e-06,9.154499275609851e-05,9.946804311766755e-06,-7.626676051586401e-06,1.06019670056412e-05,0.0,0.0,5.0,0.2686151300557508,-2.384185791015625e-06,5.125999450683594e-06,-2.3245811462402344e-06,4.410743713378906e-06,0.009688610211014748,5.499438456725329,False,False
653,13.06,-0.11085838079452515,0.15306206047534943,4.809115886688232,0.28903284668922424,5.568649612541776e-07,3.906602614733856e-07,-3.4963723010150716e-05,9.794260222406592e-06,9.176647290587425e-05,9.003476407087874e-06,-8.532336323696654e-06,9.244302418665029e-06,0.0,0.0,5.0,0.2686155610983161,-1.6689300537109375e-06,4.410743713378906e-06,-1.9669532775878906e-06,5.4836273193359375e-06,0.009688609279692173,5.509127066005021,False,False
654,13.08,-0.11085909605026245,0.15306229889392853,4.809115886688232,0.28903308510780334,4.0239748955173127e-07,5.925707569076621e-07,-3.484561966615729e-05,9.732067155709956e-06,9.223620872944593e-05,1.1187020390934777e-05,-6.913843208167236e-06,7.955512046464719e-06,0.0,0.0,5.0,0.2686159921423059,-1.9669532775878906e-06,5.9604644775390625e-06,-1.3113021850585938e-06,4.5299530029296875e-06,0.009688608348369598,5.518815674353391,False,False
655,13.1,-0.11085981130599976,0.15306253731250763,4.809115886688232,0.28903332352638245,2.578123314833647e-07,7.983361456354032e-07,-3.474330878816545e-05,9.622164725442417e-06,9.279738878831267e-05,9.388949365529697e-06,-7.544137588411104e-06,6.63589662508457e-06,0.0,0.0,5.0,0.2686164231877202,-1.6689300537109375e-06,4.410743713378906e-06,-1.0728836059570312e-06,5.125999450683594e-06,0.009688607417047024,5.528504281770438,False,False
656,13.120000000000001,-0.11086052656173706,0.15306277573108673,4.809115886688232,0.2890334725379944,1.261220177184441e-07,9.861058742899331e-07,-3.4657015930861235e-05,9.46759701037081e-06,9.32932598516345e-05,9.38749417400686e-06,-5.624408913718071e-06,5.530620455829194e-06,0.0,0.0,5.0,0.26861685423455894,-8.344650268554688e-07,4.0531158447265625e-06,-7.748603820800781e-07,4.291534423828125e-06,0.009688607417047024,5.538192889187485,False,False
657,13.14,-0.11086124181747437,0.15306301414966583,4.809115886688232,0.2890334725379944,1.3990642422356814e-08,1.173845021185116e-06,-3.458279752521776e-05,9.271006092603784e-06,9.384134318679571e-05,9.385915291204583e-06,-5.588316525972914e-06,4.6391301111725625e-06,0.0,0.0,5.0,0.26861728528282214,-2.980232238769531e-07,2.86102294921875e-06,-3.5762786865234375e-07,3.814697265625e-06,0.009688607417047024,5.547881496604532,False,False
658,13.16,-0.11086195707321167,0.15306325256824493,4.809115886688232,0.2890334725379944,-8.597293543743945e-08,1.3658412854056223e-06,-3.451845623203553e-05,9.03281215869356e-06,9.432411752641201e-05,9.81315224635182e-06,-4.407675987749826e-06,3.945123808080098e-06,0.0,0.0,5.0,0.2686177163325098,2.384185791015625e-07,3.2186508178710938e-06,-5.960464477539063e-08,3.2186508178710938e-06,0.009688607417047024,5.557570104021579,False,False
659,13.18,-0.11086267232894897,0.15306341648101807,4.809115886688232,0.2890334725379944,-1.7443679212192365e-07,1.5618031738995342e-06,-3.446071787038818e-05,8.752845133130904e-06,9.483302710577846e-05,9.782447705219965e-06,-4.438384166860487e-06,3.4131510346924188e-06,0.0,0.0,5.0,0.26861810492886967,2.384185791015625e-07,2.7418136596679688e-06,3.5762786865234375e-07,3.337860107421875e-06,0.009688607417047024,5.567258711438626,False,False
660,13.200000000000001,-0.11086338758468628,0.15306353569030762,4.809116363525391,0.2890334725379944,-2.547047017742443e-07,1.7603102833163575e-06,-3.4408221836201847e-05,8.431087735516485e-06,9.542034240439534e-05,1.0067665243695956e-05,-3.5881114399671787e-06,2.8557999485201435e-06,0.0,0.0,5.0,0.2686181292067631,1.1920928955078125e-07,2.0265579223632812e-06,9.5367431640625e-07,1.9073486328125e-06,0.009688610211014748,5.576947321649641,False,False
661,13.22,-0.11086410284042358,0.15306365489959717,4.809120178222656,0.2890334725379944,-3.2324308563147497e-07,1.9528417851688573e-06,-3.4358636185061187e-05,8.06797561381245e-06,9.577249875292182e-05,9.184858754451852e-06,-3.265470013502636e-06,2.5716356049088063e-06,0.0,0.0,5.0,0.26861578157581417,-1.0132789611816406e-06,-3.5762786865234375e-06,1.5497207641601562e-06,-2.384185791015625e-06,0.009688611142337322,5.586635932791978,False,False
662,13.24,-0.11086481809616089,0.15306377410888672,4.809122562408447,0.2890334725379944,-3.550817950781493e-07,2.120668341376586e-06,-3.430962533457205e-05,7.667260433663614e-06,9.506643982604146e-05,7.597252078994643e-06,8.17216516679764e-08,3.19350988320366e-06,0.0,0.0,5.0,0.26861445050009547,-1.1920928955078125e-07,-3.7550926208496094e-06,1.430511474609375e-06,-4.112720489501953e-06,0.009688610211014748,5.596324543002993,False,False
663,13.26,-0.1108655110001564,0.15306389331817627,4.809122562408447,0.2890334725379944,-3.367254919339757e-07,2.2501621970150154e-06,-3.425344038987532e-05,7.237535101012327e-06,9.425589814782143e-05,5.351673280529212e-06,1.7538460497235064e-06,4.005968548881356e-06,0.0,0.0,5.0,0.2686148044106299,1.1920928955078125e-06,-8.344650268554688e-07,1.1920928955078125e-06,-2.205371856689453e-06,0.009688610211014748,5.606013153214008,False,False
664,13.280000000000001,-0.11086616665124893,0.15306401252746582,4.809122562408447,0.2890334725379944,-3.166827866607491e-07,2.341787649129401e-06,-3.418643609620631e-05,6.788147857150761e-06,9.412463987246156e-05,3.810523594438564e-06,2.5036783313225897e-07,4.505306606006343e-06,0.0,0.0,5.0,0.2686151429470569,7.152557373046875e-07,-5.960464477539063e-08,1.1920928955078125e-06,4.76837158203125e-07,0.009688610211014748,5.615701763425022,False,False
665,13.3,-0.11086682230234146,0.15306413173675537,4.809122562408447,0.2890334725379944,-3.021915517820162e-07,2.4143000700860284e-06,-3.4112334105884656e-05,6.324222340481356e-06,9.426777251064777e-05,3.440412001509685e-06,1.1987144716840703e-06,4.6358736653928645e-06,0.0,0.0,5.0,0.26861548148471054,7.152557373046875e-07,8.344650268554688e-07,9.5367431640625e-07,1.0728836059570312e-06,0.009688610211014748,5.625390373636037,False,False
666,13.32,-0.11086747795343399,0.15306425094604492,4.809122562408447,0.2890334725379944,-2.717451081934996e-07,2.489581675035879e-06,-3.40300721290987e-05,5.84797453484498e-06,9.44762141443789e-05,4.087521119799931e-06,1.8458237036611536e-06,4.5799033614457585e-06,0.0,0.0,5.0,0.26861582002359075,5.960464477539062e-07,1.7881393432617188e-06,1.3113021850585938e-06,8.344650268554688e-07,0.009688609279692173,5.635078982915729,False,False
667,13.34,-0.11086813360452652,0.15306437015533447,4.809122562408447,0.2890334725379944,-2.367606128927946e-07,2.5490596726740478e-06,-3.393736187717877e-05,5.359873284760397e-06,9.484140900895e-05,1.8600156863612938e-06,1.6525111732335063e-06,4.561564310279209e-06,0.0,0.0,5.0,0.2686161585636975,7.152557373046875e-07,3.5762786865234375e-07,1.1920928955078125e-06,1.9073486328125e-06,0.009688609279692173,5.6447675921954215,False,False
668,13.36,-0.11086878925561905,0.15306448936462402,4.809122562408447,0.2890334725379944,-1.8202371165898512e-07,2.5951389943656977e-06,-3.3834461646620184e-05,4.864872607868165e-06,9.514129487797618e-05,2.7477099138195626e-06,3.820993697445374e-06,4.537728273135144e-06,0.0,0.0,5.0,0.26861649710503094,7.152557373046875e-07,1.6689300537109375e-06,1.0728836059570312e-06,9.5367431640625e-07,0.009688609279692173,5.654456201475114,False,False
669,13.38,-0.11086944490671158,0.15306460857391357,4.809123516082764,0.2890334725379944,-1.1130156707395145e-07,2.631210463732714e-06,-3.371651837369427e-05,4.364876076579094e-06,9.546731598675251e-05,8.592368203608203e-07,3.2509788070456125e-06,4.489117600314785e-06,0.0,0.0,5.0,0.2686161579734449,7.152557373046875e-07,-1.1324882507324219e-06,8.344650268554688e-07,8.344650268554688e-07,0.009688612073659897,5.6641448135487735,False,False
670,13.4,-0.11087010055780411,0.15306472778320312,4.809127330780029,0.2890334725379944,-2.8246997629821635e-08,2.666429281816818e-06,-3.358333924552426e-05,3.863345227728132e-06,9.546673391014338e-05,2.662445467649377e-06,5.054186658526305e-06,4.643320608010981e-06,0.0,0.0,5.0,0.26861378584168016,-9.5367431640625e-07,-4.172325134277344e-06,8.344650268554688e-07,-4.5299530029296875e-06,0.009688611142337322,5.673833424691111,False,False
671,13.42,-0.11087075620889664,0.15306484699249268,4.8091278076171875,0.2890334725379944,8.417126906579142e-08,2.6952247935696505e-06,-3.342971467645839e-05,3.3598353184061125e-06,9.44602070376277e-05,2.1683922568627167e-07,6.1872497099102475e-06,5.435897946881596e-06,0.0,0.0,5.0,0.2686137855587259,5.960464477539062e-07,-2.4437904357910156e-06,4.76837158203125e-07,-2.7418136596679688e-06,0.009688611142337322,5.683522035833448,False,False
672,13.44,-0.11087141185998917,0.15306493639945984,4.8091278076171875,0.2890334725379944,2.0485221341459692e-07,2.7025221243093256e-06,-3.3252992579946294e-05,2.860144604710513e-06,9.39109013415873e-05,5.127423037265544e-07,5.880429853277747e-06,6.054743607819546e-06,0.0,0.0,5.0,0.26861410712734246,3.5762786865234375e-07,1.1920928955078125e-07,4.76837158203125e-07,-1.2516975402832031e-06,0.009688611142337322,5.6932106469757855,False,False
673,13.46,-0.1108720675110817,0.15306493639945984,4.8091278076171875,0.2890337109565735,3.0380778071048553e-07,2.693744590942515e-06,-3.305466816527769e-05,2.36608502746094e-06,9.374046931043267e-05,-1.3905439573136391e-06,4.014816113340203e-06,6.265346200962085e-06,0.0,0.0,5.0,0.26861437775028707,-9.5367431640625e-07,9.5367431640625e-07,3.5762786865234375e-07,1.6689300537109375e-06,0.009688610211014748,5.7028992571868,False,False
674,13.48,-0.11087272316217422,0.15306493639945984,4.8091278076171875,0.2890339195728302,4.1144289752992336e-07,2.663133500391268e-06,-3.283960904809646e-05,1.8812970665749162e-06,9.381823474541306e-05,-1.6706260339560686e-06,6.748353825969389e-06,5.9811800383613445e-06,0.0,0.0,5.0,0.2686146483745594,-6.556510925292969e-07,2.0265579223632812e-06,2.384185791015625e-07,9.5367431640625e-07,0.009688610211014748,5.712587867397815,False,False
675,13.5,-0.11087337881326675,0.15306493639945984,4.8091278076171875,0.2890339195728302,5.403376803769788e-07,2.6048082872875966e-06,-3.2603711588308215e-05,1.4107096149018616e-06,9.39221354201436e-05,-4.161823198955972e-06,6.140669484011596e-06,5.672242878063116e-06,0.0,0.0,5.0,0.26861491900015944,3.5762786865234375e-07,-1.1920928955078125e-06,3.5762786865234375e-07,9.5367431640625e-07,0.009688610211014748,5.72227647760883,False,False
676,13.52,-0.11087403446435928,0.15306493639945984,4.8091278076171875,0.2890339195728302,6.879690204186772e-07,2.546007408454898e-06,-3.234671748941764e-05,9.60036459218827e-07,9.380397386848927e-05,-1.7182217106892494e-06,8.621942470199428e-06,5.832499482494313e-06,0.0,0.0,5.0,0.2686151896270872,2.384185791015625e-07,1.5497207641601562e-06,3.5762786865234375e-07,-1.1920928955078125e-07,0.009688610211014748,5.7319650878198445,False,False
677,13.540000000000001,-0.11087469011545181,0.15306493639945984,4.8091278076171875,0.2890339195728302,8.435553695562703e-07,2.4891339762689313e-06,-3.206283145118505e-05,5.276468755255337e-07,9.382952703163028e-05,-3.969080808019498e-06,6.936137651791796e-06,5.813749339722563e-06,0.0,0.0,5.0,0.2686154602553426,7.152557373046875e-07,-5.364418029785156e-07,2.384185791015625e-07,1.0728836059570312e-06,0.009688609279692173,5.741653697099537,False,False
678,13.56,-0.11087534576654434,0.15306493639945984,4.8091278076171875,0.2890339195728302,9.977956096918206e-07,2.4373184714931995e-06,-3.175430538249202e-05,1.1545275668822796e-07,9.385508019477129e-05,-1.2124403383495519e-06,8.487329978379421e-06,5.839509867655579e-06,0.0,0.0,5.0,0.26861573088492574,2.384185791015625e-07,1.6689300537109375e-06,3.5762786865234375e-07,-1.7881393432617188e-07,0.009688609279692173,5.751342306379229,False,False
679,13.58,-0.11087600141763687,0.15306493639945984,4.8091278076171875,0.2890339195728302,1.1454154673629091e-06,2.384533672739053e-06,-3.1418559956364334e-05,-2.798393268221844e-07,9.393284562975168e-05,-4.066022484039422e-06,6.274143743212335e-06,5.772327313025016e-06,0.0,0.0,5.0,0.26861600151583653,7.152557373046875e-07,-1.1324882507324219e-06,1.1920928955078125e-07,1.3113021850585938e-06,0.009688609279692173,5.761030915658921,False,False
680,13.6,-0.11087661981582642,0.15306493639945984,4.8091278076171875,0.2890339195728302,1.2930516959386296e-06,2.337415480724303e-06,-3.10598079522606e-05,-6.558856284755166e-07,9.397143730893731e-05,-6.457582344410184e-07,8.488959792884998e-06,5.791306648461614e-06,0.0,0.0,5.0,0.2686162567712077,3.5762786865234375e-07,1.9073486328125e-06,3.5762786865234375e-07,-5.364418029785156e-07,0.009688608348369598,5.770719524007291,False,False
681,13.620000000000001,-0.11087721586227417,0.15306493639945984,4.8091278076171875,0.2890339195728302,1.43551699238742e-06,2.296804495927063e-06,-3.067410216317512e-05,-1.016932628772338e-06,9.40492027439177e-05,-3.415335413592402e-06,5.757052804256091e-06,5.766935828432906e-06,0.0,0.0,5.0,0.26861650280159893,7.152557373046875e-07,-5.960464477539062e-07,2.384185791015625e-07,1.1920928955078125e-06,0.009688608348369598,5.78040813235566,False,False
682,13.64,-0.11087781190872192,0.15306493639945984,4.8091278076171875,0.2890339195728302,1.5661744328099303e-06,2.2560645902558463e-06,-3.0266675821621902e-05,-1.3613412193080876e-06,9.407475590705872e-05,-6.586948870790366e-07,7.308246949833119e-06,5.792696356365923e-06,0.0,0.0,5.0,0.26861674883308745,0.0,1.7881393432617188e-06,2.384185791015625e-07,-3.5762786865234375e-07,0.009688608348369598,5.79009674070403,False,False
683,13.66,-0.11087840795516968,0.15306493639945984,4.8091278076171875,0.2890339195728302,1.6908209090615856e-06,2.220991291324026e-06,-2.9835715395165607e-05,-1.6925813497437048e-06,9.415252134203911e-05,-2.8486535939009627e-06,5.1559600251493976e-06,5.670300197380129e-06,0.0,0.0,5.0,0.2686169948656732,3.5762786865234375e-07,-1.7881393432617188e-07,1.1920928955078125e-07,1.1920928955078125e-06,0.009688608348369598,5.799785349052399,False,False
684,13.68,-0.11087900400161743,0.15306493639945984,4.8091278076171875,0.2890339195728302,1.8102095964422915e-06,2.186311121477047e-06,-2.9385271773207933e-05,-2.009399395319633e-06,9.416497778147459e-05,-6.193962462930358e-07,6.782493073842488e-06,5.650651473843027e-06,0.0,0.0,5.0,0.26861724089935624,1.1920928955078125e-07,1.5497207641601562e-06,2.384185791015625e-07,-4.76837158203125e-07,0.009688607417047024,5.809473956469446,False,False
685,13.700000000000001,-0.11087960004806519,0.15306493639945984,4.8091278076171875,0.2890339195728302,1.9296146547276294e-06,2.1576743165496737e-06,-2.8912807465530932e-05,-2.3144061742641497e-06,9.41905309446156e-05,-2.244301640530466e-06,5.1575862016761675e-06,5.576687726716045e-06,0.0,0.0,5.0,0.26861748693413645,3.5762786865234375e-07,4.76837158203125e-07,1.1920928955078125e-07,4.76837158203125e-07,0.009688607417047024,5.8191625638864934,False,False
686,13.72,-0.11088019609451294,0.15306493639945984,4.8091278076171875,0.2890339195728302,2.0298223262216197e-06,2.1154910427867435e-06,-2.8421985916793346e-05,-2.6062425604322925e-06,9.421608410775661e-05,-1.974019824046991e-06,4.862815330852754e-06,5.55287715542363e-06,0.0,0.0,5.0,0.26861773297001396,2.384185791015625e-07,8.344650268554688e-07,1.1920928955078125e-07,4.76837158203125e-07,0.009688607417047024,5.8288511713035405,False,False
687,13.74,-0.11088074743747711,0.15306493639945984,4.8091278076171875,0.2890339195728302,2.1241339709376916e-06,2.07306243282801e-06,-2.791511724353768e-05,-2.8848403417214286e-06,9.424163727089763e-05,-2.268790694870404e-06,4.568044460029341e-06,5.480630534293596e-06,0.0,0.0,5.0,0.2686179605541775,4.76837158203125e-07,5.960464477539062e-07,1.1920928955078125e-07,3.5762786865234375e-07,0.009688607417047024,5.8385397787205875,False,False
688,13.76,-0.11088128387928009,0.15306486189365387,4.8091278076171875,0.2890339195728302,2.2095364329288714e-06,2.0277518615330337e-06,-2.73936220764881e-05,-3.150045131405932e-06,9.429332567378879e-05,-2.2622004962613573e-06,3.971910700784065e-06,5.432601938082371e-06,0.0,0.0,5.0,0.26861813953317115,1.1920928955078125e-07,3.5762786865234375e-07,2.384185791015625e-07,3.5762786865234375e-07,0.009688607417047024,5.8482283861376345,False,False
689,13.780000000000001,-0.11088182032108307,0.15306474268436432,4.8091278076171875,0.2890339195728302,2.289043550263159e-06,1.982196408789605e-06,-2.6859272111323662e-05,-3.402143875064212e-06,9.429274359717965e-05,-2.293279749210342e-06,3.978502718382515e-06,5.384573341871146e-06,0.0,0.0,5.0,0.26861829304008505,0.0,3.5762786865234375e-07,5.960464477539062e-07,0.0,0.00968860648572445,5.857916992623359,False,False
690,13.8,-0.11088235676288605,0.15306462347507477,4.8091278076171875,0.2890339195728302,2.371811433476978e-06,1.9274705209681997e-06,-2.6312491172575392e-05,-3.6406872823135927e-06,9.431829676032066e-05,-3.1792221761861583e-06,4.298008207115345e-06,5.40977362106787e-06,0.0,0.0,5.0,0.26861844654803535,1.1920928955078125e-07,-1.7881393432617188e-07,5.960464477539062e-07,-2.384185791015625e-07,0.00968860648572445,5.867605599109083,False,False
691,13.82,-0.11088289320468903,0.15306450426578522,4.8091278076171875,0.2890339195728302,2.4635189674881985e-06,1.8579511333882692e-06,-2.5752937290235423e-05,-3.8628072616120335e-06,9.41870384849608e-05,-3.772591071538045e-06,4.8724159569246694e-06,5.584756763710175e-06,0.0,0.0,5.0,0.2686186000570222,4.76837158203125e-07,-2.384185791015625e-07,5.960464477539062e-07,-4.76837158203125e-07,0.00968860648572445,5.877294205594808,False,False
692,13.84,-0.11088341474533081,0.15306438505649567,4.8091278076171875,0.2890339195728302,2.5673246000224026e-06,1.7832005596574163e-06,-2.5179237127304077e-05,-4.065799657837488e-06,9.410805068910122e-05,-3.7023362438048935e-06,5.5077234719647095e-06,5.75295871385606e-06,0.0,0.0,5.0,0.26861874741597913,3.5762786865234375e-07,2.384185791015625e-07,4.76837158203125e-07,-6.556510925292969e-07,0.00968860648572445,5.886982812080532,False,False
693,13.86,-0.11088389158248901,0.15306426584720612,4.8091278076171875,0.2890339195728302,2.668245315362583e-06,1.6995381884044036e-06,-2.4590077373431996e-05,-4.24844074586872e-06,9.401602437719703e-05,-4.663741492549889e-06,4.583986083162017e-06,5.882969162485097e-06,0.0,0.0,5.0,0.2686188763226493,2.384185791015625e-07,-2.384185791015625e-07,3.5762786865234375e-07,-1.1920928955078125e-07,0.00968860648572445,5.896671418566257,False,False
694,13.88,-0.11088436841964722,0.15306414663791656,4.8091278076171875,0.2890339493751526,2.7626588234852534e-06,1.6033411611715565e-06,-2.3987888198462315e-05,-4.408737368066795e-06,9.385868906974792e-05,-4.955747499479912e-06,4.857030944549479e-06,6.033734280208591e-06,0.0,0.0,5.0,0.2686190052301569,-5.960464477539063e-08,2.384185791015625e-07,1.1920928955078125e-07,1.1920928955078125e-07,0.009688605554401875,5.906360024120659,False,False
695,13.9,-0.11088484525680542,0.15306402742862701,4.8091278076171875,0.2890341877937317,2.85998407889565e-06,1.5040290008982993e-06,-2.3373104340862483e-05,-4.545226602203911e-06,9.38058365136385e-05,-4.9752761697163805e-06,4.875173544860445e-06,6.034720172465313e-06,0.0,0.0,5.0,0.268619134138502,-1.3113021850585938e-06,1.6689300537109375e-06,-1.7881393432617188e-07,8.344650268554688e-07,0.009688605554401875,5.9160486296750605,False,False
696,13.92,-0.11088532209396362,0.15306390821933746,4.8091278076171875,0.2890341877937317,2.957064452857594e-06,1.380361823066778e-06,-2.2745947717339732e-05,-4.656333203456597e-06,9.373994544148445e-05,-7.391130566247739e-06,4.832540071220137e-06,5.6047001635306515e-06,0.0,0.0,5.0,0.2686192630476847,2.384185791015625e-07,-1.6689300537109375e-06,-1.7881393432617188e-07,2.384185791015625e-07,0.009688605554401875,5.925737235229462,False,False
697,13.94,-0.11088577657938004,0.1530637890100479,4.8091278076171875,0.2890341877937317,3.0685923775308765e-06,1.2613471653821762e-06,-2.2107107724878006e-05,-4.7372882363561075e-06,9.342579869553447e-05,-4.510050985118141e-06,6.319822205114178e-06,5.729795702791307e-06,0.0,0.0,5.0,0.26861938273093033,0.0,9.5367431640625e-07,-1.1920928955078125e-07,-8.344650268554688e-07,0.009688605554401875,5.935425840783864,False,False
698,13.96,-0.11088619381189346,0.15306366980075836,4.8091278076171875,0.2890341877937317,3.172570586684742e-06,1.1630368135229219e-06,-2.1452573491842486e-05,-4.7923094825819135e-06,9.326846338808537e-05,-5.320778200257337e-06,4.077626726939343e-06,5.699371286027599e-06,0.0,0.0,5.0,0.2686194870369344,-1.1920928955078125e-07,-1.1920928955078125e-07,-1.7881393432617188e-07,-5.960464477539063e-08,0.009688605554401875,5.945114446338266,False,False
699,13.98,-0.11088661104440689,0.1530635505914688,4.8091278076171875,0.2890341877937317,3.261465053583379e-06,1.0639575975801563e-06,-2.0786301320185885e-05,-4.823129984288244e-06,9.30196838453412e-05,-4.586899649439147e-06,4.811505277757533e-06,5.6367871366092e-06,0.0,0.0,5.0,0.268619591343599,2.384185791015625e-07,3.5762786865234375e-07,-1.1920928955078125e-07,-8.940696716308594e-07,0.009688605554401875,5.954803051892668,False,False
700,14.0,-0.11088702827692032,0.15306343138217926,4.8091278076171875,0.2890341877937317,3.3382896162947873e-06,9.671236966823926e-07,-2.0108853277633898e-05,-4.8309648263966665e-06,9.283621329814196e-05,-5.096263976156479e-06,2.8706724606308853e-06,5.630580744764302e-06,0.0,0.0,5.0,0.268619695650924,1.1920928955078125e-07,-2.980232238769531e-07,-1.1920928955078125e-07,-1.1920928955078125e-07,0.009688605554401875,5.96449165744707,False,False
701,14.02,-0.11088744550943375,0.1530633121728897,4.8091278076171875,0.2890341877937317,3.3882643037941307e-06,8.724467193133023e-07,-1.942500784934964e-05,-4.816855835088063e-06,9.25874337553978e-05,-4.371174782136222e-06,2.126622121068067e-06,5.693561433872674e-06,0.0,0.0,5.0,0.26861979995890944,-3.5762786865234375e-07,2.384185791015625e-07,-2.384185791015625e-07,4.76837158203125e-07,0.0096886046230793,5.974180262070149,False,False
702,14.040000000000001,-0.110887810587883,0.15306319296360016,4.8091278076171875,0.2890341877937317,3.42973407896352e-06,7.914908906059281e-07,-1.8737613572739065e-05,-4.78356651001377e-06,9.246927220374346e-05,-3.724189355125418e-06,2.0202021460136166e-06,5.575909199251328e-06,0.0,0.0,5.0,0.26861988273805776,-2.980232238769531e-07,3.5762786865234375e-07,-5.960464477539063e-08,-1.1920928955078125e-07,0.0096886046230793,5.9838688666932285,False,False
703,14.06,-0.11088816821575165,0.1530630737543106,4.8091278076171875,0.2890341877937317,3.4668430544115836e-06,6.993930696808093e-07,-1.8047287085209973e-05,-4.732645720650908e-06,9.231193689629436e-05,-5.485334895638516e-06,1.6905248685361585e-06,5.551105459744576e-06,0.0,0.0,5.0,0.26861996244207864,4.76837158203125e-07,-1.0132789611816406e-06,-2.980232238769531e-07,1.1920928955078125e-07,0.0096886046230793,5.993557471316308,False,False
704,14.08,-0.1108885258436203,0.15306295454502106,4.8091278076171875,0.2890341877937317,3.502719664538745e-06,6.120907301010448e-07,-1.7355652744299732e-05,-4.661568709707353e-06,9.211536962538958e-05,-3.2446489512949483e-06,1.8970192741107894e-06,5.618688192043919e-06,0.0,0.0,5.0,0.26862004214660495,-3.5762786865234375e-07,8.344650268554688e-07,-2.384185791015625e-07,-2.384185791015625e-07,0.0096886046230793,6.003246075939387,False,False
705,14.1,-0.11088888347148895,0.1530628353357315,4.8091278076171875,0.2890341877937317,3.524179646774428e-06,5.378715854931215e-07,-1.6662153939250857e-05,-4.574305421556346e-06,9.195803431794047e-05,-4.177049504505703e-06,2.488844472736673e-07,5.536368007597048e-06,0.0,0.0,5.0,0.2686201218516366,-2.980232238769531e-07,-2.384185791015625e-07,-3.5762786865234375e-07,5.960464477539062e-07,0.0096886046230793,6.012934680562466,False,False
706,14.120000000000001,-0.11088920384645462,0.15306271612644196,4.8091278076171875,0.2890341877937317,3.546060270309681e-06,4.63696466113106e-07,-1.5969935702742077e-05,-4.4716066440742e-06,9.180069901049137e-05,-3.2402554097643588e-06,1.9390824945730856e-06,5.454458914755378e-06,0.0,0.0,5.0,0.2686201861787861,1.1920928955078125e-07,7.152557373046875e-07,-4.172325134277344e-07,-6.556510925292969e-07,0.0096886046230793,6.022623285185546,False,False
707,14.14,-0.1108895018696785,0.1530625969171524,4.8091278076171875,0.2890341877937317,3.566187388059916e-06,3.870147793350043e-07,-1.527666609035805e-05,-4.353900294518098e-06,9.168253745883703e-05,-4.427683506946778e-06,7.359051323874155e-08,5.45430611964548e-06,0.0,0.0,5.0,0.2686202412793003,0.0,-2.384185791015625e-07,-5.960464477539062e-07,4.76837158203125e-07,0.0096886046230793,6.032311889808625,False,False
708,14.16,-0.11088979989290237,0.15306247770786285,4.8091278076171875,0.2890341877937317,3.568101874407148e-06,3.1773663522471907e-07,-1.458608949178597e-05,-4.220916707708966e-06,9.15121054276824e-05,-2.4999110337375896e-06,1.1785146369902577e-07,5.412331120169256e-06,0.0,0.0,5.0,0.2686202963801867,-5.960464477539062e-07,9.5367431640625e-07,-3.5762786865234375e-07,-1.1920928955078125e-07,0.0096886046230793,6.042000494431704,False,False
709,14.18,-0.11089009791612625,0.1530623584985733,4.8091278076171875,0.2890341877937317,3.563771315384656e-06,2.4861779479579127e-07,-1.3898964425607119e-05,-4.076082859683083e-06,9.132863488048315e-05,-4.411737791087944e-06,-5.508576919055486e-07,5.311850145517383e-06,0.0,0.0,5.0,0.2686203514814453,1.1920928955078125e-07,-3.5762786865234375e-07,-6.556510925292969e-07,3.5762786865234375e-07,0.0096886046230793,6.051689099054784,False,False
710,14.200000000000001,-0.11089038103818893,0.15306223928928375,4.8091278076171875,0.2890341877937317,3.5501827824191423e-06,1.7626798864966986e-07,-1.3217809282650705e-05,-3.917411049769726e-06,9.118433808907866e-05,-2.822996975737624e-06,-8.079586564235797e-07,5.2396035243873484e-06,0.0,0.0,5.0,0.26862040043166135,-4.172325134277344e-07,5.960464477539062e-07,-4.76837158203125e-07,1.1920928955078125e-07,0.0096886046230793,6.061377703677863,False,False
711,14.22,-0.11089061945676804,0.1530621200799942,4.8091278076171875,0.2890341877937317,3.5285536341689294e-06,1.1396003429808843e-07,-1.2543380762508605e-05,-3.747558594113798e-06,9.111844701692462e-05,-3.407576514291577e-06,-1.3548685728892451e-06,5.1255601647426374e-06,0.0,0.0,5.0,0.26862043092793536,-3.5762786865234375e-07,-2.980232238769531e-07,-5.960464477539062e-07,1.1920928955078125e-07,0.0096886046230793,6.071066308300942,False,False
712,14.24,-0.11089085787534714,0.15306200087070465,4.8091278076171875,0.2890341877937317,3.5027671856369125e-06,5.879588016455273e-08,-1.1877054930664599e-05,-3.5673695037985453e-06,9.088270599022508e-05,-2.1086450487928232e-06,-1.22371488942008e-06,5.075086846773047e-06,0.0,0.0,5.0,0.26862046142447044,-5.364418029785156e-07,7.152557373046875e-07,-4.76837158203125e-07,-2.384185791015625e-07,0.0096886046230793,6.0807549129240215,False,False
713,14.26,-0.11089109629392624,0.1530618816614151,4.8091278076171875,0.2890341877937317,3.4716047139227157e-06,-2.49750486958078e-09,-1.1218713552807458e-05,-3.3787923712225165e-06,9.069923544302583e-05,-4.020470441901125e-06,-1.8924237110695685e-06,4.974605872121174e-06,0.0,0.0,5.0,0.2686204919212666,-5.960464477539063e-08,-8.940696716308594e-07,-5.960464477539062e-07,2.384185791015625e-07,0.0096886046230793,6.090443517547101,False,False
714,14.280000000000001,-0.11089133471250534,0.15306176245212555,4.8091278076171875,0.2890341877937317,3.4335596410528524e-06,-6.42694715224934e-08,-1.0570784070296213e-05,-3.1794545520824613e-06,9.04765329323709e-05,-2.156486289095483e-06,-1.9119504486297956e-06,4.975591764377896e-06,0.0,0.0,5.0,0.2686205224183238,-5.960464477539062e-07,5.960464477539062e-07,-5.364418029785156e-07,2.384185791015625e-07,0.0096886046230793,6.10013212217018,False,False
715,14.3,-0.11089152842760086,0.153061643242836,4.8091278076171875,0.2890341877937317,3.3898497804329963e-06,-1.1324706150617203e-07,-9.933230103342794e-06,-2.9725256354140583e-06,9.030610090121627e-05,-2.741065827649436e-06,-2.4588605356257176e-06,4.764683581015561e-06,0.0,0.0,5.0,0.26862053446121353,-2.384185791015625e-07,0.0,-4.172325134277344e-07,2.384185791015625e-07,0.0096886046230793,6.109820726793259,False,False
716,14.32,-0.11089170724153519,0.153061643242836,4.8091278076171875,0.2890341877937317,3.344242713865242e-06,-1.7165621102321893e-07,-9.307322216045577e-06,-2.758113623713143e-06,9.016180410981178e-05,-3.099625018876395e-06,-2.1016855953348568e-06,4.671831447922159e-06,0.0,0.0,5.0,0.26862060827896456,1.1920928955078125e-07,-1.1920928955078125e-07,-8.940696716308594e-07,2.384185791015625e-07,0.009688603691756725,6.119509330485016,False,False
717,14.34,-0.11089188605546951,0.153061643242836,4.8091278076171875,0.2890341877937317,3.2997518246702384e-06,-2.1727105092850252e-07,-8.692850315128453e-06,-2.535622115829028e-06,8.9965236838907e-05,-1.4616616681450978e-06,-2.3472327939089155e-06,4.654652911995072e-06,0.0,0.0,5.0,0.2686206820968144,-1.1920928955078125e-07,1.3113021850585938e-06,-8.940696716308594e-07,2.384185791015625e-07,0.009688603691756725,6.129197934176773,False,False
718,14.36,-0.11089206486940384,0.153061643242836,4.8091278076171875,0.2890341877937317,3.2345278668799438e-06,-2.602626238967787e-07,-8.090171832009219e-06,-2.308547436769004e-06,8.991238428279757e-05,-2.8373162876960123e-06,-4.174929927103221e-06,4.374121090222616e-06,0.0,0.0,5.0,0.268620755914763,0.0,-2.384185791015625e-07,-1.3709068298339844e-06,1.3113021850585938e-06,0.009688603691756725,6.13888653786853,False,False
719,14.38,-0.11089224368333817,0.153061643242836,4.8091278076171875,0.2890341877937317,3.155093054374447e-06,-2.7527354973244655e-07,-7.503848337364616e-06,-2.0781781131518073e-06,8.976808749139309e-05,1.336352625003201e-06,-3.768283932004124e-06,4.138823896937538e-06,0.0,0.0,5.0,0.26862082973281026,-1.0132789611816406e-06,2.6226043701171875e-06,-9.5367431640625e-07,0.0,0.009688603691756725,6.148575141560286,False,False
720,14.4,-0.11089237034320831,0.153061643242836,4.8091278076171875,0.2890341877937317,3.055042498090188e-06,-2.732283235218347e-07,-6.933084478077944e-06,-1.8531208070271532e-06,8.971523493528366e-05,-1.131738031290297e-06,-6.236376520973863e-06,3.7190452530921903e-06,0.0,0.0,5.0,0.26862088202065354,-2.384185791015625e-07,0.0,-8.940696716308594e-07,1.1920928955078125e-06,0.009688603691756725,6.158263745252043,False,False
721,14.42,-0.11089248955249786,0.153061643242836,4.8091278076171875,0.2890341877937317,2.94017218038789e-06,-2.8148267006145034e-07,-6.383917025232222e-06,-1.6326702052538167e-06,8.962320862337947e-05,3.064455711410119e-07,-5.250236881693127e-06,3.4693416637310293e-06,0.0,0.0,5.0,0.2686209312327865,-2.384185791015625e-07,1.430511474609375e-06,-7.152557373046875e-07,4.76837158203125e-07,0.009688603691756725,6.1679523489438,False,False
722,14.44,-0.11089260876178741,0.153061643242836,4.8091278076171875,0.2890341877937317,2.8235513127583545e-06,-2.8282298103476933e-07,-5.855925337527879e-06,-1.4181798633217113e-06,8.955731755122542e-05,-4.4036761437382665e-07,-6.411421509255888e-06,3.197309979441343e-06,0.0,0.0,5.0,0.26862098044496346,-2.384185791015625e-07,3.5762786865234375e-07,-8.344650268554688e-07,1.1920928955078125e-06,0.009688603691756725,6.1776409526355565,False,False
723,14.46,-0.11089272797107697,0.153061643242836,4.8091278076171875,0.2890341877937317,2.702166284507257e-06,-2.8026323661833885e-07,-5.350980245566461e-06,-1.2099849300284404e-06,8.949142647907138e-05,6.964542649257055e-07,-5.726641120418208e-06,2.9233883651613723e-06,0.0,0.0,5.0,0.26862102965718426,-1.7881393432617188e-07,1.0728836059570312e-06,-5.960464477539062e-07,4.76837158203125e-07,0.009688603691756725,6.187329556327313,False,False
724,14.48,-0.11089284718036652,0.153061643242836,4.8091278076171875,0.2890341877937317,2.576016868260922e-06,-2.738033515470306e-07,-4.868273663305445e-06,-1.0099086011905456e-06,8.942553540691733e-05,-5.035894901084248e-08,-6.887825747980969e-06,2.651356680871686e-06,0.0,0.0,5.0,0.26862107886944897,-1.1920928955078125e-07,3.5762786865234375e-07,-5.960464477539062e-07,9.5367431640625e-07,0.009688603691756725,6.19701816001907,False,False
725,14.5,-0.11089295893907547,0.153061643242836,4.8091278076171875,0.2890341877937317,2.4385824417549884e-06,-2.699641186154622e-07,-4.410404017107794e-06,-8.178917596524116e-07,8.9307373855263e-05,4.3439246155685396e-07,-6.8551166805264074e-06,2.433230747556081e-06,0.0,0.0,5.0,0.26862112500598695,-5.960464477539063e-08,4.76837158203125e-07,-4.172325134277344e-07,8.344650268554688e-07,0.009688603691756725,6.206706763710827,False,False
726,14.52,-0.11089301854372025,0.153061643242836,4.8091278076171875,0.2890341877937317,2.3010488803265616e-06,-2.549227815507038e-07,-3.977890173700871e-06,-6.351531283144141e-07,8.930679177865386e-05,1.0698247479012934e-06,-6.897750154166715e-06,2.330134066141909e-06,0.0,0.0,5.0,0.26862114961215633,-5.960464477539062e-07,9.5367431640625e-07,-2.980232238769531e-07,1.0728836059570312e-06,0.009688603691756725,6.216395367402583,False,False
727,14.540000000000001,-0.11089307814836502,0.153061643242836,4.8091278076171875,0.2890341877937317,2.172197127947584e-06,-2.2931583032459457e-07,-3.5697009934665402e-06,-4.637448967059754e-07,8.926703594624996e-05,1.4909126093698433e-06,-5.986949418002041e-06,2.0319962459325325e-06,0.0,0.0,5.0,0.26862117421833664,-1.7881393432617188e-07,1.430511474609375e-06,-1.1920928955078125e-07,3.5762786865234375e-07,0.009688603691756725,6.22608397109434,False,False
728,14.56,-0.1108931377530098,0.153061643242836,4.8091278076171875,0.2890341877937317,2.043101630988531e-06,-2.088497694785474e-07,-3.1837641927268123e-06,-3.041902516542905e-07,8.922728011384606e-05,5.557482154472382e-07,-6.922113698237808e-06,1.7781266024030629e-06,0.0,0.0,5.0,0.268621198824528,-2.384185791015625e-07,3.5762786865234375e-07,-5.960464477539063e-08,7.152557373046875e-07,0.009688603691756725,6.235772574786097,False,False
729,14.58,-0.11089319735765457,0.153061643242836,4.8091278076171875,0.2890341877937317,1.91439971786167e-06,-2.023058840450176e-07,-2.8219021714903647e-06,-1.545763410604195e-07,8.918752428144217e-05,9.874395345832454e-08,-5.947648332949029e-06,1.6417315009675804e-06,0.0,0.0,5.0,0.26862122343073025,1.1920928955078125e-07,4.76837158203125e-07,-5.960464477539063e-08,4.76837158203125e-07,0.009688603691756725,6.2454611784778535,False,False
730,14.6,-0.11089325696229935,0.153061643242836,4.8091278076171875,0.2890341877937317,1.7955084103959962e-06,-2.006428729828258e-07,-2.4829305402818136e-06,-1.2528523996024887e-08,8.918694220483303e-05,6.76647573527589e-08,-5.941056315350579e-06,1.5937029047563556e-06,0.0,0.0,5.0,0.26862124803694354,0.0,3.5762786865234375e-07,-1.1920928955078125e-07,5.960464477539062e-07,0.009688603691756725,6.25514978216961,False,False
731,14.620000000000001,-0.11089331656694412,0.153061643242836,4.8091278076171875,0.2890341877937317,1.672489702286839e-06,-1.8916900046406226e-07,-2.1662888229911914e-06,1.2201063270822488e-07,8.914718637242913e-05,1.0797991762956372e-06,-6.3603915805288125e-06,1.457307803320873e-06,0.0,0.0,5.0,0.26862127264316776,-6.556510925292969e-07,9.5367431640625e-07,1.1920928955078125e-07,8.344650268554688e-07,0.009688603691756725,6.264838385861367,False,False
732,14.64,-0.1108933761715889,0.153061643242836,4.8091278076171875,0.2890341877937317,1.5550219814031152e-06,-1.7704107335703156e-07,-1.8719183572102338e-06,2.4686221422598464e-07,8.912046905606985e-05,1.3308219593000103e-07,-5.385926215240033e-06,1.2785338867615792e-06,0.0,0.0,5.0,0.268621297249403,0.0,2.384185791015625e-07,0.0,7.152557373046875e-07,0.009688603691756725,6.274526989553124,False,False
733,14.66,-0.11089343577623367,0.153061643242836,4.8091278076171875,0.2890341877937317,1.4532773775499663e-06,-1.6877925190783571e-07,-1.5977835801095353e-06,3.640661816461943e-07,8.911988697946072e-05,6.931738312232483e-07,-4.788163096236531e-06,1.2299241234359215e-06,0.0,0.0,5.0,0.26862132185564913,-2.384185791015625e-07,9.5367431640625e-07,1.1920928955078125e-07,3.5762786865234375e-07,0.009688603691756725,6.28421559324488,False,False
734,14.68,-0.11089345812797546,0.153061643242836,4.8091278076171875,0.2890341877937317,1.3620972367789363e-06,-1.6502160349318729e-07,-1.3413750821200665e-06,4.7418384951924963e-07,8.908013114705682e-05,-3.1733108585285663e-07,-4.329530383984093e-06,1.094110189114872e-06,0.0,0.0,5.0,0.2686213310829943,3.5762786865234375e-07,2.384185791015625e-07,1.1920928955078125e-07,3.5762786865234375e-07,0.009688603691756725,6.293904196936637,False,False
735,14.700000000000001,-0.11089345812797546,0.153061643242836,4.8091278076171875,0.2890341877937317,1.2755693887811503e-06,-1.6565263649681583e-07,-1.1016343250958016e-06,5.795004085484834e-07,8.907954907044768e-05,2.543131927268405e-07,-4.3229383663856424e-06,1.094514004762459e-06,0.0,0.0,5.0,0.2686213310829943,0.0,7.152557373046875e-07,1.1920928955078125e-07,4.76837158203125e-07,0.009688603691756725,6.303592800628394,False,False
736,14.72,-0.11089345812797546,0.153061643242836,4.8091278076171875,0.2890341877937317,1.1861595794471214e-06,-1.6351498288713628e-07,-8.7819807959022e-07,6.79558922911383e-07,8.91051022335887e-05,-4.0457592831444344e-08,-4.6177092372090556e-06,1.0222682931271265e-06,0.0,0.0,5.0,0.2686213310829943,-2.980232238769531e-07,4.76837158203125e-07,0.0,7.152557373046875e-07,0.009688603691756725,6.313281404320151,False,False
737,14.74,-0.11089345812797546,0.153061643242836,4.8091278076171875,0.2890341877937317,1.1035471061404678e-06,-1.6889519827145705e-07,-6.714583378197858e-07,7.748337225166324e-07,8.90653464011848e-05,-4.974618832420674e-07,-3.6432443266676273e-06,8.85873191691644e-07,0.0,0.0,5.0,0.2686213310829943,2.384185791015625e-07,1.1920928955078125e-07,0.0,3.5762786865234375e-07,0.009688603691756725,6.322970008011907,False,False
738,14.76,-0.11089345812797546,0.153061643242836,4.8091278076171875,0.2890341877937317,1.0337594176235143e-06,-1.7614253522424406e-07,-4.794072765434976e-07,8.672533340359223e-07,8.903862908482552e-05,-2.271793562158564e-07,-3.3352912396367174e-06,8.620608014098252e-07,0.0,0.0,5.0,0.2686213310829943,1.1920928955078125e-07,4.76837158203125e-07,0.0,1.1920928955078125e-07,0.009688603691756725,6.332658611703664,False,False
739,14.780000000000001,-0.11089345812797546,0.153061643242836,4.8091278076171875,0.2890341877937317,9.642188842917676e-07,-1.8389593492429412e-07,-3.006413180628442e-07,9.570527481628233e-07,8.901191176846623e-05,-5.480677600644412e-07,-3.6185097087582108e-06,8.388295782424393e-07,0.0,0.0,5.0,0.2686213310829943,-1.1920928955078125e-07,1.1920928955078125e-07,-5.960464477539063e-08,4.76837158203125e-07,0.009688603691756725,6.342347215395421,False,False
740,14.8,-0.11089345812797546,0.153061643242836,4.8091278076171875,0.2890341877937317,9.017065281113901e-07,-1.9931300698772247e-07,-1.3537628262838552e-07,1.0450690979268984e-06,8.891988545656204e-05,-9.93519279290922e-07,-2.6324937607569154e-06,7.514489652749035e-07,0.0,0.0,5.0,0.2686213310829943,4.76837158203125e-07,0.0,0.0,2.384185791015625e-07,0.009688603691756725,6.3520358190871775,False,False
741,14.82,-0.11089345812797546,0.153061643242836,4.8091278076171875,0.2890341877937317,8.462224627692194e-07,-2.1636618896536675e-07,1.8133651025209474e-08,1.1331364930811105e-06,8.889316814020276e-05,-7.116841516108252e-07,-2.915712229878409e-06,7.766510634610313e-07,0.0,0.0,5.0,0.2686213310829943,2.384185791015625e-07,2.384185791015625e-07,-2.384185791015625e-07,7.152557373046875e-07,0.009688603691756725,6.361724422778934,False,False
742,14.84,-0.11089345812797546,0.153061643242836,4.8091278076171875,0.2890341877937317,7.867263320804341e-07,-2.178422846554895e-07,1.6016433335153124e-07,1.2202197012811666e-06,8.882727706804872e-05,5.641415441459685e-07,-3.033684606634779e-06,6.67499421069806e-07,0.0,0.0,5.0,0.2686213310829943,-2.384185791015625e-07,8.344650268554688e-07,-5.960464477539063e-08,4.76837158203125e-07,0.009688603691756725,6.371413026470691,False,False
743,14.86,-0.11089345812797546,0.153061643242836,4.8091278076171875,0.2890341877937317,7.306369411708147e-07,-2.1666502902917273e-07,2.9130060852367023e-07,1.3033600225753617e-06,8.878752123564482e-05,-4.463634013518458e-07,-2.575051894382341e-06,5.316854867487564e-07,0.0,0.0,5.0,0.2686213310829943,4.76837158203125e-07,-1.7881393432617188e-07,0.0,3.5762786865234375e-07,0.009688603691756725,6.381101630162448,False,False
744,14.88,-0.11089345812797546,0.153061643242836,4.8091278076171875,0.2890341877937317,6.85980694470345e-07,-2.1271888783758186e-07,4.12682283013055e-07,1.3838825907441787e-06,8.872163016349077e-05,8.410150940107997e-07,-1.8903969021266676e-06,5.926311814619112e-07,0.0,0.0,5.0,0.2686213310829943,-5.960464477539063e-08,1.3113021850585938e-06,-5.960464477539063e-08,0.0,0.009688603691756725,6.390790233854204,False,False
745,14.9,-0.11089345812797546,0.153061643242836,4.8091278076171875,0.2890341877937317,6.325307708721084e-07,-2.1191587507018994e-07,5.26045084825455e-07,1.460524231333693e-06,8.88124923221767e-05,-7.606606686749728e-07,-3.4544025311333826e-06,4.573984142552945e-07,0.0,0.0,5.0,0.2686213310829943,0.0,-4.76837158203125e-07,-1.7881393432617188e-07,1.0728836059570312e-06,0.009688603691756725,6.400478837545961,False,False
746,14.92,-0.11089345812797546,0.153061643242836,4.8091278076171875,0.2890341877937317,5.725485152652254e-07,-2.0408347722877807e-07,6.279134368014638e-07,1.5342657206929289e-06,8.87727364897728e-05,1.543937742098933e-06,-2.5436017949687084e-06,3.227227125535137e-07,0.0,0.0,5.0,0.2686213310829943,-4.76837158203125e-07,1.1920928955078125e-06,2.384185791015625e-07,0.0,0.009688603691756725,6.410167441237718,False,False
747,14.94,-0.11089345812797546,0.153061643242836,4.8091278076171875,0.2890341877937317,5.128148927724396e-07,-1.8922150957223494e-07,7.200445679700351e-07,1.6015671917557484e-06,8.879828965291381e-05,-5.773802769226677e-08,-3.429544221944525e-06,1.8446290539486654e-07,0.0,0.0,5.0,0.2686213310829943,-2.384185791015625e-07,-5.364418029785156e-07,1.1920928955078125e-07,7.152557373046875e-07,0.009688603691756725,6.419856044929475,False,False
748,14.96,-0.11089345812797546,0.153061643242836,4.8091278076171875,0.2890341877937317,4.6677482146151306e-07,-1.8251537881042168e-07,8.015119874471566e-07,1.6641878346490557e-06,8.865399286150932e-05,7.283749141606677e-07,-1.1742923788915505e-06,1.5401529651626333e-07,0.0,0.0,5.0,0.2686213310829943,3.5762786865234375e-07,5.960464477539062e-07,2.384185791015625e-07,-6.556510925292969e-07,0.009688603691756725,6.429544648621231,False,False
749,14.98,-0.11089345812797546,0.153061643242836,4.8091278076171875,0.2890341877937317,4.2500928998379095e-07,-1.801992368655192e-07,8.763847745285602e-07,1.7231926676686271e-06,8.858810178935528e-05,-4.967228051100392e-07,-3.0021135444258107e-06,2.1137689998340647e-07,0.0,0.0,5.0,0.2686213310829943,2.384185791015625e-07,-2.384185791015625e-07,1.1920928955078125e-07,9.5367431640625e-07,0.009688603691756725,6.439233252312988,False,False
750,15.0,-0.11089345812797546,0.153061643242836,4.8091278076171875,0.2890341877937317,3.777235235702392e-07,-1.773758526724123e-07,9.419037496627425e-07,1.7797361806515255e-06,8.852221071720123e-05,7.791028906467545e-07,-1.7262872233914095e-06,2.2330821991545236e-07,0.0,0.0,5.0,0.2686213310829943,2.384185791015625e-07,9.5367431640625e-07,3.5762786865234375e-07,2.384185791015625e-07,0.009688603691756725,6.448921856004745,False,False
751,15.02,-0.11089345812797546,0.153061643242836,4.8091278076171875,0.2890341877937317,3.403642097055126e-07,-1.706533367951124e-07,1.0002793260355247e-06,1.8325024484511232e-06,8.854776388034225e-05,-1.0683876894290734e-07,-2.009505578826065e-06,2.0007711043490417e-07,0.0,0.0,5.0,0.2686213310829943,4.76837158203125e-07,2.384185791015625e-07,3.5762786865234375e-07,5.960464477539062e-07,0.009688603691756725,6.4586104596965015,False,False
752,15.040000000000001,-0.11089345812797546,0.153061643242836,4.8091278076171875,0.2890341877937317,3.061504401102866e-07,-1.6718944095828192e-07,1.05177980458393e-06,1.882625610960531e-06,8.85994522832334e-05,4.532527668743569e-07,-1.4117438240646152e-06,1.9990021371540934e-07,0.0,0.0,5.0,0.2686213310829943,2.384185791015625e-07,7.152557373046875e-07,1.1920928955078125e-07,4.76837158203125e-07,0.009688603691756725,6.468299063388258,False,False
753,15.06,-0.11089345812797546,0.153061643242836,4.8091278076171875,0.2890341877937317,2.749666805357265e-07,-1.6107220801586664e-07,1.0977074680340593e-06,1.9298579445603536e-06,8.862500544637442e-05,1.5848191026179848e-07,-1.7065146948880283e-06,1.2765472945375222e-07,0.0,0.0,5.0,0.2686213310829943,1.1920928955078125e-07,3.5762786865234375e-07,1.1920928955078125e-07,5.960464477539062e-07,0.009688603691756725,6.477987667080015,False,False
754,15.08,-0.11089345812797546,0.153061643242836,4.8091278076171875,0.2890341877937317,2.4379923502237943e-07,-1.5531541919244773e-07,1.1378722319932422e-06,1.9743426946661202e-06,8.865055860951543e-05,4.172117655798502e-07,-1.4101149190537399e-06,5.4828070972234855e-08,0.0,0.0,5.0,0.2686213310829943,3.5762786865234375e-07,2.384185791015625e-07,3.5762786865234375e-07,2.384185791015625e-07,0.009688603691756725,6.487676270771772,False,False
755,15.1,-0.11089345812797546,0.153061643242836,4.8091278076171875,0.2890341877937317,2.1577739062195178e-07,-1.471664461405453e-07,1.1729262041626498e-06,2.0158215647825273e-06,8.86499765329063e-05,3.9768514170646085e-07,-1.3919714092480717e-06,1.0424666641029035e-07,0.0,0.0,5.0,0.2686213310829943,2.384185791015625e-07,4.76837158203125e-07,2.384185791015625e-07,5.960464477539062e-07,0.009688603691756725,6.497364874463528,False,False
756,15.120000000000001,-0.11089345812797546,0.153061643242836,4.8091278076171875,0.2890341877937317,1.9090106206931523e-07,-1.366253457035782e-07,1.2033718803650117e-06,2.0541415324260015e-06,8.86755296960473e-05,6.564150112353673e-07,-1.0955716334137833e-06,3.1420007928772975e-08,0.0,0.0,5.0,0.2686213310829943,2.384185791015625e-07,7.152557373046875e-07,3.5762786865234375e-07,2.384185791015625e-07,0.009688603691756725,6.507053478155285,False,False
757,15.14,-0.11089345812797546,0.153061643242836,4.8091278076171875,0.2890341877937317,1.661565534050169e-07,-1.323565612665334e-07,1.2298701221880037e-06,2.0893071450700518e-06,8.870108285918832e-05,-2.295266625651493e-07,-1.3787901025352767e-06,8.188896671867951e-09,0.0,0.0,5.0,0.2686213310829943,4.76837158203125e-07,0.0,2.384185791015625e-07,5.960464477539062e-07,0.009688603691756725,6.516742081847042,False,False
758,15.16,-0.11089345812797546,0.153061643242836,4.8091278076171875,0.2890341877937317,1.4154385041820206e-07,-1.2833268669965037e-07,1.2516194374256884e-06,2.1227956494840328e-06,8.872663602232933e-05,6.319266958598746e-07,-1.0823903267009882e-06,-1.6204616315462772e-08,0.0,0.0,5.0,0.2686213310829943,1.1920928955078125e-07,5.960464477539062e-07,3.5762786865234375e-07,3.5762786865234375e-07,0.009688603691756725,6.526430685538799,False,False
759,15.18,-0.11089345812797546,0.153061643242836,4.8091278076171875,0.2890341877937317,1.199611858737626e-07,-1.2165547502718255e-07,1.2695019222519477e-06,2.1535836367547745e-06,8.877832442522049e-05,3.57942013806678e-08,-1.0757992185972398e-06,-6.423350384920923e-08,0.0,0.0,5.0,0.2686213310829943,1.1920928955078125e-07,1.1920928955078125e-07,2.384185791015625e-07,3.5762786865234375e-07,0.009688603691756725,6.536119289230555,False,False
760,15.200000000000001,-0.11089345812797546,0.153061643242836,4.8091278076171875,0.2890341877937317,1.015240584933963e-07,-1.1823684076261998e-07,1.2837058420700487e-06,2.1824937448400306e-06,8.875160710886121e-05,3.060767141960241e-07,-7.678463589400053e-07,-8.804583728760917e-08,0.0,0.0,5.0,0.2686213310829943,1.1920928955078125e-07,1.1920928955078125e-07,2.384185791015625e-07,2.384185791015625e-07,0.009688603691756725,6.545807892922312,False,False
761,15.22,-0.11089345812797546,0.153061643242836,4.8091278076171875,0.2890341877937317,8.634801673679249e-08,-1.1231053065330343e-07,1.2950793006893946e-06,2.2095405256550293e-06,8.869875455275178e-05,2.865500903226348e-07,-7.497028491343372e-07,-8.706039977823821e-08,0.0,0.0,5.0,0.2686213310829943,2.384185791015625e-07,3.5762786865234375e-07,2.384185791015625e-07,3.5762786865234375e-07,0.009688603691756725,6.555496496614069,False,False
762,15.24,-0.11089345812797546,0.153061643242836,4.8091278076171875,0.2890341877937317,7.141932201193413e-08,-1.0689029750210466e-07,1.3039427813055227e-06,2.234669182143989e-06,8.869817247614264e-05,2.554708373736503e-07,-7.431117410305887e-07,-1.350892659957026e-07,0.0,0.0,5.0,0.2686213310829943,3.5762786865234375e-07,4.76837158203125e-07,3.5762786865234375e-07,3.5762786865234375e-07,0.009688603691756725,6.5651851003058255,False,False
763,15.26,-0.11089345812797546,0.153061643242836,4.8091278076171875,0.2890341877937317,5.6622461386268697e-08,-1.0171493869393089e-07,1.3103031051286962e-06,2.2579786218557274e-06,8.87498608790338e-05,2.6206171810372325e-07,-7.365206329268403e-07,-1.3468499560076452e-07,0.0,0.0,5.0,0.2686213310829943,2.384185791015625e-07,3.5762786865234375e-07,3.5762786865234375e-07,4.76837158203125e-07,0.009688603691756725,6.574873703997582,False,False
764,15.280000000000001,-0.11089345812797546,0.153061643242836,4.8091278076171875,0.2890341877937317,4.4971159240958514e-08,-9.942144885144444e-08,1.3142932857590495e-06,2.2796807570557576e-06,8.877541404217482e-05,-3.270907811270263e-08,-4.2856797222157184e-07,-1.584972721957456e-07,0.0,0.0,5.0,0.2686213310829943,3.5762786865234375e-07,0.0,2.384185791015625e-07,3.5762786865234375e-07,0.009688603691756725,6.584562307689339,False,False
765,15.3,-0.11089345812797546,0.153061643242836,4.8091278076171875,0.2890341877937317,3.6465401365148864e-08,-9.435909475996596e-08,1.3165605423637317e-06,2.3004440663498826e-06,8.877483196556568e-05,5.389351827034261e-07,-4.2197709149149887e-07,-1.5809300180080754e-07,0.0,0.0,5.0,0.2686213310829943,2.384185791015625e-07,5.960464477539062e-07,2.384185791015625e-07,2.384185791015625e-07,0.009688603691756725,6.594250911381096,False,False
766,15.32,-0.11089345812797546,0.153061643242836,4.8091278076171875,0.2890341877937317,2.2179539982403185e-08,-8.942618734408825e-08,1.3173209936212515e-06,2.3193467768578557e-06,8.877424988895655e-05,-4.564480704516427e-08,-1.0065569995276746e-06,-2.0554065827127488e-07,0.0,0.0,5.0,0.2686213310829943,4.76837158203125e-07,-1.7881393432617188e-07,3.5762786865234375e-07,7.152557373046875e-07,0.009688603691756725,6.603939515072852,False,False
767,15.34,-0.11089345812797546,0.153061643242836,4.8091278076171875,0.2890341877937317,1.4806389891930394e-08,-7.720377226405617e-08,1.3156694649296696e-06,2.3365071228909073e-06,8.876057108864188e-05,1.2678511893682298e-06,2.692686962291191e-07,-1.4214910493137722e-07,0.0,0.0,5.0,0.2686213310829943,0.0,1.3113021850585938e-06,2.384185791015625e-07,-5.960464477539063e-08,0.009688603691756725,6.613628118764609,False,False
768,15.36,-0.11089345812797546,0.153061643242836,4.8091278076171875,0.2890341877937317,4.5513348645442875e-09,-6.786329009855763e-08,1.314150949838222e-06,2.3504842374677537e-06,8.88514332473278e-05,-3.3382454489583324e-07,-1.2947367622473394e-06,-2.773818721379939e-07,0.0,0.0,5.0,0.2686213310829943,3.5762786865234375e-07,-5.960464477539062e-07,2.384185791015625e-07,8.344650268554688e-07,0.009688603691756725,6.623316722456366,False,False
769,15.38,-0.11089345812797546,0.153061643242836,4.8091278076171875,0.2890341877937317,-9.339053974599665e-09,-5.650743872820385e-08,1.3098112958687125e-06,2.3626732854609145e-06,8.879858069121838e-05,1.4693843013446894e-06,-9.425139069207944e-08,-2.200444129130119e-07,0.0,0.0,5.0,0.2686213310829943,1.1920928955078125e-07,1.3113021850585938e-06,4.76837158203125e-07,0.0,0.009688603691756725,6.6330053261481225,False,False
770,15.4,-0.11089345812797546,0.153061643242836,4.8091278076171875,0.2890341877937317,-2.3851050912071514e-08,-4.614992121787509e-08,1.304518832512258e-06,2.3710995264991652e-06,8.891557808965445e-05,-4.3365321289456915e-07,-1.3568951544584706e-06,-3.3106053365372645e-07,0.0,0.0,5.0,0.2686213310829943,2.384185791015625e-07,-7.152557373046875e-07,3.5762786865234375e-07,7.152557373046875e-07,0.009688603691756725,6.642693929839879,False,False
771,15.42,-0.11089345812797546,0.153061643242836,4.8091278076171875,0.2890341877937317,-3.2957196083316376e-08,-4.2818108170195046e-08,1.2961185120730079e-06,2.378153112658765e-06,8.886272553354502e-05,7.668321586606908e-07,4.4631377704718034e-07,-2.737230317961803e-07,0.0,0.0,5.0,0.2686213310829943,2.384185791015625e-07,5.960464477539062e-07,3.5762786865234375e-07,-1.7881393432617188e-07,0.009688603691756725,6.652382533531636,False,False
772,15.44,-0.11089345812797546,0.153061643242836,4.8091278076171875,0.2890341877937317,-3.4108371238517066e-08,-4.358615157684653e-08,1.2878713278041687e-06,2.3839936602598755e-06,8.882296970114112e-05,-8.436323355454078e-07,-5.614271572085272e-07,-2.3495968548559176e-07,0.0,0.0,5.0,0.2686213310829943,5.960464477539062e-07,-4.76837158203125e-07,2.384185791015625e-07,7.152557373046875e-07,0.009688603691756725,6.662071137223393,False,False
773,15.46,-0.11089345812797546,0.153061643242836,4.8091278076171875,0.2890341877937317,-4.1619781399049316e-08,-4.506375006485541e-08,1.2781093801095267e-06,2.3906620754132746e-06,8.884852286428213e-05,6.958849780858145e-07,-1.896866308470635e-07,-2.0486587004597823e-07,0.0,0.0,5.0,0.2686213310829943,2.384185791015625e-07,7.152557373046875e-07,3.5762786865234375e-07,2.384185791015625e-07,0.009688603691756725,6.6717597409151495,False,False
774,15.48,-0.11089345812797546,0.153061643242836,4.8091278076171875,0.2890341877937317,-4.8245933470525415e-08,-4.000536080184247e-08,1.2675094467340386e-06,2.3959837562870234e-06,8.887407602742314e-05,-1.9005668150384736e-07,-4.7290487259488145e-07,-2.280969795265264e-07,0.0,0.0,5.0,0.2686213310829943,3.5762786865234375e-07,-1.7881393432617188e-07,3.5762786865234375e-07,5.960464477539062e-07,0.009688603691756725,6.681448344606906,False,False
775,15.5,-0.11089345812797546,0.153061643242836,4.8091278076171875,0.2890341877937317,-4.4945650756744726e-08,-3.067117404498276e-08,1.256184873454913e-06,2.4004102670005523e-06,8.886039722710848e-05,1.1234393468839698e-06,8.029208515836217e-07,-1.6470542618662876e-07,0.0,0.0,5.0,0.2686213310829943,1.1920928955078125e-07,1.3113021850585938e-06,2.384185791015625e-07,-2.384185791015625e-07,0.009688603691756725,6.691136948298663,False,False
776,15.52,-0.11089345812797546,0.153061643242836,4.8091278076171875,0.2890341877937317,-5.177276918288953e-08,-3.146447014046316e-08,1.2463557368391776e-06,2.4030553049669834e-06,8.888595039024949e-05,-1.2027595630570431e-06,-1.4856077541480772e-06,-2.3794373760210874e-07,0.0,0.0,5.0,0.2686213310829943,3.5762786865234375e-07,-1.1324882507324219e-06,3.5762786865234375e-07,1.3113021850585938e-06,0.009688603691756725,6.70082555199042,False,False
777,15.540000000000001,-0.11089345812797546,0.153061643242836,4.8091278076171875,0.2890341877937317,-5.3309570091641945e-08,-2.734412518634599e-08,1.2337061434664065e-06,2.4063112959993305e-06,8.892454206943512e-05,1.6147814676514827e-06,1.3319332765604486e-06,-2.1896542534705077e-07,0.0,0.0,5.0,0.2686213310829943,1.1920928955078125e-07,1.6689300537109375e-06,3.5762786865234375e-07,-5.960464477539062e-07,0.009688603691756725,6.710514155682176,False,False
778,15.56,-0.11089345812797546,0.153061643242836,4.8091278076171875,0.2890341877937317,-5.0976268539670855e-08,-2.575780122526794e-08,1.2234140740474686e-06,2.407674628557288e-06,8.897623047232628e-05,-1.4561568377757794e-06,-1.0986115057676216e-06,-2.675513144367869e-07,0.0,0.0,5.0,0.2686213310829943,4.76837158203125e-07,-1.2516975402832031e-06,2.384185791015625e-07,9.5367431640625e-07,0.009688603691756725,6.720202759373933,False,False
779,15.58,-0.11089345812797546,0.153061643242836,4.8091278076171875,0.2890341877937317,-5.114939938266616e-08,-2.743135496530158e-08,1.211407493428851e-06,2.4104485873976955e-06,8.883193368092179e-05,1.2888075389128062e-06,1.0812993878062116e-06,-1.3150999222943938e-07,0.0,0.0,5.0,0.2686213310829943,1.1920928955078125e-07,1.430511474609375e-06,3.5762786865234375e-07,-2.980232238769531e-07,0.009688603691756725,6.72989136306569,False,False
780,15.6,-0.11089345812797546,0.153061643242836,4.8091278076171875,0.2890341877937317,-4.6381284590779615e-08,-2.416362576695974e-08,1.201453187604784e-06,2.4120552097883774e-06,8.88574868440628e-05,-9.620509899832541e-07,-6.045056011316774e-07,-1.5026104449589184e-07,0.0,0.0,5.0,0.2686213310829943,4.76837158203125e-07,-2.980232238769531e-07,1.1920928955078125e-07,1.1920928955078125e-06,0.009688603691756725,6.7395799667574465,False,False
781,15.620000000000001,-0.11089345812797546,0.153061643242836,4.8091278076171875,0.2890341877937317,-4.2205900996350465e-08,-2.1111917547500525e-08,1.1910912007806473e-06,2.4143951122823637e-06,8.886994328349829e-05,1.2672070397456991e-06,1.0220288686468848e-06,-1.6990806273042836e-07,0.0,0.0,5.0,0.2686213310829943,1.1920928955078125e-07,1.3113021850585938e-06,3.5762786865234375e-07,-2.980232238769531e-07,0.009688603691756725,6.749268570449203,False,False
782,15.64,-0.11089345812797546,0.153061643242836,4.8091278076171875,0.2890341877937317,-4.163697298054103e-08,-2.2043407099658907e-08,1.18285140615626e-06,2.415467406535754e-06,8.892163168638945e-05,-1.3603533943751245e-06,-9.651380423747469e-07,-2.189298271559892e-07,0.0,0.0,5.0,0.2686213310829943,7.152557373046875e-07,-8.344650268554688e-07,2.384185791015625e-07,1.3113021850585938e-06,0.009688603691756725,6.75895717414096,False,False
783,15.66,-0.11089345812797546,0.153061643242836,4.8091278076171875,0.2890341877937317,-4.1805190420518556e-08,-1.8061310669281738e-08,1.1729954394468223e-06,2.4177397790481336e-06,8.898635860532522e-05,1.7585495015737251e-06,9.483172220825509e-07,-2.2416806189085037e-07,0.0,0.0,5.0,0.2686213310829943,-1.1920928955078125e-07,1.430511474609375e-06,4.76837158203125e-07,-4.76837158203125e-07,0.009688603691756725,6.768645777832717,False,False
784,15.68,-0.11089345812797546,0.153061643242836,4.8091278076171875,0.2890341877937317,-2.853975722416635e-08,-8.93317775307878e-09,1.1658530638669617e-06,2.417620862615877e-06,8.897267980501056e-05,-8.457815283691161e-07,3.781781288125785e-07,-3.3748474947969953e-07,0.0,0.0,5.0,0.2686213310829943,8.344650268554688e-07,-8.344650268554688e-07,2.384185791015625e-07,1.1920928955078125e-07,0.009688603691756725,6.778334381524473,False,False
785,15.700000000000001,-0.11089345812797546,0.153061643242836,4.8091278076171875,0.2890341877937317,-1.7780747540996344e-08,-1.0599231714536472e-08,1.160592205451394e-06,2.4185462734749308e-06,8.889369200915098e-05,6.791708528908202e-07,6.976836175454082e-07,-2.063351729475471e-07,0.0,0.0,5.0,0.2686213310829943,5.960464477539062e-07,9.5367431640625e-07,3.5762786865234375e-07,-1.1920928955078125e-07,0.009688603691756725,6.78802298521623,False,False
786,15.72,-0.11089345812797546,0.153061643242836,4.8091278076171875,0.2890341877937317,-1.9931800210315487e-08,-7.0931247542205256e-09,1.1571537470445037e-06,2.41904081121902e-06,8.890614844858646e-05,-3.285700813648873e-07,-9.127807629738527e-07,-1.1913872555169291e-07,0.0,0.0,5.0,0.2686213310829943,2.384185791015625e-07,1.1920928955078125e-07,2.384185791015625e-07,1.0728836059570312e-06,0.009688603691756725,6.797711588907987,False,False
787,15.74,-0.11089345812797546,0.153061643242836,4.8091278076171875,0.2890341877937317,-2.5689299576470148e-08,-1.542770355911216e-09,1.152173808804946e-06,2.4189221221604384e-06,8.895783685147762e-05,8.835920652927598e-07,3.370517447365273e-07,-2.235438358866304e-07,0.0,0.0,5.0,0.2686213310829943,1.1920928955078125e-07,9.5367431640625e-07,3.5762786865234375e-07,0.0,0.009688603691756725,6.807400192599744,False,False
788,15.76,-0.11089345812797546,0.153061643242836,4.8091278076171875,0.2890341877937317,-2.1780305559104818e-08,7.2700028219685464e-09,1.1479622799015488e-06,2.4168989511963446e-06,8.898339001461864e-05,-2.3495774215120946e-09,5.383355983212823e-08,-2.4677498799974273e-07,0.0,0.0,5.0,0.2686213310829943,3.5762786865234375e-07,3.5762786865234375e-07,3.5762786865234375e-07,2.384185791015625e-07,0.009688603691756725,6.8170887962915,False,False
789,15.780000000000001,-0.11089345812797546,0.153061643242836,4.8091278076171875,0.2890341877937317,-2.3535879023484085e-08,4.3907117941444085e-09,1.1441712786108837e-06,2.414446498733014e-06,8.900894317775965e-05,-2.8556775077959173e-07,-2.2938461086141615e-07,-2.2157297507874318e-07,0.0,0.0,5.0,0.2686213310829943,4.76837158203125e-07,1.1920928955078125e-07,2.384185791015625e-07,3.5762786865234375e-07,0.009688603691756725,6.826777399983257,False,False
790,15.8,-0.11089345812797546,0.153061643242836,4.8091278076171875,0.2890341877937317,-2.8057828060923384e-08,4.395753983033046e-09,1.139564233199053e-06,2.412368985460489e-06,8.900836110115051e-05,2.860765278001054e-07,-2.2279373013134318e-07,-2.2116870468380512e-07,0.0,0.0,5.0,0.2686213310829943,2.384185791015625e-07,3.5762786865234375e-07,3.5762786865234375e-07,2.384185791015625e-07,0.009688603691756725,6.836466003675014,False,False
791,15.82,-0.11089345812797546,0.153061643242836,4.8091278076171875,0.2890341877937317,-3.233242296118988e-08,4.27143520553841e-09,1.1342267498548608e-06,2.40969689002668e-06,8.900777902454138e-05,-2.985034086577798e-07,-2.0465010663883731e-07,-2.2018326717443415e-07,0.0,0.0,5.0,0.2686213310829943,4.76837158203125e-07,1.1920928955078125e-07,2.384185791015625e-07,4.76837158203125e-07,0.009688603691756725,6.8461546073667705,False,False
792,15.84,-0.11089345812797546,0.153061643242836,4.8091278076171875,0.2890341877937317,-3.6359661947926725e-08,4.017759902552598e-09,1.1279930731689092e-06,2.4071835014183307e-06,8.900719694793224e-05,2.7314086992191733e-07,-1.9805922590876435e-07,-2.1977899677949608e-07,0.0,0.0,5.0,0.2686213310829943,2.384185791015625e-07,3.5762786865234375e-07,3.5762786865234375e-07,3.5762786865234375e-07,0.009688603691756725,6.855843211058527,False,False
793,15.860000000000001,-0.11089345812797546,0.153061643242836,4.8091278076171875,0.2890341877937317,-3.724135666516304e-08,6.532946628112768e-09,1.121301011153264e-06,2.4040468815655913e-06,8.903275011107326e-05,-2.162992451815171e-08,1.0989343479650415e-07,-2.435913017961866e-07,0.0,0.0,5.0,0.2686213310829943,3.5762786865234375e-07,2.384185791015625e-07,3.5762786865234375e-07,3.5762786865234375e-07,0.009688603691756725,6.865531814750284,False,False
794,15.88,-0.11089345812797546,0.153061643242836,4.8091278076171875,0.2890341877937317,-3.1963772073595464e-08,8.803305640014969e-09,1.1150325462949695e-06,2.400733364993357e-06,8.905830327421427e-05,2.4865255454642465e-07,4.1784610971262737e-07,-2.1897047020047467e-07,0.0,0.0,5.0,0.2686213310829943,2.384185791015625e-07,4.76837158203125e-07,2.384185791015625e-07,1.1920928955078125e-07,0.009688603691756725,6.875220418442041,False,False
795,15.9,-0.11089345812797546,0.153061643242836,4.8091278076171875,0.2890341877937317,-2.6438831568498244e-08,1.0567591246513075e-08,1.1101282098024967e-06,2.3972072540345835e-06,8.903158595785499e-05,-7.223583509130549e-08,1.3462788217566413e-07,-2.4220159389187756e-07,0.0,0.0,5.0,0.2686213310829943,4.76837158203125e-07,3.5762786865234375e-07,3.5762786865234375e-07,3.5762786865234375e-07,0.009688603691756725,6.884909022133797,False,False
796,15.92,-0.11089345812797546,0.153061643242836,4.8091278076171875,0.2890341877937317,-2.3680263083747377e-08,9.188765304202207e-09,1.105937712964078e-06,2.3939237507875077e-06,8.908327436074615e-05,-6.564489751781366e-08,1.412187629057371e-07,-2.417973234969395e-07,0.0,0.0,5.0,0.2686213310829943,3.5762786865234375e-07,0.0,2.384185791015625e-07,2.384185791015625e-07,0.009688603691756725,6.894597625825554,False,False
797,15.94,-0.11089345812797546,0.153061643242836,4.8091278076171875,0.2890341877937317,-2.368807194841338e-08,1.0694267693622805e-08,1.1020958936569514e-06,2.390860345258261e-06,8.905655704438686e-05,2.161902159514284e-07,-1.4199940778780729e-07,-2.1659532478679466e-07,0.0,0.0,5.0,0.2686213310829943,2.384185791015625e-07,3.5762786865234375e-07,3.5762786865234375e-07,2.384185791015625e-07,0.009688603691756725,6.904286229517311,False,False
798,15.96,-0.11089345812797546,0.153061643242836,4.8091278076171875,0.2890341877937317,-2.6346718584591144e-08,9.172192783069022e-09,1.0980311344610527e-06,2.3874024464021204e-06,8.905597496777773e-05,-3.6838974892816623e-07,-1.2385578429530142e-07,-2.156098872774237e-07,0.0,0.0,5.0,0.2686213310829943,4.76837158203125e-07,0.0,3.5762786865234375e-07,4.76837158203125e-07,0.009688603691756725,6.913974833209068,False,False
799,15.98,-0.11089345812797546,0.153061643242836,4.8091278076171875,0.2890341877937317,-2.5744286702433783e-08,4.507067608017223e-09,1.0934047622868093e-06,2.3846580461395206e-06,8.908152813091874e-05,-9.810722900738256e-08,1.8409687640996708e-07,-1.9098906989256648e-07,0.0,0.0,5.0,0.2686213310829943,3.5762786865234375e-07,1.1920928955078125e-07,2.384185791015625e-07,3.5762786865234375e-07,0.009688603691756725,6.923663436900824,False,False
800,16.0,-0.11089345812797546,0.153061643242836,4.8091278076171875,0.2890341877937317,-2.199630166899169e-08,8.261534567566287e-09,1.0891610600083368e-06,2.382329284955631e-06,8.90809460543096e-05,4.7353705667774193e-07,1.9068775714004005e-07,-1.905847994976284e-07,0.0,0.0,5.0,0.2686213310829943,1.1920928955078125e-07,5.960464477539062e-07,3.5762786865234375e-07,2.384185791015625e-07,0.009688603691756725,6.933352040592581,False,False
801,16.02,-0.11089345812797546,0.153061643242836,4.8091278076171875,0.2890341877937317,-2.101469220860963e-08,8.872890866484795e-09,1.0857509096240392e-06,2.3792720185156213e-06,8.910649921745062e-05,-4.1240460291191994e-07,-9.253041355350433e-08,-2.138159089781766e-07,0.0,0.0,5.0,0.2686213310829943,4.76837158203125e-07,0.0,1.1920928955078125e-07,3.5762786865234375e-07,0.009688603691756725,6.943040644284338,False,False
802,16.04,-0.11089345812797546,0.153061643242836,4.8091278076171875,0.2890341877937317,-2.2799458321287602e-08,6.3411338402374895e-09,1.082031872101652e-06,2.3767686343489913e-06,8.910591714084148e-05,1.592396756677772e-07,-8.59394759800125e-08,-2.1341163858323853e-07,0.0,0.0,5.0,0.2686213310829943,2.384185791015625e-07,2.384185791015625e-07,2.384185791015625e-07,3.5762786865234375e-07,0.009688603691756725,6.9527292479760945,False,False
803,16.06,-0.11089345812797546,0.153061643242836,4.8091278076171875,0.2890341877937317,-2.1438673059037683e-08,1.2228970724947885e-08,1.0782349590954254e-06,2.373904862906784e-06,8.90791998244822e-05,4.295222026939882e-07,2.22013184725256e-07,-2.372239151782196e-07,0.0,0.0,5.0,0.2686213310829943,2.384185791015625e-07,4.76837158203125e-07,3.5762786865234375e-07,1.1920928955078125e-07,0.009688603691756725,6.962417851667851,False,False
804,16.080000000000002,-0.11089345812797546,0.153061643242836,4.8091278076171875,0.2890341877937317,-1.681680394938212e-08,1.4973759121517105e-08,1.07538255633699e-06,2.370111360505689e-06,8.907861774787307e-05,-1.5505773376389698e-07,2.4015679400690715e-07,-2.3623847766884865e-07,0.0,0.0,5.0,0.2686213310829943,4.76837158203125e-07,1.1920928955078125e-07,2.384185791015625e-07,2.384185791015625e-07,0.009688603691756725,6.972106455359608,False,False
805,16.1,-0.11089345812797546,0.153061643242836,4.8091278076171875,0.2890341877937317,-1.4845778828487255e-08,1.4690965777219844e-08,1.0732740065577673e-06,2.3665393200644758e-06,8.905190043151379e-05,1.2677736549449037e-07,-4.3061369581209874e-08,-2.1103649316955853e-07,0.0,0.0,5.0,0.2686213310829943,3.5762786865234375e-07,3.5762786865234375e-07,3.5762786865234375e-07,1.1920928955078125e-07,0.009688603691756725,6.981795059051365,False,False
806,16.12,-0.11089345812797546,0.153061643242836,4.8091278076171875,0.2890341877937317,-1.8539322965693827e-08,1.4394283098795313e-08,1.0711057711887406e-06,2.3628190319868736e-06,8.90774535946548e-05,-1.56440805199054e-07,-3.2627957580189104e-07,-1.858345086702684e-07,0.0,0.0,5.0,0.2686213310829943,2.384185791015625e-07,1.1920928955078125e-07,3.5762786865234375e-07,4.76837158203125e-07,0.009688603691756725,6.991483662743121,False,False
807,16.14,-0.11089345812797546,0.153061643242836,4.8091278076171875,0.2890341877937317,-1.8971784143673176e-08,1.0954550155872766e-08,1.0681194453354692e-06,2.3592820070916787e-06,8.907687151804566e-05,-1.8752005814803852e-07,2.83034864878573e-07,-1.8543023827533034e-07,0.0,0.0,5.0,0.2686213310829943,3.5762786865234375e-07,1.1920928955078125e-07,2.384185791015625e-07,3.5762786865234375e-07,0.009688603691756725,7.001172266434878,False,False
808,16.16,-0.11089345812797546,0.153061643242836,4.8091278076171875,0.2890341877937317,-1.3244968677383895e-08,1.292071960534713e-08,1.0656290214683395e-06,2.35631500800082e-06,8.907628944143653e-05,3.841242062208039e-07,2.8962574560864596e-07,-1.8502596788039227e-07,0.0,0.0,5.0,0.2686213310829943,1.1920928955078125e-07,5.960464477539062e-07,2.384185791015625e-07,1.1920928955078125e-07,0.009688603691756725,7.010860870126635,False,False
809,16.18,-0.11089345812797546,0.153061643242836,4.8091278076171875,0.2890341877937317,-1.3298256718030643e-08,1.4757461919145953e-08,1.0641351764206775e-06,2.3528655219706707e-06,8.90757073648274e-05,-2.0045571602622658e-07,-2.9495419084923924e-07,-2.324736243508596e-07,0.0,0.0,5.0,0.2686213310829943,3.5762786865234375e-07,-1.1920928955078125e-07,4.76837158203125e-07,3.5762786865234375e-07,0.009688603691756725,7.020549473818392,False,False
810,16.2,-0.11089345812797546,0.153061643242836,4.8091278076171875,0.2890341877937317,-9.337029815981168e-09,2.0985474691315176e-08,1.06253980902693e-06,2.3491561478294898e-06,8.90359515324235e-05,8.23231175672845e-07,6.91062609803339e-07,-1.4428434269575519e-07,0.0,0.0,5.0,0.2686213310829943,2.384185791015625e-07,1.3113021850585938e-06,3.5762786865234375e-07,-1.7881393432617188e-07,0.009688603691756725,7.030238077510148,False,False
811,16.22,-0.11089345812797546,0.153061643242836,4.8091278076171875,0.2890341877937317,-1.538766447595208e-08,1.1174090985832663e-08,1.0620736929922714e-06,2.3447182684321888e-06,8.908763993531466e-05,-1.8043292584479786e-06,-1.2961043012182927e-06,-1.9330610712131602e-07,0.0,0.0,5.0,0.2686213310829943,4.76837158203125e-07,-1.1920928955078125e-06,1.1920928955078125e-07,1.430511474609375e-06,0.009688603691756725,7.039926681201905,False,False
812,16.240000000000002,-0.11089345812797546,0.153061643242836,4.8091278076171875,0.2890341877937317,-1.2989845643573972e-08,9.057805172574263e-09,1.058764723893546e-06,2.3427774067386054e-06,8.899561362341046e-05,1.5927056438158615e-06,1.5358773453044705e-06,-1.130597908627351e-07,0.0,0.0,5.0,0.2686213310829943,2.384185791015625e-07,1.9073486328125e-06,3.5762786865234375e-07,-5.960464477539062e-07,0.00968860276043415,7.049615283962339,False,False
813,16.26,-0.11089345812797546,0.153061643242836,4.8091278076171875,0.2890341877937317,-6.577512756678061e-09,1.0202638733858294e-08,1.0584157053017407e-06,2.3396858068736037e-06,8.904730202630162e-05,-1.4782326616114005e-06,-8.946674370235996e-07,-1.616456728470439e-07,0.0,0.0,5.0,0.2686213310829943,4.76837158203125e-07,-7.748603820800781e-07,2.384185791015625e-07,1.0728836059570312e-06,0.009688603691756725,7.059303887654096,False,False
814,16.28,-0.11089345812797546,0.153061643242836,4.8091278076171875,0.2890341877937317,-5.9452789358260816e-09,5.190611940264489e-09,1.0568818424872006e-06,2.338414788027876e-06,8.904671994969249e-05,9.770467386260862e-07,9.578884601069149e-07,-1.6010328351967473e-07,0.0,0.0,5.0,0.2686213310829943,0.0,1.1920928955078125e-06,3.5762786865234375e-07,-2.384185791015625e-07,0.009688603691756725,7.068992491345853,False,False
815,16.3,-0.11089345812797546,0.153061643242836,4.8091278076171875,0.2890341877937317,-3.6454759211324017e-09,2.2228818785663407e-09,1.0568973038971308e-06,2.336867055419134e-06,8.90722731128335e-05,-1.2738117902699742e-06,-7.279165288309741e-07,-1.788543357861272e-07,0.0,0.0,5.0,0.2686213310829943,3.5762786865234375e-07,-6.556510925292969e-07,1.1920928955078125e-07,9.5367431640625e-07,0.009688603691756725,7.078681095037609,False,False
816,16.32,-0.11089345812797546,0.153061643242836,4.8091278076171875,0.2890341877937317,-6.1990457211891226e-09,-5.221550747336323e-09,1.0554080063229776e-06,2.337241539862589e-06,8.901942055672407e-05,5.293971412356768e-07,4.725688427242858e-07,-1.2151694761541876e-07,0.0,0.0,5.0,0.2686213310829943,0.0,9.5367431640625e-07,2.384185791015625e-07,2.384185791015625e-07,0.009688603691756725,7.088369698729366,False,False
817,16.34,-0.11089345812797546,0.153061643242836,4.8091278076171875,0.2890341877937317,-2.593337766754189e-09,-4.792051755408977e-10,1.0545968507358339e-06,2.3374479951598914e-06,8.901883848011494e-05,-5.5182834302058836e-08,-1.1201113636616356e-07,-1.689646040858861e-07,0.0,0.0,5.0,0.2686213310829943,2.384185791015625e-07,2.384185791015625e-07,3.5762786865234375e-07,4.76837158203125e-07,0.009688603691756725,7.098058302421123,False,False
818,16.36,-0.11089345812797546,0.153061643242836,4.8091278076171875,0.2890341877937317,1.2597245468981555e-09,-1.893663892360564e-09,1.0541796200413955e-06,2.3375382625090424e-06,8.90182564035058e-05,-8.626209080375702e-08,4.973033469468646e-07,-1.6856033369094803e-07,0.0,0.0,5.0,0.2686213310829943,4.76837158203125e-07,2.384185791015625e-07,2.384185791015625e-07,0.0,0.009688603691756725,7.1077469061128795,False,False
819,16.38,-0.11089345812797546,0.153061643242836,4.8091278076171875,0.2890341877937317,8.37386782137628e-09,-8.004432672237272e-10,1.0549841817919514e-06,2.338161948500783e-06,8.899153908714652e-05,1.9557302266548504e-07,2.1408509098819195e-07,-1.433583491916579e-07,0.0,0.0,5.0,0.2686213310829943,3.5762786865234375e-07,5.960464477539062e-07,2.384185791015625e-07,3.5762786865234375e-07,0.009688603691756725,7.117435509804636,False,False
820,16.4,-0.11089345812797546,0.153061643242836,4.8091278076171875,0.2890341877937317,6.69418209753303e-09,3.1770475139580867e-09,1.0566567425485118e-06,2.3384689029626315e-06,8.904322749003768e-05,2.02163903395558e-07,-3.820474603344337e-07,-1.9138718698741286e-07,0.0,0.0,5.0,0.2686213310829943,2.384185791015625e-07,3.5762786865234375e-07,4.76837158203125e-07,3.5762786865234375e-07,0.009688603691756725,7.127124113496393,False,False
821,16.42,-0.11089345812797546,0.153061643242836,4.8091278076171875,0.2890341877937317,2.1325934351779097e-09,4.272608045141624e-09,1.0576767408565502e-06,2.337924797757296e-06,8.906878065317869e-05,-9.260689637358155e-08,-7.409479962916521e-08,-2.1519946358239395e-07,0.0,0.0,5.0,0.2686213310829943,3.5762786865234375e-07,1.1920928955078125e-07,2.384185791015625e-07,2.384185791015625e-07,0.009688603691756725,7.13681271718815,False,False
822,16.44,-0.11089345812797546,0.153061643242836,4.8091278076171875,0.2890341877937317,-2.1816415340936146e-09,5.238810718566356e-09,1.0580469052001718e-06,2.3371683255390963e-06,8.904206333681941e-05,1.892282170956605e-07,-3.5731301295527373e-07,-1.8999747908310383e-07,0.0,0.0,5.0,0.2686213310829943,1.1920928955078125e-07,2.384185791015625e-07,4.76837158203125e-07,2.384185791015625e-07,0.009688603691756725,7.146501320879906,False,False
823,16.46,-0.11089345812797546,0.153061643242836,4.8091278076171875,0.2890341877937317,-6.132992780294444e-09,5.814470238618696e-09,1.057549411598302e-06,2.3357886220765067e-06,8.901534602046013e-05,-1.3166017254206963e-07,-3.7807701858127984e-08,-1.647954945838137e-07,0.0,0.0,5.0,0.2686213310829943,1.1920928955078125e-07,2.384185791015625e-07,3.5762786865234375e-07,3.5762786865234375e-07,0.009688603691756725,7.156189924571663,False,False
824,16.48,-0.11089345812797546,0.153061643242836,4.8091278076171875,0.2890341877937317,-7.958073644509511e-10,2.8704272292401356e-09,1.0569029882390168e-06,2.334659711777931e-06,8.9014763943851e-05,-1.6273942549105413e-07,5.715067459277634e-07,-1.6439122418887564e-07,0.0,0.0,5.0,0.2686213310829943,4.76837158203125e-07,2.384185791015625e-07,2.384185791015625e-07,0.0,0.009688603691756725,7.16587852826342,False,False
825,16.5,-0.11089345812797546,0.153061643242836,4.8091278076171875,0.2890341877937317,7.802459123240624e-09,2.4340631732400198e-09,1.0576721933830413e-06,2.3344348392129177e-06,8.898804662749171e-05,1.1909566666190585e-07,2.882885326016549e-07,-1.3918923968958552e-07,0.0,0.0,5.0,0.2686213310829943,2.384185791015625e-07,7.152557373046875e-07,2.384185791015625e-07,2.384185791015625e-07,0.009688603691756725,7.175567131955177,False,False
826,16.52,-0.11089345812797546,0.153061643242836,4.8091278076171875,0.2890341877937317,7.722427142198285e-09,-1.0299445740713509e-09,1.0594184232104453e-06,2.3345696718024556e-06,8.898746455088258e-05,-4.6548433374482556e-07,-2.962914038562303e-07,-1.8663689616005286e-07,0.0,0.0,5.0,0.2686213310829943,3.5762786865234375e-07,-1.7881393432617188e-07,3.5762786865234375e-07,3.5762786865234375e-07,0.009688603691756725,7.185255735646933,False,False
827,16.54,-0.11089345812797546,0.153061643242836,4.8091278076171875,0.2890341877937317,1.165690921567375e-08,-1.0269003009044653e-10,1.060761292137613e-06,2.335440512979403e-06,8.894770871847868e-05,5.582025437433913e-07,6.897253115312196e-07,-9.844760739952108e-08,0.0,0.0,5.0,0.2686213310829943,3.5762786865234375e-07,1.0728836059570312e-06,3.5762786865234375e-07,-5.960464477539063e-08,0.009688603691756725,7.19494433933869,False,False
828,16.56,-0.11089345812797546,0.153061643242836,4.8091278076171875,0.2890341877937317,1.2825018380624442e-08,-1.1884009332163714e-09,1.0635193348207395e-06,2.335967337785405e-06,8.906470611691475e-05,-6.667710295005236e-07,-5.729185090785904e-07,-1.5497647609663545e-07,0.0,0.0,5.0,0.2686213310829943,1.1920928955078125e-07,-1.7881393432617188e-07,1.1920928955078125e-07,7.152557373046875e-07,0.009688603691756725,7.204632943030447,False,False
829,16.580000000000002,-0.11089345812797546,0.153061643242836,4.8091278076171875,0.2890341877937317,1.4124952762983867e-08,-1.7655706896491097e-09,1.0654468951543095e-06,2.3372642772301333e-06,8.89988150447607e-05,6.090546662562701e-07,7.029071866782033e-07,-1.4304515616458957e-07,0.0,0.0,5.0,0.2686213310829943,3.5762786865234375e-07,1.0728836059570312e-06,3.5762786865234375e-07,-2.384185791015625e-07,0.009688603691756725,7.2143215467222035,False,False
830,16.6,-0.11089345812797546,0.153061643242836,4.8091278076171875,0.2890341877937317,8.311217492007472e-09,-9.07975827857399e-09,1.068139113158395e-06,2.3384263840853237e-06,8.905050344765186e-05,-1.3404419405560475e-06,-1.2842597243434284e-06,-1.3757966144112288e-07,0.0,0.0,5.0,0.2686213310829943,3.5762786865234375e-07,-8.940696716308594e-07,1.1920928955078125e-07,1.1920928955078125e-06,0.009688603691756725,7.22401015041396,False,False
831,16.62,-0.11089345812797546,0.153061643242836,4.8091278076171875,0.2890341877937317,1.1513202613500084e-09,-1.1335954397395653e-08,1.0677532600311679e-06,2.341196704946924e-06,8.904992137104273e-05,1.1148374596814392e-06,5.682960591002484e-07,-1.3603727211375372e-07,0.0,0.0,5.0,0.2686213310829943,-1.1920928955078125e-07,1.1920928955078125e-06,2.384185791015625e-07,-1.7881393432617188e-07,0.009688603691756725,7.233698754105717,False,False
832,16.64,-0.11089345812797546,0.153061643242836,4.8091278076171875,0.2890341877937317,1.795844861707252e-10,-1.6068392838519685e-08,1.0677686077542603e-06,2.3430375222233124e-06,8.898403029888868e-05,-1.5880635828580125e-06,-6.654661319771549e-07,-2.425733214295178e-07,0.0,0.0,5.0,0.2686213310829943,7.152557373046875e-07,-1.1920928955078125e-06,1.1920928955078125e-07,8.344650268554688e-07,0.009688603691756725,7.243387357797474,False,False
833,16.66,-0.11089345812797546,0.153061643242836,4.8091278076171875,0.2890341877937317,5.655953927430346e-09,-1.7366387439210484e-08,1.0664634828572161e-06,2.3470779524359386e-06,8.886586874723434e-05,1.4582627727577346e-06,1.2130832374168676e-06,-8.231545223225112e-08,0.0,0.0,5.0,0.2686213310829943,1.1920928955078125e-07,1.7881393432617188e-06,2.384185791015625e-07,-2.980232238769531e-07,0.009688603691756725,7.25307596148923,False,False
834,16.68,-0.11089345812797546,0.153061643242836,4.8091278076171875,0.2890341877937317,4.772091610760754e-09,-1.3723211900185106e-08,1.06758250240091e-06,2.3497823349316604e-06,8.89175571501255e-05,-1.0939570529444609e-06,-1.301466227232595e-06,-1.7371623073358933e-07,0.0,0.0,5.0,0.2686213310829943,3.5762786865234375e-07,-7.152557373046875e-07,2.384185791015625e-07,1.3113021850585938e-06,0.009688603691756725,7.262764565180987,False,False
835,16.7,-0.11089345812797546,0.153061643242836,4.8091278076171875,0.2890341877937317,8.907975468375184e-10,-7.4267632044211496e-09,1.0666054777175304e-06,2.3526829409092898e-06,8.895614882931113e-05,1.723583977764065e-06,9.133509593084455e-07,-2.0317101245836966e-07,0.0,0.0,5.0,0.2686213310829943,1.1920928955078125e-07,1.5497207641601562e-06,4.76837158203125e-07,-4.76837158203125e-07,0.009688603691756725,7.272453168872744,False,False
836,16.72,-0.11089345812797546,0.153061643242836,4.8091278076171875,0.2890341877937317,5.922563328653041e-09,8.159543263275282e-09,1.0677347290766193e-06,2.3525087726739002e-06,8.900783723220229e-05,-1.6501286381753744e-07,-4.101926265320799e-07,-2.5291924998782633e-07,0.0,0.0,5.0,0.2686213310829943,5.960464477539062e-07,0.0,4.76837158203125e-07,2.384185791015625e-07,0.009688603691756725,7.282141772564501,False,False
837,16.740000000000002,-0.11089345812797546,0.153061643242836,4.8091278076171875,0.2890341877937317,-5.113872880713188e-09,7.677505742265112e-09,1.0684465223675943e-06,2.3511879589932505e-06,8.90333903953433e-05,1.1682224254627727e-07,-6.934106977496413e-07,-1.792840578218602e-07,0.0,0.0,5.0,0.2686213310829943,0.0,2.384185791015625e-07,3.5762786865234375e-07,4.76837158203125e-07,0.009688603691756725,7.291830376256257,False,False
838,16.76,-0.11089345812797546,0.153061643242836,4.8091278076171875,0.2890341877937317,-1.2889226574941404e-08,9.703148506901016e-09,1.067139010046958e-06,2.3490358671551803e-06,8.903280831873417e-05,8.574298959729276e-08,-8.409631391259609e-08,-1.7887978742692212e-07,0.0,0.0,5.0,0.2686213310829943,2.384185791015625e-07,4.76837158203125e-07,3.5762786865234375e-07,3.5762786865234375e-07,0.009688603691756725,7.301518979948014,False,False
839,16.78,-0.11089345812797546,0.153061643242836,4.8091278076171875,0.2890341877937317,-1.1491574802846571e-08,8.470269818872112e-09,1.0652744322214858e-06,2.34650656238955e-06,8.905836148187518e-05,-2.0902781727727415e-07,2.238563467926724e-07,-2.026920640219032e-07,0.0,0.0,5.0,0.2686213310829943,4.76837158203125e-07,1.1920928955078125e-07,2.384185791015625e-07,3.5762786865234375e-07,0.009688603691756725,7.311207583639771,False,False
840,16.8,-0.11089345812797546,0.153061643242836,4.8091278076171875,0.2890341877937317,-6.948372544002268e-09,1.0006258044370497e-08,1.0639439551596297e-06,2.3444317776011303e-06,8.905777940526605e-05,3.6261644709156826e-07,2.3044722752274538e-07,-2.0228779362696514e-07,0.0,0.0,5.0,0.2686213310829943,2.384185791015625e-07,4.76837158203125e-07,3.5762786865234375e-07,1.1920928955078125e-07,0.009688603691756725,7.3208961873315275,False,False
841,16.82,-0.11089345812797546,0.153061643242836,4.8091278076171875,0.2890341877937317,-2.157817924341998e-09,1.14128848593964e-08,1.0636732667990145e-06,2.3419809167535277e-06,8.905719732865691e-05,-2.2196350357717165e-07,2.485907941718324e-07,-2.0130235611759417e-07,0.0,0.0,5.0,0.2686213310829943,4.76837158203125e-07,1.1920928955078125e-07,2.384185791015625e-07,1.1920928955078125e-07,0.009688603691756725,7.330584791023284,False,False
842,16.84,-0.11089345812797546,0.153061643242836,4.8091278076171875,0.2890341877937317,-1.810551882031053e-11,9.79193082173424e-09,1.0641036851666286e-06,2.3400125428452156e-06,8.903048001229763e-05,5.98715956812157e-08,-3.462736941628464e-08,-1.7610037161830405e-07,0.0,0.0,5.0,0.2686213310829943,2.384185791015625e-07,4.76837158203125e-07,2.384185791015625e-07,2.384185791015625e-07,0.009688603691756725,7.340273394715041,False,False
843,16.86,-0.11089345812797546,0.153061643242836,4.8091278076171875,0.2890341877937317,-3.542963256109033e-09,7.780371902299521e-09,1.0644254189173807e-06,2.338176273042336e-06,8.900376269593835e-05,-2.6101679395651445e-07,-3.178455756369658e-07,-1.9933148109885224e-07,0.0,0.0,5.0,0.2686213310829943,4.76837158203125e-07,0.0,3.5762786865234375e-07,3.5762786865234375e-07,0.009688603691756725,7.349961998406798,False,False
844,16.88,-0.11089345812797546,0.153061643242836,4.8091278076171875,0.2890341877937317,-6.8204677461380925e-09,5.262738689282287e-09,1.0637431842042133e-06,2.336697207283578e-06,8.902931585907936e-05,9.265701095273471e-09,-9.892914931697305e-09,-1.7471066371399502e-07,0.0,0.0,5.0,0.2686213310829943,2.384185791015625e-07,3.5762786865234375e-07,3.5762786865234375e-07,3.5762786865234375e-07,0.009688603691756725,7.359650602098554,False,False
845,16.9,-0.11089345812797546,0.153061643242836,4.8091278076171875,0.2890341877937317,-3.938693815541683e-09,2.5002784287408986e-09,1.0628561994963093e-06,2.3355044049822027e-06,8.905486902222037e-05,-2.855051093320071e-07,2.980597457735712e-07,-1.985229403089761e-07,0.0,0.0,5.0,0.2686213310829943,4.76837158203125e-07,1.1920928955078125e-07,1.1920928955078125e-07,2.384185791015625e-07,0.009688603691756725,7.369339205790311,False,False
846,16.92,-0.11089345812797546,0.153061643242836,4.8091278076171875,0.2890341877937317,-8.095666359508868e-10,-3.9154077202674387e-10,1.0625035429256968e-06,2.335241333639715e-06,8.902815170586109e-05,-3.669983872356397e-09,1.4841569750956296e-08,-1.7332095580968598e-07,0.0,0.0,5.0,0.2686213310829943,2.384185791015625e-07,2.384185791015625e-07,2.384185791015625e-07,3.5762786865234375e-07,0.009688603691756725,7.379027809482068,False,False
847,16.94,-0.11089345812797546,0.153061643242836,4.8091278076171875,0.2890341877937317,2.5669144587681103e-09,2.2380108877229077e-09,1.0625518598317285e-06,2.3351913114311174e-06,8.900143438950181e-05,2.6661251695259125e-07,3.227942215744406e-07,-1.9713323240466707e-07,0.0,0.0,5.0,0.2686213310829943,2.384185791015625e-07,4.76837158203125e-07,3.5762786865234375e-07,-5.960464477539063e-08,0.009688603691756725,7.3887164131738245,False,False
848,16.96,-0.11089345812797546,0.153061643242836,4.8091278076171875,0.2890341877937317,9.204476292268282e-09,1.7245127548193295e-09,1.063741251527972e-06,2.334936652914621e-06,8.900085231289268e-05,-3.1796741950529395e-07,3.4093773138010874e-07,-1.961477948952961e-07,0.0,0.0,5.0,0.2686213310829943,5.960464477539062e-07,1.1920928955078125e-07,2.384185791015625e-07,0.0,0.009688603691756725,7.398405016865581,False,False
849,16.98,-0.11089345812797546,0.153061643242836,4.8091278076171875,0.2890341877937317,1.0177467757443992e-08,1.1971255098330857e-09,1.0657626035026624e-06,2.335428234800929e-06,8.900027023628354e-05,2.6522948814999836e-07,-2.4364220507777645e-07,-1.4672926340608683e-07,0.0,0.0,5.0,0.2686213310829943,1.1920928955078125e-07,5.960464477539062e-07,3.5762786865234375e-07,2.384185791015625e-07,0.009688603691756725,7.408093620557338,False,False
850,17.0,-0.11089345812797546,0.153061643242836,4.8091278076171875,0.2890341877937317,2.472160920419242e-09,-2.357905426464413e-09,1.06719130599231e-06,2.3356290057563456e-06,8.902582339942455e-05,-6.207121714396635e-07,-5.268603899821755e-07,-1.6996037288663501e-07,0.0,0.0,5.0,0.2686213310829943,1.1920928955078125e-07,-2.980232238769531e-07,2.384185791015625e-07,7.152557373046875e-07,0.009688603691756725,7.417782224249095,False,False
851,17.02,-0.11089345812797546,0.153061643242836,4.8091278076171875,0.2890341877937317,4.693291089097329e-09,-2.0138566370064837e-09,1.0672048347259988e-06,2.3365132619801443e-06,8.895993232727051e-05,6.551135243171302e-07,7.489653057746182e-07,-1.5802905295458913e-07,0.0,0.0,5.0,0.2686213310829943,3.5762786865234375e-07,1.0728836059570312e-06,2.384185791015625e-07,-1.1920928955078125e-07,0.009688603691756725,7.4274708279408514,False,False
852,17.04,-0.11089345812797546,0.153061643242836,4.8091278076171875,0.2890341877937317,-3.212976107391796e-09,-5.769848154812962e-09,1.0680932973627932e-06,2.336959823878715e-06,8.898548549041152e-05,-1.030691350933921e-06,-1.5395632999570807e-06,-1.767801052210416e-07,0.0,0.0,5.0,0.2686213310829943,2.384185791015625e-07,-7.748603820800781e-07,2.384185791015625e-07,1.430511474609375e-06,0.009688603691756725,7.437159431632608,False,False
853,17.06,-0.11089345812797546,0.153061643242836,4.8091278076171875,0.2890341877937317,-1.2465402043915219e-08,-4.844563861183815e-09,1.065565470526053e-06,2.3380296170216752e-06,8.895876817405224e-05,1.1232261840632418e-06,6.143542350400821e-07,-1.9945426288359158e-07,0.0,0.0,5.0,0.2686213310829943,2.384185791015625e-07,1.0728836059570312e-06,4.76837158203125e-07,-2.980232238769531e-07,0.009688603691756725,7.446848035324365,False,False
854,17.080000000000002,-0.11089345812797546,0.153061643242836,4.8091278076171875,0.2890341877937317,-1.7036532184988573e-08,-4.888673466041382e-09,1.0633000329107745e-06,2.337595560675254e-06,8.898432133719325e-05,-1.1276323448328185e-06,-1.071450697054388e-06,-2.1820531515004404e-07,0.0,0.0,5.0,0.2686213310829943,4.76837158203125e-07,-7.152557373046875e-07,3.5762786865234375e-07,1.0728836059570312e-06,0.009688603691756725,7.456536639016122,False,False
855,17.1,-0.11089345812797546,0.153061643242836,4.8091278076171875,0.2890341877937317,-1.6926367862879488e-08,-5.902179633920923e-09,1.0589449175313348e-06,2.338115109523642e-06,8.900987450033426e-05,1.0262851901643444e-06,1.0824668379427749e-06,-1.92446265145918e-07,0.0,0.0,5.0,0.2686213310829943,1.1920928955078125e-07,1.0728836059570312e-06,3.5762786865234375e-07,-3.5762786865234375e-07,0.009688603691756725,7.466225242707878,False,False
856,17.12,-0.11089345812797546,0.153061643242836,4.8091278076171875,0.2890341877937317,-8.512161642215688e-09,-4.262299846402584e-09,1.0567457593424479e-06,2.3378881905955495e-06,8.906156290322542e-05,-8.62311651417258e-07,-2.4107674789775047e-07,-2.4219448846451996e-07,0.0,0.0,5.0,0.2686213310829943,4.76837158203125e-07,-6.556510925292969e-07,2.384185791015625e-07,3.5762786865234375e-07,0.009688603691756725,7.475913846399635,False,False
857,17.14,-0.11089345812797546,0.153061643242836,4.8091278076171875,0.2890341877937317,-4.226779370952727e-09,-6.374564431865792e-09,1.0547877309363685e-06,2.338875447094324e-06,8.898257510736585e-05,6.510881007670832e-07,6.695994443361997e-07,-1.6005925829176704e-07,0.0,0.0,5.0,0.2686213310829943,2.384185791015625e-07,9.5367431640625e-07,3.5762786865234375e-07,-5.960464477539063e-08,0.009688603691756725,7.485602450091392,False,False
858,17.16,-0.11089345812797546,0.153061643242836,4.8091278076171875,0.2890341877937317,6.333412905235036e-09,-2.2119643894313867e-09,1.0547757938184077e-06,2.3395061816700036e-06,8.900812827050686e-05,-2.3485357303343335e-07,3.8638131627521943e-07,-1.8329036777231522e-07,0.0,0.0,5.0,0.2686213310829943,4.76837158203125e-07,3.5762786865234375e-07,1.1920928955078125e-07,1.1920928955078125e-07,0.009688603691756725,7.4952910537831485,False,False
859,17.18,-0.11089345812797546,0.153061643242836,4.8091278076171875,0.2890341877937317,8.215307545356154e-09,-7.104452581785381e-09,1.0560605687714997e-06,2.3407721982948715e-06,8.900754619389772e-05,-2.543802111176774e-07,-1.981986486043752e-07,-1.8230493026294425e-07,0.0,0.0,5.0,0.2686213310829943,3.5762786865234375e-07,0.0,2.384185791015625e-07,3.5762786865234375e-07,0.009688603691756725,7.504979657474905,False,False
860,17.2,-0.11089345812797546,0.153061643242836,4.8091278076171875,0.2890341877937317,4.317100898987292e-09,-6.475632474689519e-09,1.056848645930586e-06,2.3425964172929525e-06,8.900696411728859e-05,3.1726406746201974e-07,-1.9160776787430223e-07,-1.819006598680062e-07,0.0,0.0,5.0,0.2686213310829943,2.384185791015625e-07,4.76837158203125e-07,3.5762786865234375e-07,2.384185791015625e-07,0.009688603691756725,7.514668261166662,False,False
861,17.22,-0.11089345812797546,0.153061643242836,4.8091278076171875,0.2890341877937317,6.662486118358402e-10,-5.976170669441672e-09,1.0570582844593446e-06,2.343743290111888e-06,8.900638204067945e-05,-2.6731584057415603e-07,-1.7346414438179636e-07,-1.8091522235863522e-07,0.0,0.0,5.0,0.2686213310829943,4.76837158203125e-07,1.1920928955078125e-07,2.384185791015625e-07,3.5762786865234375e-07,0.009688603691756725,7.524356864858419,False,False
862,17.240000000000002,-0.11089345812797546,0.153061643242836,4.8091278076171875,0.2890341877937317,-2.7372493160982003e-09,-5.606067166041839e-09,1.056523956322053e-06,2.344966560485773e-06,8.900579996407032e-05,3.043284380055411e-07,-1.668732636517234e-07,-1.8051095196369715e-07,0.0,0.0,5.0,0.2686213310829943,1.1920928955078125e-07,3.5762786865234375e-07,3.5762786865234375e-07,2.384185791015625e-07,0.009688603691756725,7.534045468550175,False,False
863,17.26,-0.11089345812797546,0.153061643242836,4.8091278076171875,0.2890341877937317,-5.89339332890404e-09,-5.365321964490022e-09,1.0554898608461372e-06,2.3455886548617855e-06,8.900521788746119e-05,-2.802514984523441e-07,-1.4872964015921752e-07,-1.7952551445432618e-07,0.0,0.0,5.0,0.2686213310829943,4.76837158203125e-07,1.1920928955078125e-07,3.5762786865234375e-07,4.76837158203125e-07,0.009688603691756725,7.543734072241932,False,False
864,17.28,-0.11089345812797546,0.153061643242836,4.8091278076171875,0.2890341877937317,-5.7884559367948896e-09,-8.26762747152543e-09,1.0538993819864118e-06,2.3465647700504633e-06,8.90307710506022e-05,-9.969003400556176e-09,1.5922302054605098e-07,-1.5490469706946897e-07,0.0,0.0,5.0,0.2686213310829943,2.384185791015625e-07,3.5762786865234375e-07,2.384185791015625e-07,4.76837158203125e-07,0.009688603691756725,7.553422675933689,False,False
865,17.3,-0.11089345812797546,0.153061643242836,4.8091278076171875,0.2890341877937317,-2.5379682799808734e-09,-8.777784721303306e-09,1.0526041478442494e-06,2.3479074116039556e-06,8.903018897399306e-05,-4.104828832396379e-08,1.6581390127612394e-07,-2.0293353486522392e-07,0.0,0.0,5.0,0.2686213310829943,3.5762786865234375e-07,1.1920928955078125e-07,2.384185791015625e-07,3.5762786865234375e-07,0.009688603691756725,7.563111279625446,False,False
866,17.32,-0.11089345812797546,0.153061643242836,4.8091278076171875,0.2890341877937317,8.443419297066157e-10,-3.88210219526286e-09,1.0519795523578068e-06,2.3492718810302904e-06,8.902960689738393e-05,5.305959689394513e-07,1.724047820061969e-07,-2.0252926447028585e-07,0.0,0.0,5.0,0.2686213310829943,2.384185791015625e-07,4.76837158203125e-07,3.5762786865234375e-07,1.1920928955078125e-07,0.009688603691756725,7.572799883317202,False,False
867,17.34,-0.11089345812797546,0.153061643242836,4.8091278076171875,0.2890341877937317,4.474006054522306e-09,8.842209187065464e-10,1.052384618560609e-06,2.349563601455884e-06,8.90290248207748e-05,-5.3984006598284395e-08,1.9054840549870278e-07,-2.0154382696091488e-07,0.0,0.0,5.0,0.2686213310829943,4.76837158203125e-07,1.1920928955078125e-07,3.5762786865234375e-07,2.384185791015625e-07,0.009688603691756725,7.582488487008959,False,False
868,17.36,-0.11089345812797546,0.153061643242836,4.8091278076171875,0.2890341877937317,8.466554568542506e-09,-3.9072914348459165e-10,1.0535687806623173e-06,2.3498423615819775e-06,8.902844274416566e-05,-7.351064112981476e-08,2.0869202899120864e-07,-1.521252954717056e-07,0.0,0.0,5.0,0.2686213310829943,3.5762786865234375e-07,3.5762786865234375e-07,2.384185791015625e-07,4.76837158203125e-07,0.009688603691756725,7.592177090700716,False,False
869,17.38,-0.11089345812797546,0.153061643242836,4.8091278076171875,0.2890341877937317,9.692731950394773e-09,8.419384633917559e-10,1.0553362699283753e-06,2.35042853091727e-06,8.905399590730667e-05,1.9677185036925948e-07,-8.607877077793091e-08,-1.759375720666867e-07,0.0,0.0,5.0,0.2686213310829943,2.384185791015625e-07,4.76837158203125e-07,2.384185791015625e-07,2.384185791015625e-07,0.009688603691756725,7.6018656943924725,False,False
870,17.400000000000002,-0.11089345812797546,0.153061643242836,4.8091278076171875,0.2890341877937317,5.138810266203109e-09,1.5684697984852392e-09,1.05696619812079e-06,2.350567910980317e-06,8.902727859094739e-05,-1.2411653926847066e-07,-3.692969698931847e-07,-1.9916868154723488e-07,0.0,0.0,5.0,0.2686213310829943,4.76837158203125e-07,1.1920928955078125e-07,3.5762786865234375e-07,3.5762786865234375e-07,0.009688603691756725,7.611554298084229,False,False
871,17.42,-0.11089345812797546,0.153061643242836,4.8091278076171875,0.2890341877937317,8.322408318051089e-10,1.788926895507359e-09,1.0575516853350564e-06,2.3504919681727188e-06,8.90528317540884e-05,1.461659309143215e-07,-6.134430918791622e-08,-1.7454786416237766e-07,0.0,0.0,5.0,0.2686213310829943,2.384185791015625e-07,3.5762786865234375e-07,3.5762786865234375e-07,2.384185791015625e-07,0.009688603691756725,7.621242901775986,False,False
872,17.44,-0.11089345812797546,0.153061643242836,4.8091278076171875,0.2890341877937317,-2.1324787768950415e-10,-1.1336664940131413e-09,1.0576987961030682e-06,2.350235035919468e-06,8.905224967747927e-05,-4.384140197544184e-07,-4.320074253882922e-08,-1.735624266530067e-07,0.0,0.0,5.0,0.2686213310829943,3.5762786865234375e-07,-5.960464477539063e-08,2.384185791015625e-07,4.76837158203125e-07,0.009688603691756725,7.630931505467743,False,False
873,17.46,-0.11089345812797546,0.153061643242836,4.8091278076171875,0.2890341877937317,-1.0113824222557355e-09,-4.185618962537774e-09,1.0574004818408866e-06,2.3508437152486295e-06,8.905166760087013e-05,1.3323025882527872e-07,-3.660980496533739e-08,-1.7315815625806863e-07,0.0,0.0,5.0,0.2686213310829943,2.384185791015625e-07,3.5762786865234375e-07,2.384185791015625e-07,2.384185791015625e-07,0.009688603691756725,7.640620109159499,False,False
874,17.48,-0.11089345812797546,0.153061643242836,4.8091278076171875,0.2890341877937317,-4.575889445135317e-09,-4.729953317905711e-09,1.0567864592303522e-06,2.3514587610407034e-06,8.902495028451085e-05,-1.8765813081245142e-07,-3.198279898697365e-07,-1.9638926573861681e-07,0.0,0.0,5.0,0.2686213310829943,4.76837158203125e-07,0.0,3.5762786865234375e-07,4.76837158203125e-07,0.009688603691756725,7.650308712851256,False,False
875,17.5,-0.11089345812797546,0.153061643242836,4.8091278076171875,0.2890341877937317,-7.893042663909e-09,-5.780362855034582e-09,1.0552429330346058e-06,2.352152705498156e-06,8.905050344765186e-05,8.262433937034075e-08,-1.1875329164467985e-08,-1.717684483537596e-07,0.0,0.0,5.0,0.2686213310829943,1.1920928955078125e-07,1.1920928955078125e-07,2.384185791015625e-07,3.5762786865234375e-07,0.009688603691756725,7.659997316543013,False,False
876,17.52,-0.11089345812797546,0.153061643242836,4.8091278076171875,0.2890341877937317,-5.050919682503263e-09,-1.4248698887442401e-09,1.0536559784668498e-06,2.3525647065980593e-06,8.902378613129258e-05,3.5290685218569706e-07,2.960773315408005e-07,-1.9558072494874068e-07,0.0,0.0,5.0,0.2686213310829943,3.5762786865234375e-07,4.76837158203125e-07,2.384185791015625e-07,1.1920928955078125e-07,0.009688603691756725,7.66968592023477,False,False
877,17.54,-0.11089345812797546,0.153061643242836,4.8091278076171875,0.2890341877937317,-4.975169609622299e-09,5.438240968658192e-09,1.0529826113270246e-06,2.3520349259342765e-06,8.902320405468345e-05,3.3338022831230774e-07,-2.885026049170847e-07,-1.945952874393697e-07,0.0,0.0,5.0,0.2686213310829943,2.384185791015625e-07,3.5762786865234375e-07,4.76837158203125e-07,2.384185791015625e-07,0.009688603691756725,7.679374523926526,False,False
878,17.56,-0.11089345812797546,0.153061643242836,4.8091278076171875,0.2890341877937317,-1.056399057119961e-08,6.260017393344697e-09,1.0519595434743678e-06,2.3503475858888123e-06,8.902262197807431e-05,-2.5119970814557746e-07,-2.7035909511141654e-07,-1.9360984992999875e-07,0.0,0.0,5.0,0.2686213310829943,3.5762786865234375e-07,0.0,3.5762786865234375e-07,4.76837158203125e-07,0.009688603691756725,7.689063127618283,False,False
879,17.580000000000002,-0.11089345812797546,0.153061643242836,4.8091278076171875,0.2890341877937317,-1.2891730349906538e-08,3.938743109443976e-09,1.0499549034648226e-06,2.3487687030865345e-06,8.904817514121532e-05,1.90827798007831e-08,3.759356559385196e-08,-1.6898903254514153e-07,0.0,0.0,5.0,0.2686213310829943,2.384185791015625e-07,2.384185791015625e-07,3.5762786865234375e-07,3.5762786865234375e-07,0.009688603691756725,7.69875173131004,False,False
880,17.6,-0.11089345812797546,0.153061643242836,4.8091278076171875,0.2890341877937317,-6.046465106379628e-09,4.009679699379376e-09,1.048130457093066e-06,2.3474030967918225e-06,8.904759306460619e-05,-1.1996502458089253e-08,6.469079494308971e-07,-1.6858476215020346e-07,0.0,0.0,5.0,0.2686213310829943,4.76837158203125e-07,3.5762786865234375e-07,2.384185791015625e-07,1.1920928955078125e-07,0.009688603691756725,7.7084403350017965,False,False
881,17.62,-0.11089345812797546,0.153061643242836,4.8091278076171875,0.2890341877937317,1.0461517208071314e-09,3.5745411075538414e-09,1.0479725460754707e-06,2.3465679532819195e-06,8.904701098799706e-05,-3.152314675958223e-08,6.232794191873836e-08,-1.675993246408325e-07,0.0,0.0,5.0,0.2686213310829943,2.384185791015625e-07,2.384185791015625e-07,2.384185791015625e-07,3.5762786865234375e-07,0.009688603691756725,7.718128938693553,False,False
882,17.64,-0.11089345812797546,0.153061643242836,4.8091278076171875,0.2890341877937317,5.372395417424514e-09,5.647019296617373e-09,1.048656031343853e-06,2.3459447220375296e-06,8.902029367163777e-05,2.387593269759236e-07,3.702806168348616e-07,-1.9141160123581358e-07,0.0,0.0,5.0,0.2686213310829943,3.5762786865234375e-07,3.5762786865234375e-07,3.5762786865234375e-07,0.0,0.009688603691756725,7.72781754238531,False,False
883,17.66,-0.11089345812797546,0.153061643242836,4.8091278076171875,0.2890341877937317,9.945992474058585e-09,7.590140960189729e-09,1.0505193586141104e-06,2.3450736534869066e-06,8.904584683477879e-05,-4.445883661219341e-08,8.706241771960777e-08,-1.6620961673652346e-07,0.0,0.0,5.0,0.2686213310829943,2.384185791015625e-07,2.384185791015625e-07,3.5762786865234375e-07,2.384185791015625e-07,0.009688603691756725,7.737506146077067,False,False
884,17.68,-0.11089345812797546,0.153061643242836,4.8091278076171875,0.2890341877937317,1.4882473031718746e-08,3.4919889202456034e-09,1.053051050803333e-06,2.3445320493920008e-06,8.90191295184195e-05,-3.653472333553509e-07,4.0656772171132616e-07,-1.4100763223723334e-07,0.0,0.0,5.0,0.2686213310829943,4.76837158203125e-07,3.5762786865234375e-07,1.1920928955078125e-07,2.384185791015625e-07,0.009688603691756725,7.747194749768823,False,False
885,17.7,-0.11089345812797546,0.153061643242836,4.8091278076171875,0.2890341877937317,1.7168112265153468e-08,-4.010459520031873e-09,1.0562316674622707e-06,2.3454285837942734e-06,8.901854744181037e-05,-3.8487385722874023e-07,-1.7801224316826847e-07,-1.4002219472786237e-07,0.0,0.0,5.0,0.2686213310829943,3.5762786865234375e-07,2.384185791015625e-07,2.384185791015625e-07,4.76837158203125e-07,0.009688603691756725,7.75688335346058,False,False
886,17.72,-0.11089345812797546,0.153061643242836,4.8091278076171875,0.2890341877937317,1.3673649768009e-08,-5.991600549037912e-09,1.0588456689220038e-06,2.3473958208342083e-06,8.901796536520123e-05,1.867704213509569e-07,-1.714213624381955e-07,-1.396179243329243e-07,0.0,0.0,5.0,0.2686213310829943,1.1920928955078125e-07,4.76837158203125e-07,3.5762786865234375e-07,3.5762786865234375e-07,0.009688603691756725,7.766571957152337,False,False
887,17.740000000000002,-0.11089345812797546,0.153061643242836,4.8091278076171875,0.2890341877937317,1.3324735981257163e-08,-5.20387688496271e-09,1.0610045819703373e-06,2.349095211684471e-06,8.904351852834225e-05,-1.0800037841818266e-07,1.36531298267073e-07,-1.634302009279054e-07,0.0,0.0,5.0,0.2686213310829943,2.384185791015625e-07,2.384185791015625e-07,2.384185791015625e-07,3.5762786865234375e-07,0.009688603691756725,7.776260560844094,False,False
888,17.76,-0.11089345812797546,0.153061643242836,4.8091278076171875,0.2890341877937317,1.9135100615130796e-08,-4.660980046367058e-09,1.063590957528504e-06,2.350971726627904e-06,8.901680121198297e-05,1.6228210597546422e-07,4.444839589723415e-07,-1.8724247752288647e-07,0.0,0.0,5.0,0.2686213310829943,4.76837158203125e-07,4.76837158203125e-07,2.384185791015625e-07,0.0,0.009688603691756725,7.78594916453585,False,False
889,17.78,-0.11089345812797546,0.153061643242836,4.8091278076171875,0.2890341877937317,2.2179090564122816e-08,-1.6104666489269448e-09,1.0674361874407623e-06,2.3527895791630726e-06,8.901621913537383e-05,1.427554821020749e-07,-1.400959774855437e-07,-1.862570400135155e-07,0.0,0.0,5.0,0.2686213310829943,3.5762786865234375e-07,4.76837158203125e-07,2.384185791015625e-07,1.1920928955078125e-07,0.009688603691756725,7.795637768227607,False,False
890,17.8,-0.11089345812797546,0.153061643242836,4.8091278076171875,0.2890341877937317,1.3531052722726145e-08,1.0493800273181364e-09,1.0710529068092e-06,2.353950094402535e-06,8.90156370587647e-05,1.2322885822868557e-07,-7.246759992085572e-07,-1.8527160250414454e-07,0.0,0.0,5.0,0.2686213310829943,1.1920928955078125e-07,3.5762786865234375e-07,3.5762786865234375e-07,4.76837158203125e-07,0.009688603691756725,7.805326371919364,False,False
891,17.82,-0.11089345812797546,0.153061643242836,4.8091278076171875,0.2890341877937317,2.1166446373399594e-09,5.661143220869747e-10,1.0726373602665262e-06,2.3541504106106004e-06,8.904119022190571e-05,-1.71541941540454e-07,-4.167233385032887e-07,-2.0908387909912562e-07,0.0,0.0,5.0,0.2686213310829943,3.5762786865234375e-07,1.1920928955078125e-07,3.5762786865234375e-07,4.76837158203125e-07,0.009688603691756725,7.8150149756111205,False,False
892,17.84,-0.11089345812797546,0.153061643242836,4.8091278076171875,0.2890341877937317,-3.138487025822201e-09,-1.6197965191366848e-10,1.07249695702194e-06,2.3541488189948723e-06,8.906674338504672e-05,9.874052153691082e-08,-1.0877067779802019e-07,-1.844630617142684e-07,0.0,0.0,5.0,0.2686213310829943,2.384185791015625e-07,3.5762786865234375e-07,2.384185791015625e-07,2.384185791015625e-07,0.009688603691756725,7.824703579302877,False,False
893,17.86,-0.11089345812797546,0.153061643242836,4.8091278076171875,0.2890341877937317,-8.146264995900765e-09,-1.396147863985675e-09,1.0715722282839124e-06,2.353909621888306e-06,8.904002606868744e-05,-2.2214786099539197e-07,-3.919888911241287e-07,-2.076941711948166e-07,0.0,0.0,5.0,0.2686213310829943,3.5762786865234375e-07,0.0,3.5762786865234375e-07,4.76837158203125e-07,0.009688603691756725,7.834392182994634,False,False
894,17.88,-0.11089345812797546,0.153061643242836,4.8091278076171875,0.2890341877937317,-1.2906689939029548e-08,-3.136389814528684e-09,1.069407971954206e-06,2.3537984361610143e-06,8.906557923182845e-05,4.8134626950968595e-08,-8.403623041886021e-08,-1.8307335380995937e-07,0.0,0.0,5.0,0.2686213310829943,2.384185791015625e-07,2.384185791015625e-07,2.384185791015625e-07,3.5762786865234375e-07,0.009688603691756725,7.844080786686391,False,False
895,17.900000000000002,-0.11089345812797546,0.153061643242836,4.8091278076171875,0.2890341877937317,-1.150783734971128e-08,5.292695171021933e-10,1.066890263246023e-06,2.3534544197900686e-06,8.903886191546917e-05,3.1841713621361123e-07,2.2391643028640829e-07,-2.0688563040494046e-07,0.0,0.0,5.0,0.2686213310829943,2.384185791015625e-07,4.76837158203125e-07,2.384185791015625e-07,2.384185791015625e-07,0.009688603691756725,7.853769390378147,False,False
896,17.92,-0.11089345812797546,0.153061643242836,4.8091278076171875,0.2890341877937317,-9.861629735041788e-09,3.6888552212843706e-09,1.0650851436366793e-06,2.3524187326984247e-06,8.901214459910989e-05,-2.4712620838585053e-09,-5.9301736854422415e-08,-2.3011673988548864e-07,0.0,0.0,5.0,0.2686213310829943,3.5762786865234375e-07,2.384185791015625e-07,3.5762786865234375e-07,2.384185791015625e-07,0.009688603691756725,7.863457994069904,False,False
897,17.94,-0.11089345812797546,0.153061643242836,4.8091278076171875,0.2890341877937317,-1.0866265220954574e-08,3.4441456353562216e-09,1.0633443707774859e-06,2.351161128899548e-06,8.901156252250075e-05,-2.199790394286083e-08,-4.115817020533541e-08,-1.8069820839627937e-07,0.0,0.0,5.0,0.2686213310829943,3.5762786865234375e-07,3.5762786865234375e-07,3.5762786865234375e-07,3.5762786865234375e-07,0.009688603691756725,7.873146597761661,False,False
898,17.96,-0.11089345812797546,0.153061643242836,4.8091278076171875,0.2890341877937317,-1.1623546569694554e-08,3.070076637357033e-09,1.0614193115543458e-06,2.349919668631628e-06,8.906325092539191e-05,-1.5406966369369002e-08,-3.456723263184358e-08,-1.802939380013413e-07,0.0,0.0,5.0,0.2686213310829943,3.5762786865234375e-07,2.384185791015625e-07,3.5762786865234375e-07,3.5762786865234375e-07,0.009688603691756725,7.8828352014534175,False,False
899,17.98,-0.11089345812797546,0.153061643242836,4.8091278076171875,0.2890341877937317,-9.235276543506643e-09,5.464869445859222e-09,1.059540295500483e-06,2.3486086320190225e-06,8.908880408853292e-05,2.5487551624792104e-07,2.7338543873156596e-07,-1.5567312061648408e-07,0.0,0.0,5.0,0.2686213310829943,0.0,5.960464477539062e-07,2.384185791015625e-07,2.384185791015625e-07,0.009688603691756725,7.892523805145174,False,False
900,18.0,-0.11089345812797546,0.153061643242836,4.8091278076171875,0.2890341877937317,-9.613380314021924e-09,4.716550261463226e-09,1.0582933782643522e-06,2.3469901861972176e-06,8.908822201192379e-05,-3.297044486316736e-07,-3.1119449772631924e-07,-2.0312077708695142e-07,0.0,0.0,5.0,0.2686213310829943,2.384185791015625e-07,-5.960464477539063e-08,3.5762786865234375e-07,3.5762786865234375e-07,0.009688603691756725,7.902212408836931,False,False
901,18.02,-0.11089345812797546,0.153061643242836,4.8091278076171875,0.2890341877937317,-9.7441299473644e-09,-2.1885731005255593e-09,1.0563843488853308e-06,2.3460652300855145e-06,8.908763993531466e-05,-3.607837015806581e-07,2.981199429541448e-07,-2.0271650669201335e-07,0.0,0.0,5.0,0.2686213310829943,4.76837158203125e-07,-5.960464477539063e-08,1.1920928955078125e-07,2.384185791015625e-07,0.009688603691756725,7.911901012528688,False,False
902,18.04,-0.11089345812797546,0.153061643242836,4.8091278076171875,0.2890341877937317,-6.61379839783649e-09,-6.58601617686827e-09,1.0546410749157076e-06,2.3464833702746546e-06,8.906092261895537e-05,-7.89485596897066e-08,1.4901766931529892e-08,-1.7751452219272323e-07,0.0,0.0,5.0,0.2686213310829943,2.384185791015625e-07,1.1920928955078125e-07,2.384185791015625e-07,3.5762786865234375e-07,0.009688603691756725,7.921589616220444,False,False
903,18.06,-0.11089345812797546,0.153061643242836,4.8091278076171875,0.2890341877937317,-3.2361138213587992e-09,-5.4620890033163505e-09,1.0532146461628145e-06,2.3473974124499364e-06,8.903420530259609e-05,1.9133392470394028e-07,3.228544187550142e-07,-2.0132679878770432e-07,0.0,0.0,5.0,0.2686213310829943,2.384185791015625e-07,3.5762786865234375e-07,2.384185791015625e-07,0.0,0.009688603691756725,7.931278219912201,False,False
904,18.080000000000002,-0.11089345812797546,0.153061643242836,4.8091278076171875,0.2890341877937317,3.889246980026684e-10,-4.8442361233469455e-09,1.052730908668309e-06,2.3482084543502424e-06,8.900748798623681e-05,-1.2955446493378986e-07,3.96362338506151e-08,-2.245579082682525e-07,0.0,0.0,5.0,0.2686213310829943,4.76837158203125e-07,1.1920928955078125e-07,3.5762786865234375e-07,2.384185791015625e-07,0.009688603691756725,7.940966823603958,False,False
905,18.1,-0.11089345812797546,0.153061643242836,4.8091278076171875,0.2890341877937317,1.3631203943376136e-09,-7.630678311443262e-09,1.0525412790229893e-06,2.3493864773627138e-06,8.900690590962768e-05,-1.4908108880717919e-07,5.7779800499702105e-08,-1.7513937677904323e-07,0.0,0.0,5.0,0.2686213310829943,4.76837158203125e-07,2.384185791015625e-07,2.384185791015625e-07,4.76837158203125e-07,0.009688603691756725,7.950655427295715,False,False
906,18.12,-0.11089345812797546,0.153061643242836,4.8091278076171875,0.2890341877937317,2.5846702556009404e-09,-4.895749139421923e-09,1.05248386716994e-06,2.3508785034209723e-06,8.900632383301854e-05,4.2256317556166323e-07,6.437073807319393e-08,-1.7473510638410517e-07,0.0,0.0,5.0,0.2686213310829943,2.384185791015625e-07,4.76837158203125e-07,3.5762786865234375e-07,2.384185791015625e-07,0.009688603691756725,7.960344030987471,False,False
907,18.14,-0.11089345812797546,0.153061643242836,4.8091278076171875,0.2890341877937317,4.053574809148586e-09,-2.290179379471624e-09,1.05292895113962e-06,2.3515835891885217e-06,8.90057417564094e-05,-1.620167893179314e-07,8.251430472228094e-08,-1.737496688747342e-07,0.0,0.0,5.0,0.2686213310829943,4.76837158203125e-07,2.384185791015625e-07,2.384185791015625e-07,3.5762786865234375e-07,0.009688603691756725,7.970032634679228,False,False
908,18.16,-0.11089345812797546,0.153061643242836,4.8091278076171875,0.2890341877937317,5.769832611690617e-09,1.860312182078161e-10,1.0537105481489561e-06,2.3522545689047547e-06,8.900515967980027e-05,4.0962748926176573e-07,8.910524229577277e-08,-1.7334539847979613e-07,0.0,0.0,5.0,0.2686213310829943,2.384185791015625e-07,5.960464477539062e-07,3.5762786865234375e-07,2.384185791015625e-07,0.009688603691756725,7.979721238370985,False,False
909,18.18,-0.11089345812797546,0.153061643242836,4.8091278076171875,0.2890341877937317,4.719717505707877e-09,-4.808696218994157e-10,1.054872086569958e-06,2.3523241452494403e-06,8.903071284294128e-05,-4.7631417032789614e-07,-1.941129283977716e-07,-1.9657650796034432e-07,0.0,0.0,5.0,0.2686213310829943,5.960464477539062e-07,-1.7881393432617188e-07,2.384185791015625e-07,3.5762786865234375e-07,0.009688603691756725,7.9894098420627415,False,False
910,18.2,-0.11089345812797546,0.153061643242836,4.8091278076171875,0.2890341877937317,4.670388964456151e-09,5.880469000629773e-09,1.0556201459621661e-06,2.3526088170910953e-06,8.899095701053739e-05,1.1124258207928506e-06,1.8918017019586841e-07,-1.11414259151843e-07,0.0,0.0,5.0,0.2686213310829943,-1.7881393432617188e-07,1.1920928955078125e-06,4.76837158203125e-07,2.384185791015625e-07,0.009688603691756725,7.999098445754498,False,False
911,18.22,-0.11089345812797546,0.153061643242836,4.8091278076171875,0.2890341877937317,6.375275418690762e-09,5.708303607576681e-09,1.0572331348157604e-06,2.3511474864790216e-06,8.90165101736784e-05,-1.1296435786789516e-06,-1.8697582149229675e-08,-2.557281959525426e-07,0.0,0.0,5.0,0.2686213310829943,9.5367431640625e-07,-6.556510925292969e-07,2.384185791015625e-07,3.5762786865234375e-07,0.009688603691756725,8.008787049446255,False,False
912,18.240000000000002,-0.11089345812797546,0.153061643242836,4.8091278076171875,0.2890341877937317,1.2094675483353967e-08,1.2629505219408088e-09,1.058758584804309e-06,2.3514403437729925e-06,8.896365761756897e-05,6.85117811372038e-07,5.906168212277407e-07,-1.493764187898705e-07,0.0,0.0,5.0,0.2686213310829943,3.5762786865234375e-07,1.0728836059570312e-06,3.5762786865234375e-07,0.0,0.009688603691756725,8.018475653138012,False,False
913,18.26,-0.11089345812797546,0.153061643242836,4.8091278076171875,0.2890341877937317,1.1280544498504241e-08,2.7156132897943053e-09,1.061574380400998e-06,2.351477633055765e-06,8.908065501600504e-05,-5.398557618718769e-07,-6.720269993820693e-07,-2.0590526617070282e-07,0.0,0.0,5.0,0.2686213310829943,2.384185791015625e-07,-3.5762786865234375e-07,2.384185791015625e-07,5.960464477539062e-07,0.009688603691756725,8.028164256829768,False,False
914,18.28,-0.11089345812797546,0.153061643242836,4.8091278076171875,0.2890341877937317,7.58451079718725e-09,1.2863473619617594e-09,1.0631223403834156e-06,2.351824377910816e-06,8.905393769964576e-05,3.969379918089544e-07,3.024370300863666e-07,-2.242446583977653e-07,0.0,0.0,5.0,0.2686213310829943,3.5762786865234375e-07,5.960464477539062e-07,2.384185791015625e-07,0.0,0.009688603691756725,8.037852860521525,False,False
915,18.3,-0.11089345812797546,0.153061643242836,4.8091278076171875,0.2890341877937317,4.77373074403431e-09,6.393074070132343e-09,1.0648135457813623e-06,2.3515115117334062e-06,8.907949086278677e-05,1.1371977848284587e-07,-5.835046295032953e-07,-2.4747581051087764e-07,0.0,0.0,5.0,0.2686213310829943,1.1920928955078125e-07,1.1920928955078125e-07,3.5762786865234375e-07,3.5762786865234375e-07,0.009688603691756725,8.047541464213282,False,False
916,18.32,-0.11089345812797546,0.153061643242836,4.8091278076171875,0.2890341877937317,-8.034208853757718e-10,8.356685121668761e-09,1.0654727020664723e-06,2.3502127532992745e-06,8.907890878617764e-05,8.264052553386136e-08,2.580978275545931e-08,-2.4707154011593957e-07,0.0,0.0,5.0,0.2686213310829943,2.384185791015625e-07,1.1920928955078125e-07,3.5762786865234375e-07,1.1920928955078125e-07,0.009688603691756725,8.057230067905039,False,False
917,18.34,-0.11089345812797546,0.153061643242836,4.8091278076171875,0.2890341877937317,2.9079634256135023e-09,6.800595198086512e-09,1.0659872486940003e-06,2.3486866211896995e-06,8.905219146981835e-05,-2.3824786410386878e-07,3.453151009580324e-07,-2.2186952719494002e-07,0.0,0.0,5.0,0.2686213310829943,4.76837158203125e-07,1.1920928955078125e-07,2.384185791015625e-07,0.0,0.009688603691756725,8.066918671596795,False,False
918,18.36,-0.11089345812797546,0.153061643242836,4.8091278076171875,0.2890341877937317,6.982230793539657e-09,4.853963453399501e-09,1.0672634971342632e-06,2.3479428818973247e-06,8.902547415345907e-05,4.3587238707232245e-08,6.209690184277861e-08,-1.966675426956499e-07,0.0,0.0,5.0,0.2686213310829943,3.5762786865234375e-07,3.5762786865234375e-07,3.5762786865234375e-07,1.1920928955078125e-07,0.009688603691756725,8.076607275288552,False,False
919,18.38,-0.11089345812797546,0.153061643242836,4.8091278076171875,0.2890341877937317,5.391929569498188e-09,2.89344237458522e-09,1.0687824669730617e-06,2.347481768083526e-06,8.905102731660008e-05,-2.396309355390258e-07,-2.2112126885076577e-07,-1.7146555819635978e-07,0.0,0.0,5.0,0.2686213310829943,1.1920928955078125e-07,1.1920928955078125e-07,2.384185791015625e-07,3.5762786865234375e-07,0.009688603691756725,8.086295878980309,False,False
920,18.400000000000002,-0.11089345812797546,0.153061643242836,4.8091278076171875,0.2890341877937317,4.048981150361897e-09,8.035619947222017e-10,1.0696769550122553e-06,2.3474333374906564e-06,8.90243100002408e-05,3.065155240733475e-08,8.683139185450273e-08,-1.9527783479134087e-07,0.0,0.0,5.0,0.2686213310829943,3.5762786865234375e-07,3.5762786865234375e-07,3.5762786865234375e-07,2.384185791015625e-07,0.009688603691756725,8.095984482672065,False,False
921,18.42,-0.11089345812797546,0.153061643242836,4.8091278076171875,0.2890341877937317,2.953387090443016e-09,-1.4156775751672512e-09,1.0704522992455168e-06,2.3476031856262125e-06,8.904986316338181e-05,-2.525666218389233e-07,-1.9638677883904165e-07,-1.7007585029205075e-07,0.0,0.0,5.0,0.2686213310829943,2.384185791015625e-07,1.1920928955078125e-07,2.384185791015625e-07,4.76837158203125e-07,0.009688603691756725,8.105673086363822,False,False
922,18.44,-0.11089345812797546,0.153061643242836,4.8091278076171875,0.2890341877937317,2.1051471676969413e-09,-3.764275113837812e-09,1.0706816055972013e-06,2.348262114537647e-06,8.902314584702253e-05,1.771586610743725e-08,1.1156588186622685e-07,-1.9388812688703183e-07,0.0,0.0,5.0,0.2686213310829943,4.76837158203125e-07,2.384185791015625e-07,2.384185791015625e-07,3.5762786865234375e-07,0.009688603691756725,8.115361690055579,False,False
923,18.46,-0.11089345812797546,0.153061643242836,4.8091278076171875,0.2890341877937317,4.402457953744943e-09,2.3067197041370946e-09,1.0711499953686143e-06,2.3488205442845356e-06,8.90225637704134e-05,5.89360126923566e-07,1.1815681943971867e-07,-1.9348385649209376e-07,0.0,0.0,5.0,0.2686213310829943,2.384185791015625e-07,7.152557373046875e-07,2.384185791015625e-07,1.1920928955078125e-07,0.009688603691756725,8.125050293747336,False,False
924,18.48,-0.11089345812797546,0.153061643242836,4.8091278076171875,0.2890341877937317,9.196686190371395e-10,8.248293603685397e-09,1.072199665941298e-06,2.3479319679609034e-06,8.902198169380426e-05,4.780135842707978e-09,-4.6642315965073067e-07,-2.409315129625611e-07,0.0,0.0,5.0,0.2686213310829943,3.5762786865234375e-07,0.0,4.76837158203125e-07,3.5762786865234375e-07,0.009688603691756725,8.134738897439092,False,False
925,18.5,-0.11089345812797546,0.153061643242836,4.8091278076171875,0.2890341877937317,-5.329495955663788e-09,1.1046754622157096e-08,1.0722683327912819e-06,2.3461041109840153e-06,8.904753485694528e-05,2.750626322267635e-07,-1.5847049894546217e-07,-2.1631069557770388e-07,0.0,0.0,5.0,0.2686213310829943,3.5762786865234375e-07,3.5762786865234375e-07,3.5762786865234375e-07,1.1920928955078125e-07,0.009688603691756725,8.14442750113085,False,False
926,18.52,-0.11089345812797546,0.153061643242836,4.8091278076171875,0.2890341877937317,-1.1331306559725363e-08,1.3715858671048409e-08,1.0715685903051053e-06,2.3433005935658002e-06,8.907308802008629e-05,-8.155543795851372e-09,-4.416887406932801e-07,-1.9110871107841376e-07,0.0,0.0,5.0,0.2686213310829943,1.1920928955078125e-07,1.1920928955078125e-07,3.5762786865234375e-07,3.5762786865234375e-07,0.009688603691756725,8.154116104822606,False,False
927,18.54,-0.11089345812797546,0.153061643242836,4.8091278076171875,0.2890341877937317,-1.4072036869094973e-08,1.3241911567263287e-08,1.0697823427108233e-06,2.3399941255775047e-06,8.907250594347715e-05,-3.9234826942902146e-08,1.676256999871839e-07,-1.907044406834757e-07,0.0,0.0,5.0,0.2686213310829943,2.384185791015625e-07,3.5762786865234375e-07,2.384185791015625e-07,1.1920928955078125e-07,0.009688603691756725,8.163804708514363,False,False
928,18.56,-0.11089345812797546,0.153061643242836,4.8091278076171875,0.2890341877937317,-1.3551686883772618e-08,9.248195986799601e-09,1.0679383422029787e-06,2.3369852897303645e-06,8.904578862711787e-05,-3.6012320947520493e-07,-1.1559247070636047e-07,-2.1393555016402388e-07,0.0,0.0,5.0,0.2686213310829943,3.5762786865234375e-07,0.0,2.384185791015625e-07,3.5762786865234375e-07,0.009688603691756725,8.17349331220612,False,False
929,18.580000000000002,-0.11089345812797546,0.153061643242836,4.8091278076171875,0.2890341877937317,-1.5797708030618196e-08,7.76209940767103e-09,1.0656311815182562e-06,2.3347313344856957e-06,8.904520655050874e-05,2.115210691044922e-07,-1.0900153313286864e-07,-2.1353127976908581e-07,0.0,0.0,5.0,0.2686213310829943,1.1920928955078125e-07,3.5762786865234375e-07,3.5762786865234375e-07,2.384185791015625e-07,0.009688603691756725,8.183181915897876,False,False
930,18.6,-0.11089345812797546,0.153061643242836,4.8091278076171875,0.2890341877937317,-1.7796375928469388e-08,6.146644082605235e-09,1.0629385087668197e-06,2.3322900233324617e-06,8.90446244738996e-05,-3.73058867353393e-07,-9.085796648378164e-08,-2.1254584225971485e-07,0.0,0.0,5.0,0.2686213310829943,3.5762786865234375e-07,-5.960464477539063e-08,2.384185791015625e-07,3.5762786865234375e-07,0.009688603691756725,8.192870519589633,False,False
931,18.62,-0.11089345812797546,0.153061643242836,4.8091278076171875,0.2890341877937317,-1.9547689689147774e-08,4.4018304556914245e-09,1.0596940001050825e-06,2.3304155547521077e-06,8.904404239729047e-05,1.9858541122630413e-07,-8.426702891028981e-08,-2.1214157186477678e-07,0.0,0.0,5.0,0.2686213310829943,2.384185791015625e-07,2.384185791015625e-07,3.5762786865234375e-07,2.384185791015625e-07,0.009688603691756725,8.20255912328139,False,False
932,18.64,-0.11089345812797546,0.153061643242836,4.8091278076171875,0.2890341877937317,-1.8037923155134195e-08,5.164699778958948e-09,1.056337737281865e-06,2.3283405425900128e-06,8.901732508093119e-05,-1.22302978411426e-07,2.35238303503138e-07,-1.8693958736548666e-07,0.0,0.0,5.0,0.2686213310829943,3.5762786865234375e-07,1.1920928955078125e-07,3.5762786865234375e-07,2.384185791015625e-07,0.009688603691756725,8.212247726973146,False,False
933,18.66,-0.11089345812797546,0.153061643242836,4.8091278076171875,0.2890341877937317,-1.3151544742129317e-08,2.52333220984724e-09,1.0535679848544532e-06,2.3266895823326195e-06,8.901674300432205e-05,-1.4182960228481534e-07,2.533818417305156e-07,-1.375210558762774e-07,0.0,0.0,5.0,0.2686213310829943,2.384185791015625e-07,2.384185791015625e-07,2.384185791015625e-07,4.76837158203125e-07,0.009688603691756725,8.221936330664903,False,False
934,18.68,-0.11089345812797546,0.153061643242836,4.8091278076171875,0.2890341877937317,-5.004085146254056e-09,2.389644038203187e-09,1.0517829878153862e-06,2.3257450720848283e-06,8.899002568796277e-05,1.2845286789797683e-07,5.613345024357841e-07,-1.6133333247125847e-07,0.0,0.0,5.0,0.2686213310829943,2.384185791015625e-07,4.76837158203125e-07,2.384185791015625e-07,0.0,0.009688603691756725,8.23162493435666,False,False
935,18.7,-0.11089345812797546,0.153061643242836,4.8091278076171875,0.2890341877937317,3.3907294749724315e-09,1.7498819060435267e-09,1.0517672990317806e-06,2.3252005121321417e-06,8.896330837160349e-05,-1.924355217397533e-07,2.7811628910967556e-07,-1.8456444195180666e-07,0.0,0.0,5.0,0.2686213310829943,4.76837158203125e-07,2.384185791015625e-07,2.384185791015625e-07,2.384185791015625e-07,0.009688603691756725,8.241313538048416,False,False
936,18.72,-0.11089345812797546,0.153061643242836,4.8091278076171875,0.2890341877937317,6.120972617651432e-09,7.195149476224572e-10,1.0527636504775728e-06,2.32532534027996e-06,8.893659105524421e-05,8.939959172948875e-08,-5.101886468850125e-09,-1.5936245745251654e-07,0.0,0.0,5.0,0.2686213310829943,1.1920928955078125e-07,4.76837158203125e-07,3.5762786865234375e-07,3.5762786865234375e-07,0.009688603691756725,8.251002141740173,False,False
937,18.740000000000002,-0.11089345812797546,0.153061643242836,4.8091278076171875,0.2890341877937317,9.09856989750324e-09,-4.4021089551371517e-10,1.0541035635469598e-06,2.325581363038509e-06,8.896214421838522e-05,-2.053712080396508e-07,3.028507933322544e-07,-1.8317473404749762e-07,0.0,0.0,5.0,0.2686213310829943,4.76837158203125e-07,2.384185791015625e-07,1.1920928955078125e-07,2.384185791015625e-07,0.009688603691756725,8.26069074543193,False,False
938,18.76,-0.11089345812797546,0.153061643242836,4.8091278076171875,0.2890341877937317,1.2323520870438642e-08,-1.7292955956094147e-09,1.056085352502123e-06,2.326470848856843e-06,8.893542690202594e-05,7.646390542959125e-08,1.96326173096395e-08,-1.579727495482075e-07,0.0,0.0,5.0,0.2686213310829943,2.384185791015625e-07,4.76837158203125e-07,3.5762786865234375e-07,3.5762786865234375e-07,0.009688603691756725,8.270379349123687,False,False
939,18.78,-0.11089345812797546,0.153061643242836,4.8091278076171875,0.2890341877937317,1.579582686872527e-08,-3.147739180420217e-09,1.0584892606857466e-06,2.3275676994671812e-06,8.896098006516695e-05,-2.183068943395483e-07,3.275852691331238e-07,-1.817850261431886e-07,0.0,0.0,5.0,0.2686213310829943,4.76837158203125e-07,1.1920928955078125e-07,2.384185791015625e-07,0.0,0.009688603691756725,8.280067952815443,False,False
940,18.8,-0.11089345812797546,0.153061643242836,4.8091278076171875,0.2890341877937317,1.9515486116006286e-08,-4.6955404009452195e-09,1.0616134886731743e-06,2.3293746380659286e-06,8.893426274880767e-05,6.352821912969375e-08,4.436708422872471e-08,-1.5658304164389847e-07,0.0,0.0,5.0,0.2686213310829943,2.384185791015625e-07,4.76837158203125e-07,2.384185791015625e-07,3.5762786865234375e-07,0.009688603691756725,8.2897565565072,False,False
941,18.82,-0.11089345812797546,0.153061643242836,4.8091278076171875,0.2890341877937317,2.046876623751359e-08,-3.7357268389826e-09,1.0651237971615046e-06,2.3312834400712745e-06,8.893368067219853e-05,3.244893775899982e-08,5.0958021802216535e-08,-2.046118652287987e-07,0.0,0.0,5.0,0.2686213310829943,5.960464477539062e-07,4.76837158203125e-07,3.5762786865234375e-07,1.1920928955078125e-07,0.009688603691756725,8.299445160198957,False,False
942,18.84,-0.11089345812797546,0.153061643242836,4.8091278076171875,0.2890341877937317,1.5641949957512225e-08,-2.9053335293127702e-09,1.0685662346077152e-06,2.3330035219260026e-06,8.898536907508969e-05,5.0592504408086825e-08,-5.336219714990875e-07,-1.5519333373958943e-07,0.0,0.0,5.0,0.2686213310829943,0.0,3.5762786865234375e-07,3.5762786865234375e-07,5.960464477539062e-07,0.009688603691756725,8.309133763890713,False,False
943,18.86,-0.11089345812797546,0.153061643242836,4.8091278076171875,0.2890341877937317,1.094695711856275e-08,-1.9431141140557884e-09,1.0707988167268923e-06,2.3341742689808598e-06,8.903705747798085e-05,4.5630812905983476e-08,6.413984010578133e-08,-2.038034381257603e-07,0.0,0.0,5.0,0.2686213310829943,3.5762786865234375e-07,2.384185791015625e-07,2.384185791015625e-07,2.384185791015625e-07,0.009688603691756725,8.31882236758247,False,False
944,18.88,-0.11089345812797546,0.153061643242836,4.8091278076171875,0.2890341877937317,9.397517430898006e-09,1.7879675517917804e-09,1.0727743529059808e-06,2.334919827262638e-06,8.901034016162157e-05,3.2746595479693497e-07,-2.1907833058776305e-07,-1.7860145362647017e-07,0.0,0.0,5.0,0.2686213310829943,1.1920928955078125e-07,4.76837158203125e-07,3.5762786865234375e-07,1.1920928955078125e-07,0.009688603691756725,8.328510971274227,False,False
945,18.900000000000002,-0.11089345812797546,0.153061643242836,4.8091278076171875,0.2890341877937317,5.1972333103833535e-09,2.491468142906683e-09,1.0743613074737368e-06,2.334766350031714e-06,8.900975808501244e-05,-2.5711398166095023e-07,-2.0093470709525718e-07,-1.776160161170992e-07,0.0,0.0,5.0,0.2686213310829943,2.384185791015625e-07,2.384185791015625e-07,2.384185791015625e-07,3.5762786865234375e-07,0.009688603691756725,8.338199574965984,False,False
946,18.92,-0.11089345812797546,0.153061643242836,4.8091278076171875,0.2890341877937317,4.258031260917505e-09,5.191875054877393e-11,1.0752213484011008e-06,2.3348211470874958e-06,8.898304076865315e-05,1.3168513390837688e-08,1.0701795361001132e-07,-2.014282927120803e-07,0.0,0.0,5.0,0.2686213310829943,4.76837158203125e-07,4.76837158203125e-07,3.5762786865234375e-07,2.384185791015625e-07,0.009688603691756725,8.34788817865774,False,False
947,18.94,-0.11089345812797546,0.153061643242836,4.8091278076171875,0.2890341877937317,3.566183570669068e-09,-2.5169895057075564e-09,1.0760186341940425e-06,2.3351826712314505e-06,8.900859393179417e-05,-2.7004966796084773e-07,-1.7620021708353306e-07,-1.7622630821279017e-07,0.0,0.0,5.0,0.2686213310829943,3.5762786865234375e-07,2.384185791015625e-07,2.384185791015625e-07,3.5762786865234375e-07,0.009688603691756725,8.357576782349497,False,False
948,18.96,-0.11089345812797546,0.153061643242836,4.8091278076171875,0.2890341877937317,1.079619449395608e-10,-2.201564708315118e-09,1.0762172450995422e-06,2.3359209535556147e-06,8.900801185518503e-05,3.015946106188494e-07,-1.696093363534601e-07,-1.758220378178521e-07,0.0,0.0,5.0,0.2686213310829943,1.1920928955078125e-07,4.76837158203125e-07,3.5762786865234375e-07,3.5762786865234375e-07,0.009688603691756725,8.367265386041254,False,False
949,18.98,-0.11089345812797546,0.153061643242836,4.8091278076171875,0.2890341877937317,-2.047095548629585e-10,8.827237274466881e-10,1.0760961686173687e-06,2.335960516575142e-06,8.903356501832604e-05,6.823804632460906e-09,1.383433243518084e-07,-1.996343144128332e-07,0.0,0.0,5.0,0.2686213310829943,3.5762786865234375e-07,3.5762786865234375e-07,2.384185791015625e-07,2.384185791015625e-07,0.009688603691756725,8.37695398973301,False,False
950,19.0,-0.11089345812797546,0.153061643242836,4.8091278076171875,0.2890341877937317,-3.2837548236130942e-09,8.238995041764952e-10,1.0760344366644858e-06,2.335759972993401e-06,8.903298294171691e-05,-1.2702839669032073e-08,-4.462366405277862e-07,-1.9864887690346222e-07,0.0,0.0,5.0,0.2686213310829943,2.384185791015625e-07,1.1920928955078125e-07,3.5762786865234375e-07,4.76837158203125e-07,0.009688603691756725,8.386642593424767,False,False
951,19.02,-0.11089345812797546,0.153061643242836,4.8091278076171875,0.2890341877937317,-6.115446371524058e-09,2.590007930347582e-10,1.0750309229479171e-06,2.3353334199782694e-06,8.903240086510777e-05,-4.378212281608285e-08,1.630778001526778e-07,-1.9824460650852416e-07,0.0,0.0,5.0,0.2686213310829943,3.5762786865234375e-07,2.384185791015625e-07,2.384185791015625e-07,2.384185791015625e-07,0.009688603691756725,8.396331197116524,False,False
952,19.04,-0.11089345812797546,0.153061643242836,4.8091278076171875,0.2890341877937317,-5.6860569586092424e-09,2.2017816458941297e-09,1.07403980109666e-06,2.3349061848421115e-06,8.900568354874849e-05,2.3805299065315921e-07,-1.2014037054086657e-07,-1.7304262200923404e-07,0.0,0.0,5.0,0.2686213310829943,1.1920928955078125e-07,4.76837158203125e-07,3.5762786865234375e-07,3.5762786865234375e-07,0.009688603691756725,8.40601980080828,False,False
953,19.06,-0.11089345812797546,0.153061643242836,4.8091278076171875,0.2890341877937317,-5.009312964432411e-09,4.015203725060701e-09,1.0731256452345406e-06,2.3339223389484687e-06,8.90312367118895e-05,-5.6717809115980344e-08,1.8781229016440193e-07,-1.9685489860421512e-07,0.0,0.0,5.0,0.2686213310829943,3.5762786865234375e-07,2.384185791015625e-07,2.384185791015625e-07,2.384185791015625e-07,0.009688603691756725,8.415708404500037,False,False
954,19.080000000000002,-0.11089345812797546,0.153061643242836,4.8091278076171875,0.2890341877937317,-4.085215277171983e-09,5.699266836245442e-09,1.0725867696237401e-06,2.3328843781200703e-06,8.900451939553022e-05,2.2511730435326172e-07,-9.540588052914245e-08,-1.71652914104925e-07,0.0,0.0,5.0,0.2686213310829943,1.1920928955078125e-07,4.76837158203125e-07,3.5762786865234375e-07,2.384185791015625e-07,0.009688603691756725,8.425397008191794,False,False
955,19.1,-0.11089345812797546,0.153061643242836,4.8091278076171875,0.2890341877937317,-5.811960690493834e-09,4.355749094742123e-09,1.072010149982816e-06,2.331470341232489e-06,8.900393731892109e-05,-3.594626605263329e-07,-7.726231388005544e-08,-1.7066747659555404e-07,0.0,0.0,5.0,0.2686213310829943,4.76837158203125e-07,2.384185791015625e-07,2.384185791015625e-07,3.5762786865234375e-07,0.009688603691756725,8.43508561188355,False,False
956,19.12,-0.11089345812797546,0.153061643242836,4.8091278076171875,0.2890341877937317,-7.2913515225536685e-09,2.882872163212369e-09,1.0709485422921716e-06,2.3305872218770673e-06,8.900335524231195e-05,2.1218161805336422e-07,-7.067137630656362e-08,-1.7026320620061597e-07,0.0,0.0,5.0,0.2686213310829943,1.1920928955078125e-07,3.5762786865234375e-07,3.5762786865234375e-07,2.384185791015625e-07,0.009688603691756725,8.444774215575308,False,False
957,19.14,-0.11089345812797546,0.153061643242836,4.8091278076171875,0.2890341877937317,-8.523388217440697e-09,1.2806368188122974e-09,1.0696461458792328e-06,2.329556991753634e-06,8.900277316570282e-05,-3.723983468262304e-07,-5.252780965747661e-08,-1.69277768691245e-07,0.0,0.0,5.0,0.2686213310829943,3.5762786865234375e-07,1.1920928955078125e-07,2.384185791015625e-07,3.5762786865234375e-07,0.009688603691756725,8.454462819267064,False,False
958,19.16,-0.11089345812797546,0.153061643242836,4.8091278076171875,0.2890341877937317,-9.5080698869765e-09,-4.509578821476623e-10,1.0679368642740883e-06,2.329133849343634e-06,8.900219108909369e-05,1.9924593175346672e-07,-4.593687208398478e-08,-1.6887349829630693e-07,0.0,0.0,5.0,0.2686213310829943,1.1920928955078125e-07,3.5762786865234375e-07,3.5762786865234375e-07,2.384185791015625e-07,0.009688603691756725,8.464151422958821,False,False
959,19.18,-0.11089345812797546,0.153061643242836,4.8091278076171875,0.2890341877937317,-1.0245398307517917e-08,-2.3119113290448468e-09,1.066065351551515e-06,2.328639766346896e-06,8.900160901248455e-05,-3.853340331261279e-07,-2.7793303658540935e-08,-1.6788806078693597e-07,0.0,0.0,5.0,0.2686213310829943,3.5762786865234375e-07,2.384185791015625e-07,2.384185791015625e-07,4.76837158203125e-07,0.009688603691756725,8.473840026650578,False,False
960,19.2,-0.11089345812797546,0.153061643242836,4.8091278076171875,0.2890341877937317,-1.0735373479064947e-08,-4.302223466368105e-09,1.0638657386152772e-06,2.3288291686185403e-06,8.900102693587542e-05,1.8631024545356922e-07,-2.1202366085049107e-08,-1.674837903919979e-07,0.0,0.0,5.0,0.2686213310829943,0.0,4.76837158203125e-07,3.5762786865234375e-07,3.5762786865234375e-07,0.009688603691756725,8.483528630342335,False,False
961,19.22,-0.11089345812797546,0.153061643242836,4.8091278076171875,0.2890341877937317,-8.079797275684086e-09,-3.5236717987885413e-09,1.061775719790603e-06,2.3289196633413667e-06,8.902658009901643e-05,-1.0846055431557033e-07,2.8675029284386255e-07,-1.9129606698697899e-07,0.0,0.0,5.0,0.2686213310829943,3.5762786865234375e-07,2.384185791015625e-07,2.384185791015625e-07,2.384185791015625e-07,0.009688603691756725,8.493217234034091,False,False
962,19.240000000000002,-0.11089345812797546,0.153061643242836,4.8091278076171875,0.2890341877937317,-5.1768673792196296e-09,-2.8744795432800174e-09,1.0603754390103859e-06,2.329260951228207e-06,8.899986278265715e-05,1.7337455915367173e-07,3.53211704329226e-09,-1.6609408248768887e-07,0.0,0.0,5.0,0.2686213310829943,1.1920928955078125e-07,5.960464477539062e-07,3.5762786865234375e-07,3.5762786865234375e-07,0.009688603691756725,8.502905837725848,False,False
963,19.26,-0.11089345812797546,0.153061643242836,4.8091278076171875,0.2890341877937317,-5.040311279458365e-09,-5.368399058625073e-09,1.0592440276013804e-06,2.3295360733754933e-06,8.90515511855483e-05,-4.227579779580992e-07,1.0123055282917903e-08,-2.141229060725891e-07,0.0,0.0,5.0,0.2686213310829943,4.76837158203125e-07,-1.7881393432617188e-07,2.384185791015625e-07,3.5762786865234375e-07,0.009688603691756725,8.512594441417605,False,False
964,19.28,-0.11089345812797546,0.153061643242836,4.8091278076171875,0.2890341877937317,2.0089554464419734e-09,-9.495468855647005e-10,1.0583546554698842e-06,2.3304073692997918e-06,8.898566011339426e-05,8.646205174045463e-07,6.947779525035003e-07,-1.531772113594343e-07,0.0,0.0,5.0,0.2686213310829943,2.384185791015625e-07,1.0728836059570312e-06,3.5762786865234375e-07,-1.7881393432617188e-07,0.009688603691756725,8.522283045109361,False,False
965,19.3,-0.11089345812797546,0.153061643242836,4.8091278076171875,0.2890341877937317,-9.536433864809624e-10,-6.165931765167443e-09,1.0590346164462972e-06,2.330515144421952e-06,8.901121327653527e-05,-1.3862379546480952e-06,-9.91026922747551e-07,-1.7192826362588676e-07,0.0,0.0,5.0,0.2686213310829943,4.76837158203125e-07,-9.5367431640625e-07,2.384185791015625e-07,9.5367431640625e-07,0.009688603691756725,8.531971648801118,False,False
966,19.32,-0.11089345812797546,0.153061643242836,4.8091278076171875,0.2890341877937317,-5.755888654590535e-09,-1.2845266184058346e-08,1.0572954352028319e-06,2.332565145479748e-06,8.89322254806757e-05,7.183328420978796e-07,5.108201435177762e-07,-9.037430004354974e-08,0.0,0.0,5.0,0.2686213310829943,1.1920928955078125e-07,9.5367431640625e-07,2.384185791015625e-07,0.0,0.009688603691756725,8.541660252492875,False,False
967,19.34,-0.11089345812797546,0.153061643242836,4.8091278076171875,0.2890341877937317,-1.3851267910425236e-09,-4.32406510597616e-09,1.0562968100202852e-06,2.3339382551057497e-06,8.893164340406656e-05,1.3375282037486613e-07,-7.375983557267318e-08,-1.3782195651401707e-07,0.0,0.0,5.0,0.2686213310829943,2.384185791015625e-07,5.960464477539062e-07,3.5762786865234375e-07,3.5762786865234375e-07,0.009688603691756725,8.551348856184632,False,False
968,19.36,-0.11089345812797546,0.153061643242836,4.8091278076171875,0.2890341877937317,-2.7944655478506775e-09,-7.610465146967726e-09,1.0556509550951887e-06,2.334725422770134e-06,8.898333180695772e-05,-4.623797167369048e-07,-6.716889799918135e-08,-1.858507800989173e-07,0.0,0.0,5.0,0.2686213310829943,4.76837158203125e-07,-2.384185791015625e-07,2.384185791015625e-07,3.5762786865234375e-07,0.009688603691756725,8.561037459876388,False,False
969,19.38,-0.11089345812797546,0.153061643242836,4.8091278076171875,0.2890341877937317,2.7089066545471496e-09,-3.9840908350186055e-09,1.0549119906499982e-06,2.3361710645986022e-06,8.891744073480368e-05,8.249987786257407e-07,6.174860232022183e-07,-1.249050853857625e-07,0.0,0.0,5.0,0.2686213310829943,3.5762786865234375e-07,1.0728836059570312e-06,3.5762786865234375e-07,-5.960464477539063e-08,0.009688603691756725,8.570726063568145,False,False
970,19.400000000000002,-0.11089345812797546,0.153061643242836,4.8091278076171875,0.2890341877937317,2.432178236588811e-09,2.662942644171551e-10,1.0557818086454063e-06,2.3364532353298273e-06,8.903443813323975e-05,-3.999747946181742e-07,-6.451577974075917e-07,-1.814339327665948e-07,0.0,0.0,5.0,0.2686213310829943,1.1920928955078125e-07,-1.7881393432617188e-07,2.384185791015625e-07,7.152557373046875e-07,0.009688603691756725,8.580414667259902,False,False
971,19.42,-0.11089345812797546,0.153061643242836,4.8091278076171875,0.2890341877937317,2.28727392581618e-09,5.02521979584003e-09,1.0558479743849603e-06,2.336420720894239e-06,8.89685470610857e-05,8.758509011386195e-07,6.30667898349202e-07,-1.6950261283454893e-07,0.0,0.0,5.0,0.2686213310829943,3.5762786865234375e-07,1.0728836059570312e-06,4.76837158203125e-07,-1.7881393432617188e-07,0.009688603691756725,8.590103270951658,False,False
972,19.44,-0.11089345812797546,0.153061643242836,4.8091278076171875,0.2890341877937317,-4.9712989280692454e-09,3.0471274392596115e-09,1.0567057415755698e-06,2.3351697109319502e-06,8.902023546397686e-05,-1.073645762517117e-06,-1.3564989558290108e-06,-1.6403711811108224e-07,0.0,0.0,5.0,0.2686213310829943,2.384185791015625e-07,-7.152557373046875e-07,3.5762786865234375e-07,1.1920928955078125e-06,0.009688603691756725,8.599791874643415,False,False
973,19.46,-0.11089345812797546,0.153061643242836,4.8091278076171875,0.2890341877937317,-7.548576874683022e-09,9.964111480353921e-11,1.0547294095886173e-06,2.334844339202391e-06,8.901965338736773e-05,7.789100777699787e-07,1.0987804444084759e-06,-1.6249472878371307e-07,0.0,0.0,5.0,0.2686213310829943,2.384185791015625e-07,1.0728836059570312e-06,2.384185791015625e-07,-2.980232238769531e-07,0.009688603691756725,8.609480478335172,False,False
974,19.48,-0.11089345812797546,0.153061643242836,4.8091278076171875,0.2890341877937317,-5.444559469935939e-09,-4.1939514083821905e-09,1.054179051607207e-06,2.3343773136730306e-06,8.901907131075859e-05,-1.2082567764082341e-06,-8.883864097697369e-07,-2.0546232804008469e-07,0.0,0.0,5.0,0.2686213310829943,3.5762786865234375e-07,-7.748603820800781e-07,2.384185791015625e-07,8.344650268554688e-07,0.009688603691756725,8.619169082026929,False,False
975,19.5,-0.11089345812797546,0.153061643242836,4.8091278076171875,0.2890341877937317,-1.1207643701993675e-08,-1.0327270594245874e-08,1.0517603641346795e-06,2.3356715246336535e-06,8.896621875464916e-05,5.949521550974168e-07,3.12098961785523e-07,-1.4812493986937625e-07,0.0,0.0,5.0,0.2686213310829943,1.1920928955078125e-07,9.5367431640625e-07,2.384185791015625e-07,2.384185791015625e-07,0.009688603691756725,8.628857685718685,False,False
976,19.52,-0.11089345812797546,0.153061643242836,4.8091278076171875,0.2890341877937317,-1.08114521779612e-08,-4.273812859167947e-09,1.0494898106117034e-06,2.336371608180343e-06,8.896563667804003e-05,1.0372164460648037e-08,-2.724809746723622e-07,-1.9557259633984359e-07,0.0,0.0,5.0,0.2686213310829943,3.5762786865234375e-07,1.1920928955078125e-07,3.5762786865234375e-07,4.76837158203125e-07,0.009688603691756725,8.638546289410442,False,False
977,19.54,-0.11089345812797546,0.153061643242836,4.8091278076171875,0.2890341877937317,-1.318163089791824e-08,-1.3634681161889262e-09,1.0469740345797618e-06,2.3363286345556844e-06,8.899118984118104e-05,2.806546604006144e-07,3.547168603290629e-08,-1.7095177895498637e-07,0.0,0.0,5.0,0.2686213310829943,1.1920928955078125e-07,3.5762786865234375e-07,3.5762786865234375e-07,3.5762786865234375e-07,0.009688603691756725,8.648234893102199,False,False
978,19.56,-0.11089345812797546,0.153061643242836,4.8091278076171875,0.2890341877937317,-9.392532973606649e-09,1.302049024154428e-09,1.0447279237268958e-06,2.3356021756626433e-06,8.901674300432205e-05,-1.4116149138487799e-08,3.434243467381748e-07,-1.9476405554996745e-07,0.0,0.0,5.0,0.2686213310829943,3.5762786865234375e-07,2.384185791015625e-07,3.5762786865234375e-07,2.384185791015625e-07,0.009688603691756725,8.657923496793956,False,False
979,19.580000000000002,-0.11089345812797546,0.153061643242836,4.8091278076171875,0.2890341877937317,-2.3423540884692784e-09,8.24516122044372e-10,1.0435990134283202e-06,2.3350360152107896e-06,8.901616092771292e-05,-3.364279521633762e-08,3.6156785654384294e-07,-1.4534552406075818e-07,0.0,0.0,5.0,0.2686213310829943,2.384185791015625e-07,3.5762786865234375e-07,1.1920928955078125e-07,3.5762786865234375e-07,0.009688603691756725,8.667612100485712,False,False
980,19.6,-0.11089345812797546,0.153061643242836,4.8091278076171875,0.2890341877937317,4.9551776015732685e-09,-1.5909142059289394e-10,1.0437817081765388e-06,2.3349994080490433e-06,8.901557885110378e-05,-6.472207303431787e-08,3.681587372739159e-07,-1.9337434764565842e-07,0.0,0.0,5.0,0.2686213310829943,4.76837158203125e-07,2.384185791015625e-07,2.384185791015625e-07,1.1920928955078125e-07,0.009688603691756725,8.677300704177469,False,False
981,19.62,-0.11089345812797546,0.153061643242836,4.8091278076171875,0.2890341877937317,9.486335272868018e-09,1.3649179564367842e-09,1.0451764183017076e-06,2.3354048153123586e-06,8.89888615347445e-05,2.171130404349242e-07,8.494053815866209e-08,-1.681723631463683e-07,0.0,0.0,5.0,0.2686213310829943,2.384185791015625e-07,4.76837158203125e-07,3.5762786865234375e-07,2.384185791015625e-07,0.009688603691756725,8.686989307869226,False,False
982,19.64,-0.11089345812797546,0.153061643242836,4.8091278076171875,0.2890341877937317,1.136664984358049e-08,-1.386536302439012e-10,1.04720265881042e-06,2.3356662950391183e-06,8.898827945813537e-05,-3.67466896022961e-07,1.030841048077491e-07,-1.6718692563699733e-07,0.0,0.0,5.0,0.2686213310829943,3.5762786865234375e-07,2.384185791015625e-07,2.384185791015625e-07,4.76837158203125e-07,0.009688603691756725,8.696677911560982,False,False
983,19.66,-0.11089345812797546,0.153061643242836,4.8091278076171875,0.2890341877937317,1.3494319439644187e-08,-1.7715833244835721e-09,1.0494130719962413e-06,2.336690158699639e-06,8.898769738152623e-05,2.0417738255673612e-07,1.0967504238124093e-07,-1.6678265524205926e-07,0.0,0.0,5.0,0.2686213310829943,2.384185791015625e-07,5.960464477539062e-07,3.5762786865234375e-07,2.384185791015625e-07,0.009688603691756725,8.70636651525274,False,False
984,19.68,-0.11089345812797546,0.153061643242836,4.8091278076171875,0.2890341877937317,1.2855613462647852e-08,-6.547625996944362e-09,1.0518510862311814e-06,2.337907972105313e-06,8.901325054466724e-05,-6.817642770329257e-07,-1.7354312831230345e-07,-1.9001376472260745e-07,0.0,0.0,5.0,0.2686213310829943,5.960464477539062e-07,-2.980232238769531e-07,2.384185791015625e-07,3.5762786865234375e-07,0.009688603691756725,8.716055118944496,False,False
985,19.7,-0.11089345812797546,0.153061643242836,4.8091278076171875,0.2890341877937317,1.3217691829936484e-08,-4.295428901457399e-09,1.0537235084484564e-06,2.340136916245683e-06,8.897349471226335e-05,9.069757993529493e-07,2.097499844921913e-07,-1.0485151591410613e-07,0.0,0.0,5.0,0.2686213310829943,0.0,1.0728836059570312e-06,3.5762786865234375e-07,2.384185791015625e-07,0.009688603691756725,8.725743722636253,False,False
986,19.72,-0.11089345812797546,0.153061643242836,4.8091278076171875,0.2890341877937317,7.799672907538024e-09,-1.419223405463299e-09,1.0560303280726657e-06,2.3409318146150326e-06,8.906435687094927e-05,-6.193596959747083e-07,-7.515321840401157e-07,-1.8559703107712267e-07,0.0,0.0,5.0,0.2686213310829943,2.384185791015625e-07,-2.384185791015625e-07,2.384185791015625e-07,7.152557373046875e-07,0.009688603691756725,8.73543232632801,False,False
987,19.740000000000002,-0.11089345812797546,0.153061643242836,4.8091278076171875,0.2890341877937317,5.527204027799826e-09,-1.048171327511227e-09,1.0567291610641405e-06,2.341825165785849e-06,8.899846579879522e-05,6.564659997820854e-07,5.24293511716678e-07,-1.7366571114507678e-07,0.0,0.0,5.0,0.2686213310829943,2.384185791015625e-07,8.344650268554688e-07,3.5762786865234375e-07,-2.384185791015625e-07,0.009688603691756725,8.745120930019766,False,False
988,19.76,-0.11089345812797546,0.153061643242836,4.8091278076171875,0.2890341877937317,5.935680391644382e-09,-4.023595234770028e-09,1.0581294418443576e-06,2.342181687708944e-06,8.895870996639132e-05,-9.539984375805943e-07,-4.834474225390295e-07,-1.3490236483448825e-07,0.0,0.0,5.0,0.2686213310829943,5.960464477539062e-07,-2.980232238769531e-07,2.384185791015625e-07,8.344650268554688e-07,0.009688603691756725,8.754809533711523,False,False
989,19.78,-0.11089345812797546,0.153061643242836,4.8091278076171875,0.2890341877937317,2.9976474635873274e-09,-4.3181112019397005e-09,1.0583916036921437e-06,2.343740561627783e-06,8.894503116607666e-05,9.245508181265905e-07,1.8965488379762974e-07,-7.453787276290313e-08,0.0,0.0,5.0,0.2686213310829943,-5.960464477539063e-08,1.1920928955078125e-06,3.5762786865234375e-07,3.5762786865234375e-07,0.009688603691756725,8.76449813740328,False,False
990,19.8,-0.11089345812797546,0.153061643242836,4.8091278076171875,0.2890341877937317,7.590918865707508e-11,1.8078248897879234e-09,1.058944008036633e-06,2.3438249172613723e-06,8.906202856451273e-05,-3.119755547231762e-07,-4.818180627808033e-07,-1.8008110203027172e-07,0.0,0.0,5.0,0.2686213310829943,1.1920928955078125e-07,-5.960464477539063e-08,3.5762786865234375e-07,4.76837158203125e-07,0.009688603691756725,8.774186741095036,False,False
991,19.82,-0.11089345812797546,0.153061643242836,4.8091278076171875,0.2890341877937317,-3.467436560100623e-09,-4.742743975327812e-09,1.0584224128251662e-06,2.3438758489646716e-06,8.90614464879036e-05,-3.430548076721607e-07,1.2749637789966073e-07,-1.7967683163533366e-07,0.0,0.0,5.0,0.2686213310829943,3.5762786865234375e-07,-5.960464477539063e-08,2.384185791015625e-07,3.5762786865234375e-07,0.009688603691756725,8.783875344786793,False,False
992,19.84,-0.11089345812797546,0.153061643242836,4.8091278076171875,0.2890341877937317,-8.515051996837997e-10,-5.88740967089052e-09,1.0576377462712117e-06,2.344907670703833e-06,8.906086441129446e-05,2.2858947090753645e-07,1.340872586297337e-07,-1.792725612403956e-07,0.0,0.0,5.0,0.2686213310829943,2.384185791015625e-07,3.5762786865234375e-07,2.384185791015625e-07,2.384185791015625e-07,0.009688603691756725,8.79356394847855,False,False
993,19.86,-0.11089345812797546,0.153061643242836,4.8091278076171875,0.2890341877937317,-1.0019471918809586e-09,-4.524458141474952e-09,1.0572861128821387e-06,2.3457785118807806e-06,8.903414709493518e-05,-9.229891873019369e-08,-1.4913091206381068e-07,-2.0250367072094377e-07,0.0,0.0,5.0,0.2686213310829943,3.5762786865234375e-07,1.1920928955078125e-07,2.384185791015625e-07,3.5762786865234375e-07,0.009688603691756725,8.803252552170306,False,False
994,19.88,-0.11089345812797546,0.153061643242836,4.8091278076171875,0.2890341877937317,-3.918762647714402e-09,-6.538891095253518e-10,1.0566449191173888e-06,2.3463592242478626e-06,8.903356501832604e-05,4.793453740603582e-07,-1.4254003133373772e-07,-2.020994003260057e-07,0.0,0.0,5.0,0.2686213310829943,2.384185791015625e-07,4.76837158203125e-07,3.5762786865234375e-07,2.384185791015625e-07,0.009688603691756725,8.812941155862063,False,False
995,19.900000000000002,-0.11089345812797546,0.153061643242836,4.8091278076171875,0.2890341877937317,-6.5882246325088545e-09,3.087321287509326e-09,1.0557911309660994e-06,2.3457077986677177e-06,8.903298294171691e-05,-1.0523460503009119e-07,-1.2439640784123185e-07,-2.0111396281663474e-07,0.0,0.0,5.0,0.2686213310829943,3.5762786865234375e-07,2.384185791015625e-07,3.5762786865234375e-07,4.76837158203125e-07,0.009688603691756725,8.82262975955382,False,False
996,19.92,-0.11089345812797546,0.153061643242836,4.8091278076171875,0.2890341877937317,-5.9966049903437124e-09,3.685480809423325e-09,1.0546683597567608e-06,2.344778977203532e-06,8.905853610485792e-05,1.650478793635557e-07,1.8355625286403665e-07,-1.7649314543177752e-07,0.0,0.0,5.0,0.2686213310829943,1.1920928955078125e-07,3.5762786865234375e-07,2.384185791015625e-07,2.384185791015625e-07,0.009688603691756725,8.832318363245577,False,False
997,19.94,-0.11089345812797546,0.153061643242836,4.8091278076171875,0.2890341877937317,-5.157631211005764e-09,3.777566703888624e-09,1.053934852279781e-06,2.3436905394191854e-06,8.903181878849864e-05,-1.5584051027417445e-07,-9.966191782950773e-08,-1.997242549123257e-07,0.0,0.0,5.0,0.2686213310829943,4.76837158203125e-07,1.1920928955078125e-07,3.5762786865234375e-07,3.5762786865234375e-07,0.009688603691756725,8.842006966937333,False,False
998,19.96,-0.11089345812797546,0.153061643242836,4.8091278076171875,0.2890341877937317,-4.07130329449501e-09,3.3635776386375937e-09,1.053135633810598e-06,2.3428078748111147e-06,8.905737195163965e-05,1.1444195280319036e-07,2.0829074287576077e-07,-1.7510343752746849e-07,0.0,0.0,5.0,0.2686213310829943,1.1920928955078125e-07,3.5762786865234375e-07,2.384185791015625e-07,2.384185791015625e-07,0.009688603691756725,8.85169557062909,False,False
999,19.98,-0.11089345812797546,0.153061643242836,4.8091278076171875,0.2890341877937317,-2.7376214628560547e-09,2.4435145018486537e-09,1.0527620588618447e-06,2.3419827357429313e-06,8.903065463528037e-05,-2.0644642972911242e-07,-7.492742781778361e-08,-1.9833454700801667e-07,0.0,0.0,5.0,0.2686213310829943,4.76837158203125e-07,2.384185791015625e-07,2.384185791015625e-07,3.5762786865234375e-07,0.009688603691756725,8.861384174320847,False,True
