step,time,pos_x,pos_y,pos_z,euler_z,euler_y,euler_x,vel_x,vel_y,vel_z,omega_x,omega_y,omega_z,target_x,target_y,target_z,target_dist,action_0,action_1,action_2,action_3,reward,cumulative_reward,terminated,truncated
0,0.0,0.9524036645889282,0.40524864196777344,4.209598064422607,3.092846632003784,3.0391299724578857,-3.1118242740631104,0.9270832538604736,-0.6736522912979126,0.7575802803039551,0.0,0.0,0.0,0.0,0.0,5.0,1.3023188633754919,0.7747246026992798,-0.5064468383789062,0.9326732158660889,-0.9999573826789856,-0.0511605441570282,-0.0511605441570282,False,False
1,0.02,0.9712133407592773,0.391683965921402,4.225429058074951,3.0954298973083496,3.0374860763549805,-3.1132774353027344,0.9539501667022705,-0.6827524900436401,0.8254566788673401,-0.17202535271644592,0.1717045158147812,0.2520730495452881,0.0,0.0,5.0,1.3025482050593642,0.49931466579437256,-0.23005974292755127,0.8217105865478516,-0.9999486207962036,-0.05145970359444618,-0.10262024775147438,False,False
2,0.04,0.9905555248260498,0.37794923782348633,4.242501735687256,3.1025168895721436,3.0336661338806152,-3.1224193572998047,0.9804493188858032,-0.6903478503227234,0.8819301128387451,-0.8173338770866394,0.22675812244415283,0.4430399239063263,0.0,0.0,5.0,1.3030155388833953,0.2536062002182007,-0.33561110496520996,0.5681328773498535,-0.9998021721839905,-0.051997214555740356,-0.15461746230721474,False,False
3,0.06,1.0103758573532104,0.364106684923172,4.260114669799805,3.113039255142212,3.027649402618408,3.1403560638427734,1.0018011331558228,-0.6932464241981506,0.8793703317642212,-1.3402372598648071,0.3838154673576355,0.5973478555679321,0.0,0.0,5.0,1.3041715197677908,0.17341923713684082,-0.8274723887443542,-0.8376923203468323,-0.9922024011611938,-0.0516907162964344,-0.20630817860364914,False,False
4,0.08,1.0304878950119019,0.3502446115016937,4.276396751403809,3.125715494155884,3.027229070663452,3.122328996658325,1.0094144344329834,-0.6927391886711121,0.7487894892692566,-0.6075337529182434,-0.3557041883468628,0.6600466966629028,0.0,0.0,5.0,1.3069729343146301,0.03417706489562988,-0.721883237361908,-0.729320228099823,-0.9918347001075745,-0.05201716721057892,-0.25832534581422806,False,False
5,0.1,1.050734519958496,0.3364003896713257,4.289931297302246,3.139791488647461,3.039872884750366,3.1175622940063477,1.0151652097702026,-0.6916274428367615,0.6046634912490845,-0.0213319119066,-0.9393175840377808,0.709781289100647,0.0,0.0,5.0,1.3120235577741362,-0.087546706199646,-0.6288720369338989,-0.5476889610290527,-0.9922943711280823,0.005367617588490248,-0.2529577282257378,False,False
6,0.12,1.0710766315460205,0.32257726788520813,4.300465106964111,0.013345588929951191,0.07878225296735764,-0.01850668340921402,1.0188944339752197,-0.6907068490982056,0.4487415552139282,0.4369002878665924,-1.386415958404541,0.7481828927993774,0.0,0.0,5.0,1.319321913323275,-0.7925809621810913,0.9156181812286377,-0.05008977651596069,-0.9923599362373352,0.0040305741131305695,-0.24892715411260724,False,False
7,0.14,1.0915817022323608,0.3087990880012512,4.309302806854248,0.028233278542757034,0.04082139953970909,-0.029010990634560585,1.030500888824463,-0.6868696212768555,0.43513011932373047,-1.5781480073928833,-2.4415106773376465,0.6582704782485962,0.0,0.0,5.0,1.3281453617802244,-0.3652842044830322,0.1406470537185669,-0.1971273422241211,-0.8187528848648071,0.0028542352374643087,-0.24607291887514293,False,False
8,0.16,1.1122188568115234,0.29510340094566345,4.3171000480651855,0.0438009575009346,-0.012604143470525742,-0.0689626932144165,1.032259225845337,-0.68205326795578,0.3445616066455841,-2.4387242794036865,-2.9700987339019775,0.6393648386001587,0.0,0.0,5.0,1.3380841330235558,-0.2734544277191162,-0.450935959815979,-0.4110218286514282,0.08119940757751465,0.003916461020708084,-0.24215645785443485,False,False
9,0.18,1.132834553718567,0.28153643012046814,4.322954177856445,0.06125866249203682,-0.06650052219629288,-0.11095945537090302,1.0284286737442017,-0.6740483641624451,0.2406991571187973,-1.690821886062622,-2.555114984512329,0.6100608110427856,0.0,0.0,5.0,1.349432448426287,-0.2726997137069702,0.0146026611328125,-0.29336321353912354,-0.1614934802055359,0.0035296210553497076,-0.23862683679908514,False,False
10,0.2,1.1532928943634033,0.268200546503067,4.32705545425415,0.07993751019239426,-0.11789162456989288,-0.14801393449306488,1.0162575244903564,-0.6588947176933289,0.16923223435878754,-1.8424521684646606,-2.7807984352111816,0.5710335969924927,0.0,0.0,5.0,1.3619362668578687,-0.2745860815048218,-0.20611780881881714,-0.2918581962585449,0.48694074153900146,0.004552800673991442,-0.2340740361250937,False,False
11,0.22,1.173378586769104,0.25526726245880127,4.3301239013671875,0.09852132946252823,-0.1638542264699936,-0.17960232496261597,0.9909138679504395,-0.6337379217147827,0.13735446333885193,-1.055197834968567,-2.054079294204712,0.4921485185623169,0.0,0.0,5.0,1.375031879881695,-0.42508935928344727,0.3617560863494873,-0.1305840015411377,-0.18426275253295898,0.003668884513899684,-0.23040515161119401,False,False
12,0.24,1.1928960084915161,0.2428591549396515,4.3324480056762695,0.11631851643323898,-0.20513993501663208,-0.21300175786018372,0.9596585631370544,-0.606445848941803,0.09473024308681488,-1.9586323499679565,-2.335365056991577,0.42388689517974854,0.0,0.0,5.0,1.3883829159632377,-0.03762000799179077,-0.2424837350845337,-0.13235223293304443,0.6891374588012695,0.0048475381918251514,-0.22555761341936886,False,False
13,0.26,1.2115660905838013,0.23116464912891388,4.334507942199707,0.13299593329429626,-0.24001942574977875,-0.24460862576961517,0.9059005379676819,-0.5621300339698792,0.11070547252893448,-0.8335259556770325,-1.4309223890304565,0.3664757013320923,0.0,0.0,5.0,1.4015024673023868,-0.4093279242515564,0.4779094457626343,-0.0741615891456604,-0.1932421326637268,0.003917368594557047,-0.22164024482481182,False,False
14,0.28,1.2292087078094482,0.22030042111873627,4.336419105529785,0.14815759658813477,-0.269572913646698,-0.27598655223846436,0.8574065566062927,-0.5236832499504089,0.07999596744775772,-1.9225990772247314,-1.8015044927597046,0.2949563264846802,0.0,0.0,5.0,1.4141520167243535,0.033088088035583496,-0.25886934995651245,-0.09851092100143433,0.774695873260498,0.004956918302923441,-0.21668332652188838,False,False
15,0.3,1.2456297874450684,0.21040116250514984,4.3382744789123535,0.16134639084339142,-0.2931848168373108,-0.30538511276245117,0.7836022973060608,-0.46536996960639954,0.10499732196331024,-0.6508115530014038,-0.8239569664001465,0.2408389151096344,0.0,0.0,5.0,1.4260935740030112,-0.24992668628692627,0.39190685749053955,-0.1436706781387329,0.031188607215881348,0.004652073606848717,-0.21203125291503966,False,False
16,0.32,1.260654330253601,0.20160290598869324,4.340225696563721,0.17164818942546844,-0.31024590134620667,-0.32651829719543457,0.718231201171875,-0.4140082597732544,0.0896972045302391,-1.1567809581756592,-1.1028424501419067,0.16480055451393127,0.0,0.0,5.0,1.4370787047218634,-0.006170690059661865,-0.13567429780960083,-0.15156787633895874,0.49730563163757324,0.004993996117264032,-0.20703725679777563,False,False
17,0.34,1.2742730379104614,0.19390803575515747,4.342000484466553,0.1802593320608139,-0.3251475393772125,-0.3438604474067688,0.6430186033248901,-0.3550526201725006,0.08742605894804001,-0.30848535895347595,-0.5734800100326538,0.11644449084997177,0.0,0.0,5.0,1.4471819042256682,-0.03182798624038696,0.4100198745727539,-0.08486920595169067,0.20196068286895752,0.004844416864216328,-0.2021928399335593,False,False
18,0.36,1.2862529754638672,0.18748979270458221,4.343966960906982,0.18707527220249176,-0.3380366861820221,-0.35392677783966064,0.5544281005859375,-0.2865780293941498,0.10890131443738937,-0.47652333974838257,-0.8579362630844116,0.0486006885766983,0.0,0.0,5.0,1.4560145904624993,-0.06567472219467163,0.01806020736694336,-0.15852737426757812,0.39092230796813965,0.004931716248393059,-0.19726112368516624,False,False
19,0.38,1.2965394258499146,0.18236638605594635,4.346075534820557,0.19270718097686768,-0.3511224389076233,-0.3602885901927948,0.47374311089515686,-0.22568300366401672,0.10169043391942978,0.03039299137890339,-0.5533297061920166,-0.010352153331041336,0.0,0.0,5.0,1.4635194524523933,-0.12070953845977783,0.3658355474472046,-0.019319534301757812,0.06896662712097168,0.004804011434316635,-0.1924571122508496,False,False
20,0.4,1.3051440715789795,0.17849239706993103,4.348122596740723,0.19695745408535004,-0.36372262239456177,-0.36550241708755493,0.38629111647605896,-0.1616911143064499,0.10280791670084,-0.4032396674156189,-0.7659340500831604,-0.06387195736169815,0.0,0.0,5.0,1.4697634953520873,0.07014632225036621,-0.19507694244384766,-0.20487481355667114,0.40868568420410156,0.004803351126611233,-0.18765376112423837,False,False
21,0.42,1.3120557069778442,0.17584125697612762,4.3499932289123535,0.1998712122440338,-0.3752564787864685,-0.3650610148906708,0.3044988214969635,-0.10350749641656876,0.08413241058588028,0.5524637699127197,-0.40832120180130005,-0.09630391746759415,0.0,0.0,5.0,1.4747607020557143,-0.16613829135894775,0.4591243267059326,0.04579901695251465,-0.22657114267349243,0.004648113623261452,-0.18300564750097692,False,False
22,0.44,1.3172982931137085,0.17435075342655182,4.351513862609863,0.2027016431093216,-0.3885122537612915,-0.36484193801879883,0.21937012672424316,-0.04570312798023224,0.06778335571289062,-0.4251118004322052,-0.9238746166229248,-0.1291600912809372,0.0,0.0,5.0,1.4785828514655088,0.11517894268035889,-0.48322778940200806,-0.3098546266555786,0.6563625335693359,0.0044392370618879795,-0.17856641043908894,False,False
23,0.46,1.3208664655685425,0.17397549748420715,4.352582931518555,0.20387490093708038,-0.3995533287525177,-0.35677555203437805,0.13711528480052948,0.00791581254452467,0.0389997698366642,1.2765306234359741,-0.14710195362567902,-0.16340512037277222,0.0,0.0,5.0,1.481251009839156,-0.1386173963546753,0.6045122146606445,0.10380303859710693,-0.26732659339904785,0.004663144703954458,-0.17390326573513448,False,False
24,0.48,1.322640061378479,0.17472735047340393,4.353353023529053,0.2038014829158783,-0.4100100100040436,-0.34335142374038696,0.039978787302970886,0.06668496131896973,0.03805173560976982,0.06308361142873764,-0.833286702632904,-0.1980401873588562,0.0,0.0,5.0,1.4825851379080193,0.1536175012588501,-0.38564038276672363,-0.31841135025024414,0.5822992324829102,0.004233852960169315,-0.16966941277496517,False,False
25,0.5,1.3225644826889038,0.17656080424785614,4.353871822357178,0.20346762239933014,-0.42207399010658264,-0.32629677653312683,-0.04785369336605072,0.11612486094236374,0.013813251629471779,1.6286020278930664,-0.295748233795166,-0.2316933274269104,0.0,0.0,5.0,1.482508735357351,0.04440796375274658,0.36833715438842773,0.06434977054595947,0.05961871147155762,0.004485014826059341,-0.16518439794890583,False,False
26,0.52,1.3204971551895142,0.17944836616516113,4.35434103012085,0.2013493925333023,-0.43224668502807617,-0.2964361011981964,-0.1590948849916458,0.17141661047935486,0.03322993218898773,1.269728422164917,-0.613930344581604,-0.2614123821258545,0.0,0.0,5.0,1.4808071982430229,0.002707242965698242,0.15913021564483643,-0.0656314492225647,0.291537880897522,0.004404569510370493,-0.16077982843853533,False,False
27,0.54,1.316253423690796,0.18334174156188965,4.355079650878906,0.19887733459472656,-0.4449962079524994,-0.26782354712486267,-0.2656066119670868,0.2168290615081787,0.04063815250992775,1.486323595046997,-0.5485944151878357,-0.3092305660247803,0.0,0.0,5.0,1.4771795849818539,-0.07602399587631226,0.29383420944213867,0.05343735218048096,0.2804906368255615,0.004521336406469345,-0.156258492032066,False,False
28,0.56,1.3097870349884033,0.18810194730758667,4.356110572814941,0.19434140622615814,-0.456126868724823,-0.2376915067434311,-0.3812912106513977,0.2579873502254486,0.06256953626871109,1.3291147947311401,-0.4275088906288147,-0.3648061752319336,0.0,0.0,5.0,1.471569914766309,-0.01102304458618164,0.17419850826263428,0.06012392044067383,0.3015252351760864,0.004560596309602261,-0.15169789572246373,False,False
29,0.58,1.3010053634643555,0.1936105191707611,4.357563018798828,0.18756647408008575,-0.4641098976135254,-0.20750102400779724,-0.4970230162143707,0.291749507188797,0.08272653818130493,1.388874888420105,-0.21735644340515137,-0.404526948928833,0.0,0.0,5.0,1.4638392205810944,0.04802834987640381,0.20279932022094727,0.17628085613250732,0.284404993057251,0.004634622950106859,-0.14706327277235687,False,False
30,0.6,1.2898175716400146,0.19974662363529205,4.359585762023926,0.17887261509895325,-0.46778345108032227,-0.1763283908367157,-0.6217156648635864,0.32067403197288513,0.11969278752803802,1.3376303911209106,0.00468195416033268,-0.4290039539337158,0.0,0.0,5.0,1.4538426592886586,0.1498241424560547,0.07639884948730469,0.20312607288360596,0.2651127576828003,0.0046050818637013435,-0.14245819090865552,False,False
31,0.62,1.2761489152908325,0.20638823509216309,4.362343788146973,0.16893593966960907,-0.46652188897132874,-0.14361919462680817,-0.744942843914032,0.34230539202690125,0.1563257873058319,1.485607385635376,0.2613023817539215,-0.42793893814086914,0.0,0.0,5.0,1.441442888947453,0.1975470781326294,0.009025335311889648,0.2769134044647217,0.23586690425872803,0.0045226761139929295,-0.1379355147946626,False,False
32,0.64,1.2600220441818237,0.21338985860347748,4.365871906280518,0.1585122048854828,-0.4591500759124756,-0.10762577503919601,-0.8673001527786255,0.35656091570854187,0.19673702120780945,1.648037314414978,0.5872312784194946,-0.40656495094299316,0.0,0.0,5.0,1.4266426401952446,0.2769976854324341,-0.006298243999481201,0.3671520948410034,0.1443561315536499,0.00448867492377758,-0.13344683987088501,False,False
33,0.66,1.2414536476135254,0.220597505569458,4.370283603668213,0.14863701164722443,-0.4455948770046234,-0.0696558952331543,-0.9888198971748352,0.36280253529548645,0.24483026564121246,1.7168983221054077,0.8421026468276978,-0.35944509506225586,0.0,0.0,5.0,1.409401702299769,0.17349016666412354,-0.04043877124786377,0.33224308490753174,0.09723842144012451,0.00450797937810421,-0.1289388604927808,False,False
34,0.68,1.2205965518951416,0.22784486413002014,4.375487327575684,0.1400790959596634,-0.4259644150733948,-0.0318920873105526,-1.0959949493408203,0.36064133048057556,0.2759955823421478,1.6977146863937378,1.1582298278808594,-0.31764698028564453,0.0,0.0,5.0,1.3898867948963678,0.10659158229827881,-0.05219733715057373,0.2814059257507324,-0.01735001802444458,0.004636451601982117,-0.12430240889079869,False,False
35,0.7000000000000001,1.1977527141571045,0.2349797487258911,4.38112211227417,0.13323253393173218,-0.400662899017334,0.0033366717398166656,-1.1873823404312134,0.3517560362815857,0.28786084055900574,1.5495857000350952,1.3810135126113892,-0.27504706382751465,0.0,0.0,5.0,1.368516308451594,0.024624347686767578,-0.16545569896697998,0.17050600051879883,-0.09309577941894531,0.004695652052760124,-0.11960675683803856,False,False
36,0.72,1.173287272453308,0.24189622700214386,4.386672496795654,0.12839554250240326,-0.3706222474575043,0.03539671748876572,-1.2581779956817627,0.3390651345252991,0.26748281717300415,1.473802089691162,1.6142162084579468,-0.23280692100524902,0.0,0.0,5.0,1.3458407909279881,0.0077430009841918945,-0.1298753023147583,0.17446279525756836,-0.16965097188949585,0.004866806324571371,-0.11473995051346719,False,False
37,0.74,1.1474863290786743,0.24851487576961517,4.391785621643066,0.12570950388908386,-0.33682599663734436,0.06360261887311935,-1.3208352327346802,0.3220958709716797,0.24417462944984436,1.253036618232727,1.7491503953933716,-0.18795514106750488,0.0,0.0,5.0,1.3222742714510292,0.04469263553619385,-0.31586968898773193,0.02467215061187744,-0.1420447826385498,0.0047634984366595745,-0.10997645207680762,False,False
38,0.76,1.1205812692642212,0.25478243827819824,4.396200656890869,0.12525025010108948,-0.3000556528568268,0.09095773100852966,-1.3686931133270264,0.3040836751461029,0.19754494726657867,1.4672799110412598,1.9140465259552002,-0.13886260986328125,0.0,0.0,5.0,1.2981487274653143,0.037506818771362305,0.021440863609313965,0.17836260795593262,-0.2985215187072754,0.005284512881189585,-0.10469193919561803,False,False
39,0.78,1.0926942825317383,0.26061129570007324,4.400003433227539,0.12675684690475464,-0.26369863748550415,0.11490010470151901,-1.4188156127929688,0.2781726121902466,0.18296189606189728,0.9682044386863708,1.717569351196289,-0.09296635538339615,0.0,0.0,5.0,1.273536384506843,-0.013936281204223633,-0.3595086336135864,-0.1521303653717041,0.02800428867340088,0.004923304542899132,-0.0997686346527189,False,False
40,0.8,1.0639759302139282,0.2659519612789154,4.4031171798706055,0.12982876598834991,-0.22672849893569946,0.13926081359386444,-1.452073574066162,0.255420982837677,0.12852254509925842,1.541985034942627,1.9876744747161865,-0.07756326347589493,0.0,0.0,5.0,1.2486169655856494,-0.0342443585395813,0.2354041337966919,0.2239220142364502,-0.4874867796897888,0.005789153277873993,-0.09397948137484491,False,False
41,0.8200000000000001,1.0345699787139893,0.2707333266735077,4.405562877655029,0.1339828372001648,-0.19226177036762238,0.15857799351215363,-1.48734712600708,0.2222045212984085,0.11610778421163559,0.4756019711494446,1.4813225269317627,-0.03643305227160454,0.0,0.0,5.0,1.2235142285440486,0.01285254955291748,-0.5547229647636414,-0.2575439214706421,0.32657313346862793,0.0049439663998782635,-0.08903551497496665,False,False
42,0.84,1.0045801401138306,0.2748909890651703,4.407428741455078,0.13922466337680817,-0.15695472061634064,0.17912548780441284,-1.510693907737732,0.19318658113479614,0.07054412364959717,1.6700202226638794,2.086024284362793,-0.043068211525678635,0.0,0.0,5.0,1.1982850287948454,-0.010676801204681396,0.5198385715484619,0.2970540523529053,-0.7325730919837952,0.006077684462070465,-0.08295783051289618,False,False
43,0.86,0.9741033911705017,0.2782945930957794,4.409077167510986,0.1450907289981842,-0.12348312884569168,0.19727015495300293,-1.5355886220932007,0.14660778641700745,0.0943170115351677,0.22607183456420898,1.3108147382736206,-0.018252084031701088,0.0,0.0,5.0,1.1728235550128825,-0.1453152298927307,-0.4729357957839966,-0.21951496601104736,0.5660439729690552,0.005047897342592478,-0.0779099331703037,False,False
44,0.88,0.9432520270347595,0.2808658480644226,4.410652160644531,0.1517903059720993,-0.08737228065729141,0.21320606768131256,-1.5485084056854248,0.11025413125753403,0.06320234388113022,1.4381849765777588,2.360189914703369,-0.060888584703207016,0.0,0.0,5.0,1.1471446669305008,0.2639498710632324,0.6111025810241699,0.168768048286438,-0.8229294419288635,0.006379471626132727,-0.07153046154417098,False,False
45,0.9,0.9121814966201782,0.282505601644516,4.412382125854492,0.1584305763244629,-0.0539381317794323,0.2304590493440628,-1.5569711923599243,0.05319515988230705,0.10977549105882645,0.33365365862846375,1.047134280204773,-0.030944490805268288,0.0,0.0,5.0,1.1212400562555924,-0.3041168451309204,-0.3168216943740845,-0.1530987024307251,0.4593874216079712,0.005757186096161604,-0.06577327544800937,False,False
46,0.92,0.8810281157493591,0.28318047523498535,4.414222717285156,0.16456586122512817,-0.023498205468058586,0.24370554089546204,-1.5575077533721924,0.014089282602071762,0.07420875132083893,1.0149987936019897,2.0555858612060547,-0.08678731322288513,0.0,0.0,5.0,1.0952336496108783,0.3092827796936035,0.5240392684936523,0.07831192016601562,-0.7119057774543762,0.006753489840775728,-0.059019785607233644,False,False
47,0.9400000000000001,0.8499420285224915,0.2828839421272278,4.4160380363464355,0.1700030416250229,0.003444289555773139,0.25533437728881836,-1.5498993396759033,-0.04402676597237587,0.1072043925523758,0.15315929055213928,0.6895123720169067,-0.052938368171453476,0.0,0.0,5.0,1.069315833398391,-0.29537588357925415,-0.36244016885757446,-0.16664576530456543,0.4104505777359009,0.00630614347755909,-0.052713642129674554,False,False
48,0.96,0.819023847579956,0.2816157341003418,4.417724132537842,0.17458634078502655,0.026643136516213417,0.2654848098754883,-1.5413216352462769,-0.08292080461978912,0.06140170618891716,0.8551278114318848,1.6701182126998901,-0.10042509436607361,0.0,0.0,5.0,1.0436247747281386,0.2483583688735962,0.37442588806152344,0.14371061325073242,-0.6487736701965332,0.0070033292286098,-0.045710312901064754,False,False
49,0.98,0.7883732914924622,0.2793881893157959,4.419132232666016,0.17919933795928955,0.0489669144153595,0.2743978500366211,-1.522815465927124,-0.14002159237861633,0.07928281277418137,0.018534120172262192,0.6043673753738403,-0.05222984775900841,0.0,0.0,5.0,1.0183307764156917,-0.2273523211479187,-0.23321092128753662,-0.2036668062210083,0.29339873790740967,0.006880037020891905,-0.03883027588017285,False,False
50,1.0,0.7580748796463013,0.27617496252059937,4.420291900634766,0.18270008265972137,0.06676273792982101,0.28044983744621277,-1.506557822227478,-0.1813460886478424,0.036608610302209854,0.5665519833564758,1.2028831243515015,-0.09796378761529922,0.0,0.0,5.0,0.9934845814322742,0.07814550399780273,0.29959821701049805,0.17686057090759277,-0.35009002685546875,0.007240740116685629,-0.03158953576348722,False,False
51,1.02,0.7282018661499023,0.27198272943496704,4.421133041381836,0.1861509531736374,0.08457037061452866,0.28390753269195557,-1.4800729751586914,-0.23789983987808228,0.04745541140437126,-0.24693912267684937,0.6031922698020935,-0.06952033191919327,0.0,0.0,5.0,0.9691952944349957,-0.09863638877868652,-0.0857623815536499,-0.141515851020813,0.32899999618530273,0.007225662935525179,-0.02436387282796204,False,False
52,1.04,0.6988660097122192,0.26671597361564636,4.421999454498291,0.18889792263507843,0.10055380314588547,0.2842094302177429,-1.4530236721038818,-0.28866127133369446,0.03914938122034073,0.25186723470687866,1.0078197717666626,-0.11452655494213104,0.0,0.0,5.0,0.945323088003829,0.14540016651153564,0.37231016159057617,0.18858075141906738,-0.19439619779586792,0.007444240618497133,-0.016919632209464908,False,False
53,1.06,0.6701802015304565,0.260309636592865,4.423172473907471,0.19091232120990753,0.11503346264362335,0.2828354835510254,-1.4149653911590576,-0.35182467103004456,0.07807071506977081,-0.4108898639678955,0.4382510483264923,-0.09999589622020721,0.0,0.0,5.0,0.9217551758924603,0.12832248210906982,0.024821758270263672,0.04314911365509033,0.3588792085647583,0.00752916419878602,-0.009390468010678887,False,False
54,1.08,0.6422908902168274,0.2526439428329468,4.425163269042969,0.1919817328453064,0.1266700029373169,0.27931520342826843,-1.3735355138778687,-0.4144911468029022,0.12100952863693237,0.04598548263311386,0.7092792987823486,-0.11975561082363129,0.0,0.0,5.0,0.8982225875377818,0.2398083209991455,0.4109945297241211,0.25849640369415283,-0.11053580045700073,0.00762784481048584,-0.0017626232001930475,False,False
55,1.1,0.6153001189231873,0.24367770552635193,4.428239345550537,0.19225285947322845,0.13565698266029358,0.2743971347808838,-1.325154185295105,-0.48187491297721863,0.18653546273708344,-0.5412887930870056,0.16242407262325287,-0.10133521258831024,0.0,0.0,5.0,0.8745760724453614,0.33444905281066895,0.07214999198913574,0.17911362648010254,0.3975449800491333,0.007759273983538151,0.005996650783345103,False,False
56,1.12,0.5893248319625854,0.23334158957004547,4.43280029296875,0.191696897149086,0.14110566675662994,0.26872867345809937,-1.2721998691558838,-0.5514068007469177,0.2696366310119629,-0.017919156700372696,0.3477790057659149,-0.09725086390972137,0.0,0.0,5.0,0.8505689640747192,-0.18918317556381226,0.3910391330718994,0.14690256118774414,-0.10250306129455566,0.007718637119978666,0.01371528790332377,False,False
57,1.1400000000000001,0.5642887949943542,0.22179938852787018,4.4383344650268555,0.19089344143867493,0.14675810933113098,0.25923028588294983,-1.2312554121017456,-0.6024900078773499,0.28384366631507874,-0.9203236699104309,0.17706140875816345,-0.1280517429113388,0.0,0.0,5.0,0.8264895559438039,0.225638747215271,0.09956121444702148,-0.010108590126037598,0.3055112361907959,0.007960050366818905,0.021675338270142674,False,False
58,1.16,0.5401461124420166,0.20918279886245728,4.444509983062744,0.1890253871679306,0.15056543052196503,0.2453555017709732,-1.1829633712768555,-0.6585690975189209,0.33383989334106445,-0.4394625127315521,0.14566466212272644,-0.1456991285085678,0.0,0.0,5.0,0.8025487057139322,-0.2100709080696106,0.16527485847473145,0.1019824743270874,-0.10774898529052734,0.007877230644226074,0.02955256891436875,False,False
59,1.18,0.5168481469154358,0.19561369717121124,4.451059818267822,0.18680904805660248,0.1545446664094925,0.22986595332622528,-1.1468015909194946,-0.6978899836540222,0.3212651312351227,-1.0758060216903687,0.1894340068101883,-0.16111861169338226,0.0,0.0,5.0,0.7789300665727743,0.07372188568115234,0.03278160095214844,-0.08575671911239624,0.13033485412597656,0.008103841915726662,0.03765641083009541,False,False
60,1.2,0.4943124055862427,0.1812538057565689,4.457556247711182,0.1841578185558319,0.15833953022956848,0.21073615550994873,-1.10675847530365,-0.7374425530433655,0.3284383714199066,-0.7958321571350098,0.12380854040384293,-0.17742608487606049,0.0,0.0,5.0,0.7559384371857745,-0.04974925518035889,-0.11352336406707764,0.04047393798828125,-0.11059290170669556,0.008155488409101963,0.04581189923919737,False,False
61,1.22,0.4725065231323242,0.1662052571773529,4.46383810043335,0.18154552578926086,0.16244728863239288,0.19345608353614807,-1.0738039016723633,-0.7669333219528198,0.29980310797691345,-0.8904926776885986,0.22673729062080383,-0.1574232578277588,0.0,0.0,5.0,0.7337275955440865,0.013772964477539062,-0.12565737962722778,-0.08771151304244995,-0.13157004117965698,0.008275451138615608,0.05408735037781298,False,False
62,1.24,0.4513434171676636,0.15061180293560028,4.469459056854248,0.1792110949754715,0.16631712019443512,0.1763068586587906,-1.0424796342849731,-0.7919558882713318,0.2623286843299866,-0.7862176895141602,0.11126530170440674,-0.1403580904006958,0.0,0.0,5.0,0.7126489232140042,-0.12679743766784668,-0.13174694776535034,-0.0562281608581543,-0.16181319952011108,0.008303760550916195,0.062391110928729177,False,False
63,1.26,0.43078020215034485,0.1345648318529129,4.474195957183838,0.17695964872837067,0.1694103330373764,0.15911348164081573,-1.0138384103775024,-0.812332034111023,0.21138142049312592,-0.8955193161964417,0.1565995067358017,-0.13006675243377686,0.0,0.0,5.0,0.6929279673805316,-0.02376323938369751,-0.18584120273590088,-0.10401749610900879,-0.13799506425857544,0.008420326747000217,0.0708114376757294,False,False
64,1.28,0.41079485416412354,0.11813303083181381,4.477940559387207,0.17495836317539215,0.17253272235393524,0.14225836098194122,-0.9846892356872559,-0.8304314613342285,0.16314996778964996,-0.7559441328048706,0.12244744598865509,-0.11181290447711945,0.0,0.0,5.0,0.674725043787598,-0.18100661039352417,-0.16155600547790527,-0.00652700662612915,-0.18500900268554688,0.008383379317820072,0.07919481699354947,False,False
65,1.3,0.3913774788379669,0.1013726070523262,4.480644226074219,0.17340803146362305,0.17687776684761047,0.12471901625394821,-0.9570162296295166,-0.8452025055885315,0.10729004442691803,-0.9710805416107178,0.28778019547462463,-0.09700627624988556,0.0,0.0,5.0,0.6581665110837802,0.15129423141479492,-0.2516143321990967,-0.1090121865272522,-0.1626431941986084,0.00856079813092947,0.08775561512447894,False,False
66,1.32,0.3725470304489136,0.08432889729738235,4.482388496398926,0.17234311997890472,0.18092674016952515,0.10891034454107285,-0.9259903430938721,-0.858737051486969,0.06716900318861008,-0.5908558964729309,0.10202018171548843,-0.054499994963407516,0.0,0.0,5.0,0.643291785643079,-0.20958608388900757,-0.021615445613861084,0.1582474708557129,-0.3170180320739746,0.00831788033246994,0.09607349545694888,False,False
67,1.34,0.3543350100517273,0.06704012304544449,4.483314514160156,0.17179764807224274,0.18382872641086578,0.08977840095758438,-0.8952141404151917,-0.8696666955947876,0.02549695409834385,-1.3124686479568481,0.18125012516975403,-0.02775128372013569,0.0,0.0,5.0,0.6300885403844935,0.4810028076171875,-0.334197998046875,-0.1852177381515503,-0.00599217414855957,0.008655044250190258,0.10472853970713913,False,False
68,1.36,0.33680349588394165,0.049548085778951645,4.483741760253906,0.17184075713157654,0.1837749183177948,0.07435758411884308,-0.8580067753791809,-0.8790141940116882,0.0172635056078434,-0.2304004728794098,-0.18650506436824799,0.03146139159798622,0.0,0.0,5.0,0.6183964567732725,-0.4496225118637085,0.21589887142181396,0.3313429355621338,-0.5079897046089172,0.007984237745404243,0.11271277745254338,False,False
69,1.3800000000000001,0.319942444562912,0.03190689533948898,4.4836626052856445,0.17242835462093353,0.1807047724723816,0.05356897413730621,-0.8282542824745178,-0.8846410512924194,-0.0251653790473938,-1.8590928316116333,-0.11618350446224213,0.046900276094675064,0.0,0.0,5.0,0.6082643528791616,0.7454283237457275,-0.5667129755020142,-0.23138916492462158,0.4559051990509033,0.008643314242362976,0.12135609169490635,False,False
70,1.4000000000000001,0.30382347106933594,0.014178348705172539,4.483578681945801,0.17379964888095856,0.1780882477760315,0.037662725895643234,-0.7838585376739502,-0.8874945640563965,0.016813283786177635,0.24403221905231476,-0.1394912302494049,0.09886550903320312,0.0,0.0,5.0,0.5993335506088922,-0.6783034205436707,0.48204362392425537,0.4279911518096924,-0.6972739696502686,0.007990684360265732,0.12934677605517209,False,False
71,1.42,0.28848329186439514,-0.0035814265720546246,4.483796119689941,0.17564299702644348,0.17464298009872437,0.02208537422120571,-0.7503314018249512,-0.8880971670150757,0.004961111582815647,-1.8341201543807983,-0.19914770126342773,0.09383296966552734,0.0,0.0,5.0,0.591355969233735,0.6988092660903931,-0.594906747341156,-0.2429174780845642,0.3814200162887573,0.008710547350347042,0.13805732340551913,False,False
72,1.44,0.27387213706970215,-0.021307263523340225,4.484191417694092,0.17804260551929474,0.16996623575687408,0.005654862616211176,-0.711077094078064,-0.8837999701499939,0.03462139889597893,0.1499834954738617,-0.2657981812953949,0.14731934666633606,0.0,0.0,5.0,0.58439579098622,-0.6801435351371765,0.42223668098449707,0.37182092666625977,-0.7090154886245728,0.008063064888119698,0.14612038829363883,False,False
73,1.46,0.2599422037601471,-0.03893783688545227,4.484656810760498,0.1809791922569275,0.16409102082252502,-0.010373746044933796,-0.6821514368057251,-0.8788868188858032,0.01195369940251112,-1.8016798496246338,-0.321977823972702,0.1426253616809845,0.0,0.0,5.0,0.5785021237061633,0.6591265201568604,-0.6158192157745361,-0.14234840869903564,0.3303344249725342,0.008767769671976566,0.1548881579656154,False,False
74,1.48,0.24665778875350952,-0.05640801042318344,4.48520565032959,0.18465277552604675,0.1580251008272171,-0.028057530522346497,-0.6466574668884277,-0.867411732673645,0.042959023267030716,-0.025492383167147636,-0.29224270582199097,0.20653679966926575,0.0,0.0,5.0,0.5736158565148399,-0.5003608465194702,0.2053995132446289,0.27647244930267334,-0.6623699069023132,0.008268012665212154,0.16315617063082755,False,False
75,1.5,0.23393920063972473,-0.0736713781952858,4.485537528991699,0.1890680342912674,0.15308338403701782,-0.044002216309309006,-0.625386655330658,-0.8586059808731079,-0.00970532651990652,-1.6373436450958252,-0.21685612201690674,0.21315398812294006,0.0,0.0,5.0,0.5699356592082241,0.6492284536361694,-0.4443463087081909,-0.05567711591720581,0.16861498355865479,0.008809971623122692,0.17196614225395024,False,False
76,1.52,0.22174681723117828,-0.09066492319107056,4.485625743865967,0.1944931000471115,0.14800626039505005,-0.061588749289512634,-0.5941911935806274,-0.8400485515594482,0.018552688881754875,-0.20259159803390503,-0.3193867802619934,0.294088751077652,0.0,0.0,5.0,0.5674263429052623,-0.2738840579986572,0.12272417545318604,0.24277067184448242,-0.5380358695983887,0.008417163975536823,0.18038330622948706,False,False
77,1.54,0.21006615459918976,-0.10732361674308777,4.485576152801514,0.20126502215862274,0.14087849855422974,-0.07705069333314896,-0.5741374492645264,-0.825485110282898,-0.02349172905087471,-1.4410569667816162,-0.4376719295978546,0.3263184130191803,0.0,0.0,5.0,0.5659311288358324,0.5103542804718018,-0.3541342616081238,-1.996755599975586e-05,0.2215489149093628,0.008830402977764606,0.18921370920725167,False,False
78,1.56,0.19885912537574768,-0.12357877939939499,4.485446453094482,0.2091369479894638,0.13344693183898926,-0.09296374768018723,-0.5470202565193176,-0.7994059920310974,0.01050732471048832,-0.25770699977874756,-0.3699052929878235,0.3861776888370514,0.0,0.0,5.0,0.5653158578141076,-0.2288857102394104,0.10351097583770752,0.24677014350891113,-0.3499222993850708,0.00855511985719204,0.1977688290644437,False,False
79,1.58,0.1881060004234314,-0.13935741782188416,4.485409736633301,0.21784639358520508,0.1270822137594223,-0.10708090662956238,-0.528577983379364,-0.7781151533126831,-0.014210987836122513,-1.2670707702636719,-0.3491230607032776,0.41078510880470276,0.0,0.0,5.0,0.565338391097838,0.48992669582366943,-0.13899248838424683,-0.016409695148468018,0.1753709316253662,0.008796686306595802,0.2065655153710395,False,False
80,1.6,0.17777200043201447,-0.1545831710100174,4.485590934753418,0.2275465875864029,0.11902815103530884,-0.12227942794561386,-0.5053300261497498,-0.7438547015190125,0.03229975327849388,-0.37186431884765625,-0.5619031190872192,0.4514850676059723,0.0,0.0,5.0,0.5657875284105993,-0.2183089256286621,-0.05809330940246582,0.20980513095855713,-0.026117563247680664,0.008800464682281017,0.21536598005332053,False,False
81,1.62,0.1678232103586197,-0.16918455064296722,4.486118793487549,0.23742260038852692,0.11397092044353485,-0.13286694884300232,-0.48983752727508545,-0.7159997224807739,0.020468207076191902,-0.8013285994529724,-0.064240463078022,0.45853391289711,0.0,0.0,5.0,0.5664467640635161,0.25041675567626953,0.02293097972869873,0.01131904125213623,-0.060725629329681396,0.008814608678221703,0.22418058873154223,False,False
82,1.6400000000000001,0.15819351375102997,-0.18315750360488892,4.486713409423828,0.24752527475357056,0.11050070822238922,-0.14605587720870972,-0.47341370582580566,-0.6808345913887024,0.0389547124505043,-0.630913257598877,-0.41918954253196716,0.48642173409461975,0.0,0.0,5.0,0.5674812622324925,0.015790581703186035,-0.06614351272583008,0.029300212860107422,0.2582063674926758,0.008908642455935478,0.2330892311874777,False,False
83,1.6600000000000001,0.14887356758117676,-0.19640055298805237,4.487687587738037,0.25777411460876465,0.10725783556699753,-0.1541679948568344,-0.45885226130485535,-0.6431844234466553,0.05847375839948654,-0.2914176285266876,-0.05402137339115143,0.4727379381656647,0.0,0.0,5.0,0.5685072770827401,-0.16574788093566895,0.06976008415222168,0.08136093616485596,0.036006808280944824,0.008858506567776203,0.2419477377552539,False,False
84,1.68,0.1398206651210785,-0.20891258120536804,4.488841533660889,0.26679500937461853,0.10991890728473663,-0.1620795875787735,-0.4464837312698364,-0.6077470183372498,0.05698579549789429,-0.5973385572433472,0.17584793269634247,0.45503368973731995,0.0,0.0,5.0,0.5696290570985145,0.11497116088867188,0.11212408542633057,-0.033028244972229004,0.09147405624389648,0.008890512399375439,0.25083825015462935,False,False
85,1.7,0.13102936744689941,-0.22064752876758575,4.490217685699463,0.27543893456459045,0.11304532736539841,-0.17168202996253967,-0.43269166350364685,-0.565356969833374,0.0805201455950737,-0.4591827988624573,-0.010301538743078709,0.4437068998813629,0.0,0.0,5.0,0.5707293886408766,-0.03553980588912964,-0.010763347148895264,-0.06461203098297119,0.19148850440979004,0.008912723511457443,0.2597509736660868,False,False
86,1.72,0.12249807268381119,-0.2315531224012375,4.491863250732422,0.2836831510066986,0.11617876589298248,-0.17741107940673828,-0.4204592704772949,-0.5249688625335693,0.08401375263929367,-0.20786920189857483,0.1765362024307251,0.41755571961402893,0.0,0.0,5.0,0.5716866119310757,-0.03716707229614258,0.07553017139434814,-0.02147054672241211,0.08413410186767578,0.008925176225602627,0.2686761498916894,False,False
87,1.74,0.11421409994363785,-0.24163466691970825,4.493596076965332,0.2910783886909485,0.12135493010282516,-0.18077830970287323,-0.4078594744205475,-0.4830161929130554,0.08921567350625992,-0.21644219756126404,0.20201730728149414,0.39723077416419983,0.0,0.0,5.0,0.5726055414927763,-0.0015545487403869629,0.06723713874816895,-0.0914425253868103,0.13264906406402588,0.008925627917051315,0.27760177780874074,False,False
88,1.76,0.10618753731250763,-0.2508658766746521,4.495436191558838,0.29799506068229675,0.12644799053668976,-0.1825707107782364,-0.3947044909000397,-0.4399770498275757,0.09474203735589981,-0.048261601477861404,0.17481644451618195,0.3699618875980377,0.0,0.0,5.0,0.5734057184480171,-0.05490922927856445,0.05889081954956055,-0.06187939643859863,0.12281715869903564,0.008925600908696651,0.2865273787174374,False,False
89,1.78,0.09842750430107117,-0.25923916697502136,4.497344970703125,0.3043043613433838,0.13178659975528717,-0.1819608509540558,-0.3811756670475006,-0.39730292558670044,0.09610176086425781,0.028069308027625084,0.23675033450126648,0.3421701490879059,0.0,0.0,5.0,0.5740688092679158,-0.030185163021087646,0.06087231636047363,-0.07161158323287964,0.07486331462860107,0.008935481309890747,0.29546286002732813,False,False
90,1.8,0.09094434231519699,-0.26676318049430847,4.4992499351501465,0.3100709915161133,0.13734500110149384,-0.18003109097480774,-0.3669912815093994,-0.3550860583782196,0.09439711272716522,0.08755233138799667,0.20710879564285278,0.32005468010902405,0.0,0.0,5.0,0.5746164767161791,-0.04274272918701172,0.052501678466796875,-0.08085870742797852,0.08602249622344971,0.008932113647460938,0.30439497367478907,False,False
91,1.82,0.08375254273414612,-0.2734469473361969,4.501101970672607,0.31545543670654297,0.14246945083141327,-0.17675691843032837,-0.35203689336776733,-0.3133273720741272,0.09081993997097015,0.16480028629302979,0.20253793895244598,0.2956494390964508,0.0,0.0,5.0,0.5750538801613947,-0.03918623924255371,0.059067368507385254,-0.0706716775894165,0.05702650547027588,0.008939462713897228,0.3133344363886863,False,False
92,1.84,0.07686851918697357,-0.2793002426624298,4.50287389755249,0.32048219442367554,0.14709582924842834,-0.1724211573600769,-0.3362123668193817,-0.27207058668136597,0.08640690892934799,0.19625389575958252,0.1666289120912552,0.27461209893226624,0.0,0.0,5.0,0.5753709729626115,-0.0367966890335083,0.05014145374298096,-0.08186215162277222,0.06522107124328613,0.008937610313296318,0.3222720467019826,False,False
93,1.86,0.07030919939279556,-0.2843351662158966,4.5045485496521,0.32522347569465637,0.15095706284046173,-0.1671421229839325,-0.3195795714855194,-0.23152564465999603,0.08111792057752609,0.26125678420066833,0.13466967642307281,0.25282350182533264,0.0,0.0,5.0,0.5755536551166324,-0.03976947069168091,0.07043612003326416,-0.07832688093185425,0.05239713191986084,0.00894149299710989,0.3312135396990925,False,False
94,1.8800000000000001,0.06409160047769547,-0.2885647118091583,4.5061259269714355,0.32970136404037476,0.15380354225635529,-0.16101671755313873,-0.3020560145378113,-0.19156870245933533,0.0766814723610878,0.2833017408847809,0.07381705194711685,0.23039165139198303,0.0,0.0,5.0,0.575577037557197,-0.034857332706451416,0.07670199871063232,-0.08028572797775269,0.07406723499298096,0.008939250372350216,0.3401527900714427,False,False
95,1.9000000000000001,0.05823427066206932,-0.2919981777667999,4.507646083831787,0.3339061737060547,0.15543726086616516,-0.1542385220527649,-0.28357747197151184,-0.1519504189491272,0.0753323882818222,0.3297480344772339,0.022259367629885674,0.20563378930091858,0.0,0.0,5.0,0.5753838239513259,-0.0337601900100708,0.09219944477081299,-0.06855261325836182,0.05870997905731201,0.00894548837095499,0.3490982784423977,False,False
96,1.92,0.05275329202413559,-0.29464808106422424,4.509152889251709,0.3378293514251709,0.1557319462299347,-0.14702093601226807,-0.26445072889328003,-0.11324387043714523,0.07540687173604965,0.33119621872901917,-0.05132710188627243,0.18205741047859192,0.0,0.0,5.0,0.5749185052023968,-0.030701816082000732,0.09013354778289795,-0.07050597667694092,0.0724782943725586,0.008945856243371964,0.3580441346857697,False,False
97,1.94,0.04765944555401802,-0.29653432965278625,4.510676860809326,0.34146803617477417,0.15458886325359344,-0.13959191739559174,-0.24490255117416382,-0.07560660690069199,0.0769328773021698,0.35545021295547485,-0.11320284754037857,0.157494455575943,0.0,0.0,5.0,0.5741438547616435,-0.04424864053726196,0.10251140594482422,-0.05869251489639282,0.07432281970977783,0.008951552212238312,0.366995686898008,False,False
98,1.96,0.04295899346470833,-0.29767993092536926,4.512244701385498,0.34473732113838196,0.15228326618671417,-0.13213030993938446,-0.22514301538467407,-0.03919893503189087,0.0799194946885109,0.3407123386859894,-0.1590327024459839,0.13144591450691223,0.0,0.0,5.0,0.5730305818381384,-0.04104816913604736,0.12465178966522217,-0.05421900749206543,0.0773400068283081,0.008956470526754856,0.37595215742476285,False,False
99,1.98,0.03865610063076019,-0.29810670018196106,4.513906955718994,0.3475934565067291,0.1487826406955719,-0.12525635957717896,-0.20518650114536285,-0.003730439580976963,0.0863419696688652,0.3038116693496704,-0.22442221641540527,0.10376951843500137,0.0,0.0,5.0,0.5715315796241963,-0.03824347257614136,0.12219643592834473,-0.049623072147369385,0.08806908130645752,0.008963016793131828,0.3849151742178947,False,False
100,2.0,0.03475038334727287,-0.29783645272254944,4.515715599060059,0.3500099778175354,0.1440584361553192,-0.11907215416431427,-0.18547071516513824,0.03050849586725235,0.0945657342672348,0.27930670976638794,-0.2736465036869049,0.07601186633110046,0.0,0.0,5.0,0.5696011961951026,-0.0458446741104126,0.10109305381774902,-0.03731274604797363,0.08328485488891602,0.008978214114904404,0.3938933883327991,False,False
101,2.02,0.031231220811605453,-0.29689937829971313,4.51767110824585,0.35193783044815063,0.1386718600988388,-0.11349867284297943,-0.16655617952346802,0.06296388804912567,0.10104318708181381,0.25084206461906433,-0.28355202078819275,0.0511029027402401,0.0,0.0,5.0,0.5672440302100379,-0.04669952392578125,0.06107354164123535,-0.02577871084213257,0.06597602367401123,0.009000384248793125,0.4028937725815922,False,False
102,2.04,0.028079386800527573,-0.29533398151397705,4.519713878631592,0.35337916016578674,0.13340891897678375,-0.10845915228128433,-0.14873646199703217,0.09336674213409424,0.10329147428274155,0.23353742063045502,-0.25534042716026306,0.03252577409148216,0.0,0.0,5.0,0.5645222502072891,-0.03538691997528076,0.03534984588623047,-0.02403050661087036,0.061850905418395996,0.00901668332517147,0.4119104559067637,False,False
103,2.06,0.02527620829641819,-0.29317542910575867,4.521788120269775,0.3543865978717804,0.12879467010498047,-0.10349106788635254,-0.1316695660352707,0.12228380888700485,0.10415739566087723,0.25008299946784973,-0.21408013999462128,0.017943838611245155,0.0,0.0,5.0,0.5614956107150834,-0.022212564945220947,0.045073628425598145,-0.04096776247024536,0.04722881317138672,0.009023464284837246,0.4209339201916009,False,False
104,2.08,0.022808736190199852,-0.29045209288597107,4.523873329162598,0.35505411028862,0.12437716126441956,-0.09817715734243393,-0.11515171825885773,0.149846613407135,0.10440307855606079,0.2728622555732727,-0.23211273550987244,0.003467559115961194,0.0,0.0,5.0,0.5581928550162057,-0.014581859111785889,0.06196773052215576,-0.05284714698791504,0.05530893802642822,0.009021562524139881,0.4299554827157408,False,False
105,2.1,0.020668569952249527,-0.2871878445148468,4.525986194610596,0.35544267296791077,0.11925966292619705,-0.09232868999242783,-0.09895280748605728,0.17634473741054535,0.106879822909832,0.3072386384010315,-0.28101253509521484,-0.013729560188949108,0.0,0.0,5.0,0.5546107964335881,-0.015504121780395508,0.07599282264709473,-0.04951447248458862,0.05882227420806885,0.00902231689542532,0.4389777996111661,False,False
106,2.12,0.01884806901216507,-0.2834060788154602,4.528170108795166,0.3555341362953186,0.11306549608707428,-0.08599056303501129,-0.08321158587932587,0.2015659660100937,0.1115378588438034,0.3254825174808502,-0.33678358793258667,-0.032335106283426285,0.0,0.0,5.0,0.5507247056828009,-0.014717400074005127,0.07256650924682617,-0.03874075412750244,0.06656157970428467,0.009028286673128605,0.4480060862842947,False,False
107,2.14,0.01733599603176117,-0.27913475036621094,4.530465126037598,0.35529258847236633,0.1059577539563179,-0.07931255549192429,-0.06813542544841766,0.2252776324748993,0.11800269782543182,0.3449261486530304,-0.36961209774017334,-0.05026588216423988,0.0,0.0,5.0,0.5465160047860531,-0.01048344373703003,0.07261598110198975,-0.02771395444869995,0.06335854530334473,0.00903733167797327,0.457043417962268,False,False
108,2.16,0.016117412596940994,-0.27440595626831055,4.532903671264648,0.354707270860672,0.09820892661809921,-0.07238907366991043,-0.05388052016496658,0.24729222059249878,0.12591563165187836,0.3533518612384796,-0.39866065979003906,-0.06648218631744385,0.0,0.0,5.0,0.54197544237944,-0.007922232151031494,0.06303918361663818,-0.009210467338562012,0.06511759757995605,0.00905289500951767,0.46609631297178566,False,False
109,2.18,0.015174899250268936,-0.269254595041275,4.535516262054443,0.35379019379615784,0.09015975147485733,-0.06537456065416336,-0.0405387207865715,0.2675231397151947,0.1353832185268402,0.35669153928756714,-0.39808982610702515,-0.08000946044921875,0.0,0.0,5.0,0.5370972512813423,-0.007242977619171143,0.0553586483001709,0.005352497100830078,0.054706573486328125,0.009074120782315731,0.4751704337541014,False,False
110,2.2,0.014488844200968742,-0.26371827721595764,4.538317680358887,0.3525693714618683,0.08223435282707214,-0.05849345028400421,-0.028232434764504433,0.2857933044433594,0.14481772482395172,0.34190598130226135,-0.3854249119758606,-0.09043312072753906,0.0,0.0,5.0,0.5318907976391692,-0.0035013556480407715,0.04997694492340088,0.012170791625976562,0.04625415802001953,0.009095598012208939,0.48426603176631033,False,False
111,2.22,0.014038706198334694,-0.2578357458114624,4.541306972503662,0.3510960042476654,0.07455979287624359,-0.05198553949594498,-0.016943667083978653,0.3021656572818756,0.1541476994752884,0.3204047381877899,-0.37276971340179443,-0.09858554601669312,0.0,0.0,5.0,0.5263797588848116,-0.004976212978363037,0.042809128761291504,0.016449809074401855,0.043831586837768555,0.009118142537772655,0.493384174304083,False,False
112,2.24,0.013804182410240173,-0.2516440749168396,4.544478416442871,0.3494054973125458,0.06725404411554337,-0.04592311382293701,-0.00666539091616869,0.3167203664779663,0.1629992127418518,0.29779407382011414,-0.34869369864463806,-0.1055840253829956,0.0,0.0,5.0,0.5205912110083704,-0.004545390605926514,0.03480172157287598,0.01654636859893799,0.03886008262634277,0.009141089394688606,0.5025252636987716,False,False
113,2.2600000000000002,0.013765314593911171,-0.24517877399921417,4.547815799713135,0.34752345085144043,0.06046324595808983,-0.040276553481817245,0.0026333052664995193,0.3295499086380005,0.17078760266304016,0.27885547280311584,-0.32167574763298035,-0.1113249659538269,0.0,0.0,5.0,0.5145606534653606,-0.004152119159698486,0.025255203247070312,0.01595127582550049,0.02913510799407959,0.009164484217762947,0.5116897479165345,False,False
114,2.2800000000000002,0.013903006911277771,-0.23847340047359467,4.551290988922119,0.3454880118370056,0.054206497967243195,-0.03499637544155121,0.011003643274307251,0.34074774384498596,0.17679746448993683,0.26081377267837524,-0.2959187924861908,-0.11529040336608887,0.0,0.0,5.0,0.5083331908867493,-0.0056133270263671875,0.016392946243286133,0.016662120819091797,0.01867854595184326,0.00918783713132143,0.520877585047856,False,False
115,2.3000000000000003,0.014199524186551571,-0.23155926167964935,4.554868221282959,0.34334230422973633,0.04847942665219307,-0.03011127933859825,0.018528101965785027,0.3504469096660614,0.18094566464424133,0.23869745433330536,-0.2695173919200897,-0.11752700805664062,0.0,0.0,5.0,0.5019597778513191,-0.00484156608581543,0.0029851198196411133,0.014625787734985352,0.00894474983215332,0.009210496209561825,0.5300880812574178,False,False
116,2.32,0.014638622291386127,-0.22446511685848236,4.558505058288574,0.3411308526992798,0.04329923167824745,-0.025589046999812126,0.025274943560361862,0.35876938700675964,0.18278582394123077,0.22366462647914886,-0.24215218424797058,-0.11772674322128296,0.0,0.0,5.0,0.49549637890266895,-0.006731271743774414,-0.003538370132446289,0.013735294342041016,-0.0025862455368041992,0.009230848401784897,0.5393189296592027,False,False
117,2.34,0.015205753967165947,-0.21721705794334412,4.562159538269043,0.3388957679271698,0.03863273561000824,-0.021422594785690308,0.031343601644039154,0.3658582270145416,0.18264982104301453,0.2021305412054062,-0.21912316977977753,-0.11650437116622925,0.0,0.0,5.0,0.4889976841908863,-0.0044438838958740234,-0.00636523962020874,0.013312101364135742,-0.009595096111297607,0.009249220602214336,0.548568150261417,False,False
118,2.36,0.015888432040810585,-0.20983803272247314,4.565803527832031,0.3366703391075134,0.034361597150564194,-0.017692232504487038,0.03683653473854065,0.37188172340393066,0.18178369104862213,0.17902526259422302,-0.2035614550113678,-0.11419260501861572,0.0,0.0,5.0,0.4825049416251225,-0.0030516386032104492,-0.006151974201202393,0.011034965515136719,-0.012516677379608154,0.009266834706068039,0.5578349849674851,False,False
119,2.38,0.016675610095262527,-0.20234812796115875,4.569427490234375,0.3344743549823761,0.030336560681462288,-0.014407793059945107,0.04179615527391434,0.3769645392894745,0.1806059032678604,0.1565217524766922,-0.19536931812763214,-0.11171114444732666,0.0,0.0,5.0,0.4760415181759926,-0.004302859306335449,-0.006541848182678223,0.009390592575073242,-0.010507166385650635,0.00928422063589096,0.567119205603376,False,False
120,2.4,0.017556769773364067,-0.19476506114006042,4.573026657104492,0.3323093354701996,0.02650485187768936,-0.011533364653587341,0.04623548313975334,0.38121047616004944,0.17933553457260132,0.13707335293293,-0.1849641650915146,-0.1096501350402832,0.0,0.0,5.0,0.4696252812074019,-0.005351126194000244,-0.0036255717277526855,0.0021244287490844727,-0.007374942302703857,0.009301072917878628,0.5764202785212547,False,False
121,2.42,0.018521562218666077,-0.18710477650165558,4.57659912109375,0.3301604688167572,0.022822322323918343,-0.008969244547188282,0.050160374492406845,0.38470175862312317,0.17786887288093567,0.12463749945163727,-0.18106858432292938,-0.10892635583877563,0.0,0.0,5.0,0.4632704932491809,-0.0062316060066223145,0.0010066032409667969,-0.0017378926277160645,-0.006479799747467041,0.009315970353782177,0.5857362488750368,False,False
122,2.44,0.01955975592136383,-0.17938163876533508,4.580142498016357,0.32800766825675964,0.01915004849433899,-0.006654240656644106,0.05357331782579422,0.38750213384628296,0.1764998883008957,0.11138046532869339,-0.1844683140516281,-0.10915875434875488,0.0,0.0,5.0,0.4569908952591779,-0.007559478282928467,-0.001141667366027832,-0.0025153756141662598,-0.0041713714599609375,0.009330609813332558,0.5950668586883694,False,False
123,2.46,0.02066086046397686,-0.1716090440750122,4.583657741546631,0.3258402943611145,0.015469118021428585,-0.004554214887320995,0.056448228657245636,0.3896538019180298,0.17495708167552948,0.10237246006727219,-0.18240617215633392,-0.10960215330123901,0.0,0.0,5.0,0.4507964189492896,-0.008365511894226074,-0.003074169158935547,-0.003275752067565918,-0.0047803521156311035,0.00934465229511261,0.604411510983482,False,False
124,2.48,0.021813979372382164,-0.16379961371421814,4.587137699127197,0.32365739345550537,0.011848780326545238,-0.002612713724374771,0.05877445638179779,0.39119449257850647,0.1730242818593979,0.094758041203022,-0.1788446009159088,-0.10995471477508545,0.0,0.0,5.0,0.44470376952637863,-0.009231269359588623,-0.0070383548736572266,-0.0033240914344787598,-0.007241606712341309,0.009358169510960579,0.6137696804944426,False,False
125,2.5,0.023008137941360474,-0.1559651494026184,4.590571880340576,0.32146579027175903,0.00832909345626831,-0.0008082852000370622,0.06055362522602081,0.39215949177742004,0.17038093507289886,0.08789476752281189,-0.17274966835975647,-0.10979419946670532,0.0,0.0,5.0,0.43873213628313257,-0.008431673049926758,-0.008162319660186768,-0.0043811798095703125,-0.010322809219360352,0.009371303953230381,0.623140984447673,False,False
126,2.52,0.024232538416981697,-0.1481168568134308,4.593947887420654,0.31927499175071716,0.004893709439784288,0.0008654444245621562,0.06180010363459587,0.39258667826652527,0.16730602085590363,0.0809265747666359,-0.17079584300518036,-0.10926610231399536,0.0,0.0,5.0,0.4329019950526568,-0.009183108806610107,-0.009913921356201172,-0.0037850141525268555,-0.010897457599639893,0.009384357370436192,0.6325253418181092,False,False
127,2.54,0.025476587936282158,-0.1402650773525238,4.59726095199585,0.3170914649963379,0.0015284741530194879,0.002405487699434161,0.06251891702413559,0.3925088346004486,0.16399069130420685,0.07377856224775314,-0.16608524322509766,-0.10853582620620728,0.0,0.0,5.0,0.4272260399892239,-0.009337186813354492,-0.011933207511901855,-0.0033197402954101562,-0.011905312538146973,0.009397049434483051,0.6419223912525922,False,False
128,2.56,0.026729799807071686,-0.1324196606874466,4.600505352020264,0.31492099165916443,-0.001721552456729114,0.003814137075096369,0.06271794438362122,0.391959547996521,0.16040946543216705,0.06706507503986359,-0.1595914363861084,-0.10749483108520508,0.0,0.0,5.0,0.42171723049782783,-0.009503841400146484,-0.013695001602172852,-0.0031452178955078125,-0.013052701950073242,0.0094093456864357,0.6513317369390279,False,False
129,2.58,0.027981916442513466,-0.12458962947130203,4.603675365447998,0.3127703070640564,-0.004828405566513538,0.00509843323379755,0.062412530183792114,0.3909735381603241,0.15654167532920837,0.06065991520881653,-0.15204975008964539,-0.1061822772026062,0.0,0.0,5.0,0.4163877752436664,-0.00891655683517456,-0.01531761884689331,-0.002989470958709717,-0.013755440711975098,0.009421300143003464,0.6607530370820314,False,False
130,2.6,0.029223045334219933,-0.11678342521190643,4.6067657470703125,0.31064578890800476,-0.007776557933539152,0.006275794003158808,0.06162237003445625,0.389583945274353,0.15251487493515015,0.05573716759681702,-0.14396914839744568,-0.10458403825759888,0.0,0.0,5.0,0.41124874766982605,-0.006655693054199219,-0.01667606830596924,-0.0026785731315612793,-0.014434099197387695,0.00943277683109045,0.6701858139131218,False,False
131,2.62,0.030443700030446053,-0.10900881886482239,4.609776020050049,0.30855512619018555,-0.010574684478342533,0.007389219943434,0.06036883592605591,0.38781729340553284,0.14853502810001373,0.05368742719292641,-0.13726498186588287,-0.10255664587020874,0.0,0.0,5.0,0.40630591429343893,-0.006666779518127441,-0.01638871431350708,-0.00148087739944458,-0.014913499355316162,0.009443960152566433,0.6796297740656883,False,False
132,2.64,0.031634826213121414,-0.10127314925193787,4.612707614898682,0.30650436878204346,-0.013231934048235416,0.008445489220321178,0.05867292359471321,0.3856927454471588,0.14464570581912994,0.04949897527694702,-0.13007526099681854,-0.10040098428726196,0.0,0.0,5.0,0.4015624541044737,-0.0065765380859375,-0.01788938045501709,-0.00032216310501098633,-0.01362454891204834,0.009454787708818913,0.6890845617745072,False,False
133,2.66,0.03278778865933418,-0.0935833677649498,4.615562915802002,0.3044968843460083,-0.01570165529847145,0.009441490285098553,0.056557487696409225,0.38323262333869934,0.1408500075340271,0.04719669371843338,-0.11868207156658173,-0.0981091856956482,0.0,0.0,5.0,0.39701984523957695,-0.005959033966064453,-0.01819390058517456,-0.000331878662109375,-0.013890206813812256,0.00946508627384901,0.6985496480483562,False,False
134,2.68,0.03389454260468483,-0.08594593405723572,4.61834192276001,0.30253610014915466,-0.017948398366570473,0.010402794927358627,0.05405817925930023,0.3804604113101959,0.1370491087436676,0.045634474605321884,-0.10792621970176697,-0.0957077145576477,0.0,0.0,5.0,0.3926810811866009,-0.00547027587890625,-0.02197510004043579,-0.0035536885261535645,-0.015624165534973145,0.009473972022533417,0.7080236200708896,False,False
135,2.7,0.03494790568947792,-0.07836679369211197,4.621037006378174,0.30062583088874817,-0.019996782764792442,0.011398890055716038,0.05122449994087219,0.3774050772190094,0.13242998719215393,0.05035121738910675,-0.09898077696561813,-0.0930471420288086,0.0,0.0,5.0,0.388555865996743,-0.0034363269805908203,-0.021960079669952393,-0.0049874186515808105,-0.014808118343353271,0.00948305707424879,0.7175066771451384,False,False
136,2.72,0.035941433161497116,-0.07085174322128296,4.623640537261963,0.2987680435180664,-0.021893933415412903,0.012538538314402103,0.048080358654260635,0.37404829263687134,0.12794139981269836,0.05972306802868843,-0.09294187277555466,-0.0904080867767334,0.0,0.0,5.0,0.38465335215965674,-0.0031765103340148926,-0.020643889904022217,-0.005151569843292236,-0.017630338668823242,0.009491327218711376,0.7269980043638498,False,False
137,2.74,0.03686928004026413,-0.06340697407722473,4.626152515411377,0.2969631254673004,-0.023718474432826042,0.013827516697347164,0.04466044530272484,0.37037333846092224,0.1233038678765297,0.06505994498729706,-0.09187328070402145,-0.08761990070343018,0.0,0.0,5.0,0.3809747103228218,-0.0043212175369262695,-0.019906818866729736,-0.0038385391235351562,-0.018270790576934814,0.009499448351562023,0.7364974527154118,False,False
138,2.7600000000000002,0.037726063281297684,-0.056039080023765564,4.628572940826416,0.29521191120147705,-0.025508316233754158,0.015183486044406891,0.04097582772374153,0.36635980010032654,0.11868064105510712,0.06622828543186188,-0.08963029831647873,-0.08482503890991211,0.0,0.0,5.0,0.3775204559053079,-0.004251599311828613,-0.02072298526763916,-0.001957535743713379,-0.01847320795059204,0.009507110342383385,0.7460045630577952,False,False
139,2.7800000000000002,0.038506586104631424,-0.048754896968603134,4.63090181350708,0.2935180962085724,-0.02722546085715294,0.016551408916711807,0.037035245448350906,0.3620026409626007,0.11413634568452835,0.06609942764043808,-0.08474811166524887,-0.08175379037857056,0.0,0.0,5.0,0.3742903531006574,-0.0030292272567749023,-0.02096569538116455,-0.0003082752227783203,-0.018597841262817383,0.009514451958239079,0.7555190150160342,False,False
140,2.8000000000000003,0.03920583054423332,-0.041561294347047806,4.63314151763916,0.2918880581855774,-0.028837811201810837,0.017914503812789917,0.03285093978047371,0.3573026955127716,0.1098245158791542,0.06564228981733322,-0.07926974445581436,-0.07838094234466553,0.0,0.0,5.0,0.3712810046535693,-0.0012325644493103027,-0.021526038646697998,-0.0007085204124450684,-0.01731860637664795,0.009521330706775188,0.7650403457228094,False,False
141,2.82,0.03981911018490791,-0.034465063363313675,4.635296821594238,0.2903258502483368,-0.030343515798449516,0.019312988966703415,0.02844240702688694,0.3522656559944153,0.10570679605007172,0.06958489120006561,-0.07417953759431839,-0.07494503259658813,0.0,0.0,5.0,0.3684858348265506,-0.004694700241088867,-0.021240592002868652,0.0005171298980712891,-0.016597628593444824,0.009528015740215778,0.7745683614630252,False,False
142,2.84,0.040342241525650024,-0.027472885325551033,4.637368202209473,0.28883031010627747,-0.03169078752398491,0.020744312554597855,0.02384108491241932,0.3468979299068451,0.10145483911037445,0.06890951842069626,-0.06351292133331299,-0.07181107997894287,0.0,0.0,5.0,0.3659017308625564,-0.0031960606575012207,-0.023963570594787598,0.0014696121215820312,-0.018391966819763184,0.009533579461276531,0.7841019409243017,False,False
143,2.86,0.0407717265188694,-0.020591270178556442,4.639353275299072,0.28740665316581726,-0.032819923013448715,0.02217782288789749,0.01908465288579464,0.3412114083766937,0.09698711335659027,0.06985040009021759,-0.05242700129747391,-0.06802833080291748,0.0,0.0,5.0,0.3635277075112742,-0.0025664567947387695,-0.023550689220428467,0.0025769472122192383,-0.019471585750579834,0.009539271704852581,0.7936412126291543,False,False
144,2.88,0.04110479727387428,-0.01382656954228878,4.641249179840088,0.2860640585422516,-0.0337381549179554,0.023607585579156876,0.014205414801836014,0.33520808815956116,0.09261167049407959,0.06865839660167694,-0.04244165122509003,-0.06402170658111572,0.0,0.0,5.0,0.3613626009282694,-0.002110123634338379,-0.023048341274261475,0.003232240676879883,-0.019465088844299316,0.009544690139591694,0.803185902768746,False,False
145,2.9,0.041339341551065445,-0.007185008842498064,4.643059253692627,0.28480562567710876,-0.03445998951792717,0.025004258379340172,0.00923792365938425,0.32890012860298157,0.08838337659835815,0.06671841442584991,-0.03277609124779701,-0.05995893478393555,0.0,0.0,5.0,0.3593984722928116,-0.0038605928421020508,-0.020283877849578857,0.0044144392013549805,-0.02052992582321167,0.009549985639750957,0.812735888408497,False,False
146,2.92,0.04147394374012947,-0.0006724809063598514,4.6447858810424805,0.2836300730705261,-0.03499860689043999,0.02628655917942524,0.004215307999402285,0.32230958342552185,0.08425509929656982,0.05742925778031349,-0.024079909548163414,-0.05610731244087219,0.0,0.0,5.0,0.35762775416163617,-0.0025896430015563965,-0.01866382360458374,0.007474660873413086,-0.018396496772766113,0.009555124677717686,0.8222910130862147,False,False
147,2.94,0.04150756821036339,0.0057054846547544,4.646437168121338,0.2825367748737335,-0.03533891588449478,0.027366874739527702,-0.000855298712849617,0.315451443195343,0.08091016113758087,0.046757958829402924,-0.012869481928646564,-0.05220198631286621,0.0,0.0,5.0,0.35603666505002357,-0.0008490085601806641,-0.015687942504882812,0.006780266761779785,-0.016449272632598877,0.00956012774258852,0.8318511408288032,False,False
148,2.96,0.04143958166241646,0.011944079771637917,4.648027420043945,0.28152284026145935,-0.03549369052052498,0.028246596455574036,-0.0059420340694487095,0.30838021636009216,0.07814328372478485,0.037623751908540726,-0.005419470835477114,-0.04865759611129761,0.0,0.0,5.0,0.3546048462879049,-0.0019692182540893555,-0.013106167316436768,0.004662990570068359,-0.014952898025512695,0.009564699605107307,0.8414158404339105,False,False
149,2.98,0.04126999154686928,0.01803966611623764,4.649563312530518,0.2805764675140381,-0.03552315756678581,0.02894039824604988,-0.011012737639248371,0.3011573255062103,0.0754537582397461,0.02839692309498787,-0.00022997216728981584,-0.04579436779022217,0.0,0.0,5.0,0.3533192800859411,-0.00272291898727417,-0.0138816237449646,0.0036519765853881836,-0.013879656791687012,0.009568369947373867,0.8509842103812844,False,False
150,3.0,0.040999311953783035,0.023989694193005562,4.6510443687438965,0.2796890437602997,-0.03543255105614662,0.029470492154359818,-0.016049345955252647,0.2938305735588074,0.07261721044778824,0.021464170888066292,0.006697116419672966,-0.043123096227645874,0.0,0.0,5.0,0.35217393656189727,-0.0002818107604980469,-0.01179128885269165,0.0029876232147216797,-0.012806415557861328,0.009572163224220276,0.8605563736055046,False,False
151,3.02,0.04062819480895996,0.029792193323373795,4.652472972869873,0.2788565754890442,-0.03524940833449364,0.029882600530982018,-0.021053623408079147,0.28640875220298767,0.07026302814483643,0.016805389896035194,0.009140563197433949,-0.04058098793029785,0.0,0.0,5.0,0.35115987752355204,0.0001958608627319336,-0.010349869728088379,0.001615285873413086,-0.010266780853271484,0.009575777687132359,0.870132151292637,False,False
152,3.04,0.04015742987394333,0.03544555976986885,4.653857707977295,0.27807167172431946,-0.03502664715051651,0.03023179993033409,-0.026013728231191635,0.2789193391799927,0.06821050494909286,0.015356097370386124,0.010768188163638115,-0.03849291801452637,0.0,0.0,5.0,0.35026203506548015,0.004662632942199707,-0.0060617923736572266,-0.0005580782890319824,-0.007969021797180176,0.009579259902238846,0.8797114111948758,False,False
153,3.06,0.039587780833244324,0.040948301553726196,4.655210018157959,0.27732276916503906,-0.034866079688072205,0.03060116432607174,-0.030943505465984344,0.27134594321250916,0.06702742725610733,0.01896415837109089,0.0030050675850361586,-0.03680446743965149,0.0,0.0,5.0,0.3494625693405101,0.0021141767501831055,-0.002939879894256592,-0.0007621645927429199,-0.006393790245056152,0.009582551196217537,0.8892939623910934,False,False
154,3.08,0.03891985863447189,0.04629888758063316,4.656540393829346,0.2765962779521942,-0.03485257923603058,0.030999479815363884,-0.03584504872560501,0.2637007534503937,0.0660332664847374,0.018335675820708275,-0.0038911032024770975,-0.03580951690673828,0.0,0.0,5.0,0.34874466799971626,0.0029031038284301758,-0.002942502498626709,0.00038814544677734375,-0.005684554576873779,0.009584993124008179,0.8988789555151016,False,False
155,3.1,0.03815395385026932,0.0514957420527935,4.657854080200195,0.2758868932723999,-0.03496561199426651,0.031388454139232635,-0.040745753794908524,0.25597256422042847,0.06529560685157776,0.018086176365613937,-0.009617939591407776,-0.03469988703727722,0.0,0.0,5.0,0.34809677688773666,0.002866983413696289,-0.0036787986755371094,0.002668619155883789,-0.005122840404510498,0.009587153792381287,0.9084661093074828,False,False
156,3.12,0.037289880216121674,0.056537188589572906,4.659154415130615,0.2751995325088501,-0.0351543165743351,0.031760673969984055,-0.045665182173252106,0.24815945327281952,0.06475753337144852,0.016726592555642128,-0.011411231011152267,-0.03336504101753235,0.0,0.0,5.0,0.34750928273227266,0.005803823471069336,-0.00010758638381958008,0.0031282901763916016,-0.004036366939544678,0.009589148685336113,0.918055257992819,False,False
157,3.14,0.036326970905065536,0.06142129376530647,4.660452365875244,0.2745347321033478,-0.035433389246463776,0.0321049690246582,-0.05063195154070854,0.24023836851119995,0.06500484049320221,0.01535822730511427,-0.018603231757879257,-0.03214758634567261,0.0,0.0,5.0,0.3469651567270994,0.0040923357009887695,0.0007654428482055664,0.005497574806213379,-0.0023844242095947266,0.009591231122612953,0.9276464891154319,False,False
158,3.16,0.03526418283581734,0.06614609807729721,4.661757946014404,0.2738895118236542,-0.03580388054251671,0.03238547220826149,-0.055656637996435165,0.23222947120666504,0.06555971503257751,0.01039433479309082,-0.020505739375948906,-0.031103994697332382,0.0,0.0,5.0,0.34644848962915686,0.004408717155456543,-0.0018635988235473633,0.006939888000488281,-6.99758529663086e-05,0.009592951275408268,0.9372394403908402,False,False
159,3.18,0.0341002456843853,0.07071000337600708,4.663075923919678,0.273267924785614,-0.03614696487784386,0.03260762616991997,-0.060746774077415466,0.22415129840373993,0.06625190377235413,0.009585094638168812,-0.015802903100848198,-0.029867347329854965,0.0,0.0,5.0,0.34594878866061834,0.00348055362701416,-0.0026554465293884277,0.006030082702636719,0.0005460977554321289,0.00959501788020134,0.9468344582710415,False,False
160,3.2,0.03283402696251869,0.07511186599731445,4.664405822753906,0.2726730406284332,-0.036381155252456665,0.0328279510140419,-0.06588151305913925,0.21602703630924225,0.06674329936504364,0.010290355421602726,-0.009548786096274853,-0.028785433620214462,0.0,0.0,5.0,0.345461021740017,0.003110527992248535,-0.0027045011520385742,0.005797266960144043,-5.561113357543945e-05,0.00959689263254404,0.9564313509035856,False,False
161,3.22,0.0314648374915123,0.07935080677270889,4.665744304656982,0.2721037268638611,-0.03649543598294258,0.03305406495928764,-0.07104012370109558,0.2078588306903839,0.06710915267467499,0.010246958583593369,-0.0037465193308889866,-0.027699049562215805,0.0,0.0,5.0,0.3449832697437533,0.003296494483947754,-0.0042972564697265625,0.007105469703674316,-0.0016934871673583984,0.009598237462341785,0.9660295883659273,False,False
162,3.24,0.02999243512749672,0.08342601358890533,4.667088508605957,0.2715648114681244,-0.036482758820056915,0.033265553414821625,-0.07619854062795639,0.19965538382530212,0.06730293482542038,0.008935853838920593,0.0032281691674143076,-0.026172753423452377,0.0,0.0,5.0,0.344513435166786,0.004207491874694824,-0.0070972442626953125,0.008938431739807129,-0.0032861828804016113,0.009599190205335617,0.975628778571263,False,False
163,3.2600000000000002,0.0284170750528574,0.08733687549829483,4.668435096740723,0.2710684537887573,-0.03630863130092621,0.0334523469209671,-0.08133136481046677,0.19142770767211914,0.06733447313308716,0.007936613634228706,0.012520426884293556,-0.023982074111700058,0.0,0.0,5.0,0.3440502071641555,0.005468487739562988,-0.007960617542266846,0.010029315948486328,-0.005252838134765625,0.009600297547876835,0.9852290761191398,False,False
164,3.2800000000000002,0.02673954702913761,0.09108301997184753,4.669781684875488,0.2706265151500702,-0.035964153707027435,0.03360692411661148,-0.08641020208597183,0.18318462371826172,0.06731974333524704,0.005923792719841003,0.02042817324399948,-0.021308939903974533,0.0,0.0,5.0,0.3435916988901023,0.0068149566650390625,-0.00745081901550293,0.010758042335510254,-0.0066672563552856445,0.009601523168385029,0.9948305992875248,False,False
165,3.3000000000000003,0.024961179122328758,0.09466419368982315,4.671128273010254,0.2702453136444092,-0.035491082817316055,0.033704690635204315,-0.09141182154417038,0.17493508756160736,0.06742170453071594,0.0024908925406634808,0.025570295751094818,-0.01835833117365837,0.0,0.0,5.0,0.3431340595792546,0.008251428604125977,-0.005631446838378906,0.0113677978515625,-0.004081249237060547,0.009603014215826988,1.0044336135033518,False,False
166,3.3200000000000003,0.023083578795194626,0.09808025509119034,4.672484397888184,0.2699244022369385,-0.03491777554154396,0.033748824149370193,-0.09633058309555054,0.16667436063289642,0.06815898418426514,0.0007917929324321449,0.030647126957774162,-0.01562739536166191,0.0,0.0,5.0,0.34266464316502304,0.007376551628112793,-0.004476726055145264,0.011079788208007812,-0.0006155967712402344,0.009604609571397305,1.0140382230747491,False,False
167,3.34,0.021108660846948624,0.10133121907711029,4.673858642578125,0.26965728402137756,-0.0342131108045578,0.033775679767131805,-0.10113953799009323,0.158427432179451,0.06923912465572357,0.0009693239699117839,0.038877785205841064,-0.013434898108243942,0.0,0.0,5.0,0.3421721446047121,0.0062863826751708984,-0.004134118556976318,0.01024472713470459,-0.000647127628326416,0.00960609596222639,1.0236443190369755,False,False
168,3.36,0.01903901807963848,0.10441765934228897,4.675252914428711,0.26943743228912354,-0.03334662690758705,0.033797428011894226,-0.10579793900251389,0.15022411942481995,0.0701662227511406,0.00046200258657336235,0.04697932302951813,-0.011450592428445816,0.0,0.0,5.0,0.3416521643118996,0.005783557891845703,-0.0036066174507141113,0.009543776512145996,0.00022983551025390625,0.009607462212443352,1.0332517812494189,False,False
169,3.38,0.016877932474017143,0.10734047740697861,4.676665782928467,0.2692604660987854,-0.03231780603528023,0.03381335735321045,-0.11027935892343521,0.14206664264202118,0.07111891359090805,0.0005503176362253726,0.055245205760002136,-0.009709078818559647,0.0,0.0,5.0,0.341103882451984,0.005163073539733887,-0.0033187270164489746,0.008679389953613281,0.00011742115020751953,0.009608825668692589,1.0428606069181114,False,False
170,3.4,0.014629275538027287,0.11010075360536575,4.678096294403076,0.26912206411361694,-0.03113189898431301,0.03382795304059982,-0.1145496740937233,0.13396979868412018,0.07195024937391281,0.0004688433255068958,0.06281031668186188,-0.008122216910123825,0.0,0.0,5.0,0.3405263386645268,0.004787445068359375,-0.0031194686889648438,0.007898211479187012,-0.00046902894973754883,0.00961014349013567,1.0524707504082471,False,False
171,3.42,0.012297567911446095,0.11269977688789368,4.679542064666748,0.26901939511299133,-0.02980877459049225,0.0338355116546154,-0.11858018487691879,0.12594272196292877,0.07263781875371933,-2.6429510398884304e-05,0.06907947361469269,-0.006607025396078825,0.0,0.0,5.0,0.33992022329536137,0.004527568817138672,-0.0030806660652160645,0.007292985916137695,-0.0011078119277954102,0.009611406363546848,1.062082156771794,False,False
172,3.44,0.009887844324111938,0.11513900756835938,4.681000232696533,0.2689507007598877,-0.02837248146533966,0.03382841497659683,-0.12234767526388168,0.11799337714910507,0.07318984717130661,-0.0008840309455990791,0.07423555105924606,-0.005116454791277647,0.0,0.0,5.0,0.33928691703169245,0.0033686161041259766,-0.0025907158851623535,0.006883978843688965,-0.0017841458320617676,0.009612725116312504,1.0716948818881065,False,False
173,3.46,0.007405566517263651,0.11742011457681656,4.682467937469482,0.26891380548477173,-0.026838619261980057,0.03378233313560486,-0.1258329451084137,0.11013240367174149,0.07357843965291977,-0.003827519714832306,0.07893858850002289,-0.003754566889256239,0.0,0.0,5.0,0.33862802078026394,0.003382444381713867,-0.0028058886528015137,0.006581425666809082,-0.0022216439247131348,0.00961387250572443,1.081308754393831,False,False
174,3.48,0.004856517072767019,0.11954498291015625,4.6839423179626465,0.2689073383808136,-0.025217538699507713,0.033677536994218826,-0.12902255356311798,0.10237094014883041,0.07388362288475037,-0.006669619586318731,0.08305544406175613,-0.0023587692994624376,0.0,0.0,5.0,0.3379453314840915,0.0030068159103393555,-0.0029828548431396484,0.006692647933959961,-0.002893388271331787,0.009614938870072365,1.0909236932639033,False,False
175,3.5,0.0022467419039458036,0.12151575833559036,4.685421943664551,0.26893186569213867,-0.023515205830335617,0.033504437655210495,-0.13190363347530365,0.09472539275884628,0.07408870756626129,-0.010581260547041893,0.08716421574354172,-0.0009085472556762397,0.0,0.0,5.0,0.337239500801501,0.0034513473510742188,-0.0033426880836486816,0.007303357124328613,-0.0034875869750976562,0.009615822695195675,1.100539515959099,False,False
176,3.52,-0.00041749057709239423,0.12333488464355469,4.686906337738037,0.268989622592926,-0.021732525900006294,0.03324802964925766,-0.13446645438671112,0.08720957487821579,0.0743132159113884,-0.014930118806660175,0.09119739383459091,0.0007287184707820415,0.0,0.0,5.0,0.3365104893120406,0.0038832426071166992,-0.003620147705078125,0.007479071617126465,-0.004022419452667236,0.009616770781576633,1.1101562867406756,False,False
177,3.54,-0.003129703691229224,0.12500517070293427,4.688395023345947,0.2690833508968353,-0.019875915721058846,0.03290397673845291,-0.1367000788450241,0.07984496653079987,0.07452744245529175,-0.019281281158328056,0.09467211365699768,0.0024981980677694082,0.0,0.0,5.0,0.33575846858007524,0.0039833784103393555,-0.0029085278511047363,0.007691621780395508,-0.004613161087036133,0.009617798961699009,1.1197740857023746,False,False
178,3.56,-0.00588323175907135,0.12652981281280518,4.6898884773254395,0.26921379566192627,-0.017963919788599014,0.032456960529088974,-0.13859698176383972,0.07265008985996246,0.07479395717382431,-0.025174425914883614,0.09685110300779343,0.004285559058189392,0.0,0.0,5.0,0.3349829285827995,0.004361271858215332,-0.003305494785308838,0.007642149925231934,-0.00464022159576416,0.009618799202144146,1.1293928849045187,False,False
179,3.58,-0.008671293966472149,0.1279124915599823,4.691386699676514,0.269381046295166,-0.016010107472538948,0.03190035745501518,-0.140153169631958,0.06565018743276596,0.07506111264228821,-0.03020254336297512,0.09896717220544815,0.006142895668745041,0.0,0.0,5.0,0.33418403009822284,0.004139542579650879,-0.003470480442047119,0.007187604904174805,-0.005038619041442871,0.009619873948395252,1.139012758852914,False,False
180,3.6,-0.011487044394016266,0.12915731966495514,4.69288969039917,0.26958543062210083,-0.01402013935148716,0.031242944300174713,-0.14136561751365662,0.05887103080749512,0.07521680742502213,-0.03523292392492294,0.10057520866394043,0.007989708334207535,0.0,0.0,5.0,0.3333621269356542,0.004053950309753418,-0.003816843032836914,0.006461977958679199,-0.005424559116363525,0.00962095893919468,1.1486337177921087,False,False
181,3.62,-0.014323601499199867,0.13026897609233856,4.694392681121826,0.26982587575912476,-0.012006418779492378,0.03049137070775032,-0.14223377406597137,0.0523337796330452,0.07523103058338165,-0.039613135159015656,0.10144271701574326,0.009829197078943253,0.0,0.0,5.0,0.3325221872957652,0.0037652254104614258,-0.0040122270584106445,0.0055468082427978516,-0.0058443546295166016,0.009622087702155113,1.1582558054942638,False,False
182,3.64,-0.017174091190099716,0.13125242292881012,4.695895671844482,0.2701012194156647,-0.009985525161027908,0.02965664677321911,-0.14275939762592316,0.046056777238845825,0.0750764012336731,-0.04355735331773758,0.10138293355703354,0.011613894253969193,0.0,0.0,5.0,0.33166487654831317,0.003790140151977539,-0.0043291449546813965,0.003966093063354492,-0.006493747234344482,0.009623263031244278,1.167879068525508,False,False
183,3.66,-0.020031709223985672,0.13211311399936676,4.69739294052124,0.27040931582450867,-0.007987714372575283,0.028757132589817047,-0.1429477483034134,0.04005612060427666,0.07468344271183014,-0.04611795023083687,0.0992124006152153,0.01334374025464058,0.0,0.0,5.0,0.33079627674964185,0.0038570165634155273,-0.0039784908294677734,0.0023173093795776367,-0.007456958293914795,0.0096244802698493,1.1775035487953573,False,False
184,3.68,-0.022889811545610428,0.1328566074371338,4.698880672454834,0.27074703574180603,-0.006066924426704645,0.027811164036393166,-0.14281092584133148,0.03433844819664955,0.07408368587493896,-0.04824278876185417,0.09374438971281052,0.01498323306441307,0.0,0.0,5.0,0.3299207041601833,0.003937721252441406,-0.003658294677734375,0.0009957551956176758,-0.00789409875869751,0.00962574128061533,1.1871292900759727,False,False
185,3.7,-0.025742102414369583,0.13348856568336487,4.700355052947998,0.27111104130744934,-0.004279502667486668,0.026830200105905533,-0.1423710584640503,0.028903605416417122,0.07335823774337769,-0.04966633394360542,0.0859251394867897,0.016518183052539825,0.0,0.0,5.0,0.32904247035711204,0.0034862756729125977,-0.003970921039581299,0.0005049705505371094,-0.007540106773376465,0.009627008810639381,1.196756298886612,False,False
186,3.72,-0.02858281135559082,0.13401463627815247,4.7018141746521,0.27149906754493713,-0.0026420175563544035,0.025828978046774864,-0.14165736734867096,0.023748036473989487,0.0725511908531189,-0.050322275608778,0.0787879005074501,0.017961539328098297,0.0,0.0,5.0,0.3281641148574343,0.003072977066040039,-0.004288792610168457,-0.00023221969604492188,-0.006520867347717285,0.009628307074308395,1.2063846059609205,False,False
187,3.74,-0.031406741589307785,0.1344403177499771,4.703256607055664,0.27190929651260376,-0.0011365243699401617,0.024833286181092262,-0.14069737493991852,0.018865149468183517,0.07170594483613968,-0.0491703562438488,0.07275170832872391,0.019232533872127533,0.0,0.0,5.0,0.32728767729642516,0.0015484094619750977,-0.0036236047744750977,-0.0006914734840393066,-0.00599592924118042,0.009629570879042149,1.2160141768399626,False,False
188,3.7600000000000002,-0.034209202975034714,0.13477100431919098,4.704681396484375,0.27233776450157166,0.00025820452719926834,0.023848094046115875,-0.13951389491558075,0.014247003942728043,0.07078813761472702,-0.04932975023984909,0.06772245466709137,0.020207904279232025,0.0,0.0,5.0,0.32641472202676375,0.0012602806091308594,-0.003923237323760986,-0.0009298324584960938,-0.005728423595428467,0.009630563668906689,1.2256447405088693,False,False
189,3.7800000000000002,-0.03698592633008957,0.1350119262933731,4.706087589263916,0.27278169989585876,0.0015590586699545383,0.02286594547331333,-0.13812614977359772,0.009886909276247025,0.06982015818357468,-0.04892587661743164,0.06336405873298645,0.021137244999408722,0.0,0.0,5.0,0.3255467465244255,0.0005428791046142578,-0.0036798715591430664,-0.0010077953338623047,-0.005686521530151367,0.009631515480577946,1.2352762559894472,False,False
190,3.8000000000000003,-0.03973299264907837,0.135168194770813,4.7074737548828125,0.2732401192188263,0.0027775669004768133,0.021883314475417137,-0.13655084371566772,0.005779436323791742,0.06880603730678558,-0.04943675920367241,0.05948164314031601,0.021966077387332916,0.0,0.0,5.0,0.324685625898057,-0.00047069787979125977,-0.004095733165740967,-0.0009624958038330078,-0.005231678485870361,0.009632354602217674,1.244908610591665,False,False
191,3.8200000000000003,-0.0424468033015728,0.13524480164051056,4.70883846282959,0.2737117409706116,0.003939547576010227,0.020889004692435265,-0.13480275869369507,0.0019228107994422317,0.06770443916320801,-0.05015292763710022,0.05769823491573334,0.02270103245973587,0.0,0.0,5.0,0.32383317959829194,-0.001027524471282959,-0.00433194637298584,-0.0011892318725585938,-0.005270600318908691,0.009633059613406658,1.2545416702050716,False,False
192,3.84,-0.04512400180101395,0.13524678349494934,4.710180759429932,0.27419590950012207,0.005071782507002354,0.019879529252648354,-0.13289102911949158,-0.001682506874203682,0.06650222837924957,-0.051012828946113586,0.056488312780857086,0.023388676345348358,0.0,0.0,5.0,0.32299080511506634,-0.001581430435180664,-0.006072342395782471,-0.0004973411560058594,-0.005313098430633545,0.009633466601371765,1.2641751368064433,False,False
193,3.86,-0.04776138439774513,0.13517920672893524,4.7114973068237305,0.2746945023536682,0.006212026346474886,0.018858395516872406,-0.13082072138786316,-0.005033776629716158,0.06514155119657516,-0.051381755620241165,0.05848022550344467,0.0242551788687706,0.0,0.0,5.0,0.3221620271562341,-0.0010837316513061523,-0.007060825824737549,0.00018835067749023438,-0.005825161933898926,0.009633855894207954,1.2738089927006513,False,False
194,3.88,-0.05035572499036789,0.13504715263843536,4.7127861976623535,0.27521267533302307,0.007399474736303091,0.017833733931183815,-0.12858565151691437,-0.008130275644361973,0.06375215202569962,-0.05143760144710541,0.06119486689567566,0.025371529161930084,0.0,0.0,5.0,0.32134903256164177,-0.000820159912109375,-0.006749987602233887,0.0002684593200683594,-0.006428718566894531,0.009634366258978844,1.2834433589596301,False,False
195,3.9,-0.05290364474058151,0.1348557323217392,4.714046955108643,0.2757532298564911,0.00862938817590475,0.016800783574581146,-0.1261768341064453,-0.010969122871756554,0.06236949563026428,-0.05229061096906662,0.06271380931138992,0.026547200977802277,0.0,0.0,5.0,0.320552660337594,-0.0004627108573913574,-0.006888687610626221,-6.538629531860352e-05,-0.006304264068603516,0.00963488221168518,1.2930782411713153,False,False
196,3.92,-0.05540160462260246,0.1346101313829422,4.715281009674072,0.2763165533542633,0.009885184466838837,0.01576203852891922,-0.1235886663198471,-0.013546285219490528,0.060989104211330414,-0.052105892449617386,0.06376593559980392,0.027726419270038605,0.0,0.0,5.0,0.3197719948930923,-0.0007821321487426758,-0.006114482879638672,-0.0005599260330200195,-0.006358027458190918,0.009635450318455696,1.302713691489771,False,False
197,3.94,-0.05784596875309944,0.1343156397342682,4.716486930847168,0.2769008278846741,0.011151351034641266,0.014720798470079899,-0.12081785500049591,-0.01586003229022026,0.059600356966257095,-0.052633050829172134,0.06372617185115814,0.028762750327587128,0.0,0.0,5.0,0.319008632420298,-0.0008008480072021484,-0.005895495414733887,-0.0011630654335021973,-0.00619816780090332,0.009635942056775093,1.312349633546546,False,False
198,3.96,-0.060233090072870255,0.1339775025844574,4.7176642417907715,0.27750349044799805,0.012410040013492107,0.01367567665874958,-0.11786479502916336,-0.017908889800310135,0.0581880584359169,-0.05258926749229431,0.06298542022705078,0.029705874621868134,0.0,0.0,5.0,0.31826321921025486,-0.0012385249137878418,-0.005740821361541748,-0.0015566349029541016,-0.0060797929763793945,0.009636358357965946,1.321985991904512,False,False
199,3.98,-0.06255935877561569,0.13360105454921722,4.718814373016357,0.2781224846839905,0.013654387556016445,0.012631528079509735,-0.114732526242733,-0.019692856818437576,0.05672087147831917,-0.05263253301382065,0.062252599745988846,0.030546225607395172,0.0,0.0,5.0,0.3175346783727146,-0.001519322395324707,-0.006582498550415039,-0.0017377734184265137,-0.005984008312225342,0.00963658094406128,1.3316225728485733,False,False
200,4.0,-0.06482121348381042,0.1331915706396103,4.719933986663818,0.2787572145462036,0.014895797707140446,0.011596618220210075,-0.11142447590827942,-0.021212458610534668,0.05513453111052513,-0.05176498368382454,0.06264755874872208,0.031413014978170395,0.0,0.0,5.0,0.3168260658989129,-0.001605987548828125,-0.006142914295196533,-0.0016440749168395996,-0.005865812301635742,0.009636938571929932,1.3412595114205033,False,False
201,4.0200000000000005,-0.06701511144638062,0.13275429606437683,4.721023082733154,0.2794075906276703,0.0161440372467041,0.010574620217084885,-0.10793669521808624,-0.02247115783393383,0.053602300584316254,-0.051444318145513535,0.06288952380418777,0.0322284959256649,0.0,0.0,5.0,0.31613738888880494,-0.0013643503189086914,-0.005708456039428711,-0.0018836259841918945,-0.005691885948181152,0.009637271985411644,1.350896783405915,False,False
202,4.04,-0.06913744658231735,0.1322944462299347,4.722081661224365,0.2800723910331726,0.01738954707980156,0.009562485851347446,-0.10426808148622513,-0.02347026765346527,0.052128203213214874,-0.05088397115468979,0.062323909252882004,0.032987531274557114,0.0,0.0,5.0,0.31546855635865895,-0.0017828941345214844,-0.004736185073852539,-0.002217233180999756,-0.0069100260734558105,0.009637391194701195,1.360534174600616,False,False
203,4.0600000000000005,-0.0711846575140953,0.13181720674037933,4.723109722137451,0.2807503938674927,0.018601367250084877,0.008537854999303818,-0.10042431950569153,-0.024210331961512566,0.05055386200547218,-0.052799567580223083,0.059466782957315445,0.03369944915175438,0.0,0.0,5.0,0.31481940447347656,-0.001867532730102539,-0.0034376978874206543,-0.0019153356552124023,-0.008179664611816406,0.009637448005378246,1.3701716226059943,False,False
204,4.08,-0.0731533095240593,0.1313277930021286,4.724104881286621,0.2814408540725708,0.019732896238565445,0.007443814072757959,-0.0964154377579689,-0.024687770754098892,0.04900122061371803,-0.057928457856178284,0.0542340911924839,0.034428920596838,0.0,0.0,5.0,0.3141918401852636,-0.0012215971946716309,-0.004444301128387451,-0.001966416835784912,-0.007384777069091797,0.009637633338570595,1.379809255944565,False,False
205,4.1,-0.0750403106212616,0.1308315396308899,4.725068092346191,0.28214481472969055,0.020772455260157585,0.006275415886193514,-0.09226293861865997,-0.024891983717679977,0.0474836565554142,-0.06033725664019585,0.05020185559988022,0.03523343428969383,0.0,0.0,5.0,0.3135849068856581,-0.0014075636863708496,-0.0042351484298706055,-0.003405749797821045,-0.006794929504394531,0.009637785144150257,1.3894470410887152,False,False
206,4.12,-0.0768430158495903,0.13033398985862732,4.726000785827637,0.2828608751296997,0.02172260358929634,0.005077586974948645,-0.08798898011445999,-0.024817457422614098,0.0458824522793293,-0.06096738204360008,0.04521789401769638,0.035812195390462875,0.0,0.0,5.0,0.3129973919450476,-0.0019905567169189453,-0.003328979015350342,-0.004599869251251221,-0.005946993827819824,0.009637969546020031,1.3990850106347352,False,False
207,4.14,-0.07855917513370514,0.12984071671962738,4.726902961730957,0.2835836112499237,0.02256661280989647,0.0038739778101444244,-0.08361136168241501,-0.02446613274514675,0.04427633062005043,-0.060994189232587814,0.039505697786808014,0.03606226667761803,0.0,0.0,5.0,0.31242942887519065,-0.002432584762573242,-0.0024028420448303223,-0.0057010650634765625,-0.004921376705169678,0.009638109244406223,1.4087231198791414,False,False
208,4.16,-0.08018690347671509,0.1293572038412094,4.727773189544678,0.28430676460266113,0.023291151970624924,0.00267869234085083,-0.07915046066045761,-0.023843836039304733,0.04270777106285095,-0.060192499309778214,0.033184491097927094,0.03598686680197716,0.0,0.0,5.0,0.31188244901802054,-0.0031232833862304688,-0.0016774535179138184,-0.006440222263336182,-0.003857553005218506,0.009638173505663872,1.4183612933848053,False,False
209,4.18,-0.08172477781772614,0.12888874113559723,4.728610515594482,0.28502416610717773,0.023893287405371666,0.001504016574472189,-0.07462882250547409,-0.022959737107157707,0.04117199406027794,-0.05896774306893349,0.02717914804816246,0.03561174497008324,0.0,0.0,5.0,0.3113575101820548,-0.0036436915397644043,-0.0012172460556030273,-0.006924629211425781,-0.003130316734313965,0.009638173505663872,1.4279994668904692,False,False
210,4.2,-0.0831717997789383,0.1284404993057251,4.729417324066162,0.2857312858104706,0.024379458278417587,0.00035650964127853513,-0.07006823271512985,-0.02182478830218315,0.03965197131037712,-0.05748968943953514,0.021503563970327377,0.035032596439123154,0.0,0.0,5.0,0.31085285048699185,-0.003994345664978027,-0.0008321404457092285,-0.00959998369216919,-0.0011898279190063477,0.009637899696826935,1.4376373665872961,False,False
211,4.22,-0.084527388215065,0.1280173510313034,4.730193614959717,0.2864212989807129,0.0247445497661829,-0.000719302159268409,-0.06549060344696045,-0.020453445613384247,0.03806135803461075,-0.05178636685013771,0.01499355398118496,0.03395509347319603,0.0,0.0,5.0,0.31036882403366134,-0.005856812000274658,0.0012737512588500977,-0.010782003402709961,8.344650268554688e-06,0.009637603536248207,1.4472749701235443,False,False
212,4.24,-0.08579142391681671,0.1276238113641739,4.7309393882751465,0.28708362579345703,0.024977680295705795,-0.0016987882554531097,-0.060912612825632095,-0.01886937953531742,0.036494527012109756,-0.04780905693769455,0.008239560760557652,0.03228661045432091,0.0,0.0,5.0,0.30990582186616883,-0.006893336772918701,0.0014829635620117188,-0.011744976043701172,0.0009520053863525391,0.009637396782636642,1.456912366906181,False,False
213,4.26,-0.08696407079696655,0.1272638738155365,4.731652736663818,0.28770971298217773,0.0250850897282362,-0.002592298202216625,-0.05635664984583855,-0.017097292467951775,0.03484345227479935,-0.04310920462012291,0.002367239212617278,0.030324596911668777,0.0,0.0,5.0,0.309465825137663,-0.0077211856842041016,0.0022225379943847656,-0.012334465980529785,0.0012046098709106445,0.009637243114411831,1.4665496100205928,False,False
214,4.28,-0.08804595470428467,0.12694105505943298,4.732332706451416,0.2882944643497467,0.025072777643799782,-0.0034006903879344463,-0.051839638501405716,-0.015160252340137959,0.033150073140859604,-0.03919685631990433,-0.003773564239963889,0.028138164430856705,0.0,0.0,5.0,0.30904999860057397,-0.008040368556976318,0.0023851394653320312,-0.01265949010848999,0.001535177230834961,0.009637197479605675,1.4761868075001985,False,False
215,4.3,-0.08903803676366806,0.12665842473506927,4.732978820800781,0.28883498907089233,0.024939706549048424,-0.004130075685679913,-0.047379136085510254,-0.013080045580863953,0.03144165500998497,-0.03509334847331047,-0.0097365016117692,0.02584584429860115,0.0,0.0,5.0,0.3086590978539897,-0.00811457633972168,0.0029643774032592773,-0.012721478939056396,0.0019478797912597656,0.0096371965482831,1.4858240040484816,False,False
216,4.32,-0.08994160592556,0.12641865015029907,4.733591079711914,0.28932926058769226,0.024685895070433617,-0.004780564457178116,-0.04299095645546913,-0.010877343825995922,0.029817501083016396,-0.031182201579213142,-0.01586449146270752,0.023448530584573746,0.0,0.0,5.0,0.3082934971603458,-0.007568299770355225,0.0032591819763183594,-0.012741506099700928,0.0038306713104248047,0.009637250564992428,1.495461254613474,False,False
217,4.34,-0.09075823426246643,0.12622399628162384,4.734173774719238,0.28977465629577637,0.024320706725120544,-0.005330733489245176,-0.038688648492097855,-0.00857247319072485,0.02845948189496994,-0.02492648735642433,-0.020879318937659264,0.02089739218354225,0.0,0.0,5.0,0.30794989262989264,-0.007772564888000488,0.004775643348693848,-0.011805474758148193,0.004490375518798828,0.009637338109314442,1.5050985927227885,False,False
218,4.36,-0.09148979187011719,0.12607625126838684,4.734732151031494,0.290168434381485,0.02385825663805008,-0.005778946913778782,-0.034485384821891785,-0.006191292777657509,0.027387982234358788,-0.020843783393502235,-0.025583188980817795,0.01821191981434822,0.0,0.0,5.0,0.3076241779293442,-0.007725834846496582,0.004741072654724121,-0.011751890182495117,0.005690932273864746,0.009637395851314068,1.5147359885741025,False,False
219,4.38,-0.09213841706514359,0.12597668170928955,4.7352705001831055,0.2905081510543823,0.023315107449889183,-0.006133607588708401,-0.03039676696062088,-0.003758359933272004,0.02644260972738266,-0.015423930250108242,-0.02893301285803318,0.015427175909280777,0.0,0.0,5.0,0.3073130656302416,-0.007801055908203125,0.005760669708251953,-0.012300252914428711,0.0057718753814697266,0.009637361392378807,1.5243733499664813,False,False
220,4.4,-0.09270649403333664,0.12592609226703644,4.735790252685547,0.29079124331474304,0.02268935739994049,-0.0063864486292004585,-0.026433173567056656,-0.0012979510938748717,0.025546252727508545,-0.010511990636587143,-0.03381810337305069,0.012481849640607834,0.0,0.0,5.0,0.3070157411690261,-0.007071852684020996,0.006295323371887207,-0.01252061128616333,0.004990816116333008,0.009637517854571342,1.5340108678210527,False,False
221,4.42,-0.09319666028022766,0.12592479586601257,4.736292839050293,0.29101699590682983,0.021940940991044044,-0.006546501535922289,-0.022607937455177307,0.0011655722046270967,0.02467833273112774,-0.005997683387249708,-0.041167911142110825,0.00960688665509224,0.0,0.0,5.0,0.3067313783059043,-0.007187783718109131,0.006953001022338867,-0.012025713920593262,0.005698800086975098,0.009637627750635147,1.5436484955716878,False,False
222,4.44,-0.09361182898283005,0.12597259879112244,4.73677921295166,0.2911853492259979,0.021052377298474312,-0.006623795721679926,-0.01893860660493374,0.003609535051509738,0.023984985426068306,-0.0020944264251738787,-0.047797441482543945,0.006640070583671331,0.0,0.0,5.0,0.3064595453009209,-0.006999194622039795,0.00734710693359375,-0.011156976222991943,0.00611424446105957,0.009637891314923763,1.5532863868866116,False,False
223,4.46,-0.09395536035299301,0.12606890499591827,4.7372541427612305,0.29129549860954285,0.020038479939103127,-0.006631555501371622,-0.015445834957063198,0.006011798977851868,0.023478468880057335,0.0010913111036643386,-0.053663067519664764,0.0036963385064154863,0.0,0.0,5.0,0.30619661010871185,-0.006722092628479004,0.006854414939880371,-0.00998920202255249,0.006303310394287109,0.009638361632823944,1.5629247485194355,False,False
224,4.48,-0.09423097223043442,0.12621267139911652,4.737719535827637,0.29134905338287354,0.01892400160431862,-0.006579115521162748,-0.012149151414632797,0.00835252832621336,0.02308809384703636,0.0040475670248270035,-0.05781763046979904,0.0009153872961178422,0.0,0.0,5.0,0.3059414264784431,-0.006220757961273193,0.006198287010192871,-0.00885772705078125,0.005885601043701172,0.009638966992497444,1.572563715511933,False,False
225,4.5,-0.09444274008274078,0.12640249729156494,4.738178253173828,0.2913498282432556,0.017735537141561508,-0.0064728595316410065,-0.0090627521276474,0.010615015402436256,0.022756917402148247,0.00657588941976428,-0.06102713942527771,-0.0016135504702106118,0.0,0.0,5.0,0.305692082964195,-0.005690038204193115,0.005468606948852539,-0.007760524749755859,0.005461931228637695,0.009639633819460869,1.5822033493313938,False,False
226,4.5200000000000005,-0.09459496289491653,0.12663665413856506,4.738630294799805,0.2913028299808502,0.01649205945432186,-0.006319702137261629,-0.0061962497420609,0.012785779312252998,0.02247666008770466,0.008819631300866604,-0.06328784674406052,-0.0038835937157273293,0.0,0.0,5.0,0.3054491315635685,-0.00493091344833374,0.00427556037902832,-0.006371617317199707,0.0048514604568481445,0.009640474803745747,1.5918438241351396,False,False
227,4.54,-0.09469210356473923,0.12691320478916168,4.739077568054199,0.2912139594554901,0.015216314233839512,-0.0061227972619235516,-0.0035558671224862337,0.014853480271995068,0.022234415635466576,0.011011139489710331,-0.06422919034957886,-0.005785723216831684,0.0,0.0,5.0,0.30521151931059554,-0.004277348518371582,0.003673076629638672,-0.0050961971282958984,0.004210829734802246,0.009641284123063087,1.6014851082582027,False,False
228,4.5600000000000005,-0.09473871439695358,0.12723003327846527,4.73952054977417,0.29108989238739014,0.013927890919148922,-0.00588966254144907,-0.0011431099846959114,0.016809282824397087,0.022063637152314186,0.01248245406895876,-0.0645361989736557,-0.00739250797778368,0.0,0.0,5.0,0.3049794244921739,-0.003672659397125244,0.0030646324157714844,-0.004050791263580322,0.0039032697677612305,0.00964206550270319,1.6111271737609059,False,False
229,4.58,-0.09473934024572372,0.1275847852230072,4.739960670471191,0.2909357249736786,0.012641262263059616,-0.0056288763880729675,0.0010424781357869506,0.018646826967597008,0.02196868136525154,0.013800530694425106,-0.06403609365224838,-0.00876033864915371,0.0,0.0,5.0,0.30475214997172406,-0.003190338611602783,0.002808690071105957,-0.0031690597534179688,0.0036666393280029297,0.009642801247537136,1.620769975008443,False,False
230,4.6000000000000005,-0.09469851106405258,0.12797509133815765,4.740399360656738,0.29075556993484497,0.011369086802005768,-0.005345986690372229,0.003003805410116911,0.020361769944429398,0.021962644532322884,0.014704350382089615,-0.06308088451623917,-0.009955419227480888,0.0,0.0,5.0,0.3045290198785471,-0.0027208328247070312,0.0023298263549804688,-0.0023632049560546875,0.00344693660736084,0.00964356679469347,1.6304135418031365,False,False
231,4.62,-0.09462067484855652,0.12839843332767487,4.740838050842285,0.2905528247356415,0.010122436098754406,-0.0050458842888474464,0.004745076410472393,0.0219512190669775,0.02201646938920021,0.015523336827754974,-0.061477355659008026,-0.010966634377837181,0.0,0.0,5.0,0.304309292794393,-0.0023039579391479492,0.0019856691360473633,-0.0016456246376037598,0.003106236457824707,0.009644336998462677,1.6400578788015991,False,False
232,4.64,-0.09451014548540115,0.12885229289531708,4.7412800788879395,0.29033100605010986,0.00891111884266138,-0.0047325678169727325,0.006272642873227596,0.023413779214024544,0.022117074579000473,0.016019141301512718,-0.05954453721642494,-0.011808423325419426,0.0,0.0,5.0,0.30409057625037167,-0.0018791556358337402,0.001540541648864746,-0.00102996826171875,0.0027992725372314453,0.009645109064877033,1.6497029878664762,False,False
233,4.66,-0.09437115490436554,0.12933413684368134,4.741723537445068,0.29009342193603516,0.007742042187601328,-0.004409785382449627,0.007594102527946234,0.02474941499531269,0.022248433902859688,0.016456760466098785,-0.0572533942759037,-0.01248331181704998,0.0,0.0,5.0,0.3038749166038106,-0.0015106797218322754,0.0012305974960327148,-0.0004970431327819824,0.0024557113647460938,0.009645864367485046,1.6593488522339612,False,False
234,4.68,-0.09420771151781082,0.12984144687652588,4.7421698570251465,0.2898431718349457,0.006620243191719055,-0.004080233164131641,0.008718239143490791,0.025959040969610214,0.022406136617064476,0.016677889972925186,-0.05481934919953346,-0.013013472780585289,0.0,0.0,5.0,0.30366145106490905,-0.0007496476173400879,0.0009263753890991211,0.00032711029052734375,0.0023109912872314453,0.009646601043641567,1.6689954532776028,False,False
235,4.7,-0.0940236747264862,0.13037168979644775,4.742620944976807,0.2895837724208832,0.005549589172005653,-0.003744980553165078,0.009654874913394451,0.02704484947025776,0.02267705276608467,0.01700509898364544,-0.052143875509500504,-0.013354292139410973,0.0,0.0,5.0,0.30344885380255643,-0.0001990795135498047,0.0009015798568725586,0.001082777976989746,0.0022170543670654297,0.009647228755056858,1.6786426820326596,False,False
236,4.72,-0.09382270276546478,0.13092243671417236,4.743078708648682,0.2893182039260864,0.004533988423645496,-0.0034059337340295315,0.010414057411253452,0.02800874598324299,0.023065827786922455,0.017033439129590988,-0.04932063817977905,-0.01356242410838604,0.0,0.0,5.0,0.3032357728550875,0.00021648406982421875,0.0006829500198364258,0.0016540288925170898,0.002147197723388672,0.009647829458117485,1.6882905114907771,False,False
237,4.74,-0.09360823035240173,0.13149122893810272,4.743544578552246,0.2890491783618927,0.0035782521590590477,-0.003066141391173005,0.011006198823451996,0.0288532841950655,0.023524237796664238,0.017054812982678413,-0.04616546630859375,-0.013651778921484947,0.0,0.0,5.0,0.3030211663684666,0.0005159378051757812,0.0005601644515991211,0.002071857452392578,0.001935720443725586,0.00964843574911356,1.6979389472398907,False,False
238,4.76,-0.09338349103927612,0.13207578659057617,4.744019508361816,0.288778692483902,0.0026860316284000874,-0.0027279204223304987,0.011442739516496658,0.029581807553768158,0.02402111329138279,0.016851915046572685,-0.04297788813710213,-0.013643240556120872,0.0,0.0,5.0,0.30280439544618265,0.0008088350296020508,0.0003333091735839844,0.0023636817932128906,0.0017313957214355469,0.00964904110878706,1.7075879883486778,False,False
239,4.78,-0.09315148741006851,0.1326737403869629,4.744504451751709,0.2885090112686157,0.0018578856252133846,-0.00239326199516654,0.01173539087176323,0.030198397114872932,0.02453366294503212,0.016675202175974846,-0.03976738452911377,-0.013540072366595268,0.0,0.0,5.0,0.302584692556762,0.0010094642639160156,0.00021123886108398438,0.0025674104690551758,0.0014827251434326172,0.009649648331105709,1.7172376366797835,False,False
240,4.8,-0.09291497617959976,0.13328297436237335,4.744999885559082,0.2882416546344757,0.0010927107650786638,-0.002063326071947813,0.011895888485014439,0.03070736676454544,0.02504999376833439,0.01635780744254589,-0.036690350621938705,-0.013364700600504875,0.0,0.0,5.0,0.3023617079231726,0.001198887825012207,2.384185791015625e-05,0.0027039051055908203,0.001267075538635254,0.009650250896811485,1.726887887576595,False,False
241,4.82,-0.09267647564411163,0.13390134274959564,4.745506763458252,0.2879781424999237,0.0003882863966282457,-0.0017392601585015655,0.011935541406273842,0.031113263219594955,0.025559034198522568,0.016068270429968834,-0.033701859414577484,-0.013121454045176506,0.0,0.0,5.0,0.3021345828822851,0.0013221502304077148,-8.100271224975586e-05,0.002795577049255371,0.0010323524475097656,0.009650849737226963,1.736538737313822,False,False
242,4.84,-0.09243830293416977,0.13452684879302979,4.7460222244262695,0.2877197861671448,-0.000258031883276999,-0.0014218727592378855,0.01186523400247097,0.031420618295669556,0.026056060567498207,0.015672164037823677,-0.030889032408595085,-0.012826627120375633,0.0,0.0,5.0,0.30190565311188233,0.0014722347259521484,0.0004271268844604492,0.002749323844909668,0.0010143518447875977,0.00965143647044897,1.7461901737842709,False,False
243,4.86,-0.09220254421234131,0.13515755534172058,4.746549129486084,0.28746655583381653,-0.0008558681583963335,-0.001115830265916884,0.011694755405187607,0.031634215265512466,0.026611339300870895,0.014917988330125809,-0.028862444683909416,-0.012567756697535515,0.0,0.0,5.0,0.301672368123832,0.0015599727630615234,0.00024580955505371094,0.002785205841064453,0.001201629638671875,0.009652006439864635,1.7558421802241355,False,False
244,4.88,-0.09197112917900085,0.1357915997505188,4.747087001800537,0.28721845149993896,-0.0014096398372203112,-0.000820153160020709,0.01143181324005127,0.03175881877541542,0.027179284021258354,0.014621611684560776,-0.02649066597223282,-0.012297911569476128,0.0,0.0,5.0,0.30143495454825253,0.0015000104904174805,0.00031566619873046875,0.0028508901596069336,0.0010190010070800781,0.009652603417634964,1.7654947836417705,False,False
245,4.9,-0.09174583852291107,0.13642732799053192,4.747636318206787,0.286975622177124,-0.0019172831671312451,-0.0005344002274796367,0.011084537953138351,0.03179865702986717,0.02773669920861721,0.013913295231759548,-0.024257207289338112,-0.01201714389026165,0.0,0.0,5.0,0.30119286611261936,0.0015704631805419922,5.340576171875e-05,0.0023186206817626953,0.0011892318725585938,0.009653253480792046,1.7751480371225625,False,False
246,4.92,-0.0915282592177391,0.13706304132938385,4.748196601867676,0.28673794865608215,-0.0023820367641747,-0.00025143567472696304,0.010660923086106777,0.03175804018974304,0.028239687904715538,0.014332050457596779,-0.0222088024020195,-0.011770738288760185,0.0,0.0,5.0,0.30094625906443134,0.0011501312255859375,0.0005396604537963867,0.0016208887100219727,0.0011599063873291016,0.009653962217271328,1.7848019993398339,False,False
247,4.94,-0.09131985157728195,0.13769713044166565,4.748765468597412,0.2865036725997925,-0.00281438953243196,3.740959073184058e-05,0.010168619453907013,0.031638629734516144,0.028677618131041527,0.01449158601462841,-0.021023966372013092,-0.011670997366309166,0.0,0.0,5.0,0.3006968652863608,0.0009181499481201172,0.00039076805114746094,0.0012331008911132812,0.0011693239212036133,0.009654613211750984,1.7944566125515848,False,False
248,4.96,-0.09112192690372467,0.13832804560661316,4.749342441558838,0.28627070784568787,-0.0032229451462626457,0.0003329654864501208,0.009613084606826305,0.031441036611795425,0.029040763154625893,0.014993651770055294,-0.019835904240608215,-0.011615922674536705,0.0,0.0,5.0,0.30044477923185414,0.0006717443466186523,0.0003966093063354492,0.0010743141174316406,0.0009044408798217773,0.009655260480940342,1.8041118730325252,False,False
249,4.98,-0.09093571454286575,0.13895420730113983,4.749926567077637,0.28603866696357727,-0.0036096619442105293,0.0006347555899992585,0.008999114856123924,0.031165175139904022,0.029338540509343147,0.015106086619198322,-0.018846973776817322,-0.01157444529235363,0.0,0.0,5.0,0.3001904358231378,0.0006263256072998047,0.00011146068572998047,0.0010786056518554688,0.0006829500198364258,0.009655872359871864,1.813767745392397,False,False
250,5.0,-0.09076232463121414,0.1395740658044815,4.750515937805176,0.2858077585697174,-0.003975295927375555,0.0009390259510837495,0.008330847136676311,0.030811525881290436,0.029582243412733078,0.015233362093567848,-0.017734557390213013,-0.01148967258632183,0.0,0.0,5.0,0.2999350208076519,0.0007063150405883789,3.0159950256347656e-05,0.0012536048889160156,0.00043201446533203125,0.009656432084739208,1.8234241774771363,False,False
251,5.0200000000000005,-0.090602807700634,0.1401861160993576,4.751109600067139,0.2855789363384247,-0.0043194186873734,0.0012430432252585888,0.007612275425344706,0.030380913987755775,0.02981807477772236,0.015073442831635475,-0.01670270599424839,-0.011350130662322044,0.0,0.0,5.0,0.29967890664676466,0.0007697343826293945,-0.00017577409744262695,0.0014810562133789062,0.0002886056900024414,0.009656967595219612,1.8330811450723559,False,False
252,5.04,-0.09045813232660294,0.14078879356384277,4.751708030700684,0.2853534519672394,-0.004640381783246994,0.0015428169863298535,0.006847326643764973,0.029874995350837708,0.030047724023461342,0.014802931807935238,-0.015424945391714573,-0.011151013895869255,0.0,0.0,5.0,0.29942120852690485,0.0008095502853393555,-0.00034505128860473633,0.0017305612564086914,7.855892181396484e-05,0.00965749379247427,1.8427386388648301,False,False
253,5.0600000000000005,-0.09032918512821198,0.14138060808181763,4.7523112297058105,0.2851325273513794,-0.004933900665491819,0.001834498718380928,0.006040408741682768,0.029296256601810455,0.030268190428614616,0.014259487390518188,-0.013964202255010605,-0.010889684781432152,0.0,0.0,5.0,0.2991614362804121,0.0008804798126220703,-0.0006020069122314453,0.0019669532775878906,-0.00013637542724609375,0.009658006019890308,1.8523966448847204,False,False
254,5.08,-0.0902167558670044,0.14196017384529114,4.752918720245361,0.28491756319999695,-0.005195889621973038,0.0021139965392649174,0.005196466576308012,0.0286482572555542,0.030472159385681152,0.013581437058746815,-0.012277072295546532,-0.010555779561400414,0.0,0.0,5.0,0.2988995028475992,0.0009458065032958984,-0.000817418098449707,0.002173900604248047,-0.00038236379623413086,0.009658514522016048,1.8620551594067365,False,False
255,5.1000000000000005,-0.09012152254581451,0.14252610504627228,4.753530025482178,0.28470999002456665,-0.005422881338745356,0.0023780809715390205,0.004321006126701832,0.027935409918427467,0.03065722994506359,0.012716756202280521,-0.010468689724802971,-0.010153597220778465,0.0,0.0,5.0,0.29863527551924063,0.001015782356262207,-0.001055598258972168,0.002337336540222168,-0.0006089210510253906,0.009659016504883766,1.8717141759116203,False,False
256,5.12,-0.0900440663099289,0.14307717978954315,4.754144668579102,0.28451108932495117,-0.005612530279904604,0.002623981796205044,0.0034198977518826723,0.027162903919816017,0.03081926703453064,0.01176354382187128,-0.008545894175767899,-0.009686386212706566,0.0,0.0,5.0,0.29836865995314577,0.0011473894119262695,-0.001210927963256836,0.0024541616439819336,-0.0008703470230102539,0.00965951383113861,1.8813736897427589,False,False
257,5.14,-0.08998484909534454,0.14361226558685303,4.754762649536133,0.28432226181030273,-0.005765016656368971,0.0028498084284365177,0.00249915337190032,0.026336370036005974,0.03096449375152588,0.010711758397519588,-0.006754294037818909,-0.009157275781035423,0.0,0.0,5.0,0.29809916798984587,0.0011930465698242188,-0.0013862252235412598,0.0025281906127929688,-0.0010142326354980469,0.009660016745328903,1.8910337064880878,False,False
258,5.16,-0.08994419127702713,0.14413031935691833,4.755383491516113,0.28414443135261536,-0.005881008692085743,0.0030545953195542097,0.0015645287930965424,0.025461748242378235,0.03108985163271427,0.009663322940468788,-0.00489742960780859,-0.008587269112467766,0.0,0.0,5.0,0.29782669914776466,0.0012050867080688477,-0.0015224814414978027,0.0025681257247924805,-0.001184225082397461,0.009660515002906322,1.900694221490994,False,False
259,5.18,-0.08992232382297516,0.14463043212890625,4.75600528717041,0.28397849202156067,-0.005959939677268267,0.0032376910094171762,0.0006218236521817744,0.02454509027302265,0.03119012527167797,0.008547998033463955,-0.0030477899126708508,-0.00798388384282589,0.0,0.0,5.0,0.29755235859981377,0.0012193918228149414,-0.0016573667526245117,0.0025501251220703125,-0.0013274550437927246,0.009661012329161167,1.9103552338201553,False,False
260,5.2,-0.08991933614015579,0.14511187374591827,4.756630897521973,0.28382495045661926,-0.006002325564622879,0.0033986750058829784,-0.000323207990732044,0.023592589423060417,0.03126249834895134,0.007458620239049196,-0.001241694437339902,-0.007354995235800743,0.0,0.0,5.0,0.2972733808380734,0.001203775405883789,-0.001756906509399414,0.0024946928024291992,-0.0014644861221313477,0.009661505930125713,1.920016739750281,False,False
261,5.22,-0.08993522077798843,0.1455739587545395,4.757256507873535,0.28368425369262695,-0.006009449250996113,0.003537824610248208,-0.0012649672571569681,0.022610370069742203,0.031304534524679184,0.006371805910021067,0.0004805389908142388,-0.006710650399327278,0.0,0.0,5.0,0.29699246517985095,0.0011881589889526367,-0.0018795132637023926,0.0023931264877319336,-0.0016084909439086914,0.00966198742389679,1.9296787271741778,False,False
262,5.24,-0.08996986597776413,0.14601615071296692,4.757882118225098,0.2835567593574524,-0.005983323324471712,0.003655859502032399,-0.002198116621002555,0.02160443551838398,0.03130888193845749,0.0053551699966192245,0.0020861856173723936,-0.0060523878782987595,0.0,0.0,5.0,0.2967092208345644,0.0011507272720336914,-0.001968204975128174,0.0022562742233276367,-0.00175398588180542,0.009662463329732418,1.9393411905039102,False,False
263,5.26,-0.09002305567264557,0.14643803238868713,4.75850772857666,0.28344255685806274,-0.0059268176555633545,0.003753941273316741,-0.0031177280470728874,0.02058042585849762,0.03127317875623703,0.00438500102609396,0.0035220917779952288,-0.0053885821253061295,0.0,0.0,5.0,0.29642328693898945,0.001073598861694336,-0.0020467638969421387,0.002134084701538086,-0.0018565058708190918,0.0096629299223423,1.9490041204262525,False,False
264,5.28,-0.09009444713592529,0.14683929085731506,4.759133338928223,0.2833416759967804,-0.005842386279255152,0.003832767717540264,-0.00401939544826746,0.019543608650565147,0.0312001071870327,0.003438361920416355,0.0048827119171619415,-0.004726501181721687,0.0,0.0,5.0,0.2961343194566845,0.0009974241256713867,-0.00212937593460083,0.0020203590393066406,-0.001964867115020752,0.009663376957178116,1.9586674973834306,False,False
265,5.3,-0.09018367528915405,0.147219717502594,4.759755611419678,0.2832542657852173,-0.005731475073844194,0.0038927048444747925,-0.004899024032056332,0.018499061465263367,0.031089764088392258,0.002504592062905431,0.00617453595623374,-0.004064301028847694,0.0,0.0,5.0,0.29584473420112795,0.0009263753890991211,-0.0022047758102416992,0.0019061565399169922,-0.0020672082901000977,0.009663810022175312,1.968331307405606,False,False
266,5.32,-0.09029023349285126,0.14757925271987915,4.7603759765625,0.2831800878047943,-0.005595541559159756,0.003934050910174847,-0.005752778612077236,0.017451712861657143,0.030943909659981728,0.001588057610206306,0.007389769423753023,-0.0034027453511953354,0.0,0.0,5.0,0.2955530996385034,0.0008561611175537109,-0.002272188663482666,0.0017871856689453125,-0.0021596550941467285,0.009664230048656464,1.9779955374542624,False,False
267,5.34,-0.09041359275579453,0.14791780710220337,4.760993003845215,0.283119261264801,-0.005436145234853029,0.003957246895879507,-0.0065770866349339485,0.016406340524554253,0.030763879418373108,0.0006978841265663505,0.008525754325091839,-0.002743978053331375,0.0,0.0,5.0,0.29526029130898857,0.0007834434509277344,-0.002322554588317871,0.0016623735427856445,-0.002239704132080078,0.00966463703662157,1.987660174490884,False,False
268,5.36,-0.09055311232805252,0.14823554456233978,4.761606216430664,0.2830716371536255,-0.005254984833300114,0.003962806425988674,-0.0073686568066477776,0.015367535874247551,0.030551940202713013,-0.0001673773949733004,0.009571252390742302,-0.0020914990454912186,0.0,0.0,5.0,0.29496650465517893,0.0007085800170898438,-0.002362668514251709,0.0015295743942260742,-0.0023032426834106445,0.009665031917393208,1.9973252064082772,False,False
269,5.38,-0.09070811420679092,0.14853259921073914,4.762214660644531,0.2830370366573334,-0.00505383824929595,0.00395135348662734,-0.00812449399381876,0.014339693821966648,0.030309613794088364,-0.0009958025766536593,0.010529565624892712,-0.0014487112639471889,0.0,0.0,5.0,0.2946722970074481,0.0006309747695922852,-0.0023862123489379883,0.0013893842697143555,-0.0023540854454040527,0.009665416553616524,2.0069906229618937,False,False
270,5.4,-0.09087784588336945,0.14880923926830292,4.762818336486816,0.2830151617527008,-0.004834561143070459,0.00392364664003253,-0.008841902948915958,0.013326977379620075,0.030038785189390182,-0.001785746542736888,0.011389383114874363,-0.0008192118839360774,0.0,0.0,5.0,0.29437750265754603,0.0005500316619873047,-0.002398848533630371,0.0012423992156982422,-0.002390265464782715,0.00966578722000122,2.016656410181895,False,False
271,5.42,-0.09106150269508362,0.1490658074617386,4.763415813446045,0.28300583362579346,-0.0045991032384335995,0.003880535252392292,-0.009518508799374104,0.012333299033343792,0.02974110096693039,-0.0025297626852989197,0.012152610346674919,-0.00020645931363105774,0.0,0.0,5.0,0.2940831337474209,0.0004659891128540039,-0.002395451068878174,0.0010898113250732422,-0.002413332462310791,0.009666146710515022,2.02632255689241,False,False
272,5.44,-0.09125829488039017,0.14930272102355957,4.764007568359375,0.2830086052417755,-0.0043494682759046555,0.0038229499477893114,-0.010152257978916168,0.011362291872501373,0.029418541118502617,-0.0032276080455631018,0.012811806984245777,0.000386147468816489,0.0,0.0,5.0,0.29378871094916187,0.0003840923309326172,-0.002366364002227783,0.0009195804595947266,-0.002413332462310791,0.009666498750448227,2.035989055642858,False,False
273,5.46,-0.09146730601787567,0.14952047169208527,4.76459264755249,0.2830229699611664,-0.0040879640728235245,0.0037519990000873804,-0.01074143871665001,0.01041728537529707,0.02907431125640869,-0.0038614613004028797,0.013343804515898228,0.0009525457862764597,0.0,0.0,5.0,0.29349490815265855,0.0002974271774291992,-0.0023025870323181152,0.0007302761077880859,-0.0023818016052246094,0.009666845202445984,2.045655900845304,False,False
274,5.48,-0.0916876569390297,0.14971962571144104,4.765170574188232,0.2830483317375183,-0.0038173298817127943,0.003669089637696743,-0.011284750886261463,0.009501236490905285,0.02871270477771759,-0.004419464152306318,0.013728813268244267,0.0014844147954136133,0.0,0.0,5.0,0.2932020668160913,0.00019407272338867188,-0.002243518829345703,0.0005527734756469727,-0.002336561679840088,0.009667176753282547,2.0553230775985867,False,False
275,5.5,-0.09191838651895523,0.14990074932575226,4.765740871429443,0.2830840051174164,-0.0035399915650486946,0.0035756465513259172,-0.011781313456594944,0.008616701699793339,0.028333982452750206,-0.0049117752350866795,0.014017770998179913,0.0019803878385573626,0.0,0.0,5.0,0.2929105046721723,9.369850158691406e-05,-0.002186000347137451,0.00038611888885498047,-0.0022986531257629395,0.009667492471635342,2.064990570070222,False,False
276,5.5200000000000005,-0.09215858578681946,0.15006451308727264,4.766303539276123,0.2831292152404785,-0.0032578385435044765,0.0034728478640317917,-0.012230568565428257,0.007765869610011578,0.027938654646277428,-0.005352775566279888,0.014213278889656067,0.0024426050949841738,0.0,0.0,5.0,0.29262022961034895,-5.960464477539063e-08,-0.0021306276321411133,0.00022780895233154297,-0.00225985050201416,0.009667793288826942,2.074658363359049,False,False
277,5.54,-0.09240730106830597,0.1502116173505783,4.766858100891113,0.28318339586257935,-0.0029726827051490545,0.0033617375884205103,-0.012632257305085659,0.00695062056183815,0.02752816304564476,-0.005741416476666927,0.014320636168122292,0.002872561337426305,0.0,0.0,5.0,0.2923316342750189,-9.113550186157227e-05,-0.0020686984062194824,7.653236389160156e-05,-0.0022162199020385742,0.009668081998825073,2.084326445357874,False,False
278,5.5600000000000005,-0.09266356378793716,0.15034280717372894,4.767404556274414,0.2832458019256592,-0.002686259103938937,0.003243295708671212,-0.012986395508050919,0.006172545719891787,0.027104418724775314,-0.006085177883505821,0.014342186041176319,0.0032700945157557726,0.0,0.0,5.0,0.2920447502775223,-0.00017637014389038086,-0.00200730562210083,-6.80088996887207e-05,-0.0021663904190063477,0.009668358601629734,2.0939948039595038,False,False
279,5.58,-0.09292642027139664,0.15045881271362305,4.767942428588867,0.2833158075809479,-0.002400193829089403,0.003118496621027589,-0.013293270021677017,0.005432965699583292,0.026669267565011978,-0.006376992911100388,0.014286420308053493,0.003635849105194211,0.0,0.0,5.0,0.2917599875871987,-0.0002598762512207031,-0.0019365549087524414,-0.0002053976058959961,-0.002111375331878662,0.009668624959886074,2.10366342891939,False,False
280,5.6000000000000005,-0.09319496154785156,0.1505604088306427,4.768471717834473,0.28339269757270813,-0.002116010058671236,0.002988286316394806,-0.013553404249250889,0.004732930101454258,0.026225032284855843,-0.006626684218645096,0.014155302196741104,0.003969439305365086,0.0,0.0,5.0,0.29147741423251966,-0.00033915042877197266,-0.0018665194511413574,-0.0003364682197570801,-0.0020503997802734375,0.00966887827962637,2.113332307199016,False,False
281,5.62,-0.09346824884414673,0.15064841508865356,4.768991470336914,0.2834759056568146,-0.001835119561292231,0.002853555139154196,-0.013767553493380547,0.004073242656886578,0.02577328123152256,-0.0068300263956189156,0.013957946561276913,0.00427121389657259,0.0,0.0,5.0,0.29119786964848393,-0.0004146099090576172,-0.0017892122268676758,-0.00046068429946899414,-0.0019845962524414062,0.009669123217463493,2.1230014304164797,False,False
282,5.64,-0.09374535828828812,0.1507236212491989,4.76950216293335,0.2835647761821747,-0.0015588401583954692,0.0027151715476065874,-0.013936680741608143,0.0034544633235782385,0.025316141545772552,-0.006993262562900782,0.013694620691239834,0.00454110000282526,0.0,0.0,5.0,0.2909210461542368,-0.0004863739013671875,-0.0017126798629760742,-0.0005782246589660645,-0.0019127726554870605,0.009669356979429722,2.1326707873959094,False,False
283,5.66,-0.09402541816234589,0.1507868617773056,4.770003795623779,0.2836587131023407,-0.001288378844037652,0.0025739914271980524,-0.01406194269657135,0.002876928076148033,0.024855144321918488,-0.0071114287711679935,0.013376271352171898,0.00477949995547533,0.0,0.0,5.0,0.29064705567529936,-0.0005553364753723145,-0.0016306638717651367,-0.0006883740425109863,-0.0018392205238342285,0.009669581428170204,2.1423403688240796,False,False
284,5.68,-0.0943075641989708,0.1508389562368393,4.770496368408203,0.2837570905685425,-0.0010248096659779549,0.002430822467431426,-0.014144659973680973,0.0023407493717968464,0.024391978979110718,-0.007194082252681255,0.013005166314542294,0.004986790008842945,0.0,0.0,5.0,0.2903760050306935,-0.0006191134452819824,-0.0015507936477661133,-0.000792086124420166,-0.00176239013671875,0.009669797495007515,2.152010166319087,False,False
285,5.7,-0.09459094703197479,0.15088076889514923,4.770979881286621,0.28385913372039795,-0.0007691301871091127,0.002286426955834031,-0.01418631337583065,0.0018458416452631354,0.023927846923470497,-0.007236324716359377,0.012586762197315693,0.005163964815437794,0.0,0.0,5.0,0.29010802894488713,-0.0006795525550842285,-0.0014683008193969727,-0.0008884668350219727,-0.001683950424194336,0.009670003317296505,2.1616801696363837,False,False
286,5.72,-0.09487476199865341,0.1509130895137787,4.771453380584717,0.28396445512771606,-0.0005222507752478123,0.002141556004062295,-0.014188512228429317,0.001391921192407608,0.023464279249310493,-0.007244038861244917,0.01212443970143795,0.005311504937708378,0.0,0.0,5.0,0.28984398958241175,-0.0007351040840148926,-0.0013846755027770996,-0.000977933406829834,-0.001601099967956543,0.009670202620327473,2.171350372256711,False,False
287,5.74,-0.09515823423862457,0.15093672275543213,4.771918296813965,0.2840723693370819,-0.0002849888987839222,0.001996909035369754,-0.01415299717336893,0.0009785224683582783,0.023002861067652702,-0.007216265425086021,0.011624014936387539,0.0054299840703606606,0.0,0.0,5.0,0.28958288476325006,-0.0007874965667724609,-0.0013020038604736328,-0.0010595321655273438,-0.0015186071395874023,0.009670393541455269,2.1810207657981664,False,False
288,5.76,-0.09544064104557037,0.15095248818397522,4.772373676300049,0.28418225049972534,-5.804025204270147e-05,0.0018531670793890953,-0.014081614091992378,0.0006050085066817701,0.022544600069522858,-0.007156092673540115,0.01109196338802576,0.0055206092074513435,0.0,0.0,5.0,0.2893256174162211,-0.0008345842361450195,-0.001219332218170166,-0.001134037971496582,-0.0014355182647705078,0.009670577943325043,2.1906913437414914,False,False
289,5.78,-0.09572126716375351,0.15096117556095123,4.772819995880127,0.2842937707901001,0.0001579804957145825,0.001710950513370335,-0.01397628989070654,0.00027058360865339637,0.022090701386332512,-0.007066144607961178,0.010529914870858192,0.005584505386650562,0.0,0.0,5.0,0.2890719491512183,-0.0008783936500549316,-0.0011363029479980469,-0.0012010931968688965,-0.0013502240180969238,0.00967075489461422,2.2003620986361057,False,False
290,5.8,-0.09599947184324265,0.15096358954906464,4.773257255554199,0.2844061255455017,0.00036255360464565456,0.0015708283754065633,-0.01383903343230486,-2.56921885011252e-05,0.021642519161105156,-0.006948982365429401,0.009945819154381752,0.005622406490147114,0.0,0.0,5.0,0.288822049231934,-0.0009159445762634277,-0.0010561943054199219,-0.0012614130973815918,-0.0012667179107666016,0.009670926257967949,2.2100330248940736,False,False
291,5.82,-0.09627462178468704,0.15096041560173035,4.773685455322266,0.2845189571380615,0.000555241946130991,0.0014333627186715603,-0.013671907596290112,-0.0002848890726454556,0.021200763061642647,-0.006802777294069529,0.009339961223304272,0.0056359851732850075,0.0,0.0,5.0,0.2885760263970691,-0.0009513497352600098,-0.000975191593170166,-0.0013136863708496094,-0.0011824369430541992,0.009671092964708805,2.2197041178587824,False,False
292,5.84,-0.09654615819454193,0.15095242857933044,4.774105072021484,0.28463175892829895,0.0007356842397712171,0.0012990676332265139,-0.013477024622261524,-0.0005082050338387489,0.020766600966453552,-0.006634017918258905,0.008719674311578274,0.005625986494123936,0.0,0.0,5.0,0.2883336866246158,-0.0009816884994506836,-0.0008977651596069336,-0.0013589859008789062,-0.0011000633239746094,0.009671254083514214,2.2293753719422966,False,False
293,5.86,-0.09681354463100433,0.15094031393527985,4.7745161056518555,0.28474411368370056,0.0009036316187120974,0.0011683832854032516,-0.013256526552140713,-0.0006969435489736497,0.02034079283475876,-0.006443609483540058,0.008088950999081135,0.0055940160527825356,0.0,0.0,5.0,0.28809517074276947,-0.0010074973106384277,-0.0008220672607421875,-0.0013973116874694824,-0.0010188817977905273,0.009671411477029324,2.239046783419326,False,False
294,5.88,-0.09707626700401306,0.15092475712299347,4.774919033050537,0.2848556339740753,0.0010588967707008123,0.001041719107888639,-0.01301257312297821,-0.000852501776535064,0.019924091175198555,-0.0062337578274309635,0.007449917960911989,0.005541537888348103,0.0,0.0,5.0,0.2878602536144478,-0.0010302066802978516,-0.0007485151290893555,-0.001428842544555664,-0.0009385943412780762,0.009671565145254135,2.24871834856458,False,False
295,5.9,-0.0973338931798935,0.15090642869472504,4.775313377380371,0.2849659025669098,0.0012013830710202456,0.0009194299927912652,-0.012747333385050297,-0.0009763581911101937,0.01951712928712368,-0.006007642950862646,0.0068095289170742035,0.005469680763781071,0.0,0.0,5.0,0.28762947583160975,-0.0010294318199157715,-0.0006847381591796875,-0.0014837384223937988,-0.0008769035339355469,0.00967171136289835,2.2583900599274784,False,False
296,5.92,-0.0975860208272934,0.1508859246969223,4.775699615478516,0.2850745618343353,0.001330437371507287,0.0008022686815820634,-0.012462995015084743,-0.0010700887069106102,0.019117115065455437,-0.005722260568290949,0.006105237174779177,0.0053810784593224525,0.0,0.0,5.0,0.28740260303107207,-0.0010439157485961914,-0.0006009936332702637,-0.001543283462524414,-0.0008043050765991211,0.009671853855252266,2.2680619137827307,False,False
297,5.94,-0.09783229231834412,0.15086382627487183,4.776078224182129,0.2851811647415161,0.0014448099536821246,0.0006911919917911291,-0.012161885388195515,-0.0011355066671967506,0.018725236877799034,-0.005400207359343767,0.005339986644685268,0.0052709998562932014,0.0,0.0,5.0,0.2871794094011365,-0.0010753870010375977,-0.0005221962928771973,-0.001575767993927002,-0.0007143020629882812,0.009671996347606182,2.277733910130337,False,False
298,5.96,-0.09807239472866058,0.15084068477153778,4.776449203491211,0.2852853238582611,0.0015440050046890974,0.0005866966093890369,-0.011846475303173065,-0.0011746261734515429,0.01834356039762497,-0.005064896773546934,0.00458619836717844,0.00513926986604929,0.0,0.0,5.0,0.2869600414863969,-0.0010974407196044922,-0.0004565119743347168,-0.0015854835510253906,-0.0006372928619384766,0.009672137908637524,2.2874060480389744,False,False
299,5.98,-0.0983060672879219,0.15081700682640076,4.776812553405762,0.28538668155670166,0.0016283992445096374,0.0004889045376330614,-0.011519225314259529,-0.0011895226780325174,0.017972731962800026,-0.0047303978353738785,0.003858660813421011,0.004991286434233189,0.0,0.0,5.0,0.2867446402828621,-0.0011089444160461426,-0.0004012584686279297,-0.0015788078308105469,-0.0005690455436706543,0.009672279469668865,2.2970783275086433,False,False
300,6.0,-0.09853309392929077,0.15079323947429657,4.777168273925781,0.2854849100112915,0.001698597683571279,0.0003977464511990547,-0.011182504706084728,-0.0011822495143860579,0.017613617703318596,-0.004401756916195154,0.003165552392601967,0.004831396974623203,0.0,0.0,5.0,0.28653333107275086,-0.0011110901832580566,-0.0003534555435180664,-0.0015600919723510742,-0.0005077123641967773,0.009672421962022781,2.306750749470666,False,False
301,6.0200000000000005,-0.09875331819057465,0.15076982975006104,4.777517318725586,0.2855799198150635,0.001755306962877512,0.0003130820987280458,-0.010838563553988934,-0.001154805300757289,0.017266714945435524,-0.004081103950738907,0.0025087399408221245,0.004662846215069294,0.0,0.0,5.0,0.28632551909245496,-0.0011072754859924316,-0.00031059980392456055,-0.0015328526496887207,-0.00044971704483032227,0.009672565385699272,2.3164233148563653,False,False
302,6.04,-0.09896660596132278,0.1507471352815628,4.777859210968018,0.2856714427471161,0.0017993146320804954,0.00023474260524380952,-0.010489520616829395,-0.0011091198539361358,0.016932765021920204,-0.003769112518057227,0.0018945594783872366,0.004487861879169941,0.0,0.0,5.0,0.2861216839787807,-0.0010976195335388184,-0.00027060508728027344,-0.0014995932579040527,-0.000396728515625,0.009672707878053188,2.3260960227344185,False,False
303,6.0600000000000005,-0.09917288273572922,0.15072554349899292,4.778194427490234,0.28575944900512695,0.001831437461078167,0.0001625267614144832,-0.010137352161109447,-0.0010470448760315776,0.016612136736512184,-0.003468453651294112,0.0013194758212193847,0.0043082470074296,0.0,0.0,5.0,0.28592160136926764,-0.0010837316513061523,-0.00023502111434936523,-0.0014621615409851074,-0.0003458857536315918,0.009672851301729679,2.335768874036148,False,False
304,6.08,-0.09937208890914917,0.15070535242557526,4.778523921966553,0.28584372997283936,0.0018524875631555915,9.622134530218318e-05,-0.009783895686268806,-0.0009703487739898264,0.01630503498017788,-0.0031776190735399723,0.000786620017606765,0.004125294275581837,0.0,0.0,5.0,0.28572463744829973,-0.0010662674903869629,-0.00020432472229003906,-0.0014221668243408203,-0.00030046701431274414,0.009672993794083595,2.345441867830232,False,False
305,6.1000000000000005,-0.09956423938274384,0.1506868153810501,4.778846740722656,0.28592440485954285,0.0018632973078638315,3.56407072104048e-05,-0.009430845268070698,-0.0008807176491245627,0.016011035069823265,-0.0028954402077943087,0.00029490317683666945,0.00394060555845499,0.0,0.0,5.0,0.2855316412983665,-0.0010461807250976562,-0.00017327070236206055,-0.0013805031776428223,-0.00025731325149536133,0.009673137217760086,2.355115005047992,False,False
306,6.12,-0.09974934160709381,0.15067018568515778,4.7791643142700195,0.28600138425827026,0.0018646446987986565,-1.9397435607970692e-05,-0.009079747833311558,-0.0007797590224072337,0.015730364248156548,-0.002622721018269658,-0.00016009279352147132,0.0037548327818512917,0.0,0.0,5.0,0.28534161297868793,-0.0010249614715576172,-0.00014650821685791016,-0.0013376474380493164,-0.00021767616271972656,0.009673280641436577,2.3647882856894284,False,False
307,6.140000000000001,-0.09992744773626328,0.15065568685531616,4.779476165771484,0.28607454895973206,0.0018572702538222075,-6.908960494911298e-05,-0.0087320227175951,-0.0006690043956041336,0.01546245627105236,-0.0023601318243891,-0.0005776803009212017,0.003568827174603939,0.0,0.0,5.0,0.28515503196643144,-0.0010008811950683594,-0.00012373924255371094,-0.0012941956520080566,-0.00018149614334106445,0.009673424996435642,2.374461710685864,False,False
308,6.16,-0.10009864717721939,0.1506434679031372,4.779782772064209,0.2861441671848297,0.001841907505877316,-0.00011360327334841713,-0.008388959802687168,-0.0005499088438227773,0.015206990763545036,-0.0021041121799498796,-0.0009592318092472851,0.003383631817996502,0.0,0.0,5.0,0.28497161449575487,-0.0009761452674865723,-0.00010001659393310547,-0.001250147819519043,-0.00014847517013549805,0.009673569351434708,2.384135280037299,False,False
309,6.18,-0.10026304423809052,0.15063373744487762,4.780084609985352,0.28621000051498413,0.0018192192073911428,-0.00015311079914681613,-0.008051724173128605,-0.00042385936831124127,0.014963826164603233,-0.0018586987862363458,-0.0013104778481647372,0.0031995391473174095,0.0,0.0,5.0,0.28479111584070976,-0.0009503364562988281,-8.231401443481445e-05,-0.0012058019638061523,-0.00011777877807617188,0.009673712775111198,2.39380899281241,False,False
310,6.2,-0.1004207655787468,0.15062656998634338,4.780381202697754,0.28627219796180725,0.0017898617079481483,-0.00018777868535835296,-0.007721370086073875,-0.000292173441266641,0.014732311479747295,-0.0016193165211007,-0.0016263523139059544,0.0030175549909472466,0.0,0.0,5.0,0.28461396640670583,-0.0009235143661499023,-6.282329559326172e-05,-0.0011612176895141602,-9.161233901977539e-05,0.009673858061432838,2.403482850873843,False,False
311,6.22,-0.10057195276021957,0.15062206983566284,4.780673503875732,0.2863307595252991,0.0017544414149597287,-0.00021779256348963827,-0.007398834452033043,-0.0001561026874696836,0.01451223436743021,-0.0013924590311944485,-0.0019168511498719454,0.002837930805981159,0.0,0.0,5.0,0.2844395146700463,-0.0008956789970397949,-5.120038986206055e-05,-0.0011164546012878418,-6.633996963500977e-05,0.009674003347754478,2.4131568542215973,False,False
312,6.24,-0.10071677714586258,0.15062034130096436,4.780961513519287,0.28638574481010437,0.0017135483212769032,-0.00024331184977199882,-0.007084961514919996,-1.683035952737555e-05,0.014302929863333702,-0.0011690007522702217,-0.0021737520582973957,0.002661599777638912,0.0,0.0,5.0,0.2842678577891454,-0.0008653998374938965,-3.2067298889160156e-05,-0.001079857349395752,-5.14984130859375e-05,0.009674148634076118,2.4228310028556734,False,False
313,6.26,-0.10085541009902954,0.1506214141845703,4.781245708465576,0.2864372432231903,0.001667544711381197,-0.0002644825435709208,-0.006780496332794428,0.00012451427755877376,0.014103541150689125,-0.0009567771921865642,-0.002427906496450305,0.002488338388502598,0.0,0.0,5.0,0.2840986874695675,-0.0008370280265808105,-1.7702579498291016e-05,-0.001049637794494629,-3.314018249511719e-05,0.009674293920397758,2.432505296776071,False,False
314,6.28,-0.10098806023597717,0.1506252884864807,4.7815260887146,0.28648537397384644,0.0016165184788405895,-0.0002813848259393126,-0.006486158352345228,0.0002668409433681518,0.013913148082792759,-0.0007413611165247858,-0.0026760378386825323,0.002317494712769985,0.0,0.0,5.0,0.2839320618637527,-0.0008176565170288086,-4.291534423828125e-06,-0.0010117888450622559,-1.0669231414794922e-05,0.009674439206719398,2.4421797359827906,False,False
315,6.3,-0.101114921271801,0.15063202381134033,4.781802654266357,0.2865300178527832,0.0015608249232172966,-0.00029410465504042804,-0.006202634423971176,0.000409075990319252,0.013731873594224453,-0.000537711544893682,-0.0028946055099368095,0.0021486086770892143,0.0,0.0,5.0,0.2837680665376382,-0.0007924437522888184,-8.940696716308594e-07,-0.0009691119194030762,4.172325134277344e-06,0.009674586355686188,2.4518543223384768,False,False
316,6.32,-0.10123623162508011,0.15064162015914917,4.78207540512085,0.2865713834762573,0.0015010720817372203,-0.0003028176142834127,-0.005930527579039335,0.0005502027343027294,0.013559096492826939,-0.00033991356031037867,-0.003081913571804762,0.0019843438640236855,0.0,0.0,5.0,0.2836067724351132,-0.0007669925689697266,3.6954879760742188e-06,-0.0009229183197021484,1.3828277587890625e-05,0.009674735367298126,2.461529057705775,False,False
317,6.34,-0.10135221481323242,0.15065401792526245,4.782344818115234,0.2866094410419464,0.0014378599589690566,-0.0003077493456657976,-0.005670333281159401,0.0006892708479426801,0.013394774869084358,-0.00015886168694123626,-0.0032404556404799223,0.0018253902671858668,0.0,0.0,5.0,0.2834478484057752,-0.0007383227348327637,1.6689300537109375e-06,-0.0008752942085266113,2.086162567138672e-05,0.00967488531023264,2.4712039430160075,False,False
318,6.36,-0.10146312415599823,0.1506691724061966,4.78261137008667,0.28664451837539673,0.00137177889700979,-0.0003091749385930598,-0.005422454327344894,0.0008254139684140682,0.013238482177257538,1.1374245332262944e-05,-0.003368746256455779,0.001673090155236423,0.0,0.0,5.0,0.2832909837828562,-0.0007099509239196777,4.76837158203125e-07,-0.000826716423034668,2.4557113647460938e-05,0.009675036184489727,2.4808789792004973,False,False
319,6.38,-0.10156919062137604,0.15068700909614563,4.782874584197998,0.2866765260696411,0.0013034051517024636,-0.00030737699125893414,-0.005187192000448704,0.0009578471654094756,0.01308985985815525,0.00016413982666563243,-0.0034695982467383146,0.00152772746514529,0.0,0.0,5.0,0.2831365772573645,-0.0006796121597290039,-5.841255187988281e-06,-0.0007783770561218262,2.7418136596679688e-05,0.009675187058746815,2.490554166259244,False,False
320,6.4,-0.10167068988084793,0.1507074534893036,4.783134460449219,0.28670570254325867,0.0012333105551078916,-0.0003026211925316602,-0.004964761435985565,0.0010858732275664806,0.012948647141456604,0.00030773639446124434,-0.0035407748073339462,0.0013900677440688014,0.0,0.0,5.0,0.2829846779646022,-0.000649869441986084,-8.58306884765625e-06,-0.0007305741310119629,2.7418136596679688e-05,0.009675339795649052,2.500229506054893,False,False
321,6.42,-0.10176786035299301,0.15073040127754211,4.783391952514648,0.28673219680786133,0.0011620116420090199,-0.00029516260838136077,-0.004755283705890179,0.0012088705552741885,0.012814821675419807,0.000434942077845335,-0.0035899130161851645,0.0012598856119439006,0.0,0.0,5.0,0.28283457621997254,-0.0006205439567565918,-1.6868114471435547e-05,-0.0006834864616394043,2.682209014892578e-05,0.009675492532551289,2.5099049985874444,False,False
322,6.44,-0.10186098515987396,0.15075576305389404,4.783647537231445,0.2867561876773834,0.0010900135384872556,-0.0002852790348697454,-0.004558803513646126,0.0013262982247397304,0.012687678448855877,0.0005507059395313263,-0.0036105939652770758,0.001137601095251739,0.0,0.0,5.0,0.2826859539094943,-0.0005918741226196289,-2.5391578674316406e-05,-0.0006383061408996582,2.1576881408691406e-05,0.009675643406808376,2.519580641994253,False,False
323,6.46,-0.10195031017065048,0.15078340470790863,4.783899307250977,0.2867778539657593,0.0010178172960877419,-0.0002732209104578942,-0.004375281743705273,0.0014376919716596603,0.012566433288156986,0.0006528249359689653,-0.0036096551921218634,0.0010235010413452983,0.0,0.0,5.0,0.2825402808199366,-0.0005624890327453613,-3.3020973205566406e-05,-0.0005945563316345215,1.7404556274414062e-05,0.009675796143710613,2.5292564381379634,False,False
324,6.48,-0.10203608125448227,0.15081322193145752,4.784149646759033,0.28679725527763367,0.0009458335698582232,-0.0002592574164737016,-0.00420460756868124,0.0015426632016897202,0.012451200745999813,0.0007416121661663055,-0.003589233150705695,0.0009172995341941714,0.0,0.0,5.0,0.2823957591419682,-0.0005338788032531738,-4.506111145019531e-05,-0.0005526542663574219,1.1086463928222656e-05,0.009675947949290276,2.5389323860872537,False,False
325,6.5,-0.10211857408285141,0.15084505081176758,4.784397602081299,0.28681468963623047,0.0008744594524614513,-0.00024359971575904638,-0.004046609625220299,0.0016408921219408512,0.012341137044131756,0.0008225674391724169,-0.0035486125852912664,0.0008193905232474208,0.0,0.0,5.0,0.2822531248992888,-0.0005080103874206543,-5.352497100830078e-05,-0.0005124211311340332,3.2186508178710938e-06,0.009676099754869938,2.5486084858421236,False,False
326,6.5200000000000005,-0.1021980345249176,0.15087878704071045,4.784643173217773,0.2868303060531616,0.0008040588581934571,-0.0002264741196995601,-0.0039010527543723583,0.0017321183113381267,0.012235959060490131,0.0008886782452464104,-0.0034918298479169607,0.0007291393121704459,0.0,0.0,5.0,0.2821124057558303,-0.0004814267158508301,-6.490945816040039e-05,-0.0004744529724121094,-5.0067901611328125e-06,0.009676250629127026,2.5582847364712507,False,False
327,6.54,-0.10227470099925995,0.1509142816066742,4.784887313842773,0.28684407472610474,0.0007349611259996891,-0.00020810925343539566,-0.0037676526699215174,0.0018161474727094173,0.012135212309658527,0.0009467576164752245,-0.0034182497765868902,0.0006467056227847934,0.0,0.0,5.0,0.2819728756514074,-0.0004565119743347168,-7.677078247070312e-05,-0.0004381537437438965,-1.6510486602783203e-05,0.009676400572061539,2.567961137043312,False,False
328,6.5600000000000005,-0.10234882682561874,0.15095138549804688,4.785128593444824,0.2868562638759613,0.0006674590986222029,-0.00018870436178985983,-0.0036460745614022017,0.0018928403733298182,0.012038127519190311,0.0009928668150678277,-0.003332188120111823,0.0005721010966226459,0.0,0.0,5.0,0.2818356338211336,-0.0004311203956604004,-8.875131607055664e-05,-0.00040417909622192383,-2.6404857635498047e-05,0.009676551446318626,2.577637688489631,False,False
329,6.58,-0.1024206280708313,0.15098993480205536,4.785368919372559,0.2868669629096985,0.0006017865380272269,-0.00016845614300109446,-0.0035359470639377832,0.0019621120300143957,0.011944743804633617,0.0010312780505046248,-0.0032352504786103964,0.0005050742765888572,0.0,0.0,5.0,0.28169921234759554,-0.00040900707244873047,-0.00010216236114501953,-0.00037169456481933594,-3.820657730102539e-05,0.00967669952660799,2.587314388016239,False,False
330,6.6000000000000005,-0.10249032825231552,0.1510298103094101,4.785606384277344,0.28687652945518494,0.0005381795344874263,-0.00014753454888705164,-0.00343686412088573,0.0020239236764609814,0.011854234151542187,0.0010603367118164897,-0.0031256263609975576,0.00044549291487783194,0.0,0.0,5.0,0.28156507853424895,-0.00038701295852661133,-0.00011181831359863281,-0.00034171342849731445,-4.9233436584472656e-05,0.00967684667557478,2.5969912346918136,False,False
331,6.62,-0.10255815833806992,0.15107084810733795,4.7858428955078125,0.28688496351242065,0.00047684184391982853,-0.00012613230501301587,-0.0033483868464827538,0.0020782845094799995,0.01176683884114027,0.0010794609552249312,-0.0030082676094025373,0.0003926731878891587,0.0,0.0,5.0,0.2814317721829657,-0.0003666877746582031,-0.0001252293586730957,-0.0003135204315185547,-6.157159805297852e-05,0.009676992893218994,2.6066682275850326,False,False
332,6.640000000000001,-0.1026243269443512,0.1511128693819046,4.78607702255249,0.2868923544883728,0.0004179500974714756,-0.00010442086204420775,-0.003270052606239915,0.0021252476144582033,0.011681722477078438,0.0010913513833656907,-0.002881000516936183,0.0003467696951702237,0.0,0.0,5.0,0.28130035914236123,-0.0003465414047241211,-0.00013697147369384766,-0.000287473201751709,-7.474422454833984e-05,0.00967713724821806,2.6163453648332506,False,False
333,6.66,-0.10268903523683548,0.15115578472614288,4.786309719085693,0.2868989109992981,0.00036164719494991004,-8.255700959125534e-05,-0.0032013743184506893,0.0021649065893143415,0.011598648503422737,0.0010947795817628503,-0.002749348757788539,0.00030744599644094706,0.0,0.0,5.0,0.28117013598759627,-0.00032806396484375,-0.00015014410018920898,-0.0002632737159729004,-8.696317672729492e-05,0.009677281603217125,2.6260226464364678,False,False
334,6.68,-0.1027524545788765,0.15119941532611847,4.78654146194458,0.2869047224521637,0.00030805025016888976,-6.067116919439286e-05,-0.003141851397231221,0.0021973908878862858,0.011517273262143135,0.0010936087928712368,-0.002610391704365611,0.0002744753146544099,0.0,0.0,5.0,0.2810407044997242,-0.0003116726875305176,-0.00016194581985473633,-0.00024068355560302734,-0.0001017451286315918,0.009677422232925892,2.6357000686693937,False,False
335,6.7,-0.10281476378440857,0.1512436419725418,4.786770343780518,0.28690990805625916,0.0002572682569734752,-3.891567394020967e-05,-0.0030909674242138863,0.002222859999164939,0.011437062174081802,0.0010817941511049867,-0.0024678378831595182,0.00024766160640865564,0.0,0.0,5.0,0.2809135119225147,-0.0002937912940979004,-0.00017440319061279297,-0.00022083520889282227,-0.00011348724365234375,0.009677563793957233,2.645377632463351,False,False
336,6.72,-0.10287614166736603,0.15128830075263977,4.786999225616455,0.2869146168231964,0.00020936665532644838,-1.741181949910242e-05,-0.0030481978319585323,0.0022415088023990393,0.011358235031366348,0.0010684814769774675,-0.00232233596034348,0.0002265578368678689,0.0,0.0,5.0,0.2807863607032488,-0.00028061866760253906,-0.00018602609634399414,-0.00020200014114379883,-0.00012826919555664062,0.009677700698375702,2.6550553331617266,False,False
337,6.74,-0.10293673723936081,0.1513332724571228,4.787224769592285,0.286918967962265,0.00016440553008578718,3.7267852803779533e-06,-0.0030130117665976286,0.0022535522002726793,0.01127995178103447,0.0010452991118654609,-0.0021737825591117144,0.00021089869551360607,0.0,0.0,5.0,0.28066177135677584,-0.0002650618553161621,-0.00019663572311401367,-0.0001856684684753418,-0.00013977289199829102,0.00967783760279417,2.6647331707645208,False,False
338,6.76,-0.10299669951200485,0.15137840807437897,4.787449836730957,0.28692305088043213,0.00012240902287885547,2.4390596081502736e-05,-0.0029848774429410696,0.0022592348977923393,0.011202622205018997,0.001021025120280683,-0.002025868045166135,0.00020020443480461836,0.0,0.0,5.0,0.28053754552144394,-0.00025409460067749023,-0.00020688772201538086,-0.00017023086547851562,-0.00015282630920410156,0.00967797264456749,2.6744111434090883,False,False
339,6.78,-0.1030561700463295,0.1514235883951187,4.787673473358154,0.28692692518234253,8.33912126836367e-05,4.448412073543295e-05,-0.002963264472782612,0.002258816035464406,0.011125598102807999,0.0009882900631055236,-0.0018759046215564013,0.0001942404778674245,0.0,0.0,5.0,0.2804143919681419,-0.00024175643920898438,-0.00021982192993164062,-0.00015693902969360352,-0.0001659393310546875,0.00967810582369566,2.684089249232784,False,False
340,6.8,-0.1031152680516243,0.15146870911121368,4.7878947257995605,0.28693071007728577,4.737940616905689e-05,6.391638453351334e-05,-0.002947644330561161,0.0022525794338434935,0.011048506945371628,0.0009549151873216033,-0.001725262263789773,0.00019307865295559168,0.0,0.0,5.0,0.28029301755273783,-0.0002313852310180664,-0.00022733211517333984,-0.00014507770538330078,-0.00017833709716796875,0.009678238071501255,2.693767487304285,False,False
341,6.82,-0.1031741127371788,0.15151365101337433,4.788115978240967,0.286934494972229,1.4348351214721333e-05,8.260828326456249e-05,-0.002937490586191416,0.0022408198565244675,0.010971654206514359,0.000914268079213798,-0.001577823655679822,0.00019576342310756445,0.0,0.0,5.0,0.28017159502577904,-0.00022166967391967773,-0.0002402663230895996,-0.0001348257064819336,-0.00019097328186035156,0.009678365662693977,2.703445852966979,False,False
342,6.84,-0.10323280096054077,0.1515582948923111,4.788333415985107,0.2869384288787842,-1.572695873619523e-05,0.00010048588592326269,-0.0029322891496121883,0.0022238497622311115,0.010894250124692917,0.0008734971052035689,-0.001429680036380887,0.0002027382142841816,0.0,0.0,5.0,0.28005297844043175,-0.0002129077911376953,-0.0002446770668029785,-0.00012636184692382812,-0.00020122528076171875,0.009678494185209274,2.7131243471521884,False,False
343,6.86,-0.10329145193099976,0.15160256624221802,4.788550853729248,0.2869425117969513,-4.290882498025894e-05,0.00011748573888326064,-0.0029315331485122442,0.0022019888274371624,0.010817121714353561,0.0008265060023404658,-0.0012884719762951136,0.00021267484407871962,0.0,0.0,5.0,0.27993428441666446,-0.00020611286163330078,-0.0002560615539550781,-0.00011920928955078125,-0.00021082162857055664,0.009678619913756847,2.7228029670659453,False,False
344,6.88,-0.10335011035203934,0.15164634585380554,4.788766384124756,0.2869468629360199,-6.724364357069135e-05,0.00013356150884646922,-0.0029347355011850595,0.0021755665075033903,0.010739300400018692,0.0007810984388925135,-0.0011449644807726145,0.00022586225531995296,0.0,0.0,5.0,0.2798169044148707,-0.00020009279251098633,-0.000261843204498291,-0.00011330842971801758,-0.0002225637435913086,0.009678743779659271,2.7324817108456045,False,False
345,6.9,-0.10340886563062668,0.1516895592212677,4.788980007171631,0.2869515120983124,-8.877304207999259e-05,0.00014866434503346682,-0.002941413316875696,0.0021449164487421513,0.01066092774271965,0.0007292270311154425,-0.0010079203639179468,0.0002417691284790635,0.0,0.0,5.0,0.27970082810217145,-0.0001933574676513672,-0.00027054548263549805,-0.00010883808135986328,-0.00023126602172851562,0.009678867645561695,2.7421605784911662,False,False
346,6.92,-0.10346779227256775,0.15173211693763733,4.789193630218506,0.28695645928382874,-0.00010758703865576535,0.00016276004316750914,-0.0029511027969419956,0.002110380446538329,0.01058201864361763,0.0006803968572057784,-0.0008734103757888079,0.00026035227347165346,0.0,0.0,5.0,0.27958459343924535,-0.00019025802612304688,-0.00027757883071899414,-0.00010532140731811523,-0.00024253129959106445,0.009678986854851246,2.7518395653460175,False,False
347,6.94,-0.10352692753076553,0.15177395939826965,4.789403438568115,0.2869618833065033,-0.0001237505057360977,0.00017582702275831252,-0.002963353181257844,0.002072296803817153,0.010501910001039505,0.0006263694376684725,-0.0007428543176501989,0.0002812304301187396,0.0,0.0,5.0,0.27947105603679534,-0.0001844167709350586,-0.0002822279930114746,-0.00010353326797485352,-0.0002499818801879883,0.009679106995463371,2.761518672341481,False,False
348,6.96,-0.1035863384604454,0.1518149971961975,4.789613246917725,0.2869676947593689,-0.00013738483539782465,0.00018782720144372433,-0.002977734198793769,0.002031008480116725,0.010421354323625565,0.0005737286992371082,-0.0006204794626682997,0.000303965643979609,0.0,0.0,5.0,0.27935731377901263,-0.00018256902694702148,-0.0002886056900024414,-0.00010222196578979492,-0.00025719404220581055,0.009679224342107773,2.7711978966835886,False,False
349,6.98,-0.10364604741334915,0.15185518562793732,4.789820671081543,0.2869740128517151,-0.00014857642236165702,0.0001987728610401973,-0.0029938374646008015,0.001986851915717125,0.010339807718992233,0.0005209330120123923,-0.0004985604900866747,0.0003282475518062711,0.0,0.0,5.0,0.279245144722551,-0.00017940998077392578,-0.0002918243408203125,-0.00010210275650024414,-0.0002657771110534668,0.009679339826107025,2.7808772365096956,False,False
350,7.0,-0.10370609909296036,0.1518944650888443,4.790026664733887,0.2869808077812195,-0.00015742391406092793,0.00020863767713308334,-0.0030112680979073048,0.0019401615718379617,0.010257411748170853,0.0004656553501263261,-0.00038605480222031474,0.00035398046020418406,0.0,0.0,5.0,0.2791338120623882,-0.0001773238182067871,-0.0002974271774291992,-0.000102996826171875,-0.0002713799476623535,0.009679453447461128,2.7905566899571568,False,False
351,7.0200000000000005,-0.10376650840044022,0.15193279087543488,4.790231227874756,0.28698819875717163,-0.00016404969210270792,0.0002174280962208286,-0.0030296575278043747,0.0018912683008238673,0.01017407700419426,0.0004135090857744217,-0.00027636945014819503,0.000380836077965796,0.0,0.0,5.0,0.27902329466865283,-0.0001767277717590332,-0.0002995133399963379,-0.00010472536087036133,-0.00027817487716674805,0.009679565206170082,2.800236255163327,False,False
352,7.04,-0.10382729768753052,0.15197011828422546,4.790433406829834,0.28699609637260437,-0.00016856401634868234,0.00022514426382258534,-0.0030486544128507376,0.0018404934089630842,0.010089736431837082,0.00035824350197799504,-0.00017488856974523515,0.0004084276733919978,0.0,0.0,5.0,0.27891429072273516,-0.00017493963241577148,-0.00030344724655151367,-0.00010734796524047852,-0.0002816915512084961,0.009679676964879036,2.809915932128206,False,False
353,7.0600000000000005,-0.10388845950365067,0.15200641751289368,4.790635108947754,0.28700459003448486,-0.0001710885262582451,0.00023181345022749156,-0.0030679325573146343,0.0017881531966850162,0.010004531592130661,0.00030881300335749984,-7.73665597080253e-05,0.0004366199718788266,0.0,0.0,5.0,0.27880534533696566,-0.0001761317253112793,-0.00030422210693359375,-0.00011032819747924805,-0.0002878904342651367,0.009679784998297691,2.8195957171265036,False,False
354,7.08,-0.10395000874996185,0.15204164385795593,4.790833473205566,0.2870136499404907,-0.00017174295498989522,0.00023745247744955122,-0.0030871829949319363,0.0017345481319352984,0.009918265044689178,0.0002552432706579566,1.2136441000620835e-05,0.00046508305240422487,0.0,0.0,5.0,0.2786985857829084,-0.00017511844635009766,-0.00030612945556640625,-0.00011432170867919922,-0.0002899169921875,0.009679893031716347,2.82927561015822,False,False
355,7.1000000000000005,-0.10401193797588348,0.15207578241825104,4.791031837463379,0.28702330589294434,-0.0001706687908153981,0.0002420747623546049,-0.0031061237677931786,0.0016799740260466933,0.00983130931854248,0.00020714945276267827,9.551320545142516e-05,0.0004935990436933935,0.0,0.0,5.0,0.27859149267979083,-0.00017726421356201172,-0.00030803680419921875,-0.000118255615234375,-0.0002942085266113281,0.009679997339844704,2.8389556074980646,False,False
356,7.12,-0.10407424718141556,0.1521088182926178,4.791226863861084,0.28703340888023376,-0.00016797137504909188,0.0002457279770169407,-0.0031244938727468252,0.0016247098101302981,0.009743139147758484,0.00015833592624403536,0.00017447886057198048,0.000522118469234556,0.0,0.0,5.0,0.2784865596434294,-0.00017631053924560547,-0.0003077983856201172,-0.0001227855682373047,-0.0002969503402709961,0.00968010164797306,2.8486357091460377,False,False
357,7.140000000000001,-0.10413691401481628,0.1521407514810562,4.791421413421631,0.28704410791397095,-0.00016378058353438973,0.00024842401035130024,-0.003142050700262189,0.001569024403579533,0.009654365479946136,0.00011145138705614954,0.000244863738771528,0.0005505289300344884,0.0,0.0,5.0,0.27838162996286225,-0.00017839670181274414,-0.0003091096878051758,-0.0001278519630432129,-0.00029903650283813477,0.009680203162133694,2.8583159123081714,False,False
358,7.16,-0.10419992357492447,0.1521715670824051,4.7916131019592285,0.2870553433895111,-0.0001582192344358191,0.00025021506007760763,-0.003158577485010028,0.0015131738036870956,0.009564638137817383,6.784051220165566e-05,0.00031155356555245817,0.0005786250694654882,0.0,0.0,5.0,0.27827847415204415,-0.00016486644744873047,-0.00030344724655151367,-0.0001348257064819336,-0.00030416250228881836,0.009680304676294327,2.8679962169844657,False,False
359,7.18,-0.10426324605941772,0.15220126509666443,4.79180383682251,0.28706714510917664,-0.0001516706106485799,0.0002512362552806735,-0.0031738863326609135,0.0014573882799595594,0.009475477039813995,3.4460212191333994e-05,0.00034360893187113106,0.0006073116674087942,0.0,0.0,5.0,0.27817564943341094,-0.00011038780212402344,-0.0002827644348144531,-0.00014591217041015625,-0.00030916929244995117,0.009680408053100109,2.877676625037566,False,False
360,7.2,-0.10432685911655426,0.15222986042499542,4.7919921875,0.2870796322822571,-0.00014547041791956872,0.00025201874086633325,-0.0031879141461104155,0.001401806133799255,0.009392179548740387,4.3971122067887336e-05,0.00027672707801684737,0.0006385640590451658,0.0,0.0,5.0,0.27807422390285313,-0.00011265277862548828,-0.00024384260177612305,-0.00014591217041015625,-0.0002676844596862793,0.009680516086518764,2.8873571411240846,False,False
361,7.22,-0.10439075529575348,0.15225733816623688,4.792179107666016,0.2870926260948181,-0.00014055227802600712,0.00025299773551523685,-0.0032008346170186996,0.0013463711366057396,0.009316563606262207,5.412008977145888e-05,0.00021541770547628403,0.0006620967178605497,0.0,0.0,5.0,0.27797347014990337,-0.00012087821960449219,-0.00022709369659423828,-0.00013953447341918945,-0.0002415180206298828,0.009680618532001972,2.8970377596560866,False,False
362,7.24,-0.1044548898935318,0.1522836983203888,4.792365550994873,0.2871060371398926,-0.00013660754484590143,0.0002541237627156079,-0.00321285892277956,0.0012909839861094952,0.009244896471500397,5.86688875046093e-05,0.00017939755343832076,0.000681456585880369,0.0,0.0,5.0,0.2778726564641935,-0.00012683868408203125,-0.00022292137145996094,-0.00013011693954467773,-0.00023317337036132812,0.009680714458227158,2.9067184741143137,False,False
363,7.26,-0.10451926290988922,0.15230897068977356,4.792548656463623,0.28711986541748047,-0.00013317294360604137,0.00025521774659864604,-0.0032241265289485455,0.0012355882208794355,0.00917479395866394,5.091824641567655e-05,0.0001644159492570907,0.0006999750039540231,0.0,0.0,5.0,0.27777393471463935,-0.00012809038162231445,-0.0002218484878540039,-0.00012111663818359375,-0.0002294778823852539,0.009680809453129768,2.9163992835674435,False,False
364,7.28,-0.10458385199308395,0.15233314037322998,4.792731761932373,0.2871340811252594,-0.00012989557581022382,0.00025607479619793594,-0.00323470844887197,0.0011801887303590775,0.009105995297431946,3.49705878761597e-05,0.0001636886881897226,0.0007187723531387746,0.0,0.0,5.0,0.27767479227567626,-0.00012946128845214844,-0.0002257227897644043,-0.00011289119720458984,-0.0002308487892150879,0.009680901654064655,2.926080185221508,False,False
365,7.3,-0.1046486496925354,0.15235617756843567,4.792913436889648,0.287148654460907,-0.00012649860582314432,0.0002565409813541919,-0.003244628431275487,0.0011248415103182197,0.009037382900714874,1.1839260878332425e-05,0.0001763832988217473,0.000738701259251684,0.0,0.0,5.0,0.2775762766278727,-0.00012952089309692383,-0.00022912025451660156,-0.0001062154769897461,-0.00023376941680908203,0.009680991992354393,2.9357611772138625,False,False
366,7.32,-0.10471363365650177,0.1523781269788742,4.793092727661133,0.28716370463371277,-0.00012277708447072655,0.00025647494476288557,-0.003253870876505971,0.0010696440003812313,0.008968740701675415,-1.8264619939145632e-05,0.00019615631026681513,0.0007598725496791303,0.0,0.0,5.0,0.2774791127307569,-0.00012928247451782227,-0.00023162364959716797,-0.00010156631469726562,-0.00023365020751953125,0.009681083261966705,2.9454422604758292,False,False
367,7.34,-0.10477879643440247,0.1523989737033844,4.793272018432617,0.2871791422367096,-0.00011858080688398331,0.0002557859697844833,-0.003262394340708852,0.0010147267021238804,0.008900322020053864,-5.0449278205633163e-05,0.00022386880300473422,0.0007816822617314756,0.0,0.0,5.0,0.27738150935311273,-0.0001297593116760254,-0.00023543834686279297,-9.870529174804688e-05,-0.00023651123046875,0.009681171737611294,2.9551234322134405,False,False
368,7.36,-0.1048441231250763,0.15241873264312744,4.793449401855469,0.2871950566768646,-0.0001137794679380022,0.0002544296730775386,-0.0032701336313039064,0.0009602407226338983,0.0088314488530159,-8.499917748849839e-05,0.00025667474255897105,0.0008043427369557321,0.0,0.0,5.0,0.27728488925339395,-0.00012987852096557617,-0.00023692846298217773,-9.78708267211914e-05,-0.00023764371871948242,0.009681259281933308,2.964804691495374,False,False
369,7.38,-0.10490959137678146,0.15243740379810333,4.7936248779296875,0.28721144795417786,-0.0001083099195966497,0.000252375757554546,-0.003277006559073925,0.0009063498000614345,0.0087624192237854,-0.00012021608563372865,0.0002906972367782146,0.000827317067887634,0.0,0.0,5.0,0.27718924122174304,-0.0001308917999267578,-0.0002371072769165039,-9.85860824584961e-05,-0.00023734569549560547,0.009681345894932747,2.9744860373903066,False,False
370,7.4,-0.10497518628835678,0.15245498716831207,4.793800354003906,0.28722819685935974,-0.00010215068323304877,0.0002496143279131502,-0.0032829251140356064,0.0008532239007763565,0.008693255484104156,-0.00015574629651382565,0.00032564959838055074,0.0008501186384819448,0.0,0.0,5.0,0.2770931375145905,-0.00013178586959838867,-0.00024080276489257812,-0.0001004934310913086,-0.00023883581161499023,0.009681430645287037,2.9841674680355936,False,False
371,7.42,-0.10504090040922165,0.15247151255607605,4.793972969055176,0.28724533319473267,-9.528431837679818e-05,0.0002461817639414221,-0.0032877959311008453,0.000801033282186836,0.00862334854900837,-0.00018733623437583447,0.00036141564487479627,0.0008731441921554506,0.0,0.0,5.0,0.2769987190942536,-0.00013333559036254883,-0.0002384781837463379,-0.00010371208190917969,-0.0002383589744567871,0.009681515395641327,2.993848983431235,False,False
372,7.44,-0.10510668903589249,0.15248702466487885,4.794144630432129,0.28726300597190857,-8.774288289714605e-05,0.00024211608979385346,-0.0032915237825363874,0.0007499386556446552,0.008553260937333107,-0.00021906559413764626,0.0003931623068638146,0.0008954023360274732,0.0,0.0,5.0,0.2769045719217362,-0.00013530254364013672,-0.0002378225326538086,-0.00010776519775390625,-0.00023669004440307617,0.009681598283350468,3.0035305817145854,False,False
373,7.46,-0.1051725521683693,0.15250150859355927,4.794315814971924,0.2872810959815979,-7.957216439535841e-05,0.000237453292356804,-0.003294021124020219,0.000700093456543982,0.008482763543725014,-0.0002470628824084997,0.0004243466828484088,0.0009169275290332735,0.0,0.0,5.0,0.27681033185844717,-0.00013780593872070312,-0.0002365708351135254,-0.00011247396469116211,-0.00023674964904785156,0.00968167930841446,3.013212261023,False,False
374,7.48,-0.10523845255374908,0.15251503884792328,4.794483661651611,0.28729957342147827,-7.081506191752851e-05,0.00023223590687848628,-0.003295204136520624,0.0006516398279927671,0.008411774411797523,-0.00027453320217318833,0.0004518014029599726,0.0009377169772051275,0.0,0.0,5.0,0.2767181495652582,-0.00013905763626098633,-0.0002332925796508789,-0.00011801719665527344,-0.0002332925796508789,0.00968176033347845,3.0228940213564783,False,False
375,7.5,-0.10530437529087067,0.1525276154279709,4.794651508331299,0.28731852769851685,-6.155506707727909e-05,0.0002265157672809437,-0.003294998547062278,0.0006047097267583013,0.008340651169419289,-0.0002973554946947843,0.00047463728697039187,0.0009572011767886579,0.0,0.0,5.0,0.27662553742226,-0.00014227628707885742,-0.00022995471954345703,-0.00012373924255371094,-0.00023108720779418945,0.009681840427219868,3.032575861783698,False,False
376,7.5200000000000005,-0.10537025332450867,0.1525392383337021,4.794817924499512,0.28733786940574646,-5.1874729251721874e-05,0.00022035079018678516,-0.0032933438196778297,0.0005594177637249231,0.008269200101494789,-0.0003190331917721778,0.0004938336787745357,0.0009753242484293878,0.0,0.0,5.0,0.27653353074046044,-0.00014483928680419922,-0.00022745132446289062,-0.00012946128845214844,-0.00022858381271362305,0.009681918658316135,3.0422577804420143,False,False
377,7.54,-0.10543609410524368,0.15254999697208405,4.794981956481934,0.28735753893852234,-4.183802229817957e-05,0.00021379301324486732,-0.0032901896629482508,0.000515865976922214,0.0081974808126688,-0.00033665396040305495,0.000510268728248775,0.0009922425961121917,0.0,0.0,5.0,0.2764428868398108,-0.0001469254493713379,-0.0002225041389465332,-0.00013566017150878906,-0.0002250075340270996,0.009681996889412403,3.0519397773314267,False,False
378,7.5600000000000005,-0.10550186038017273,0.15255989134311676,4.7951459884643555,0.2873775362968445,-3.153946090606041e-05,0.00020690838573500514,-0.003285496262833476,0.0004741403099615127,0.008125709369778633,-0.00035173611831851304,0.0005200131563469768,0.0010075796162709594,0.0,0.0,5.0,0.27635182111313655,-0.00015014410018920898,-0.00021970272064208984,-0.00014132261276245117,-0.00022202730178833008,0.009682072326540947,3.0616218496579677,False,False
379,7.58,-0.10556750744581223,0.1525689661502838,4.795307159423828,0.2873978316783905,-2.107664658979047e-05,0.00019974925089627504,-0.0032792401034384966,0.0004343098553363234,0.008053699508309364,-0.00036412602639757097,0.0005266860825940967,0.0010215205838903785,0.0,0.0,5.0,0.276262460431435,-0.00015240907669067383,-0.00021409988403320312,-0.0001468658447265625,-0.00021713972091674805,0.009682148694992065,3.0713039983529598,False,False
380,7.6000000000000005,-0.10563302040100098,0.1525772660970688,4.795467376708984,0.287418395280838,-1.0522840966586955e-05,0.00019238247477915138,-0.0032714097760617733,0.00039642865885980427,0.007981965318322182,-0.0003725223650690168,0.0005291028646752238,0.0010337702697142959,0.0,0.0,5.0,0.2761734076970455,-0.00015556812286376953,-0.0002085566520690918,-0.0001519322395324707,-0.0002129077911376953,0.009682223200798035,3.080986221553758,False,False
381,7.62,-0.105698361992836,0.15258483588695526,4.795627117156982,0.2874391973018646,4.983603929531455e-08,0.00018484515021555126,-0.003262004815042019,0.0003605346428230405,0.00791035033762455,-0.0003812020586337894,0.0005285617662593722,0.0010443826904520392,0.0,0.0,5.0,0.27608431884513734,-0.0001577138900756836,-0.00020575523376464844,-0.00015717744827270508,-0.00020945072174072266,0.009682295843958855,3.0906685173977166,False,False
382,7.640000000000001,-0.1057634949684143,0.15259170532226562,4.795783519744873,0.28746020793914795,1.0580239177215844e-05,0.00017717105220071971,-0.003251035697758198,0.0003266579587943852,0.00783858634531498,-0.0003862216544803232,0.0005248625529929996,0.0010536772897467017,0.0,0.0,5.0,0.2759973119595254,-0.00015932321548461914,-0.0001984238624572754,-0.00016200542449951172,-0.00020378828048706055,0.009682368487119675,3.1003508858848363,False,False
383,7.66,-0.10582839697599411,0.15259790420532227,4.795939922332764,0.287481427192688,2.098720688081812e-05,0.00016941579815465957,-0.003238523146137595,0.000294815021334216,0.007767452858388424,-0.000389342283597216,0.0005162059096619487,0.0010611735051497817,0.0,0.0,5.0,0.27590992238758616,-0.00016200542449951172,-0.00019413232803344727,-0.00016641616821289062,-0.00019890069961547852,0.009682441130280495,3.110033327015117,False,False
384,7.68,-0.10589302331209183,0.15260349214076996,4.79609489440918,0.2875027358531952,3.12119627778884e-05,0.00016162074462044984,-0.003224499523639679,0.0002650092646945268,0.007696568034589291,-0.0003902222670149058,0.0005066253943368793,0.0010672243079170585,0.0,0.0,5.0,0.2758232228905624,-0.00019800662994384766,-0.00020503997802734375,-0.00018197298049926758,-0.0001779794692993164,0.009682506322860718,3.1197158333379775,False,False
385,7.7,-0.10595735907554626,0.15260851383209229,4.796247482299805,0.28752416372299194,4.181086478638463e-05,0.00015393995272461325,-0.0032089711166918278,0.00023723776394035667,0.007621671073138714,-0.00037793806404806674,0.0005536054959520698,0.0010674981167539954,0.0,0.0,5.0,0.27573793519476525,-0.00022470951080322266,-0.0002072453498840332,-0.00020128488540649414,-0.0001881122589111328,0.009682570584118366,3.129398403922096,False,False
386,7.72,-0.10602136701345444,0.15261299908161163,4.79640007019043,0.28754550218582153,5.333827357389964e-05,0.00014633635873906314,-0.0031917965970933437,0.00021151253895368427,0.007540988735854626,-0.0003825263702310622,0.0005994600942358375,0.0010646650334820151,0.0,0.0,5.0,0.2756522975970771,-0.0002281665802001953,-0.00021964311599731445,-0.00021880865097045898,-0.00020432472229003906,0.00968263391405344,3.1390810378361493,False,False
387,7.74,-0.10608501732349396,0.15261699259281158,4.796549320220947,0.2875667214393616,6.559357279911637e-05,0.0001387513184454292,-0.003172811819240451,0.00018788070883601904,0.007455485872924328,-0.00037610603612847626,0.0006263757823035121,0.0010624754941090941,0.0,0.0,5.0,0.2755687871134156,-0.00023049116134643555,-0.00021469593048095703,-0.00023376941680908203,-0.00021129846572875977,0.009682700037956238,3.1487637378741056,False,False
388,7.76,-0.10614826530218124,0.15262052416801453,4.796698093414307,0.287587970495224,7.81173148425296e-05,0.00013130369188729674,-0.003151909913867712,0.0001663555740378797,0.0073680756613612175,-0.0003688116848934442,0.0006262896349653602,0.0010588843142613769,0.0,0.0,5.0,0.2754852878927652,-0.00023514032363891602,-0.00021076202392578125,-0.0002461671829223633,-0.00020903348922729492,0.009682764299213886,3.1584465021733195,False,False
389,7.78,-0.10621105879545212,0.15262365341186523,4.796844005584717,0.28760915994644165,9.053832764038816e-05,0.0001240675337612629,-0.003129067597910762,0.00014691127580590546,0.007279618643224239,-0.0003549855318851769,0.0006160851335152984,0.0010531482985243201,0.0,0.0,5.0,0.27540357052532694,-0.0002384185791015625,-0.00020110607147216797,-0.00025540590286254883,-0.00020569562911987305,0.009682830423116684,3.168129332596436,False,False
390,7.8,-0.10627337545156479,0.1526264101266861,4.7969889640808105,0.2876301407814026,0.00010262549767503515,0.00011711042316164821,-0.0031043083872646093,0.0001294894318562001,0.007191198877990246,-0.000340929749654606,0.0005928881582804024,0.0010451007401570678,0.0,0.0,5.0,0.27532223321593746,-0.0002409815788269043,-0.00019627809524536133,-0.00026220083236694336,-0.00020110607147216797,0.009682893753051758,3.177812226349488,False,False
391,7.82,-0.10633520036935806,0.1526288539171219,4.797131538391113,0.287651002407074,0.00011419357178965583,0.0001104761686292477,-0.0030776963103562593,0.00011401147639844567,0.007102741859853268,-0.0003227234701626003,0.0005641601164825261,0.001035324647091329,0.0,0.0,5.0,0.27524235611766223,-0.00024330615997314453,-0.00018769502639770508,-0.00026673078536987305,-0.00019621849060058594,0.009682958014309406,3.1874951843637973,False,False
392,7.84,-0.10639647394418716,0.1526309996843338,4.797272682189941,0.28767159581184387,0.00012511924433056265,0.00010418079182272777,-0.0030493198428303003,0.00010038156324299052,0.007014951668679714,-0.0003070631646551192,0.0005286292289383709,0.0010235825320705771,0.0,0.0,5.0,0.2751632190516307,-0.0002442598342895508,-0.0001838207244873047,-0.0002694129943847656,-0.00019091367721557617,0.00968302134424448,3.197178205708042,False,False
393,7.86,-0.1064571663737297,0.15263287723064423,4.797412395477295,0.28769195079803467,0.00013534513709601015,9.823925938690081e-05,-0.0030192884150892496,8.849901496432722e-05,0.006927683018147945,-0.00028735637897625566,0.0004941686638630927,0.0010106352856382728,0.0,0.0,5.0,0.27508482508178606,-0.0002448558807373047,-0.00017625093460083008,-0.0002703070640563965,-0.00018852949142456055,0.00968308374285698,3.2068612894508988,False,False
394,7.88,-0.1065172404050827,0.15263454616069794,4.797549724578857,0.2877120077610016,0.00014481277321465313,9.263752144761384e-05,-0.0029877156484872103,7.825589273124933e-05,0.006841330789029598,-0.00027309934375807643,0.00045278898323886096,0.0009966300567612052,0.0,0.0,5.0,0.27500789298362494,-0.00024455785751342773,-0.00017321109771728516,-0.0002703666687011719,-0.00018203258514404297,0.009683147072792053,3.216544436523691,False,False
395,7.9,-0.10657666623592377,0.15263602137565613,4.797686576843262,0.2877318561077118,0.00015349453315138817,8.73668395797722e-05,-0.002954732161015272,6.954833952477202e-05,0.006755880080163479,-0.00025426538195461035,0.0004155715578235686,0.0009817987447604537,0.0,0.0,5.0,0.2749310131592118,-0.00024515390396118164,-0.00016623735427856445,-0.00026929378509521484,-0.0001799464225769043,0.009683207608759403,3.2262276441324502,False,False
396,7.92,-0.10663542151451111,0.15263734757900238,4.797820091247559,0.2877512574195862,0.0001613917265785858,8.239600720116869e-05,-0.0029204641468822956,6.226995174074546e-05,0.006671342067420483,-0.00024312407185789198,0.0003743151610251516,0.0009661162039265037,0.0,0.0,5.0,0.27485630518632126,-0.00024247169494628906,-0.00016516447067260742,-0.0002675652503967285,-0.00017392635345458984,0.009683269076049328,3.2359109132084996,False,False
397,7.94,-0.10669347643852234,0.1526385396718979,4.7979536056518555,0.28777042031288147,0.00016851203690748662,7.771583477733657e-05,-0.0028850464150309563,5.632532702293247e-05,0.0065879812464118,-0.0002252094418508932,0.00033787297434173524,0.0009502138709649444,0.0,0.0,5.0,0.27478130791011424,-0.00024247169494628906,-0.00015854835510253906,-0.0002651214599609375,-0.00017249584197998047,0.009683328680694103,3.2455942418891937,False,False
398,7.96,-0.10675081610679626,0.15263961255550385,4.798083782196045,0.2877892553806305,0.00017486547585576773,7.330693188123405e-05,-0.0028486044611781836,5.161447188584134e-05,0.006505611352622509,-0.00021600471518468112,0.00029761772020719945,0.0009337918600067496,0.0,0.0,5.0,0.27470847652159475,-0.00024014711380004883,-0.00015687942504882812,-0.0002626180648803711,-0.00016546249389648438,0.009683389216661453,3.255277631105855,False,False
399,7.98,-0.1068074181675911,0.15264059603214264,4.798213481903076,0.2878077030181885,0.00018048053607344627,6.914085679454729e-05,-0.0028112700674682856,4.8050285840872675e-05,0.006424549035727978,-0.00020093064813409,0.00026402261573821306,0.0009170150151476264,0.0,0.0,5.0,0.27463571329736886,-0.00023871660232543945,-0.00015169382095336914,-0.0002593994140625,-0.00016415119171142578,0.009683447889983654,3.2649610789958388,False,False
400,8.0,-0.10686326771974564,0.15264154970645905,4.798340797424316,0.28782588243484497,0.00018539908342063427,6.521505565615371e-05,-0.0027731615118682384,4.5544406020781025e-05,0.006344596855342388,-0.00019198172958567739,0.00022795613040216267,0.0009000384015962481,0.0,0.0,5.0,0.2745644453821216,-0.0002365708351135254,-0.00015020370483398438,-0.00025647878646850586,-0.0001589655876159668,0.009683506563305855,3.2746445855591446,False,False
401,8.02,-0.1069183424115181,0.15264244377613068,4.798466682434082,0.28784364461898804,0.00018964575428981334,6.14991586189717e-05,-0.0027343984693288803,4.401815385790542e-05,0.0062658218666911125,-0.00017993984511122108,0.0001968282158486545,0.0008829537546262145,0.0,0.0,5.0,0.2744939446966016,-0.0002345442771911621,-0.00014603137969970703,-0.00025326013565063477,-0.00015676021575927734,0.009683565236628056,3.2843281507957727,False,False
402,8.040000000000001,-0.10697263479232788,0.15264327824115753,4.7985920906066895,0.28786107897758484,0.00019325326138641685,5.798369966214523e-05,-0.0026950903702527285,4.339466249803081e-05,0.006188194267451763,-0.0001719396241242066,0.00016403163317590952,0.0008657317375764251,0.0,0.0,5.0,0.2744235065602147,-0.00023233890533447266,-0.0001468062400817871,-0.0002498626708984375,-0.00015366077423095703,0.009683621115982533,3.294011771911755,False,False
403,8.06,-0.10702613741159439,0.1526441127061844,4.7987141609191895,0.2878781855106354,0.0001962667447514832,5.466484071803279e-05,-0.0026553457137197256,4.360372622613795e-05,0.006111337803304195,-0.0001602787961019203,0.00013741936709266156,0.0008488384773954749,0.0,0.0,5.0,0.27435525919429676,-0.0002300739288330078,-0.0001404285430908203,-0.0002466440200805664,-0.00015085935592651367,0.009683678857982159,3.3036954507697374,False,False
404,8.08,-0.10707883536815643,0.15264494717121124,4.7988362312316895,0.2878949046134949,0.000198723457287997,5.153121310286224e-05,-0.002615259261801839,4.457532850210555e-05,0.00603590440005064,-0.0001534129842184484,0.00010834746353793889,0.0008316239109262824,0.0,0.0,5.0,0.27428674547956733,-0.0002270340919494629,-0.00014132261276245117,-0.00024324655532836914,-0.00014835596084594727,0.009683733806014061,3.3133791845757514,False,False
405,8.1,-0.1071307435631752,0.15264588594436646,4.798955917358398,0.28791141510009766,0.00020064010459464043,4.856033774558455e-05,-0.0025749269407242537,4.6247561840573326e-05,0.005961242131888866,-0.00014400816871784627,8.339654596056789e-05,0.0008148615015670657,0.0,0.0,5.0,0.2742197765977911,-0.00022482872009277344,-0.00013637542724609375,-0.000240325927734375,-0.00014495849609375,0.009683789685368538,3.32306297426112,False,False
406,8.120000000000001,-0.10718183219432831,0.15264683961868286,4.799074172973633,0.2879275679588318,0.00020204980683047324,4.5759712520521134e-05,-0.002534436294808984,4.855904626310803e-05,0.005887872539460659,-0.00013638178643304855,5.764649176853709e-05,0.0007977307541295886,0.0,0.0,5.0,0.27415358973454035,-0.00022238492965698242,-0.00013434886932373047,-0.00023704767227172852,-0.000141143798828125,0.009683845564723015,3.332746819825843,False,False
407,8.14,-0.10723211616277695,0.15264782309532166,4.799192428588867,0.28794339299201965,0.00020296452566981316,4.31194894190412e-05,-0.002493874402716756,5.145118120708503e-05,0.005815654061734676,-0.00012796360533684492,3.389354969840497e-05,0.0007806442445144057,0.0,0.0,5.0,0.2740871492217851,-0.00022071599960327148,-0.00013434886932373047,-0.0002338886260986328,-0.0001399517059326172,0.009683898650109768,3.3424307184759527,False,False
408,8.16,-0.10728158801794052,0.1526488959789276,4.799306869506836,0.28795894980430603,0.00020343606593087316,4.0646216802997515e-05,-0.002453320426866412,5.4866544815013185e-05,0.00574405025690794,-0.00011968122271355242,1.3319689969648607e-05,0.0007638813694939017,0.0,0.0,5.0,0.2740232785702389,-0.00021773576736450195,-0.0001289844512939453,-0.0002307295799255371,-0.0001360774040222168,0.009683952666819096,3.352114671142772,False,False
409,8.18,-0.10733024775981903,0.15265002846717834,4.799421310424805,0.287974089384079,0.0002034890349023044,3.831933281617239e-05,-0.0024128458462655544,5.875116403331049e-05,0.005674014799296856,-0.00011331632413202897,-7.966309567564167e-06,0.0007467976538464427,0.0,0.0,5.0,0.2739591648164322,-0.00021469593048095703,-0.00012999773025512695,-0.0002276301383972168,-0.00013428926467895508,0.009684006683528423,3.3617986778263003,False,False
410,8.2,-0.10737810283899307,0.15265123546123505,4.799534320831299,0.2879888713359833,0.00020313719869591296,3.6149591323919594e-05,-0.0023725214414298534,6.305487477220595e-05,0.005604616366326809,-0.00010396061406936496,-2.716566996241454e-05,0.0007302252342924476,0.0,0.0,5.0,0.2738958655798065,-0.0002123117446899414,-0.00012749433517456055,-0.00022411346435546875,-0.00013262033462524414,0.009684058837592602,3.371482736663893,False,False
411,8.22,-0.10742515325546265,0.1526525467634201,4.799644947052002,0.2880033254623413,0.0002024100540438667,3.414801904000342e-05,-0.002332410542294383,6.77239804645069e-05,0.005536212585866451,-9.649091953178868e-05,-4.550116500467993e-05,0.000713854911737144,0.0,0.0,5.0,0.27383409361712596,-0.00020873546600341797,-0.00012487173080444336,-0.00022083520889282227,-0.00012934207916259766,0.009684111922979355,3.381166848586872,False,False
412,8.24,-0.10747139900922775,0.15265396237373352,4.799755573272705,0.28801748156547546,0.00020132040663156658,3.2307500077877194e-05,-0.002292573917657137,7.270781497936696e-05,0.005469038151204586,-8.784703823039308e-05,-6.341593689285219e-05,0.0006975437281653285,0.0,0.0,5.0,0.27377210279490655,-0.0002065896987915039,-0.0001240372657775879,-0.0002173781394958496,-0.00012820959091186523,0.009684163145720959,3.390851011732593,False,False
413,8.26,-0.10751684755086899,0.1526554673910141,4.799864292144775,0.28803128004074097,0.0001998849620576948,3.062696850975044e-05,-0.002253069309517741,7.795553392497823e-05,0.005402593873441219,-8.048369636526331e-05,-8.008738950593397e-05,0.0006815999513491988,0.0,0.0,5.0,0.27371128181051946,-0.0002034902572631836,-0.00012254714965820312,-0.00021374225616455078,-0.0001258254051208496,0.009684214368462563,3.4005352261010557,False,False
414,8.28,-0.10756152123212814,0.15265707671642303,4.799971103668213,0.2880447506904602,0.00019813758262898773,2.9098891900503077e-05,-0.0022139509674161673,8.341969805769622e-05,0.005337170325219631,-7.259250560309738e-05,-9.461119771003723e-05,0.0006658838829025626,0.0,0.0,5.0,0.2736516458731543,-0.00020009279251098633,-0.00011992454528808594,-0.00021028518676757812,-0.0001239180564880371,0.009684265591204166,3.41021949169226,False,False
415,8.3,-0.10760541260242462,0.15265880525112152,4.80007791519165,0.28805795311927795,0.0001960947411134839,2.7714135285350494e-05,-0.0021752668544650078,8.905502181733027e-05,0.0052729202434420586,-6.614399171667174e-05,-0.00010963595559587702,0.0006503782933577895,0.0,0.0,5.0,0.2735918047678966,-0.00019729137420654297,-0.00012052059173583984,-0.00020676851272583008,-0.00012230873107910156,0.009684315882623196,3.419903807574883,False,False
416,8.32,-0.10764852911233902,0.15266063809394836,4.800182342529297,0.28807079792022705,0.00019377518037799746,2.6484267436899245e-05,-0.002137063769623637,9.481855522608384e-05,0.005209404043853283,-5.709300603484735e-05,-0.0001222842838615179,0.000635359319858253,0.0,0.0,5.0,0.27353349425688406,-0.00019466876983642578,-0.0001170039176940918,-0.00020301342010498047,-0.0001208186149597168,0.009684366174042225,3.4295881737489253,False,False
417,8.34,-0.10769089311361313,0.15266259014606476,4.800285339355469,0.28808334469795227,0.00019119580974802375,2.539118031563703e-05,-0.002099382458254695,0.00010066574031952769,0.005146919749677181,-5.245790453045629e-05,-0.00013561919331550598,0.0006204926175996661,0.0,0.0,5.0,0.2734760328915009,-0.00019061565399169922,-0.00011718273162841797,-0.00019949674606323242,-0.0001176595687866211,0.009684416465461254,3.4392725902143866,False,False
418,8.36,-0.10773251205682755,0.1526646614074707,4.800388336181641,0.288095623254776,0.00018837852985598147,2.4431132260360755e-05,-0.0020622648298740387,0.00010655947698978707,0.005085478536784649,-4.377998266136274e-05,-0.00014607900811824948,0.0006060245214030147,0.0,0.0,5.0,0.27341837781880335,-0.00018835067749023438,-0.0001156926155090332,-0.00019562244415283203,-0.00011754035949707031,0.009684464894235134,3.4489570551086217,False,False
419,8.38,-0.10777339339256287,0.1526668518781662,4.80048942565918,0.28810757398605347,0.00018535571871325374,2.3615430109202862e-05,-0.0020257439464330673,0.00011245942005189136,0.005024849437177181,-3.801417551585473e-05,-0.00015617361350450665,0.0005920006660744548,0.0,0.0,5.0,0.27336192357302075,-0.0001849532127380371,-0.00011467933654785156,-0.00019210577011108398,-0.00011557340621948242,0.009684513323009014,3.4586415684316307,False,False
420,8.4,-0.10781353712081909,0.15266916155815125,4.800588607788086,0.28811925649642944,0.00018213994917459786,2.292614044563379e-05,-0.001989849843084812,0.00011832991003757343,0.004965185187757015,-3.1129526178119704e-05,-0.00016537542978767306,0.0005783176748082042,0.0,0.0,5.0,0.27330666845370777,-0.00018173456192016602,-0.0001118779182434082,-0.0001882314682006836,-0.00011336803436279297,0.009684561751782894,3.4683261301834136,False,False
421,8.42,-0.1078529804944992,0.15267159044742584,4.800687789916992,0.28813061118125916,0.0001787485962267965,2.23644201469142e-05,-0.001954610226675868,0.0001241360732819885,0.004906672053039074,-2.5247125449823216e-05,-0.0001737335987854749,0.0005648717051371932,0.0,0.0,5.0,0.27325123425058195,-0.00017893314361572266,-0.00011229515075683594,-0.00018453598022460938,-0.00011307001113891602,0.009684610180556774,3.4780107403639704,False,False
422,8.44,-0.10789172351360321,0.1526741236448288,4.800786018371582,0.28814178705215454,0.00017520278925076127,2.1913761884206906e-05,-0.0019200501265004277,0.00012984604109078646,0.004848825745284557,-2.001664870476816e-05,-0.00018082249152939767,0.0005520157283172011,0.0,0.0,5.0,0.2731963076428741,-0.0001760721206665039,-0.00011157989501953125,-0.00018078088760375977,-0.00011205673217773438,0.009684656746685505,3.487695397110656,False,False
423,8.46,-0.1079297885298729,0.1526767760515213,4.800881385803223,0.28815263509750366,0.0001715268736006692,2.156158552679699e-05,-0.0018861903809010983,0.00013543193927034736,0.004791761748492718,-1.5388757674372755e-05,-0.0001867434912128374,0.0005396300693973899,0.0,0.0,5.0,0.2731432952082744,-0.00017219781875610352,-0.00010967254638671875,-0.0001773238182067871,-0.00010943412780761719,0.00968470424413681,3.4973801013547927,False,False
424,8.48,-0.10796717554330826,0.15267953276634216,4.800976753234863,0.28816327452659607,0.00016773596871644258,2.1311345335561782e-05,-0.0018530485685914755,0.00014086866576690227,0.004735874943435192,-9.81584071269026e-06,-0.00019232212798669934,0.000527535448782146,0.0,0.0,5.0,0.2730901013831966,-0.00016963481903076172,-0.00010889768600463867,-0.0001735091209411621,-0.00010842084884643555,0.009684750810265541,3.5070648521650583,False,False
425,8.5,-0.10800391435623169,0.15268239378929138,4.801072120666504,0.288173645734787,0.0001638513640500605,2.1166215447010472e-05,-0.001820639125071466,0.00014613020175602287,0.004680833779275417,-4.868625637755031e-06,-0.00019611555035226047,0.0005158161511644721,0.0,0.0,5.0,0.2730367375750349,-0.00016731023788452148,-0.00010925531387329102,-0.00017005205154418945,-0.00010913610458374023,0.009684796445071697,3.51674964861013,False,False
426,8.52,-0.10804001241922379,0.15268537402153015,4.801164150238037,0.2881838083267212,0.00015990028623491526,2.1104488041601144e-05,-0.0017889717128127813,0.00015119375893846154,0.004626224748790264,-1.4689078398077982e-06,-0.00019897021411452442,0.0005047492450103164,0.0,0.0,5.0,0.2729856459123858,-0.0001633167266845703,-0.00010663270950317383,-0.0001665353775024414,-0.00010651350021362305,0.009684841148555279,3.5264344897586852,False,False
427,8.540000000000001,-0.10807548463344574,0.15268845856189728,4.801255702972412,0.2881937623023987,0.0001558939547976479,2.110647619701922e-05,-0.0017580535495653749,0.00015604229702148587,0.004572897218167782,1.5110248341443366e-06,-0.00020164194575045258,0.0004938700003549457,0.0,0.0,5.0,0.2729347382759338,-0.00016021728515625,-0.00010597705841064453,-0.0001633763313293457,-0.00010472536087036133,0.009684886783361435,3.5361193765420467,False,False
428,8.56,-0.10811033844947815,0.15269163250923157,4.801347255706787,0.2882035970687866,0.0001518444187240675,2.119400232913904e-05,-0.0017278908053413033,0.0001606600417289883,0.0045203519985079765,7.087550329742953e-06,-0.0002032991760643199,0.0004833623534068465,0.0,0.0,5.0,0.27288366153586324,-0.00015920400619506836,-0.00010383129119873047,-0.00015997886657714844,-0.00010460615158081055,0.009684931486845016,3.5458043080288917,False,False
429,8.58,-0.1081446036696434,0.15269488096237183,4.801437854766846,0.28821325302124023,0.0001477632176829502,2.1340987586881965e-05,-0.0016984854592010379,0.00016502858488820493,0.004468514584004879,7.4655708885984495e-06,-0.00020480570674408227,0.0004730907967314124,0.0,0.0,5.0,0.2728331128997531,-0.00015586614608764648,-0.00010561943054199219,-0.00015670061111450195,-0.00010371208190917969,0.009684974327683449,3.555489282356575,False,False
430,8.6,-0.1081782802939415,0.15269821882247925,4.801525592803955,0.2882227301597595,0.00014367651601787657,2.1518593712244183e-05,-0.0016698399558663368,0.00016914009756874293,0.004417172633111477,1.0156018106499687e-05,-0.00020384912204463035,0.0004634991055354476,0.0,0.0,5.0,0.2727844875918236,-0.00015288591384887695,-0.0001017451286315918,-0.00015366077423095703,-0.00010120868682861328,0.00968501903116703,3.565174301387742,False,False
431,8.620000000000001,-0.10821140557527542,0.15270166099071503,4.8016133308410645,0.28823190927505493,0.00013959918578621,2.1736026610597037e-05,-0.0016419509192928672,0.0001729872456053272,0.004367007873952389,1.1455904314061627e-05,-0.00020386867981869727,0.00045388995204120874,0.0,0.0,5.0,0.2727357256867478,-0.00014960765838623047,-0.00010323524475097656,-0.00015056133270263672,-0.00010025501251220703,0.009685062803328037,3.57485936419107,False,False
432,8.64,-0.10824397206306458,0.1527051478624344,4.801701068878174,0.288240909576416,0.0001355465647066012,2.200976450694725e-05,-0.0016148140421137214,0.00017656308773439378,0.004317480139434338,1.5792733393027447e-05,-0.00020137867250014096,0.00044491386506706476,0.0,0.0,5.0,0.2726867905780113,-0.00014793872833251953,-0.00010228157043457031,-0.0001475811004638672,-0.00010186433792114258,0.009685104712843895,3.584544468903914,False,False
433,8.66,-0.10827600955963135,0.1527087241411209,4.80178689956665,0.28824979066848755,0.00013152643805369735,2.2321615688269958e-05,-0.001588419545441866,0.00017985804879572242,0.004268358461558819,1.5272715245373547e-05,-0.00020061882969457656,0.00043643813114613295,0.0,0.0,5.0,0.27263910551930637,-0.00014483928680419922,-0.00010281801223754883,-0.00014483928680419922,-9.965896606445312e-05,0.009685146622359753,3.594229615526274,False,False
434,8.68,-0.10830751061439514,0.15271234512329102,4.801870822906494,0.28825849294662476,0.00012754723138641566,2.2661546609015204e-05,-0.0015627606771886349,0.00018287007696926594,0.004219955764710903,1.860695738287177e-05,-0.00019728550978470594,0.0004283174639567733,0.0,0.0,5.0,0.2725926411778063,-0.00014203786849975586,-9.900331497192383e-05,-0.0001417398452758789,-9.840726852416992e-05,0.00968518853187561,3.6039148040581495,False,False
435,8.700000000000001,-0.10833853483200073,0.1527160406112671,4.801954746246338,0.28826698660850525,0.00012361485278233886,2.3041853637550958e-05,-0.0015378253301605582,0.00018559371528681368,0.004172652028501034,1.9316055841045454e-05,-0.0001959368382813409,0.00042029342148452997,0.0,0.0,5.0,0.27254605064810467,-0.00013971328735351562,-0.00010007619857788086,-0.00013887882232666016,-9.745359420776367e-05,0.009685230441391468,3.613600034499541,False,False
436,8.72,-0.10836902260780334,0.15271975100040436,4.802038669586182,0.2882753908634186,0.00011972904758295044,2.3449885702575557e-05,-0.0015136044239625335,0.000188025864190422,0.004125828854739666,2.1384266801760532e-05,-0.00019262633577454835,0.00041271268855780363,0.0,0.0,5.0,0.27249927659684725,-0.00013840198516845703,-0.00010025501251220703,-0.00013595819473266602,-9.840726852416992e-05,0.009685271419584751,3.6232853059191257,False,False
437,8.74,-0.10839903354644775,0.15272356569766998,4.802120685577393,0.2882835865020752,0.00011592562077566981,2.3872824385762215e-05,-0.0014900845708325505,0.00019016460282728076,0.004079359583556652,2.0812516595469788e-05,-0.00018769905727822334,0.0004056816687807441,0.0,0.0,5.0,0.2724537778588793,-0.00013464689254760742,-0.00010001659393310547,-0.0001334547996520996,-9.816884994506836e-05,0.00968531146645546,3.632970617385581,False,False
438,8.76,-0.10842862725257874,0.1527273803949356,4.802200794219971,0.28829166293144226,0.00011220379383303225,2.4293702153954655e-05,-0.00146724923979491,0.00019201450049877167,0.0040334900841116905,2.1182488126214594e-05,-0.00018446690228302032,0.00039915309753268957,0.0,0.0,5.0,0.27240951844124023,-0.00013196468353271484,-9.816884994506836e-05,-0.0001308917999267578,-9.554624557495117e-05,0.009685351513326168,3.6426559688989073,False,False
439,8.78,-0.10845774412155151,0.15273119509220123,4.802280902862549,0.28829964995384216,0.00010855565051315352,2.4733617465244606e-05,-0.0014450842281803489,0.0001935783657245338,0.003988548181951046,2.272058009111788e-05,-0.00018033031665254384,0.0003927218494936824,0.0,0.0,5.0,0.2723650887817248,-0.00013065338134765625,-9.655952453613281e-05,-0.00012826919555664062,-9.512901306152344e-05,0.009685391560196877,3.652341360459104,False,False
440,8.8,-0.10848643630743027,0.15273511409759521,4.802361011505127,0.28830745816230774,0.00010498452320462093,2.5169159926008433e-05,-0.0014235737035050988,0.00019485743541736156,0.003944183699786663,2.0749535906361416e-05,-0.00017676451534498483,0.0003864414757117629,0.0,0.0,5.0,0.27232056792384984,-0.0001277327537536621,-9.97781753540039e-05,-0.000125885009765625,-9.47713851928711e-05,0.00968543067574501,3.662026791134849,False,False
441,8.82,-0.1085146963596344,0.1527390480041504,4.802440166473389,0.28831517696380615,0.00010152122558793053,2.562434929131996e-05,-0.0014027028810232878,0.0001958580978680402,0.0039001316763460636,2.4689916244824417e-05,-0.00016954746388364583,0.00038092501927167177,0.0,0.0,5.0,0.27227659454000114,-0.00012683868408203125,-9.60230827331543e-05,-0.00012344121932983398,-9.632110595703125e-05,0.00968546885997057,3.6717122599948198,False,False
442,8.84,-0.1085425466299057,0.15274298191070557,4.802516460418701,0.28832271695137024,9.817019599722698e-05,2.6079169401782565e-05,-0.0013824470806866884,0.00019658076053019613,0.0038565886206924915,2.0716381186502986e-05,-0.000165535559062846,0.0003755515208467841,0.0,0.0,5.0,0.2722345521006432,-0.00012290477752685547,-9.59634780883789e-05,-0.00012153387069702148,-9.274482727050781e-05,0.009685507044196129,3.681397767039016,False,False
443,8.86,-0.10856999456882477,0.15274691581726074,4.802592754364014,0.28833019733428955,9.490611410001293e-05,2.6514673663768917e-05,-0.0013627902371808887,0.0001970366429304704,0.003814051393419504,2.27618857024936e-05,-0.00016085368406493217,0.0003703424008563161,0.0,0.0,5.0,0.2721923669795805,-0.00012218952178955078,-9.381771087646484e-05,-0.00011909008026123047,-9.226799011230469e-05,0.009685545228421688,3.6910833122674376,False,False
444,8.88,-0.1085970550775528,0.15275084972381592,4.802669048309326,0.2883376181125641,9.174421575153247e-05,2.6958925445796922e-05,-0.0013437141897156835,0.0001972294267034158,0.0037719723768532276,2.159383802791126e-05,-0.00015531697135884315,0.00036527204792946577,0.0,0.0,5.0,0.2721500449347967,-0.00012040138244628906,-9.447336196899414e-05,-0.00011688470840454102,-9.244680404663086e-05,0.009685583412647247,3.700768895680085,False,False
445,8.9,-0.10862374305725098,0.1527547836303711,4.802745342254639,0.2883448600769043,8.869656448950991e-05,2.73761288553942e-05,-0.001325199264101684,0.00019716729002539068,0.0037301932461559772,2.0060610040673055e-05,-0.00014942973211873323,0.00036059285048395395,0.0,0.0,5.0,0.27210759173527077,-0.00011807680130004883,-9.673833847045898e-05,-0.00011473894119262695,-9.369850158691406e-05,0.009685619734227657,3.7104545154143125,False,False
446,8.92,-0.10865006595849991,0.15275871753692627,4.802818775177002,0.2883520722389221,8.577919652452692e-05,2.776953078864608e-05,-0.0013072243891656399,0.00019686207815539092,0.003688583616167307,1.9216842702007852e-05,-0.00014228788495529443,0.0003566486993804574,0.0,0.0,5.0,0.2720670837110041,-0.00011599063873291016,-9.322166442871094e-05,-0.0001131892204284668,-9.202957153320312e-05,0.009685656055808067,3.7201401714701205,False,False
447,8.94,-0.10867603868246078,0.15276265144348145,4.802891254425049,0.2883591651916504,8.297617750940844e-05,2.8134874810348265e-05,-0.0012897662818431854,0.00019632528710644692,0.0036477320827543736,1.7257625586353242e-05,-0.00013799437147099525,0.0003525771899148822,0.0,0.0,5.0,0.2720271432079622,-0.00011402368545532227,-9.244680404663086e-05,-0.0001112818717956543,-8.940696716308594e-05,0.009685692377388477,3.729825863847509,False,False
448,8.96,-0.1087016612291336,0.15276658535003662,4.802963733673096,0.2883661985397339,8.028114825719967e-05,2.848350595741067e-05,-0.0012728074798360467,0.00019556803454179317,0.0036076907999813557,1.7547416064189747e-05,-0.0001314894325332716,0.00034858437720686197,0.0,0.0,5.0,0.2719870787400205,-0.00011265277862548828,-9.125471115112305e-05,-0.00010955333709716797,-8.970499038696289e-05,0.009685727767646313,3.7395115916151553,False,False
449,8.98,-0.10872695595026016,0.1527705192565918,4.803036212921143,0.2883731722831726,7.770356023684144e-05,2.881921136577148e-05,-0.001256326213479042,0.0001945984549820423,0.003567975480109453,1.5968107618391514e-05,-0.00012625085946638137,0.00034475268330425024,0.0,0.0,5.0,0.27194689908984804,-0.00011134147644042969,-9.22083854675293e-05,-0.00010794401168823242,-8.952617645263672e-05,0.009685764089226723,3.749197355704382,False,False
450,9.0,-0.10875193029642105,0.15277442336082458,4.8031086921691895,0.2883800268173218,7.524868124164641e-05,2.9131077099009417e-05,-0.0012403017608448863,0.0001934270840138197,0.003528494853526354,1.5165404875006061e-05,-0.00011921855912078172,0.0003412381047382951,0.0,0.0,5.0,0.27190659034998965,-0.0001099705696105957,-9.28044319152832e-05,-0.00010633468627929688,-9.167194366455078e-05,0.009685797616839409,3.7588831533212215,False,False
451,9.02,-0.10877658426761627,0.1527782380580902,4.803177356719971,0.2883867621421814,7.291597285075113e-05,2.9408018235699274e-05,-0.0012247118866071105,0.00019206567958462983,0.0034889881499111652,1.2478791177272797e-05,-0.00011403248936403543,0.00033835566136986017,0.0,0.0,5.0,0.27186888055973224,-0.00010704994201660156,-9.059906005859375e-05,-0.00010460615158081055,-8.803606033325195e-05,0.00968583207577467,3.768568985396996,False,False
452,9.040000000000001,-0.10880092531442642,0.15278205275535583,4.803246021270752,0.288393497467041,7.069051935104653e-05,2.965885869343765e-05,-0.0012095372658222914,0.00019052773131988943,0.0034505785442888737,1.2557140507851727e-05,-0.00010849234240595251,0.00033529812935739756,0.0,0.0,5.0,0.2718310599236318,-0.0001061558723449707,-8.803606033325195e-05,-0.00010311603546142578,-8.684396743774414e-05,0.00968586653470993,3.778254851931706,False,False
453,9.06,-0.1088249683380127,0.15278586745262146,4.803314685821533,0.28840023279190063,6.856155232526362e-05,2.988789310620632e-05,-0.0011947592720389366,0.00018882210133597255,0.0034127053804695606,1.0300039321009535e-05,-0.00010438352182973176,0.0003320934483781457,0.0,0.0,5.0,0.2717931342777107,-0.00010538101196289062,-8.827447891235352e-05,-0.00010180473327636719,-8.541345596313477e-05,0.009685900993645191,3.7879407529253513,False,False
454,9.08,-0.10884872078895569,0.1527896374464035,4.8033833503723145,0.2884067893028259,6.654419121332467e-05,3.0092141969362274e-05,-0.0011803610250353813,0.0001869598199846223,0.0033751451410353184,1.0080243555421475e-05,-9.733329352457076e-05,0.0003290000604465604,0.0,0.0,5.0,0.2717550813493862,-0.00010401010513305664,-8.887052536010742e-05,-0.00010007619857788086,-8.785724639892578e-05,0.009685934521257877,3.797626687446609,False,False
455,9.1,-0.108872190117836,0.15279333293437958,4.803452014923096,0.28841328620910645,6.465310434577987e-05,3.0261428037192672e-05,-0.0011663207551464438,0.00018495183030609041,0.0033376370556652546,6.805871635151561e-06,-9.175548620987684e-05,0.0003265145933255553,0.0,0.0,5.0,0.2717168872338291,-0.00010222196578979492,-9.125471115112305e-05,-9.876489639282227e-05,-8.857250213623047e-05,0.009685966186225414,3.8073126536328346,False,False
456,9.120000000000001,-0.10889537632465363,0.15279702842235565,4.803516864776611,0.28841978311538696,6.28843845333904e-05,3.039222428924404e-05,-0.0011526180896908045,0.0001828134700190276,0.003300128970295191,6.232054602151038e-06,-8.509693725500256e-05,0.00032456929329782724,0.0,0.0,5.0,0.27168135251945896,-0.0001004934310913086,-8.499622344970703e-05,-9.781122207641602e-05,-8.535385131835938e-05,0.009685998782515526,3.81699865241535,False,False
457,9.14,-0.10891829431056976,0.15280066430568695,4.803581714630127,0.2884262800216675,6.120942998677492e-05,3.0489452910842374e-05,-0.001139232306741178,0.00018055664259009063,0.003263758961111307,3.4506124393374193e-06,-8.237881411332637e-05,0.000322014675475657,0.0,0.0,5.0,0.2716456895947808,-9.989738464355469e-05,-8.45789909362793e-05,-9.673833847045898e-05,-8.225440979003906e-05,0.009686030447483063,3.826684682862833,False,False
458,9.16,-0.10894094407558441,0.15280424058437347,4.803646564483643,0.2884328365325928,5.962616705801338e-05,3.055104389204644e-05,-0.0011261506006121635,0.00017819360073190182,0.0032280017621815205,2.669057948878617e-06,-7.592795009259135e-05,0.0003192558651790023,0.0,0.0,5.0,0.27160989833900206,-9.918212890625e-05,-8.320808410644531e-05,-9.542703628540039e-05,-8.26120376586914e-05,0.0096860621124506,3.8363707449752837,False,False
459,9.18,-0.10896334052085876,0.15280781686306,4.803711414337158,0.2884390354156494,5.815511758555658e-05,3.0573013646062464e-05,-0.0011133542284369469,0.0001757361023919657,0.0031925314106047153,-5.089720502837736e-07,-7.115783228073269e-05,0.0003165524685755372,0.0,0.0,5.0,0.27157401814871374,-9.685754776000977e-05,-8.744001388549805e-05,-9.429454803466797e-05,-8.398294448852539e-05,0.009686093777418137,3.846056838752702,False,False
460,9.200000000000001,-0.10898548364639282,0.15281127393245697,4.803776264190674,0.2884453237056732,5.6790478993207216e-05,3.0571049137506634e-05,-0.001100825727917254,0.00017319816106464714,0.0031567742116749287,2.7676668423737283e-07,-6.528683297801763e-05,0.000314724980853498,0.0,0.0,5.0,0.2715379818394966,-9.685754776000977e-05,-8.559226989746094e-05,-9.304285049438477e-05,-8.511543273925781e-05,0.009686124511063099,3.855742963263765,False,False
461,9.22,-0.10900738835334778,0.15281473100185394,4.80383825302124,0.28845155239105225,5.5525670177303255e-05,3.054121043533087e-05,-0.0010885456576943398,0.00017058808589354157,0.0031211734749376774,-3.295830310889869e-06,-6.117492739576846e-05,0.00031296059023588896,0.0,0.0,5.0,0.27150392944586554,-9.453296661376953e-05,-8.422136306762695e-05,-9.250640869140625e-05,-8.237361907958984e-05,0.009686154313385487,3.8654291175771505,False,False
462,9.24,-0.10902902483940125,0.15281809866428375,4.80389928817749,0.28845784068107605,5.434298873296939e-05,3.046617166546639e-05,-0.0010764995822682977,0.0001679196284385398,0.003086304757744074,-4.2427072912687436e-06,-5.7074223150266334e-05,0.00031103251967579126,0.0,0.0,5.0,0.2714704195931714,-9.369850158691406e-05,-8.064508438110352e-05,-9.149312973022461e-05,-7.975101470947266e-05,0.009686184115707874,3.8751153016928583,False,False
463,9.26,-0.10905042290687561,0.15282143652439117,4.80396032333374,0.2884640693664551,5.323771620169282e-05,3.0368706575245596e-05,-0.001064673881046474,0.00016520300414413214,0.003052246291190386,-5.536923708859831e-06,-5.343385782907717e-05,0.0003087621880695224,0.0,0.0,5.0,0.2714368085300124,-9.334087371826172e-05,-7.981061935424805e-05,-9.065866470336914e-05,-7.861852645874023e-05,0.009686213918030262,3.8848015156108886,False,False
464,9.28,-0.10907161235809326,0.15282471477985382,4.80402135848999,0.28847023844718933,5.221867104410194e-05,3.0241813874454238e-05,-0.0010530556319281459,0.00016244743892457336,0.0030184616334736347,-7.184504283941351e-06,-4.845167859457433e-05,0.0003063863841816783,0.0,0.0,5.0,0.27140309135683544,-9.22083854675293e-05,-8.082389831542969e-05,-8.976459503173828e-05,-7.95125961303711e-05,0.00968624372035265,3.8944877593312413,False,False
465,9.3,-0.10909256339073181,0.1528279334306717,4.80408239364624,0.28847622871398926,5.1291881391080096e-05,3.0086248443694785e-05,-0.001041628886014223,0.0001596637157490477,0.0029846769757568836,-8.403412721236236e-06,-4.420859841047786e-05,0.0003044340992346406,0.0,0.0,5.0,0.2713692560022919,-9.065866470336914e-05,-8.177757263183594e-05,-8.869171142578125e-05,-8.07046890258789e-05,0.009686273522675037,3.9041740328539163,False,False
466,9.32,-0.10911327600479126,0.15283110737800598,4.804142951965332,0.28848227858543396,5.0439495680620894e-05,2.9906763302278705e-05,-0.001030379207804799,0.00015686148253735155,0.0029509966261684895,-9.57612519414397e-06,-4.101174636161886e-05,0.0003028957871720195,0.0,0.0,5.0,0.2713356549510948,-9.071826934814453e-05,-8.147954940795898e-05,-8.821487426757812e-05,-8.034706115722656e-05,0.009686300531029701,3.913860333384946,False,False
467,9.34,-0.109133780002594,0.1528342068195343,4.804200172424316,0.2884882986545563,4.9662496167002246e-05,2.9696422643610276e-05,-0.0010192947229370475,0.00015404957230202854,0.002917433623224497,-1.1487689334899187e-05,-3.667021155706607e-05,0.0003013078821823001,0.0,0.0,5.0,0.27130434790190555,-8.857250213623047e-05,-7.75456428527832e-05,-8.749961853027344e-05,-7.742643356323242e-05,0.009686329402029514,3.9235466627869755,False,False
468,9.36,-0.10915405303239822,0.15283727645874023,4.804257392883301,0.2884942591190338,4.8937963583739474e-05,2.945755659311544e-05,-0.001008363557048142,0.00015123814227990806,0.0028847851790487766,-1.2428128684405237e-05,-3.576496601453982e-05,0.000299332314170897,0.0,0.0,5.0,0.27127294116731854,-8.821487426757812e-05,-7.635354995727539e-05,-8.672475814819336e-05,-7.50422477722168e-05,0.009686356410384178,3.9332330191973597,False,False
469,9.38,-0.10917410999536514,0.152840256690979,4.804314613342285,0.2885003089904785,4.8244350182358176e-05,2.921231498476118e-05,-0.000997580005787313,0.00014843279495835304,0.0028526470996439457,-1.21250859592692e-05,-3.357856985530816e-05,0.0002970878267660737,0.0,0.0,5.0,0.27124140707130945,-8.863210678100586e-05,-7.468461990356445e-05,-8.559226989746094e-05,-7.414817810058594e-05,0.009686384350061417,3.942919403547421,False,False
470,9.4,-0.10919395834207535,0.15284322202205658,4.8043718338012695,0.28850629925727844,4.760991578223184e-05,2.8945629310328513e-05,-0.00098693638574332,0.00014563711010850966,0.002820808906108141,-1.4571854990208521e-05,-2.9847575206076726e-05,0.00029470829758793116,0.0,0.0,5.0,0.27120979050685595,-8.755922317504883e-05,-7.587671279907227e-05,-8.51750373840332e-05,-7.462501525878906e-05,0.009686412289738655,3.9526058158371598,False,False
471,9.42,-0.10921359062194824,0.1528460830450058,4.804429054260254,0.28851205110549927,4.704746606876142e-05,2.8640166419791058e-05,-0.0009764220449142158,0.00014286152145359665,0.002788879442960024,-1.6001664334908128e-05,-2.6380395865999162e-05,0.00029262423049658537,0.0,0.0,5.0,0.27117803800506785,-8.565187454223633e-05,-7.82012939453125e-05,-8.422136306762695e-05,-7.623434066772461e-05,0.009686439298093319,3.962292255135253,False,False
472,9.44,-0.10923301428556442,0.15284894406795502,4.804485321044922,0.2885178327560425,4.6560500777559355e-05,2.832467907865066e-05,-0.0009660248761065304,0.00014011526945978403,0.002756949979811907,-1.5574218195979483e-05,-2.2299063857644796e-05,0.00029117532540112734,0.0,0.0,5.0,0.27114689893027805,-8.499622344970703e-05,-7.56978988647461e-05,-8.380413055419922e-05,-7.677078247070312e-05,0.009686464443802834,3.971978719579056,False,False
473,9.46,-0.10925222933292389,0.15285168588161469,4.804538726806641,0.2885235846042633,4.612126576830633e-05,2.798307832563296e-05,-0.0009557321318425238,0.00013740375288762152,0.002725216094404459,-1.86125653272029e-05,-2.1608182578347623e-05,0.00028964958619326353,0.0,0.0,5.0,0.2711176807392588,-8.285045623779297e-05,-7.355213165283203e-05,-8.314847946166992e-05,-7.253885269165039e-05,0.009686490520834923,3.981665210099891,False,False
474,9.48,-0.10927123576402664,0.15285442769527435,4.804592132568359,0.2885293662548065,4.570190503727645e-05,2.7624060749076307e-05,-0.000945540436077863,0.0001347352226730436,0.002694383729249239,-1.7315334844170138e-05,-2.0311068510636687e-05,0.00028781488072127104,0.0,0.0,5.0,0.27108838722016293,-8.338689804077148e-05,-6.93202018737793e-05,-8.26716423034668e-05,-7.009506225585938e-05,0.009686516597867012,3.991351726697758,False,False
475,9.5,-0.10929004848003387,0.15285708010196686,4.804645538330078,0.28853511810302734,4.529545913101174e-05,2.725346348597668e-05,-0.0009354459471069276,0.00013211109035182744,0.0026642181910574436,-1.9770315702771768e-05,-2.0317602320574224e-05,0.0002853333717212081,0.0,0.0,5.0,0.2710589738938968,-8.249282836914062e-05,-7.128715515136719e-05,-8.195638656616211e-05,-6.860494613647461e-05,0.009686542674899101,4.001038269372657,False,False
476,9.52,-0.10930866003036499,0.15285970270633698,4.804698944091797,0.2885408401489258,4.4919543142896146e-05,2.687723099370487e-05,-0.0009254475589841604,0.00012953630357515067,0.002634156960994005,-1.7878533981274813e-05,-1.7258164007216692e-05,0.0002830637386068702,0.0,0.0,5.0,0.27102947129041655,-8.291006088256836e-05,-6.92605972290039e-05,-8.112192153930664e-05,-6.973743438720703e-05,0.009686567820608616,4.010724837193266,False,False
477,9.540000000000001,-0.10932706296443939,0.15286226570606232,4.804752349853516,0.2885463833808899,4.458708644961007e-05,2.6495856218389235e-05,-0.0009155364823527634,0.00012701164814643562,0.002604226116091013,-2.0284172933315858e-05,-1.597224036231637e-05,0.000280690030194819,0.0,0.0,5.0,0.2709998595220028,-8.100271224975586e-05,-7.259845733642578e-05,-8.040666580200195e-05,-7.098913192749023e-05,0.009686593897640705,4.020411431090906,False,False
478,9.56,-0.10934527963399887,0.15286476910114288,4.804805755615234,0.2885518968105316,4.428851752891205e-05,2.6099765818798915e-05,-0.0009057073039002717,0.00012454320676624775,0.00257415184751153,-1.934897227329202e-05,-1.3869372196495533e-05,0.000279082334600389,0.0,0.0,5.0,0.270970147528326,-8.088350296020508e-05,-7.206201553344727e-05,-7.981061935424805e-05,-7.206201553344727e-05,0.00968661718070507,4.030098048271611,False,False
479,9.58,-0.10936329513788223,0.15286727249622345,4.8048553466796875,0.2885574400424957,4.402245031087659e-05,2.5701521735754795e-05,-0.0008959532715380192,0.0001221330458065495,0.0025440906174480915,-2.050020339083858e-05,-1.2722823157673702e-05,0.0002774334279820323,0.0,0.0,5.0,0.270943110344875,-7.891654968261719e-05,-6.723403930664062e-05,-7.939338684082031e-05,-6.794929504394531e-05,0.00968664139509201,4.039784689666703,False,False
480,9.6,-0.10938111692667007,0.15286965668201447,4.804904937744141,0.28856292366981506,4.376577999209985e-05,2.5289697077823803e-05,-0.0008862706599757075,0.00011978472321061417,0.0025151786394417286,-2.0706171198980883e-05,-1.2928892829222605e-05,0.0002752424916252494,0.0,0.0,5.0,0.2709159352840296,-7.838010787963867e-05,-6.55055046081543e-05,-7.849931716918945e-05,-6.574392318725586e-05,0.009686664678156376,4.04947135434486,False,False
481,9.620000000000001,-0.1093987450003624,0.15287204086780548,4.804954528808594,0.28856849670410156,4.350013841758482e-05,2.4875293092918582e-05,-0.000876659934874624,0.00011749964323826134,0.002486737910658121,-2.075832526315935e-05,-1.3621542166220024e-05,0.0002728692488744855,0.0,0.0,5.0,0.2708886895369018,-7.891654968261719e-05,-6.407499313354492e-05,-7.802248001098633e-05,-6.341934204101562e-05,0.009686688892543316,4.059158043237403,False,False
482,9.64,-0.1094161868095398,0.15287438035011292,4.805004119873047,0.28857389092445374,4.324928158894181e-05,2.445155223540496e-05,-0.0008671221439726651,0.00011527833703439683,0.0024587144143879414,-2.16388471017126e-05,-1.145088390330784e-05,0.0002700906479731202,0.0,0.0,5.0,0.2708613508233616,-7.724761962890625e-05,-6.562471389770508e-05,-7.748603820800781e-05,-6.467103958129883e-05,0.009686712175607681,4.068844755413011,False,False
483,9.66,-0.10943343490362167,0.15287664532661438,4.8050537109375,0.28857916593551636,4.302212983020581e-05,2.403418875474017e-05,-0.0008576526888646185,0.00011312374408589676,0.002430638764053583,-2.0120281988056377e-05,-1.1250875104451552e-05,0.00026783894281834364,0.0,0.0,5.0,0.2708338992452098,-7.730722427368164e-05,-6.55055046081543e-05,-7.647275924682617e-05,-6.538629531860352e-05,0.009686736389994621,4.078531491803005,False,False
484,9.68,-0.10945049673318863,0.15287891030311584,4.805103302001953,0.28858447074890137,4.2806372221093625e-05,2.3628213966730982e-05,-0.0008482479606755078,0.0001110336888814345,0.002402628306299448,-2.0499795937212184e-05,-1.0312021913705394e-05,0.00026574882213026285,0.0,0.0,5.0,0.2708063798014215,-7.671117782592773e-05,-6.526708602905273e-05,-7.605552673339844e-05,-6.592273712158203e-05,0.009686758741736412,4.088218250544742,False,False
485,9.700000000000001,-0.10946736484766006,0.15288110077381134,4.805151462554932,0.2885897159576416,4.2600349843269214e-05,2.3199580027721822e-05,-0.0008389059221372008,0.00010900970664806664,0.002374578732997179,-2.238624801975675e-05,-1.0277381988998968e-05,0.00026373949367552996,0.0,0.0,5.0,0.27077977672822096,-7.539987564086914e-05,-6.556510925292969e-05,-7.56978988647461e-05,-6.455183029174805e-05,0.009686780162155628,4.097905030706897,False,False
486,9.72,-0.10948405414819717,0.15288324654102325,4.805197238922119,0.2885949909687042,4.2396677599754184e-05,2.276726081618108e-05,-0.0008296267478726804,0.00010705627937568352,0.0023468309082090855,-2.0867682906100526e-05,-1.007737319014268e-05,0.00026179978158324957,0.0,0.0,5.0,0.2707547984971173,-7.474422454833984e-05,-6.008148193359375e-05,-7.486343383789062e-05,-6.127357482910156e-05,0.009686802513897419,4.107591833220795,False,False
487,9.74,-0.10950054973363876,0.15288539230823517,4.805243015289307,0.28860026597976685,4.217342575429939e-05,2.2334197637974285e-05,-0.0008204106125049293,0.00010517166083445773,0.0023200889118015766,-2.24608120333869e-05,-1.2235648682690226e-05,0.000259184162132442,0.0,0.0,5.0,0.27072974839646513,-7.444620132446289e-05,-5.9723854064941406e-05,-7.43865966796875e-05,-5.7697296142578125e-05,0.009686823934316635,4.117278657155111,False,False
488,9.76,-0.10951686650514603,0.1528874784708023,4.805288791656494,0.28860533237457275,4.195989458821714e-05,2.1903320885030553e-05,-0.0008112616487778723,0.0001033566877595149,0.0022937641479074955,-2.064856016659178e-05,-9.105032404477242e-06,0.00025622674729675055,0.0,0.0,5.0,0.27070459873606534,-7.295608520507812e-05,-5.882978439331055e-05,-7.367134094238281e-05,-5.990266799926758e-05,0.009686845354735851,4.126965502509847,False,False
489,9.78,-0.10953299701213837,0.15288950502872467,4.805334568023682,0.2886103689670563,4.176163565716706e-05,2.149334795831237e-05,-0.0008021735120564699,0.00010160947567783296,0.0022675697691738605,-2.036948353634216e-05,-1.0709555681387428e-05,0.00025359762366861105,0.0,0.0,5.0,0.2706793464395024,-7.236003875732422e-05,-5.9664249420166016e-05,-7.253885269165039e-05,-5.9485435485839844e-05,0.009686867706477642,4.136652370216325,False,False
490,9.8,-0.10954894870519638,0.15289153158664703,4.805380344390869,0.2886153757572174,4.1553023038432e-05,2.109185697918292e-05,-0.000793146900832653,9.992728155339137e-05,0.002241466660052538,-1.9800605514319614e-05,-1.0140757694898639e-05,0.00025116780307143927,0.0,0.0,5.0,0.2706540281295313,-7.164478302001953e-05,-5.9604644775390625e-05,-7.18832015991211e-05,-6.026029586791992e-05,0.009686889126896858,4.146339259343222,False,False
491,9.82,-0.10956472158432007,0.1528935581445694,4.805426120758057,0.2886204123497009,4.133894617552869e-05,2.069469883281272e-05,-0.0007841816986910999,9.830842463998124e-05,0.0022154157049953938,-1.9936025637434795e-05,-1.1255689059908036e-05,0.00024899758864194155,0.0,0.0,5.0,0.27062864375600515,-7.18235969543457e-05,-5.936622619628906e-05,-7.152557373046875e-05,-5.930662155151367e-05,0.009686910547316074,4.156026169890538,False,False
492,9.84,-0.10958031564950943,0.1528954654932022,4.805471420288086,0.2886253893375397,4.111828457098454e-05,2.0291321561671793e-05,-0.0007752801175229251,9.67524538282305e-05,0.0021895230747759342,-2.042190681095235e-05,-1.0799901247082744e-05,0.0002466737059876323,0.0,0.0,5.0,0.27060346869721313,-7.11679458618164e-05,-5.990266799926758e-05,-7.081031799316406e-05,-5.97834587097168e-05,0.009686930105090141,4.165713099995628,False,False
493,9.86,-0.10959573090076447,0.15289737284183502,4.805513381958008,0.2886301875114441,4.090535003342666e-05,1.9880222680512816e-05,-0.000766442040912807,9.526096255285665e-05,0.002163721714168787,-2.0707881049020216e-05,-1.0483244295755867e-05,0.00024452887009829283,0.0,0.0,5.0,0.2705806265256618,-6.872415542602539e-05,-5.650520324707031e-05,-7.003545761108398e-05,-5.692243576049805e-05,0.009686950594186783,4.175400050589815,False,False
494,9.88,-0.10961097478866577,0.15289928019046783,4.80555534362793,0.2886349558830261,4.0672384784556925e-05,1.9479224647511728e-05,-0.0007576675852760673,9.383433643961325e-05,0.0021387827582657337,-1.9411334506003186e-05,-1.2803125173377339e-05,0.00024214840959757566,0.0,0.0,5.0,0.2705577204009104,-6.836652755737305e-05,-5.424022674560547e-05,-6.93202018737793e-05,-5.40614128112793e-05,0.00968697015196085,4.185087020741776,False,False
495,9.9,-0.10962603986263275,0.15290118753910065,4.805597305297852,0.28863975405693054,4.0408795030089095e-05,1.9102973965345882e-05,-0.0007489618146792054,9.246719855582342e-05,0.0021144566126167774,-1.8233196897199377e-05,-1.3546256013796665e-05,0.00023945618886500597,0.0,0.0,5.0,0.27053474725862386,-6.836652755737305e-05,-5.2928924560546875e-05,-6.884336471557617e-05,-5.2809715270996094e-05,0.009686989709734917,4.1947740104515105,False,False
496,9.92,-0.109640933573246,0.1529029756784439,4.805639266967773,0.2886445224285126,4.0136863390216604e-05,1.8745124179986306e-05,-0.0007403268245980144,9.115417924476787e-05,0.0020904582925140858,-1.7570648196851835e-05,-1.363719093205873e-05,0.00023654894903302193,0.0,0.0,5.0,0.27051164269021805,-6.788969039916992e-05,-5.27501106262207e-05,-6.771087646484375e-05,-5.2988529205322266e-05,0.009687010198831558,4.204461020650342,False,False
497,9.94,-0.10965565592050552,0.15290476381778717,4.805681228637695,0.28864923119544983,3.9858347008703277e-05,1.8394237486063503e-05,-0.000731763313524425,8.98924408829771e-05,0.0020666425116360188,-1.753693140926771e-05,-1.42062872328097e-05,0.00023380876518785954,0.0,0.0,5.0,0.27048847401929205,-6.783008575439453e-05,-5.346536636352539e-05,-6.711483001708984e-05,-5.316734313964844e-05,0.009687029756605625,4.214148050406948,False,False
498,9.96,-0.10967020690441132,0.15290655195713043,4.805723190307617,0.28865376114845276,3.958238085033372e-05,1.8041004295810126e-05,-0.0007232719217427075,8.868121221894398e-05,0.002042852807790041,-1.780458478606306e-05,-1.3381579265114851e-05,0.00023119268007576466,0.0,0.0,5.0,0.27046524120138865,-6.622076034545898e-05,-5.507469177246094e-05,-6.639957427978516e-05,-5.441904067993164e-05,0.009687050245702267,4.22383510065265,False,False
499,9.98,-0.10968458652496338,0.1529083400964737,4.805765151977539,0.2886582911014557,3.931409810320474e-05,1.7698464944260195e-05,-0.000714851135853678,8.752091525821015e-05,0.002018971834331751,-1.6467103705508634e-05,-1.3437975212582387e-05,0.00022907310631126165,0.0,0.0,5.0,0.2704419441923156,-6.598234176635742e-05,-5.4717063903808594e-05,-6.574392318725586e-05,-5.501508712768555e-05,0.009687068872153759,4.233522169524804,False,False
500,10.0,-0.10969880223274231,0.15291012823581696,4.805805683135986,0.288662850856781,3.904796903952956e-05,1.7366361134918407e-05,-0.0007064994424581528,8.640875603305176e-05,0.0019950647838413715,-1.6761125152697787e-05,-1.3167018551030196e-05,0.00022703956346958876,0.0,0.0,5.0,0.2704196132507279,-6.508827209472656e-05,-5.263090133666992e-05,-6.54458999633789e-05,-5.3763389587402344e-05,0.009687086567282677,4.243209256092086,False,False
501,10.02,-0.10971284657716751,0.15291179716587067,4.805843830108643,0.28866735100746155,3.877207200275734e-05,1.7018841390381567e-05,-0.0006982169579714537,8.534511289326474e-05,0.001971640158444643,-1.8008326151175424e-05,-1.441429958504159e-05,0.00022482499480247498,0.0,0.0,5.0,0.2703988622820797,-6.330013275146484e-05,-4.982948303222656e-05,-6.496906280517578e-05,-4.982948303222656e-05,0.009687104262411594,4.252896360354498,False,False
502,10.040000000000001,-0.10972672700881958,0.15291346609592438,4.805881977081299,0.2886718511581421,3.84653867513407e-05,1.66766931215534e-05,-0.0006900082225911319,8.433123002760112e-05,0.001949130091816187,-1.6223955753957853e-05,-1.6246352970483713e-05,0.00022223859559744596,0.0,0.0,5.0,0.2703780493224308,-6.401538848876953e-05,-4.7147274017333984e-05,-6.431341171264648e-05,-4.744529724121094e-05,0.009687122888863087,4.262583483243361,False,False
503,10.06,-0.10974044352769852,0.1529151350259781,4.805920124053955,0.28867611289024353,3.8130729080876336e-05,1.635591070225928e-05,-0.0006818781257607043,8.336164319189265e-05,0.0019271164201200008,-1.587067890795879e-05,-1.7211610611411743e-05,0.00021909561473876238,0.0,0.0,5.0,0.27035717433221795,-6.23464584350586e-05,-4.881620407104492e-05,-6.300210952758789e-05,-4.744529724121094e-05,0.009687140583992004,4.272270623827353,False,False
504,10.08,-0.10975400358438492,0.1529168039560318,4.805958271026611,0.28868043422698975,3.779296821448952e-05,1.6062534996308386e-05,-0.0006738292286172509,8.243187767220661e-05,0.001905194018036127,-1.3483209841069765e-05,-1.6557050912524574e-05,0.00021634914446622133,0.0,0.0,5.0,0.27033624029698766,-6.210803985595703e-05,-4.7206878662109375e-05,-6.22868537902832e-05,-4.792213439941406e-05,0.009687158279120922,4.281957782106474,False,False
505,10.1,-0.10976740717887878,0.1529184728860855,4.805996417999268,0.2886847257614136,3.74500741600059e-05,1.578699993842747e-05,-0.0006658592610619962,8.153609815053642e-05,0.0018834811635315418,-1.4086255760048516e-05,-1.772522045939695e-05,0.00021359778475016356,0.0,0.0,5.0,0.2703152471794759,-6.139278411865234e-05,-4.851818084716797e-05,-6.16908073425293e-05,-4.750490188598633e-05,0.009687176905572414,4.2916449590120465,False,False
506,10.120000000000001,-0.10978064686059952,0.15292014181613922,4.806034564971924,0.2886890172958374,3.710430610226467e-05,1.5514240658376366e-05,-0.0006579700857400894,8.06729804025963e-05,0.0018618595786392689,-1.3205595678300597e-05,-1.684463677520398e-05,0.00021102989558130503,0.0,0.0,5.0,0.2702941919165682,-6.103515625e-05,-4.792213439941406e-05,-6.103515625e-05,-4.839897155761719e-05,0.009687194600701332,4.301332153612748,False,False
507,10.14,-0.10979373008012772,0.15292172133922577,4.80607271194458,0.2886931002140045,3.676119740703143e-05,1.5243756934069097e-05,-0.0006501603638753295,7.984143303474411e-05,0.0018402640707790852,-1.385798714181874e-05,-1.7459426089772023e-05,0.00020865816622972488,0.0,0.0,5.0,0.2702730269094376,-5.990266799926758e-05,-5.0127506256103516e-05,-6.0439109802246094e-05,-4.9114227294921875e-05,0.009687213227152824,4.311019366839901,False,False
508,10.16,-0.10980665683746338,0.15292327105998993,4.806110858917236,0.28869715332984924,3.6411067412700504e-05,1.4984709196141921e-05,-0.0006424309685826302,7.90412159403786e-05,0.0018185642547905445,-1.2061938832630403e-05,-1.754695585987065e-05,0.00020675756968557835,0.0,0.0,5.0,0.2702517858355786,-5.996227264404297e-05,-4.9233436584472656e-05,-5.9604644775390625e-05,-4.965066909790039e-05,0.009687229059636593,4.320706595899537,False,False
509,10.18,-0.10981941968202591,0.1529248207807541,4.806146144866943,0.2887011766433716,3.605255551519804e-05,1.4736480807187036e-05,-0.0006347817834466696,7.826837827451527e-05,0.0017969687469303608,-1.2775353752658702e-05,-1.829811117204372e-05,0.00020480924285948277,0.0,0.0,5.0,0.27023253486593873,-5.817413330078125e-05,-4.661083221435547e-05,-5.882978439331055e-05,-4.678964614868164e-05,0.009687245823442936,4.33039384172298,False,False
510,10.200000000000001,-0.1098320484161377,0.15292637050151825,4.806180477142334,0.2887052297592163,3.567801104509272e-05,1.4495579307549633e-05,-0.0006272152531892061,7.752190140308812e-05,0.0017761834897100925,-1.1329514563840348e-05,-1.9150227672071196e-05,0.00020261481404304504,0.0,0.0,5.0,0.27021391728559385,-5.811452865600586e-05,-4.2557716369628906e-05,-5.823373794555664e-05,-4.374980926513672e-05,0.009687261655926704,4.340081103378907,False,False
511,10.22,-0.10984451323747635,0.1529279202222824,4.806214809417725,0.28870925307273865,3.5281038435641676e-05,1.4260122043197043e-05,-0.0006197338807396591,7.679818372707814e-05,0.0017561684362590313,-1.2230409083713312e-05,-2.054091055470053e-05,0.0001998390071094036,0.0,0.0,5.0,0.2701952367472448,-5.710124969482422e-05,-4.2557716369628906e-05,-5.745887756347656e-05,-4.1961669921875e-05,0.009687277488410473,4.349768380867317,False,False
512,10.24,-0.10985683649778366,0.15292946994304657,4.806249141693115,0.2887131869792938,3.487749563646503e-05,1.4015830856806133e-05,-0.0006123418570496142,7.609724707435817e-05,0.0017364672385156155,-1.2212526598887052e-05,-1.9807363059953786e-05,0.00019709952175617218,0.0,0.0,5.0,0.2701765023036172,-5.614757537841797e-05,-4.291534423828125e-05,-5.716085433959961e-05,-4.1604042053222656e-05,0.009687294252216816,4.359455675119534,False,False
513,10.26,-0.10986900329589844,0.15293101966381073,4.806283473968506,0.28871697187423706,3.4478951420169324e-05,1.3799884982290678e-05,-0.000605038134381175,7.541848754044622e-05,0.0017169094644486904,-9.395372217113618e-06,-2.0041561583639123e-05,0.00019442837219685316,0.0,0.0,5.0,0.2701577078640503,-5.5849552154541016e-05,-4.202127456665039e-05,-5.620718002319336e-05,-4.214048385620117e-05,0.009687310084700584,4.369142985204235,False,False
514,10.28,-0.10988103598356247,0.1529325693845749,4.8063178062438965,0.2887207567691803,3.407522672205232e-05,1.3614923773275223e-05,-0.0005978207918815315,7.475464371964335e-05,0.001697456929832697,-9.113799933402333e-06,-2.032510565186385e-05,0.00019186141435056925,0.0,0.0,5.0,0.2701388624866211,-5.507469177246094e-05,-4.285573959350586e-05,-5.555152893066406e-05,-4.2498111724853516e-05,0.009687325917184353,4.378830311121419,False,False
515,10.3,-0.10989291965961456,0.15293404459953308,4.806352138519287,0.2887245714664459,3.366899545653723e-05,1.3438373571261764e-05,-0.0005906898295506835,7.410236139548942e-05,0.0016780826263129711,-8.554096893931273e-06,-2.029284405580256e-05,0.00018954335246235132,0.0,0.0,5.0,0.27011991789747725,-5.4836273193359375e-05,-4.267692565917969e-05,-5.4776668548583984e-05,-4.291534423828125e-05,0.009687342680990696,4.38851765380241,False,False
516,10.32,-0.10990466177463531,0.1529354751110077,4.806386470794678,0.28872835636138916,3.325636498630047e-05,1.3268232578411698e-05,-0.000583645305596292,7.345985068241134e-05,0.0016587735153734684,-8.47255523694912e-06,-2.0964764189557172e-05,0.00018728035502135754,0.0,0.0,5.0,0.2701008939610656,-5.4895877838134766e-05,-4.315376281738281e-05,-5.40614128112793e-05,-4.309415817260742e-05,0.009687359444797039,4.398205013247207,False,False
517,10.34,-0.10991626977920532,0.1529369056224823,4.806420803070068,0.28873199224472046,3.28487585647963e-05,1.3100471733196173e-05,-0.0005766879767179489,7.282609294634312e-05,0.001639451365917921,-8.315671038872097e-06,-1.979084663616959e-05,0.0001851718407124281,0.0,0.0,5.0,0.27008181898749195,-5.4001808166503906e-05,-4.4226646423339844e-05,-5.316734313964844e-05,-4.494190216064453e-05,0.009687375277280807,4.407892388524488,False,False
518,10.36,-0.10992772877216339,0.1529383361339569,4.806454658508301,0.2887355387210846,3.245242987759411e-05,1.2921381312480662e-05,-0.0005698154564015567,7.220201950985938e-05,0.0016200249083340168,-9.605072591511998e-06,-1.983719448617194e-05,0.00018358579836785793,0.0,0.0,5.0,0.2700630286165953,-5.251169204711914e-05,-4.494190216064453e-05,-5.269050598144531e-05,-4.464387893676758e-05,0.009687389247119427,4.417579777771607,False,False
519,10.38,-0.10993905365467072,0.15293976664543152,4.806485176086426,0.28873908519744873,3.20624494634103e-05,1.2736208191199694e-05,-0.0005630275118164718,7.159070810303092e-05,0.0016007027588784695,-8.923947461880744e-06,-1.9156121197738685e-05,0.0001821013865992427,0.0,0.0,5.0,0.27004657897174933,-5.08427619934082e-05,-3.975629806518555e-05,-5.21540641784668e-05,-4.124641418457031e-05,0.00968740414828062,4.427267181919888,False,False
520,10.4,-0.1099502444267273,0.15294119715690613,4.806515693664551,0.28874266147613525,3.164961526636034e-05,1.2554546628962271e-05,-0.0005563237937167287,7.099162030499429e-05,0.0015824646688997746,-9.253642019757535e-06,-2.2122791051515378e-05,0.00018001336138695478,0.0,0.0,5.0,0.2700300776494994,-5.0961971282958984e-05,-3.814697265625e-05,-5.173683166503906e-05,-3.725290298461914e-05,0.00968741811811924,4.436954600038007,False,False
521,10.42,-0.10996130853891373,0.15294262766838074,4.806546211242676,0.2887462079524994,3.120393739663996e-05,1.2385245099721942e-05,-0.0005497111706063151,7.040218042675406e-05,0.001564906444400549,-7.687652214372065e-06,-2.2440372049459256e-05,0.0001774473348632455,0.0,0.0,5.0,0.27001352765789816,-5.08427619934082e-05,-3.6776065826416016e-05,-5.078315734863281e-05,-3.618001937866211e-05,0.009687432087957859,4.446642032125965,False,False
522,10.44,-0.10997223109006882,0.15294405817985535,4.806576728820801,0.2887497544288635,3.0758346838410944e-05,1.2234485438966658e-05,-0.0005431915051303804,6.981773185543716e-05,0.0015475698746740818,-7.3994351623696275e-06,-2.2114540115580894e-05,0.00017473427578806877,0.0,0.0,5.0,0.26999692290304445,-5.036592483520508e-05,-3.707408905029297e-05,-5.0187110900878906e-05,-3.606081008911133e-05,0.009687446057796478,4.456329478183761,False,False
523,10.46,-0.10998303443193436,0.15294548869132996,4.806607246398926,0.28875306248664856,3.0322666134452447e-05,1.2093250916223042e-05,-0.0005367631674744189,6.923631008248776e-05,0.0015303767286241055,-6.734518137818668e-06,-2.144967766071204e-05,0.00017220887821167707,0.0,0.0,5.0,0.2699802724631776,-4.8995018005371094e-05,-3.820657730102539e-05,-4.9591064453125e-05,-3.707408905029297e-05,0.009687460958957672,4.466016939142719,False,False
524,10.48,-0.10999370366334915,0.15294691920280457,4.806637763977051,0.2887563705444336,2.9902425012551248e-05,1.1980259841948282e-05,-0.0005304228398017585,6.865563045721501e-05,0.0015131966210901737,-4.574470040097367e-06,-2.0570465494529344e-05,0.000170075218193233,0.0,0.0,5.0,0.26996357024421763,-4.881620407104492e-05,-3.713369369506836e-05,-4.887580871582031e-05,-3.808736801147461e-05,0.009687474928796291,4.475704414071515,False,False
525,10.5,-0.1100042536854744,0.152948260307312,4.806668281555176,0.28875967860221863,2.9482407626346685e-05,1.1880303645739332e-05,-0.00052416673861444,6.807090539950877e-05,0.0014961347915232182,-5.4310535233526025e-06,-2.1427093088277616e-05,0.00016794027760624886,0.0,0.0,5.0,0.26994677163611397,-4.8160552978515625e-05,-3.8623809814453125e-05,-4.798173904418945e-05,-3.790855407714844e-05,0.009687489829957485,4.485391903901473,False,False
526,10.52,-0.1100146695971489,0.15294957160949707,4.806698799133301,0.28876298666000366,2.9063074180157855e-05,1.1775382517953403e-05,-0.0005179959116503596,6.748217128915712e-05,0.0014790198765695095,-5.070636689197272e-06,-2.0501678591244854e-05,0.0001661238493397832,0.0,0.0,5.0,0.2699299043059263,-4.8041343688964844e-05,-3.8564205169677734e-05,-4.738569259643555e-05,-3.8623809814453125e-05,0.009687503799796104,4.495079407701269,False,False
527,10.540000000000001,-0.11002496629953384,0.15295088291168213,4.806729316711426,0.28876638412475586,2.8656122594838962e-05,1.1665504644042812e-05,-0.0005119086126796901,6.689014117000625e-05,0.001461958047002554,-5.9273443184792995e-06,-2.019066050706897e-05,0.00016441161278635263,0.0,0.0,5.0,0.26991299118699164,-4.8220157623291016e-05,-3.832578659057617e-05,-4.70280647277832e-05,-3.826618194580078e-05,0.009687518700957298,4.504766926402226,False,False
528,10.56,-0.11003514379262924,0.1529521942138672,4.806759834289551,0.28876984119415283,2.8264321372262202e-05,1.153536777565023e-05,-0.0005059035029262304,6.629792915191501e-05,0.0014449222944676876,-7.096969056874514e-06,-1.8987115254276432e-05,0.00016267760656774044,0.0,0.0,5.0,0.2698960322570582,-4.8279762268066406e-05,-3.808736801147461e-05,-4.678964614868164e-05,-3.8504600524902344e-05,0.009687532670795918,4.514454459073022,False,False
529,10.58,-0.11004520207643509,0.15295350551605225,4.806789875030518,0.2887730300426483,2.789621430565603e-05,1.1368645573384129e-05,-0.0004999781376682222,6.571150152012706e-05,0.0014280038885772228,-9.585054613125976e-06,-1.782123581506312e-05,0.00016094360034912825,0.0,0.0,5.0,0.26987936886767666,-4.649162292480469e-05,-4.0411949157714844e-05,-4.649162292480469e-05,-3.898143768310547e-05,0.009687544777989388,4.524142003851011,False,False
530,10.6,-0.11005514115095139,0.1529548168182373,4.806816577911377,0.2887762188911438,2.7557711291592568e-05,1.1194989383511711e-05,-0.0004941296647302806,6.513844709843397e-05,0.0014109029434621334,-7.790415111230686e-06,-1.602663724042941e-05,0.00015968619845807552,0.0,0.0,5.0,0.2698650489624906,-4.5239925384521484e-05,-3.36766242980957e-05,-4.6312808990478516e-05,-3.594160079956055e-05,0.009687557816505432,4.533829561667517,False,False
531,10.620000000000001,-0.11006496101617813,0.15295612812042236,4.806843280792236,0.2887794077396393,2.720413431234192e-05,1.102170062949881e-05,-0.0004883537185378373,6.457811832660809e-05,0.001394899096339941,-9.547954505251255e-06,-1.93286996363895e-05,0.00015765358693897724,0.0,0.0,5.0,0.2698506826898734,-4.494190216064453e-05,-3.3855438232421875e-05,-4.607439041137695e-05,-3.170967102050781e-05,0.009687569923698902,4.543517131591216,False,False
532,10.64,-0.11007467657327652,0.15295743942260742,4.806869983673096,0.28878259658813477,2.6830135539057665e-05,1.086076008505188e-05,-0.00048265725490637124,6.403017323464155e-05,0.001379378605633974,-6.555535492225317e-06,-1.806915861379821e-05,0.00015527871437370777,0.0,0.0,5.0,0.2698362761080548,-4.482269287109375e-05,-3.0934810638427734e-05,-4.5359134674072266e-05,-3.153085708618164e-05,0.009687582030892372,4.553204713622108,False,False
533,10.66,-0.11008427292108536,0.15295875072479248,4.806896686553955,0.28878581523895264,2.645970744197257e-05,1.0733149792940821e-05,-0.00047703812015242875,6.348834722302854e-05,0.0013641980476677418,-6.214474979060469e-06,-1.8971260942635126e-05,0.00015270640142261982,0.0,0.0,5.0,0.2698218231198038,-4.500150680541992e-05,-3.081560134887695e-05,-4.476308822631836e-05,-3.045797348022461e-05,0.009687594138085842,4.562892307760194,False,False
534,10.68,-0.11009375751018524,0.15296006202697754,4.8069233894348145,0.28878891468048096,2.608245449664537e-05,1.0610766366880853e-05,-0.0004714964597951621,6.294908234849572e-05,0.001349239144474268,-6.032634246366797e-06,-1.8751788957160898e-05,0.00015003490261733532,0.0,0.0,5.0,0.2698073267451212,-4.4286251068115234e-05,-3.1828880310058594e-05,-4.4226646423339844e-05,-3.0875205993652344e-05,0.009687606245279312,4.572579914005473,False,False
535,10.700000000000001,-0.11010313034057617,0.15296132862567902,4.806950092315674,0.2887918949127197,2.572324410721194e-05,1.0506041689950507e-05,-0.00046603125520050526,6.241107621463016e-05,0.0013341889716684818,-4.448334038897883e-06,-1.71675219462486e-05,0.00014757877215743065,0.0,0.0,5.0,0.2697927616201994,-4.315376281738281e-05,-3.153085708618164e-05,-4.3332576751708984e-05,-3.230571746826172e-05,0.009687619283795357,4.582267533289269,False,False
536,10.72,-0.11011239886283875,0.15296252071857452,4.806976795196533,0.2887948453426361,2.537348700570874e-05,1.040474307956174e-05,-0.000460637646028772,6.187199323903769e-05,0.0013192691840231419,-5.689550562237855e-06,-1.7806045434554107e-05,0.00014545326121151447,0.0,0.0,5.0,0.2697781138649137,-4.214048385620117e-05,-3.3855438232421875e-05,-4.2557716369628906e-05,-3.254413604736328e-05,0.009687631390988827,4.591955164680257,False,False
537,10.74,-0.11012155562639236,0.15296371281147003,4.807003498077393,0.2887977659702301,2.5029423341038637e-05,1.0309508070349693e-05,-0.00045531574869528413,6.133285205578431e-05,0.0013042972423136234,-3.841809302684851e-06,-1.6598731235717423e-05,0.00014370621647685766,0.0,0.0,5.0,0.26976342265957687,-4.2378902435302734e-05,-3.272294998168945e-05,-4.1961669921875e-05,-3.36766242980957e-05,0.009687643498182297,4.60164280817844,False,False
538,10.76,-0.11013060808181763,0.15296490490436554,4.807030200958252,0.28880074620246887,2.46916515607154e-05,1.0219816431344952e-05,-0.00045006233267486095,6.079130980651826e-05,0.0012892731465399265,-5.135386345500592e-06,-1.71766023413511e-05,0.00014200760051608086,0.0,0.0,5.0,0.26974869102756577,-4.214048385620117e-05,-3.331899642944336e-05,-4.1604042053222656e-05,-3.2842159271240234e-05,0.009687656536698341,4.611330464715138,False,False
539,10.78,-0.11013955622911453,0.15296609699726105,4.807056903839111,0.28880369663238525,2.4358520022360608e-05,1.0114044926012866e-05,-0.00044487809645943344,6.024936737958342e-05,0.0012743924744427204,-5.449413038149942e-06,-1.613453969184775e-05,0.00014034647028893232,0.0,0.0,5.0,0.2697339189517545,-4.178285598754883e-05,-3.361701965332031e-05,-4.118680953979492e-05,-3.36766242980957e-05,0.009687669575214386,4.6210181342903525,False,False
540,10.8,-0.11014840751886368,0.15296728909015656,4.807083606719971,0.28880661725997925,2.403869802947156e-05,1.0002366252592765e-05,-0.0004397612065076828,5.970961501589045e-05,0.0012594987638294697,-5.725895789510105e-06,-1.584600431669969e-05,0.00013893540017306805,0.0,0.0,5.0,0.2697191094577989,-4.184246063232422e-05,-3.355741500854492e-05,-4.100799560546875e-05,-3.3736228942871094e-05,0.009687681682407856,4.63070581597276,False,False
541,10.82,-0.11015714704990387,0.15296848118305206,4.80711030960083,0.2888093888759613,2.372690687479917e-05,9.882895028567873e-06,-0.0004347102658357471,5.9173748013563454e-05,0.0012445789761841297,-6.228398888197262e-06,-1.533144859422464e-05,0.00013750314246863127,0.0,0.0,5.0,0.26970425644381574,-4.106760025024414e-05,-3.4749507904052734e-05,-4.0650367736816406e-05,-3.4689903259277344e-05,0.009687692858278751,4.640393508831039,False,False
542,10.84,-0.1101657971739769,0.15296967327594757,4.807134628295898,0.2888121008872986,2.3430184228345752e-05,9.761165529198479e-06,-0.00042972370283678174,5.8643698139349e-05,0.0012295679189264774,-5.951506864221301e-06,-1.4338855180540122e-05,0.00013631442561745644,0.0,0.0,5.0,0.26969107403043435,-3.93986701965332e-05,-3.2067298889160156e-05,-4.0411949157714844e-05,-3.314018249511719e-05,0.009687704034149647,4.650081212865189,False,False
543,10.86,-0.11017434298992157,0.15297086536884308,4.807157516479492,0.2888147830963135,2.3121790945879184e-05,9.646597391110845e-06,-0.00042479956755414605,5.8119436289416626e-05,0.0012151836417615414,-5.512132702278905e-06,-1.6498755940119736e-05,0.00013491360004991293,0.0,0.0,5.0,0.26967887376528205,-3.8623809814453125e-05,-2.9087066650390625e-05,-3.975629806518555e-05,-2.9206275939941406e-05,0.009687714278697968,4.659768927143887,False,False
544,10.88,-0.11018278449773788,0.1529720574617386,4.807180404663086,0.28881749510765076,2.2776897822041065e-05,9.544877684675157e-06,-0.0004199426912236959,5.7597611885285005e-05,0.00120163569226861,-4.666550921683665e-06,-1.7988755644182675e-05,0.00013304164167493582,0.0,0.0,5.0,0.26966663254775086,-3.832578659057617e-05,-2.7418136596679688e-05,-3.898143768310547e-05,-2.682209014892578e-05,0.009687725454568863,4.6694566525984555,False,False
545,10.9,-0.11019113659858704,0.1529732495546341,4.80720329284668,0.28882020711898804,2.2419942979468033e-05,9.467635209148284e-06,-0.0004151573812123388,5.707341915694997e-05,0.001188571099191904,-3.0643047921330435e-06,-1.770499329722952e-05,0.00013089773710817099,0.0,0.0,5.0,0.2696543564516546,-3.8504600524902344e-05,-2.5928020477294922e-05,-3.8564205169677734e-05,-2.6285648345947266e-05,0.009687735699117184,4.679144388297573,False,False
546,10.92,-0.11019939184188843,0.1529744267463684,4.807226181030273,0.28882288932800293,2.2065796656534076e-05,9.406381650478579e-06,-0.0004104426479898393,5.654209962813184e-05,0.0011757542379200459,-3.0673134006065084e-06,-1.770803464751225e-05,0.00012862856965512037,0.0,0.0,5.0,0.26964203396517206,-3.784894943237305e-05,-2.6404857635498047e-05,-3.790855407714844e-05,-2.6047229766845703e-05,0.009687745943665504,4.688832134241238,False,False
547,10.94,-0.11020755022764206,0.15297549962997437,4.807249069213867,0.2888256013393402,2.1713847672799602e-05,9.34732634050306e-06,-0.0004057978221680969,5.6002449127845466e-05,0.001162977423518896,-2.844301434379304e-06,-1.7485055650467984e-05,0.00012644112575799227,0.0,0.0,5.0,0.2696296143474212,-3.832578659057617e-05,-2.658367156982422e-05,-3.725290298461914e-05,-2.5987625122070312e-05,0.009687756188213825,4.698519890429452,False,False
548,10.96,-0.11021561920642853,0.15297657251358032,4.807271957397461,0.2888280749320984,2.137954106729012e-05,9.279543519369327e-06,-0.0004012215358670801,5.5454867833759636e-05,0.0011502527631819248,-3.939748239645269e-06,-1.594361492607277e-05,0.00012430211063474417,0.0,0.0,5.0,0.2696171598034244,-3.618001937866211e-05,-2.9325485229492188e-05,-3.647804260253906e-05,-2.753734588623047e-05,0.00968776736408472,4.708207657793537,False,False
549,10.98,-0.11022359877824783,0.15297764539718628,4.807294845581055,0.2888305187225342,2.107554246322252e-05,9.222098924510647e-06,-0.0003967093944083899,5.4902258852962404e-05,0.0011373707093298435,-1.8102476815329283e-06,-1.4454531992669217e-05,0.00012279581278562546,0.0,0.0,5.0,0.2696046703203136,-3.5762786865234375e-05,-2.8431415557861328e-05,-3.5822391510009766e-05,-2.872943878173828e-05,0.009687777608633041,4.71789543540217,False,False
550,11.0,-0.11023148894309998,0.15297871828079224,4.807317733764648,0.28883296251296997,2.07862576644402e-05,9.186147508444265e-06,-0.00039225525688380003,5.434155173134059e-05,0.001124619971960783,-1.7904052356243483e-06,-1.447237991669681e-05,0.00012143366620875895,0.0,0.0,5.0,0.26959214588529407,-3.5643577575683594e-05,-2.849102020263672e-05,-3.534555435180664e-05,-2.8848648071289062e-05,0.009687788784503937,4.727583224186674,False,False
551,11.02,-0.11023928970098495,0.1529797911643982,4.807340621948242,0.28883543610572815,2.0496470824582502e-05,9.143288480117917e-06,-0.00038785766810178757,5.3771782404510304e-05,0.001111882273107767,-2.500862365195644e-06,-1.4504794307867996e-05,0.00012021799921058118,0.0,0.0,5.0,0.2695795864856438,-3.552436828613281e-05,-2.8431415557861328e-05,-3.510713577270508e-05,-2.8431415557861328e-05,0.009687799960374832,4.737271024147049,False,False
552,11.040000000000001,-0.11024700850248337,0.15298086404800415,4.807363510131836,0.28883785009384155,2.0209570720908232e-05,9.08975471247686e-06,-0.0003835171228274703,5.319491901900619e-05,0.0010992097668349743,-2.8577226203196915e-06,-1.4183611710905097e-05,0.00011893457849510014,0.0,0.0,5.0,0.2695669951558385,-3.504753112792969e-05,-2.9206275939941406e-05,-3.4689903259277344e-05,-2.8967857360839844e-05,0.009687810204923153,4.746958834351972,False,False
553,11.06,-0.11025463789701462,0.1529819369316101,4.80738639831543,0.28884032368659973,1.993497608054895e-05,9.028938620758709e-06,-0.00037923286436125636,5.26129369973205e-05,0.0010865372605621815,-3.2291486604663078e-06,-1.3274269804242067e-05,0.00011789749260060489,0.0,0.0,5.0,0.26955436883688466,-3.504753112792969e-05,-2.8789043426513672e-05,-3.457069396972656e-05,-2.8908252716064453e-05,0.009687821380794048,4.756646655732766,False,False
554,11.08,-0.1102621778845787,0.15298300981521606,4.807409286499023,0.2888428270816803,1.9672164853545837e-05,8.961445928434841e-06,-0.0003750026517082006,5.2027986384928226e-05,0.0010738647542893887,-3.5252346606284846e-06,-1.3005321306991391e-05,0.00011680592433549464,0.0,0.0,5.0,0.26954170751627327,-3.546476364135742e-05,-2.855062484741211e-05,-3.427267074584961e-05,-2.9146671295166016e-05,0.009687831625342369,4.766334487358108,False,False
555,11.1,-0.11026964336633682,0.15298408269882202,4.807432174682617,0.2888452708721161,1.9420383978285827e-05,8.875598723534495e-06,-0.00037082520429976285,5.1442391850287095e-05,0.001061257440596819,-5.064438028057339e-06,-1.217132194142323e-05,0.00011572040966711938,0.0,0.0,5.0,0.2695290172779272,-3.4749507904052734e-05,-2.9265880584716797e-05,-3.4332275390625e-05,-2.9325485229492188e-05,0.009687842801213264,4.776022330159321,False,False
556,11.120000000000001,-0.11027701199054718,0.15298515558242798,4.807455062866211,0.2888477146625519,1.9186150893801823e-05,8.76510875968961e-06,-0.0003666992124635726,5.0861512136179954e-05,0.001048584934324026,-5.989368673908757e-06,-1.125043309002649e-05,0.00011473233462311327,0.0,0.0,5.0,0.26951628896598767,-3.4689903259277344e-05,-2.962350845336914e-05,-3.445148468017578e-05,-2.9802322387695312e-05,0.009687851183116436,4.785710181342438,False,False
557,11.14,-0.11028430610895157,0.15298615396022797,4.807474136352539,0.28885000944137573,1.8951499441755004e-05,8.642522516311146e-06,-0.00036262322100810707,5.028969462728128e-05,0.0010358081199228764,-6.274029601627262e-06,-1.2213180525577627e-05,0.00011385211837477982,0.0,0.0,5.0,0.26950621449361095,-3.3020973205566406e-05,-2.586841583251953e-05,-3.3915042877197266e-05,-2.5391578674316406e-05,0.009687860496342182,4.79539804183878,False,False
558,11.16,-0.11029151827096939,0.15298710763454437,4.807493209838867,0.2888522446155548,1.8697513951337896e-05,8.526592864654958e-06,-0.000358599703758955,4.9727183068171144e-05,0.0010241023264825344,-5.3236149142321665e-06,-1.3183967894292437e-05,0.00011240804451517761,0.0,0.0,5.0,0.26949608227772376,-3.2782554626464844e-05,-2.4437904357910156e-05,-3.337860107421875e-05,-2.3245811462402344e-05,0.009687868878245354,4.805085910717025,False,False
559,11.18,-0.11029864847660065,0.15298806130886078,4.807512283325195,0.2888544499874115,1.8445096429786645e-05,8.445001185464207e-06,-0.00035463026142679155,4.9169779231306165e-05,0.0010128146968781948,-2.8399019811331527e-06,-1.2056405466864817e-05,0.0001106096024159342,0.0,0.0,5.0,0.2694859176830737,-3.17692756652832e-05,-2.2470951080322266e-05,-3.218650817871094e-05,-2.3543834686279297e-05,0.0096878781914711,4.8147737889084965,False,False
560,11.200000000000001,-0.11030570417642593,0.15298901498317719,4.807531356811523,0.2888566553592682,1.8184367945650592e-05,8.374311619263608e-06,-0.00035071198362857103,4.861160778091289e-05,0.0010018921457231045,-4.233456820657011e-06,-1.4015035048942082e-05,0.00010891913552768528,0.0,0.0,5.0,0.2694757237492704,-3.129243850708008e-05,-2.4139881134033203e-05,-3.1828880310058594e-05,-2.1457672119140625e-05,0.009687886573374271,4.824461675481871,False,False
561,11.22,-0.11031267791986465,0.1529899686574936,4.807550430297852,0.2888588607311249,1.791901195247192e-05,8.323853762703948e-06,-0.00034684804268181324,4.805155913345516e-05,0.0009910487569868565,-8.165285407812917e-07,-1.2519308256742079e-05,0.00010726370965130627,0.0,0.0,5.0,0.2694654974170436,-3.1828880310058594e-05,-2.1576881408691406e-05,-3.0934810638427734e-05,-2.2530555725097656e-05,0.009687894955277443,4.834149570437148,False,False
562,11.24,-0.1103195771574974,0.15299092233181,4.80756950378418,0.28886106610298157,1.7669222870608792e-05,8.289718607557006e-06,-0.00034303421853110194,4.7483739763265476e-05,0.0009803487919270992,-2.601104142740951e-06,-1.2458059245545883e-05,0.00010547073907218874,0.0,0.0,5.0,0.26945524172673607,-3.069639205932617e-05,-2.3245811462402344e-05,-3.039836883544922e-05,-2.2113323211669922e-05,0.009687904268503189,4.843837474705651,False,False
563,11.26,-0.11032640188932419,0.1529918760061264,4.807588577270508,0.28886330127716064,1.7425558326067403e-05,8.238350346800871e-06,-0.00033926949254237115,4.6910477976780385e-05,0.0009697661735117435,-2.539839215387474e-06,-1.1907101907127071e-05,0.00010398656013421714,0.0,0.0,5.0,0.2694449566692722,-3.069639205932617e-05,-2.276897430419922e-05,-3.0100345611572266e-05,-2.187490463256836e-05,0.00968791265040636,4.853525387356058,False,False
564,11.28,-0.110333152115345,0.1529928296804428,4.807607650756836,0.28886550664901733,1.72020991158206e-05,8.190611879399512e-06,-0.000335552089381963,4.633345815818757e-05,0.0009592752903699875,-2.2379895199264865e-06,-1.0437489436299074e-05,0.00010248608305118978,0.0,0.0,5.0,0.26943464223562724,-3.075599670410156e-05,-2.205371856689453e-05,-2.9981136322021484e-05,-2.2292137145996094e-05,0.009687921032309532,4.863213308388367,False,False
565,11.3,-0.11033982783555984,0.15299378335475922,4.807626724243164,0.2888674736022949,1.6993195458780974e-05,8.134446034091525e-06,-0.0003318777889944613,4.5753669837722555e-05,0.0009488104842603207,-3.3821738725237083e-06,-1.0451582966197748e-05,0.00010095952893607318,0.0,0.0,5.0,0.26942429841682736,-2.9265880584716797e-05,-2.485513687133789e-05,-2.950429916381836e-05,-2.3066997528076172e-05,0.009687930345535278,4.872901238733903,False,False
566,11.32,-0.11034642904996872,0.15299473702907562,4.807645797729492,0.2888694405555725,1.680559762462508e-05,8.088283721008338e-06,-0.0003282449033576995,4.5173288526711985e-05,0.0009382674470543861,-1.2374982816254487e-06,-8.306921699841041e-06,9.992995182983577e-05,0.0,0.0,5.0,0.26941392520394936,-2.8967857360839844e-05,-2.3484230041503906e-05,-2.9325485229492188e-05,-2.485513687133789e-05,0.009687939658761024,4.882589178392664,False,False
567,11.34,-0.11035295575857162,0.15299566090106964,4.80766487121582,0.2888713777065277,1.6624844647594728e-05,8.054992576944642e-06,-0.00032464752439409494,4.4589629396796227e-05,0.0009276587516069412,-2.0951360966137145e-06,-9.767293704499025e-06,9.90137632470578e-05,0.0,0.0,5.0,0.2694035056632251,-2.8431415557861328e-05,-2.473592758178711e-05,-2.8908252716064453e-05,-2.4557113647460938e-05,0.009687948040664196,4.892277126433328,False,False
568,11.36,-0.11035941541194916,0.1529964953660965,4.807683944702148,0.2888733446598053,1.642679126234725e-05,8.02286285761511e-06,-0.00032108789309859276,4.400207399157807e-05,0.0009170630946755409,-1.1213732022952172e-06,-1.0036661478807218e-05,9.823907748796046e-05,0.0,0.0,5.0,0.26939300898446017,-2.8908252716064453e-05,-2.4020671844482422e-05,-2.8192996978759766e-05,-2.485513687133789e-05,0.009687957353889942,4.901965083787218,False,False
569,11.38,-0.11036580801010132,0.15299732983112335,4.807703018188477,0.2888753414154053,1.6229147149715573e-05,7.985865522641689e-06,-0.0003175673773512244,4.340910163591616e-05,0.0009065065532922745,-2.581734179329942e-06,-9.726534699439071e-06,9.747120202519e-05,0.0,0.0,5.0,0.2693824859321732,-2.855062484741211e-05,-2.5033950805664062e-05,-2.7954578399658203e-05,-2.485513687133789e-05,0.009687966667115688,4.911653050454333,False,False
570,11.4,-0.11037211865186691,0.1529981642961502,4.807722091674805,0.28887730836868286,1.604599310667254e-05,7.928701052151155e-06,-0.0003140857443213463,4.2814266635105014e-05,0.0008959369733929634,-3.1380102427647216e-06,-8.58766543387901e-06,9.683953248895705e-05,0.0,0.0,5.0,0.2693719303929156,-2.8252601623535156e-05,-2.47955322265625e-05,-2.765655517578125e-05,-2.5391578674316406e-05,0.009687975980341434,4.921341026434675,False,False
571,11.42,-0.11037836223840714,0.15299899876117706,4.807741165161133,0.28887924551963806,1.586715370649472e-05,7.854005161789246e-06,-0.00031064118957147,4.222147254040465e-05,0.0008853022009134293,-4.334804543759674e-06,-9.294757546740584e-06,9.625210077501833e-05,0.0,0.0,5.0,0.2693613484632762,-2.8252601623535156e-05,-2.586841583251953e-05,-2.7418136596679688e-05,-2.5153160095214844e-05,0.009687984362244606,4.9310290107969195,False,False
572,11.44,-0.11038453876972198,0.15299983322620392,4.807760238647461,0.28888124227523804,1.569727282912936e-05,7.764533620502334e-06,-0.0003072349354624748,4.163424455327913e-05,0.0008746935054659843,-4.615838406607509e-06,-7.692293365835212e-06,9.574511204846203e-05,0.0,0.0,5.0,0.26935074013548144,-2.8073787689208984e-05,-2.5510787963867188e-05,-2.7358531951904297e-05,-2.580881118774414e-05,0.009687993675470352,4.94071700447239,False,False
573,11.46,-0.11039064824581146,0.15300066769123077,4.807779312133789,0.2888832092285156,1.5553294360870495e-05,7.662163625354879e-06,-0.0003038634895347059,4.105587868252769e-05,0.0008640848100185394,-5.624282493954524e-06,-6.704229235765524e-06,9.534842683933675e-05,0.0,0.0,5.0,0.269340105401799,-2.7894973754882812e-05,-2.5510787963867188e-05,-2.753734588623047e-05,-2.6226043701171875e-05,0.009688002057373524,4.950405006529763,False,False
574,11.48,-0.11039669066667557,0.15300150215625763,4.807796478271484,0.2888851463794708,1.5415398593177088e-05,7.540260867244797e-06,-0.0003005244361702353,4.049062408739701e-05,0.0008534109219908714,-6.569065590156242e-06,-7.0839723775861785e-06,9.500750456936657e-05,0.0,0.0,5.0,0.2693308053993619,-2.7120113372802734e-05,-2.3186206817626953e-05,-2.7418136596679688e-05,-2.3663043975830078e-05,0.009688008576631546,4.960093015106395,False,False
575,11.5,-0.1104026660323143,0.15300233662128448,4.807811737060547,0.2888871431350708,1.5260526197380386e-05,7.402510163956322e-06,-0.00029721963801421225,3.9941660361364484e-05,0.0008433246985077858,-7.209224349935539e-06,-8.402208550251089e-06,9.421914000995457e-05,0.0,0.0,5.0,0.26932283989721323,-2.682209014892578e-05,-1.990795135498047e-05,-2.7477741241455078e-05,-1.895427703857422e-05,0.009688016027212143,4.969781031133607,False,False
576,11.52,-0.11040858179330826,0.15300317108631134,4.807826995849609,0.2888891100883484,1.509450885350816e-05,7.279605597432237e-06,-0.0002939529367722571,3.940917304134928e-05,0.0008340617641806602,-5.084270014776848e-06,-8.198452633223496e-06,9.276028140448034e-05,0.0,0.0,5.0,0.26931485072357736,-2.7120113372802734e-05,-1.6689300537109375e-05,-2.7179718017578125e-05,-1.7583370208740234e-05,0.009688022546470165,4.979469053680077,False,False
577,11.540000000000001,-0.11041443049907684,0.1530040055513382,4.807842254638672,0.2888910472393036,1.4921150977897923e-05,7.168572210503044e-06,-0.00029072395409457386,3.8888527342351153e-05,0.0008251774124801159,-6.022031811880879e-06,-9.136228982242756e-06,9.089327068068087e-05,0.0,0.0,5.0,0.26930683481771944,-2.658367156982422e-05,-1.7940998077392578e-05,-2.6881694793701172e-05,-1.615285873413086e-05,0.009688029065728188,4.989157082745805,False,False
578,11.56,-0.11042021214962006,0.1530047506093979,4.807857513427734,0.28889286518096924,1.4757032658962999e-05,7.073556389514124e-06,-0.00028753382503055036,3.837880285573192e-05,0.0008164369501173496,-3.48233356817218e-06,-7.274608833540697e-06,8.915024227462709e-05,0.0,0.0,5.0,0.26929874137541826,-2.586841583251953e-05,-1.6629695892333984e-05,-2.5987625122070312e-05,-1.7523765563964844e-05,0.00968803558498621,4.998845118330792,False,False
579,11.58,-0.1104259267449379,0.1530054658651352,4.807872772216797,0.28889456391334534,1.4598646885133348e-05,7.003860901022563e-06,-0.00028437754372134805,3.787533569266088e-05,0.0008078534156084061,-3.4898946523753693e-06,-8.56296992424177e-06,8.751274435780942e-05,0.0,0.0,5.0,0.26929060425076895,-2.5391578674316406e-05,-1.895427703857422e-05,-2.5272369384765625e-05,-1.7344951629638672e-05,0.009688043035566807,5.008533161366358,False,False
580,11.6,-0.11043158173561096,0.1530061811208725,4.807888031005859,0.2888962924480438,1.4449529771809466e-05,6.942677373444894e-06,-0.00028125516837462783,3.737560109584592e-05,0.0007991911843419075,-2.631041297718184e-06,-6.3479988057224546e-06,8.617489947937429e-05,0.0,0.0,5.0,0.2692824434244234,-2.4437904357910156e-05,-1.8417835235595703e-05,-2.485513687133789e-05,-1.8656253814697266e-05,0.009688049554824829,5.018221210921183,False,False
581,11.620000000000001,-0.11043717712163925,0.1530068963766098,4.807903289794922,0.2888980209827423,1.4314802683657035e-05,6.890236363688018e-06,-0.00027816183865070343,3.687869684654288e-05,0.0007905685342848301,-2.6156221792916767e-06,-7.1236631811189e-06,8.507017628289759e-05,0.0,0.0,5.0,0.2692742588904716,-2.4259090423583984e-05,-1.8477439880371094e-05,-2.4318695068359375e-05,-1.800060272216797e-05,0.009688057005405426,5.027909267926589,False,False
582,11.64,-0.11044270545244217,0.1530076116323471,4.807918548583984,0.2888997197151184,1.4174850548442919e-05,6.840857167844661e-06,-0.00027509749634191394,3.638373891590163e-05,0.0007820762693881989,-2.324834895262029e-06,-6.870554443594301e-06,8.39793065097183e-05,0.0,0.0,5.0,0.2692660475870904,-2.4259090423583984e-05,-1.8298625946044922e-05,-2.396106719970703e-05,-1.823902130126953e-05,0.009688063524663448,5.037597331451252,False,False
583,11.66,-0.11044817417860031,0.1530083268880844,4.807933807373047,0.2889014780521393,1.4037556866242085e-05,6.7945120463264175e-06,-0.00027206182130612433,3.5889992432203144e-05,0.0007736757397651672,-2.3121801859815605e-06,-6.85790882926085e-06,8.279990288428962e-05,0.0,0.0,5.0,0.26925781256389053,-2.4199485778808594e-05,-1.823902130126953e-05,-2.3663043975830078e-05,-1.823902130126953e-05,0.009688070975244045,5.047285402426496,False,False
584,11.68,-0.11045358330011368,0.15300904214382172,4.807949066162109,0.2889031767845154,1.3903153558203485e-05,6.745405698893592e-06,-0.0002690544642973691,3.539747922332026e-05,0.0007653534412384033,-2.6008870008809026e-06,-6.581571597052971e-06,8.169616921804845e-05,0.0,0.0,5.0,0.26924955381506355,-2.4259090423583984e-05,-1.8775463104248047e-05,-2.3543834686279297e-05,-1.8477439880371094e-05,0.009688077494502068,5.056973479920998,False,False
585,11.700000000000001,-0.11045893281698227,0.15300975739955902,4.807964324951172,0.28890490531921387,1.3780564586340915e-05,6.691539965686388e-06,-0.00026607446488924325,3.490734889055602e-05,0.0007568481378257275,-2.7882610993401613e-06,-5.676518867403502e-06,8.07087926659733e-05,0.0,0.0,5.0,0.26924127133483383,-2.4020671844482422e-05,-1.8298625946044922e-05,-2.3424625396728516e-05,-1.8715858459472656e-05,0.009688084945082664,5.066661564866081,False,False
586,11.72,-0.11046422272920609,0.15301047265529633,4.807979583740234,0.28890663385391235,1.3662656783708371e-05,6.620131443924038e-06,-0.0002631200186442584,3.442175511736423e-05,0.0007484080269932747,-4.354993052402278e-06,-6.113152721809456e-06,7.966763223521411e-05,0.0,0.0,5.0,0.26923296511745826,-2.3543834686279297e-05,-1.9848346710205078e-05,-2.3305416107177734e-05,-1.8715858459472656e-05,0.009688091464340687,5.076349656330422,False,False
587,11.74,-0.11046945303678513,0.15301118791103363,4.807994842529297,0.28890836238861084,1.3555606528825592e-05,6.541120001202216e-06,-0.0002601918240543455,3.394444865989499e-05,0.000739863608032465,-3.548501126715564e-06,-4.590935077430913e-06,7.889288826845586e-05,0.0,0.0,5.0,0.26922463515722633,-2.384185791015625e-05,-1.806020736694336e-05,-2.3365020751953125e-05,-1.919269561767578e-05,0.009688098914921284,5.086037755245343,False,False
588,11.76,-0.11047463119029999,0.15301190316677094,4.808010101318359,0.2889099717140198,1.3464047697198112e-05,6.451606168411672e-06,-0.00025728647597134113,3.347658275743015e-05,0.000731397420167923,-5.405041974881897e-06,-4.5639740164915565e-06,7.793706026859581e-05,0.0,0.0,5.0,0.2692162845058536,-2.2709369659423828e-05,-2.014636993408203e-05,-2.3365020751953125e-05,-1.9490718841552734e-05,0.009688105434179306,5.095725860679522,False,False
589,11.78,-0.11047974973917007,0.15301261842250824,4.808025360107422,0.2889114320278168,1.336876903224038e-05,6.357993697747588e-06,-0.00025440394529141486,3.3021737181115896e-05,0.0007228530012071133,-3.958281467930647e-06,-4.963062565366272e-06,7.737908163107932e-05,0.0,0.0,5.0,0.2692079101007747,-2.2351741790771484e-05,-2.008676528930664e-05,-2.3066997528076172e-05,-2.014636993408203e-05,0.009688112884759903,5.105413973564282,False,False
590,11.8,-0.11048480868339539,0.15301327407360077,4.808040618896484,0.28891292214393616,1.3263075743452646e-05,6.2852318478689995e-06,-0.0002515447558835149,3.2576979720033705e-05,0.000714360736310482,-3.320048563182354e-06,-5.605624210147653e-06,7.695230306126177e-05,0.0,0.0,5.0,0.26919947805702393,-2.2411346435546875e-05,-2.014636993408203e-05,-2.2709369659423828e-05,-2.0384788513183594e-05,0.0096881203353405,5.115102093899623,False,False
591,11.82,-0.11048981547355652,0.15301387012004852,4.808055877685547,0.28891441226005554,1.314102246396942e-05,6.215700068423757e-06,-0.0002487105375621468,3.2139076211024076e-05,0.0007058293558657169,-3.635246685007587e-06,-6.598894287890289e-06,7.660556002520025e-05,0.0,0.0,5.0,0.26919099142348984,-2.2649765014648438e-05,-2.09808349609375e-05,-2.2351741790771484e-05,-2.0325183868408203e-05,0.009688127785921097,5.124790221685544,False,False
592,11.84,-0.11049476265907288,0.15301446616649628,4.808071136474609,0.28891587257385254,1.3018809113418683e-05,6.146007763163652e-06,-0.00024590390967205167,3.1707451853435487e-05,0.0006972979754209518,-3.3360447559971362e-06,-5.621634954877663e-06,7.625747821293771e-05,0.0,0.0,5.0,0.2691824810151112,-2.2232532501220703e-05,-2.1338462829589844e-05,-2.199411392211914e-05,-2.1576881408691406e-05,0.009688135236501694,5.134478356922045,False,False
593,11.86,-0.11049965023994446,0.15301506221294403,4.808086395263672,0.28891733288764954,1.2908517419418786e-05,6.070154540793737e-06,-0.00024312296591233462,3.1282597774406895e-05,0.0006885705515742302,-4.2512028812780045e-06,-5.406695890997071e-06,7.612767512910068e-05,0.0,0.0,5.0,0.26917394682634643,-2.1696090698242188e-05,-2.1696090698242188e-05,-2.1755695343017578e-05,-2.187490463256836e-05,0.00968814268708229,5.144166499609128,False,False
594,11.88,-0.11050448566675186,0.15301565825939178,4.808101654052734,0.2889188528060913,1.280038122786209e-05,5.985155439702794e-06,-0.0002403670659987256,3.086695505771786e-05,0.0006798170506954193,-4.250722668075468e-06,-5.406222953752149e-06,7.61286064516753e-05,0.0,0.0,5.0,0.2691653919104846,-2.181529998779297e-05,-2.0682811737060547e-05,-2.1576881408691406e-05,-2.1636486053466797e-05,0.009688151068985462,5.153854650678113,False,False
595,11.9,-0.11050926148891449,0.15301625430583954,4.808116912841797,0.2889202833175659,1.2682343367487192e-05,5.88422790315235e-06,-0.00023763699573464692,3.046192432520911e-05,0.000671259593218565,-5.843944109074073e-06,-6.396730896085501e-06,7.599274977110326e-05,0.0,0.0,5.0,0.2691568132037107,-2.1576881408691406e-05,-2.2530555725097656e-05,-2.1517276763916016e-05,-2.1457672119140625e-05,0.00968815665692091,5.163542807335034,False,False
596,11.92,-0.11051398515701294,0.1530168503522873,4.808129787445068,0.2889218032360077,1.2563332347781397e-05,5.7762999858823605e-06,-0.00023493582557421178,3.0070423235883936e-05,0.0006625321693718433,-4.950932634528726e-06,-5.503727152245119e-06,7.606876897625625e-05,0.0,0.0,5.0,0.26914991338080235,-2.1219253540039062e-05,-1.7464160919189453e-05,-2.1338462829589844e-05,-1.895427703857422e-05,0.009688161313533783,5.173230968648568,False,False
597,11.94,-0.11051865667104721,0.15301744639873505,4.808141231536865,0.2889232337474823,1.2437960322131403e-05,5.6620083341840655e-06,-0.00023226276971399784,2.969241359096486e-05,0.000654654111713171,-6.479993317043409e-06,-7.032798748696223e-06,7.546655251644552e-05,0.0,0.0,5.0,0.26914401240033803,-1.9848346710205078e-05,-1.5914440155029297e-05,-2.1159648895263672e-05,-1.5437602996826172e-05,0.00968816690146923,5.182919135550037,False,False
598,11.96,-0.1105232760310173,0.1530180424451828,4.808152675628662,0.2889247238636017,1.2280735973035917e-05,5.548639364860719e-06,-0.00022962251387070864,2.932902134489268e-05,0.0006473506800830364,-4.858822649111971e-06,-8.688949492352549e-06,7.458552136085927e-05,0.0,0.0,5.0,0.2691380904421103,-2.0623207092285156e-05,-1.329183578491211e-05,-2.092123031616211e-05,-1.2278556823730469e-05,0.009688172489404678,5.192607308039442,False,False
599,11.98,-0.11052784323692322,0.15301863849163055,4.808164119720459,0.2889261841773987,1.2113691809645388e-05,5.4634965636068955e-06,-0.00022701897250954062,2.8975255190744065e-05,0.0006406744942069054,-3.657304205262335e-06,-8.01482474344084e-06,7.311845547519624e-05,0.0,0.0,5.0,0.2691321475020489,-2.0384788513183594e-05,-1.2576580047607422e-05,-2.0503997802734375e-05,-1.1980533599853516e-05,0.009688177146017551,5.202295485185459,False,False
600,12.0,-0.11053235828876495,0.1530192345380783,4.808175563812256,0.28892767429351807,1.1959984476561658e-05,5.396965661930153e-06,-0.0002244499628432095,2.86267986666644e-05,0.0006340504623949528,-2.997611090904684e-06,-7.355140951403882e-06,7.153864135034382e-05,0.0,0.0,5.0,0.2691261835761085,-2.008676528930664e-05,-1.2159347534179688e-05,-2.002716064453125e-05,-1.1861324310302734e-05,0.009688181802630424,5.21198366698809,False,False
601,12.02,-0.11053682863712311,0.15301983058452606,4.808187007904053,0.28892913460731506,1.1818978236988187e-05,5.337107722880319e-06,-0.00022191231255419552,2.8281830964260735e-05,0.0006276615895330906,-2.989864015034982e-06,-6.744677193637472e-06,7.001272751949728e-05,0.0,0.0,5.0,0.269120201720476,-1.9669532775878906e-05,-1.245737075805664e-05,-1.9848346710205078e-05,-1.1920928955078125e-05,0.009688186459243298,5.221671853447333,False,False
602,12.040000000000001,-0.11054123938083649,0.15302042663097382,4.80819845199585,0.28893062472343445,1.1693192391248886e-05,5.286823125061346e-06,-0.0002194032131228596,2.7940088330069557e-05,0.0006212336011230946,-2.040362460320466e-06,-5.832854185428005e-06,6.856853724457324e-05,0.0,0.0,5.0,0.2691141958109327,-1.9490718841552734e-05,-1.150369644165039e-05,-1.9490718841552734e-05,-1.2159347534179688e-05,0.00968819111585617,5.231360044563189,False,False
603,12.06,-0.11054559797048569,0.15302102267742157,4.8082098960876465,0.28893208503723145,1.1570316928555258e-05,5.239444817561889e-06,-0.00021691966685466468,2.760025017778389e-05,0.0006149359978735447,-2.6991276627086336e-06,-6.453955393226352e-06,6.707347347401083e-05,0.0,0.0,5.0,0.26910816890352396,-1.9550323486328125e-05,-1.245737075805664e-05,-1.9371509552001953e-05,-1.1622905731201172e-05,0.009688196703791618,5.241048241266981,False,False
604,12.08,-0.1105499118566513,0.15302161872386932,4.808221340179443,0.2889334559440613,1.1454611012595706e-05,5.185294412513031e-06,-0.00021446211030706763,2.7263207812211476e-05,0.0006085862405598164,-2.7174994556844467e-06,-5.116205102240201e-06,6.574494182132185e-05,0.0,0.0,5.0,0.2691021240550795,-1.8537044525146484e-05,-1.2755393981933594e-05,-1.919269561767578e-05,-1.245737075805664e-05,0.009688201360404491,5.250736442627385,False,False
605,12.1,-0.11055418103933334,0.15302221477031708,4.80823278427124,0.28893470764160156,1.1343317055434454e-05,5.13442591909552e-06,-0.00021202824427746236,2.693003807507921e-05,0.0006023277528584003,-2.3708466869720723e-06,-6.012675839883741e-06,6.455995026044548e-05,0.0,0.0,5.0,0.2690960612622404,-1.8298625946044922e-05,-1.3828277587890625e-05,-1.9073486328125e-05,-1.245737075805664e-05,0.009688206948339939,5.260424649575725,False,False
606,12.120000000000001,-0.1105583980679512,0.15302273631095886,4.808244228363037,0.28893592953681946,1.1221626664337236e-05,5.1115853239025455e-06,-0.00020961873815394938,2.6598238036967814e-05,0.0005959910340607166,8.533862683179905e-08,-6.1557398112199735e-06,6.355662480928004e-05,0.0,0.0,5.0,0.2690899350914706,-1.8596649169921875e-05,-1.3053417205810547e-05,-1.817941665649414e-05,-1.3589859008789062e-05,0.009688211604952812,5.270112861180678,False,False
607,12.14,-0.11056257039308548,0.15302321314811707,4.808255672454834,0.28893718123435974,1.1098957656940911e-05,5.100950602354715e-06,-0.00020723292254842818,2.626175046316348e-05,0.0005896934308111668,-1.1502814913910697e-06,-6.110577942308737e-06,6.261872476898134e-05,0.0,0.0,5.0,0.2690837655449469,-1.800060272216797e-05,-1.424551010131836e-05,-1.7821788787841797e-05,-1.3828277587890625e-05,0.00968821719288826,5.279801078373566,False,False
608,12.16,-0.11056668311357498,0.15302368998527527,4.808267116546631,0.28893837332725525,1.0987073437718209e-05,5.081510153104318e-06,-0.00020487053552642465,2.5921794076566584e-05,0.0005832784809172153,-7.95088396898791e-07,-5.077326477476163e-06,6.185381789691746e-05,0.0,0.0,5.0,0.26907757191707854,-1.728534698486328e-05,-1.4424324035644531e-05,-1.728534698486328e-05,-1.4841556549072266e-05,0.009688222780823708,5.28948930115439,False,False
609,12.18,-0.1105707511305809,0.15302416682243347,4.808278560638428,0.28893962502479553,1.0882320566452108e-05,5.062422133050859e-06,-0.00020252919057384133,2.557930383773055e-05,0.0005769417621195316,-1.1151952321597491e-06,-5.397439053922426e-06,6.134519935585558e-05,0.0,0.0,5.0,0.26907136032687284,-1.7702579498291016e-05,-1.4066696166992188e-05,-1.710653305053711e-05,-1.436471939086914e-05,0.00968822743743658,5.299177528591827,False,False
610,12.200000000000001,-0.11057478189468384,0.15302464365959167,4.808290004730225,0.28894081711769104,1.0778587238746695e-05,5.028527993999887e-06,-0.00020020906231366098,2.5235465727746487e-05,0.0005705920048058033,-2.275599626955227e-06,-4.975699084752705e-06,6.071492680348456e-05,0.0,0.0,5.0,0.2690651338329424,-1.704692840576172e-05,-1.4901161193847656e-05,-1.6987323760986328e-05,-1.4603137969970703e-05,0.009688233025372028,5.308865761617199,False,False
611,12.22,-0.11057876795530319,0.15302512049674988,4.8083014488220215,0.2889420986175537,1.0682761967473198e-05,4.979191089660162e-06,-0.0001979101070901379,2.489391408744268e-05,0.0005642161704599857,-2.6594955215841765e-06,-4.606193215295207e-06,6.031285738572478e-05,0.0,0.0,5.0,0.2690588893705124,-1.7344951629638672e-05,-1.4603137969970703e-05,-1.6987323760986328e-05,-1.4543533325195312e-05,0.009688238613307476,5.318554000230506,False,False
612,12.24,-0.11058270186185837,0.15302559733390808,4.808312892913818,0.2889433205127716,1.0597341315587983e-05,4.919537332170876e-06,-0.00019563137902878225,2.4557280994486064e-05,0.0005578142590820789,-3.3070830340875546e-06,-3.935328095394652e-06,5.9886573581025004e-05,0.0,0.0,5.0,0.26905262387409884,-1.71661376953125e-05,-1.4424324035644531e-05,-1.6987323760986328e-05,-1.4603137969970703e-05,0.009688244201242924,5.328242244431749,False,False
613,12.26,-0.11058659106492996,0.15302607417106628,4.808324337005615,0.2889445126056671,1.0516296242712997e-05,4.843919214181369e-06,-0.00019337177218403667,2.4228505935752764e-05,0.0005514905788004398,-4.256031843397068e-06,-4.168548002780881e-06,5.943304859101772e-05,0.0,0.0,5.0,0.2690463404023695,-1.6748905181884766e-05,-1.5676021575927734e-05,-1.6927719116210938e-05,-1.4603137969970703e-05,0.009688248857855797,5.337930493289605,False,False
614,12.280000000000001,-0.11059043556451797,0.1530265510082245,4.808335781097412,0.2889457643032074,1.0441887752676848e-05,4.767403879668564e-06,-0.00019113163580186665,2.3910113668534905e-05,0.0005450625903904438,-3.39681037075934e-06,-3.2716620808059815e-06,5.913389031775296e-05,0.0,0.0,5.0,0.26904003895212636,-1.7344951629638672e-05,-1.3828277587890625e-05,-1.704692840576172e-05,-1.4781951904296875e-05,0.009688254445791245,5.347618747735396,False,False
615,12.3,-0.110594242811203,0.1530270278453827,4.808347225189209,0.2889469861984253,1.0368727998866234e-05,4.686484317062423e-06,-0.00018890904902946204,2.3601833163411357e-05,0.0005387649871408939,-4.696343694376992e-06,-4.043818080390338e-06,5.853749462403357e-05,0.0,0.0,5.0,0.2690337225829703,-1.71661376953125e-05,-1.5079975128173828e-05,-1.704692840576172e-05,-1.4483928680419922e-05,0.009688260033726692,5.357307007769123,False,False
616,12.32,-0.11059799790382385,0.1530275046825409,4.808358669281006,0.2889482080936432,1.0291542821505573e-05,4.595887730829418e-06,-0.00018670581630431116,2.3305779905058444e-05,0.0005323239602148533,-4.3645054574881215e-06,-3.6743158489116468e-06,5.8135425206273794e-05,0.0,0.0,5.0,0.2690273851663547,-1.728534698486328e-05,-1.5020370483398438e-05,-1.704692840576172e-05,-1.5020370483398438e-05,0.00968826562166214,5.366995273390785,False,False
617,12.34,-0.11060170829296112,0.1530279815196991,4.808370113372803,0.2889494299888611,1.0217980161542073e-05,4.508537585934391e-06,-0.0001845216320361942,2.302220309502445e-05,0.0005259090103209019,-4.371697741589742e-06,-3.6815154089708813e-06,5.7700061006471515e-05,0.0,0.0,5.0,0.2690210297617402,-1.7344951629638672e-05,-1.4781951904296875e-05,-1.704692840576172e-05,-1.519918441772461e-05,0.009688270278275013,5.37668354366906,False,False
618,12.36,-0.1106053814291954,0.1530284583568573,4.8083815574646,0.28895068168640137,1.0140649465029128e-05,4.411770987644559e-06,-0.00018235651077702641,2.275137376273051e-05,0.0005194549448788166,-5.306207185640233e-06,-4.0509771679353435e-06,5.724726361222565e-05,0.0,0.0,5.0,0.26901465942930836,-1.7344951629638672e-05,-1.5556812286376953e-05,-1.704692840576172e-05,-1.5020370483398438e-05,0.00968827586621046,5.38637181953527,False,False
619,12.38,-0.1106090173125267,0.1530289351940155,4.8083930015563965,0.28895190358161926,1.0073867997562047e-05,4.3142504182469565e-06,-0.00018021120922639966,2.2495129087474197e-05,0.0005129091441631317,-4.446985713002505e-06,-2.6267082375852624e-06,5.688756937161088e-05,0.0,0.0,5.0,0.26900827416647266,-1.728534698486328e-05,-1.4185905456542969e-05,-1.704692840576172e-05,-1.6033649444580078e-05,0.009688281454145908,5.396060100989416,False,False
620,12.4,-0.11061259359121323,0.1530294120311737,4.808404445648193,0.28895312547683716,1.0000015208788682e-05,4.2040082917083055e-06,-0.00017808345728553832,2.2253772840485908e-05,0.0005064024589955807,-6.5784010985225905e-06,-4.758129762194585e-06,5.6533957831561565e-05,0.0,0.0,5.0,0.2690018647797032,-1.722574234008789e-05,-1.5914440155029297e-05,-1.71661376953125e-05,-1.4722347259521484e-05,0.009688287042081356,5.405748388031498,False,False
621,12.42,-0.11061613261699677,0.1530298888683319,4.80841588973999,0.28895434737205505,9.918975592881907e-06,4.086578428541543e-06,-0.00017597794067114592,2.2030206309864298e-05,0.0004999092780053616,-5.165679340279894e-06,-3.345414370414801e-06,5.617368151433766e-05,0.0,0.0,5.0,0.2689954404563665,-1.728534698486328e-05,-1.4841556549072266e-05,-1.710653305053711e-05,-1.5854835510253906e-05,0.009688292630016804,5.415436680661514,False,False
622,12.44,-0.11061963438987732,0.1530303657054901,4.808427333831787,0.28895559906959534,9.83738573268056e-06,3.968597866332857e-06,-0.0001738931459840387,2.1823603674420156e-05,0.0004934160970151424,-6.633471002714941e-06,-4.813211489818059e-06,5.5813288781791925e-05,0.0,0.0,5.0,0.2689890011939219,-1.7523765563964844e-05,-1.5497207641601562e-05,-1.7344951629638672e-05,-1.4841556549072266e-05,0.009688298217952251,5.425124978879467,False,False
623,12.46,-0.11062309145927429,0.15303084254264832,4.808438777923584,0.28895682096481323,9.75562034000177e-06,3.850443590636132e-06,-0.0001718314888421446,2.1635272787534632e-05,0.00048687035450711846,-5.18307797392481e-06,-3.3628255096118664e-06,5.5404583690688014e-05,0.0,0.0,5.0,0.2689825439256789,-1.7642974853515625e-05,-1.4483928680419922e-05,-1.728534698486328e-05,-1.609325408935547e-05,0.009688303805887699,5.434813282685354,False,False
624,12.48,-0.11062650382518768,0.15303131937980652,4.808450222015381,0.2889580726623535,9.679100003268104e-06,3.725855094671715e-06,-0.0001697904517641291,2.146437509509269e-05,0.0004802593612112105,-7.276822088897461e-06,-4.288800028007245e-06,5.50509721506387e-05,0.0,0.0,5.0,0.26897606864861695,-1.722574234008789e-05,-1.5676021575927734e-05,-1.7642974853515625e-05,-1.519918441772461e-05,0.009688307531177998,5.444501590216532,False,False
625,12.5,-0.11062988638877869,0.15303179621696472,4.808459758758545,0.288959264755249,9.593015420250595e-06,3.5909486086893594e-06,-0.00016777237760834396,2.1314137484296225e-05,0.00047367444494739175,-6.21480876361602e-06,-4.3192294469918124e-06,5.4673844715580344e-05,0.0,0.0,5.0,0.2689709397511551,-1.6689300537109375e-05,-1.2516975402832031e-05,-1.7464160919189453e-05,-1.33514404296875e-05,0.009688311256468296,5.454189901473001,False,False
626,12.52,-0.11063322424888611,0.15303227305412292,4.808467388153076,0.28896042704582214,9.488329851592425e-06,3.461550704741967e-06,-0.00016577873611822724,2.1183232092880644e-05,0.00046761223347857594,-6.726032097503776e-06,-6.148918146209326e-06,5.392104503698647e-05,0.0,0.0,5.0,0.26896715097706697,-1.5616416931152344e-05,-1.0073184967041016e-05,-1.7344951629638672e-05,-9.238719940185547e-06,0.009688314981758595,5.463878216454759,False,False
627,12.540000000000001,-0.11063651740550995,0.15303274989128113,4.808475017547607,0.28896138072013855,9.355025213153567e-06,3.3502424230391625e-06,-0.0001638144167372957,2.1069421563879587e-05,0.0004622946144081652,-4.405590971146012e-06,-7.181132787081879e-06,5.2632385632023215e-05,0.0,0.0,5.0,0.2689633440197686,-1.4483928680419922e-05,-8.881092071533203e-06,-1.6570091247558594e-05,-8.165836334228516e-06,0.009688317775726318,5.473566534230486,False,False
628,12.56,-0.1106397807598114,0.15303322672843933,4.808482646942139,0.28896236419677734,9.202729415846989e-06,3.2839836876519257e-06,-0.00016188187873922288,2.0964862414984964e-05,0.00045747339027002454,-2.2211409032024676e-06,-8.047975825320464e-06,5.12952683493495e-05,0.0,0.0,5.0,0.26895952500661985,-1.424551010131836e-05,-8.106231689453125e-06,-1.621246337890625e-05,-7.271766662597656e-06,0.009688321501016617,5.483254855731502,False,False
629,12.58,-0.11064299941062927,0.15303370356559753,4.80849027633667,0.2889633774757385,9.024172868521418e-06,3.270572278779582e-06,-0.0001599823881406337,2.0859626602032222e-05,0.0004527827841229737,8.790720471552049e-07,-9.80722779786447e-06,4.986301064491272e-05,0.0,0.0,5.0,0.2689556878059818,-1.4841556549072266e-05,-6.67572021484375e-06,-1.52587890625e-05,-6.556510925292969e-06,0.00968832429498434,5.4929431800264865,False,False
630,12.6,-0.11064617335796356,0.1530340611934662,4.808497905731201,0.28896433115005493,8.821386472845916e-06,3.294708903922583e-06,-0.00015811837511137128,2.07423963729525e-05,0.0004484188393689692,1.5337336662923917e-06,-1.0471027962921653e-05,4.833212005905807e-05,0.0,0.0,5.0,0.26895176458514264,-1.424551010131836e-05,-7.62939453125e-06,-1.436471939086914e-05,-6.318092346191406e-06,0.009688328020274639,5.502631508046761,False,False
631,12.620000000000001,-0.11064932495355606,0.15303441882133484,4.808505535125732,0.2889653444290161,8.6243899204419e-06,3.3378223633917514e-06,-0.0001562908582855016,2.0607878468581475e-05,0.0004441333585418761,2.7766784569394076e-06,-9.228090675605927e-06,4.6948844101279974e-05,0.0,0.0,5.0,0.2689478323655788,-1.4126300811767578e-05,-6.616115570068359e-06,-1.3470649719238281e-05,-7.3909759521484375e-06,0.009688330814242363,5.5123198388610035,False,False
632,12.64,-0.11065242439508438,0.1530347764492035,4.808513164520264,0.2889663279056549,8.438052645942662e-06,3.3772780625440646e-06,-0.00015449649072252214,2.045405017270241e-05,0.0004398739547468722,1.1681132718877052e-06,-9.405188393429853e-06,4.565884592011571e-05,0.0,0.0,5.0,0.26894387888444526,-1.3172626495361328e-05,-8.106231689453125e-06,-1.2874603271484375e-05,-6.973743438720703e-06,0.009688334539532661,5.522008173400536,False,False
633,12.66,-0.11065550148487091,0.15303513407707214,4.808520793914795,0.2889672815799713,8.265270480478648e-06,3.4099477943527745e-06,-0.00015273477765731514,2.0283905541873537e-05,0.00043570605339482427,2.098017830576282e-06,-7.872566129663028e-06,4.462196375243366e-05,0.0,0.0,5.0,0.2689399164011846,-1.3172626495361328e-05,-7.510185241699219e-06,-1.239776611328125e-05,-7.748603820800781e-06,0.009688337333500385,5.531696510734037,False,False
634,12.68,-0.11065854132175446,0.1530354917049408,4.808528423309326,0.2889682948589325,8.116969183902256e-06,3.4482616229070118e-06,-0.00015100125165190548,2.0097750166314654e-05,0.00043155119055882096,1.7325696717307437e-06,-6.95722883392591e-06,4.363467451184988e-05,0.0,0.0,5.0,0.2689359387832798,-1.3172626495361328e-05,-6.854534149169922e-06,-1.2218952178955078e-05,-7.569789886474609e-06,0.009688341058790684,5.541384851792827,False,False
635,12.700000000000001,-0.11066153645515442,0.15303584933280945,4.808536052703857,0.2889692485332489,7.975787411851343e-06,3.462052973191021e-06,-0.0001492930023232475,1.9897859601769596e-05,0.0004275006358511746,-3.541566400144802e-07,-7.160446330090053e-06,4.259953857399523e-05,0.0,0.0,5.0,0.26893194296299183,-1.2695789337158203e-05,-8.881092071533203e-06,-1.2159347534179688e-05,-6.973743438720703e-06,0.009688343852758408,5.551073195645586,False,False
636,12.72,-0.11066451668739319,0.1530362069606781,4.808543682098389,0.28897011280059814,7.855058356653899e-06,3.4703032270044787e-06,-0.00014761007332708687,1.9689334294525906e-05,0.0004234500811435282,1.178469915430469e-06,-4.9120881158160046e-06,4.1789666283875704e-05,0.0,0.0,5.0,0.268927941201744,-1.239776611328125e-05,-7.987022399902344e-06,-1.1861324310302734e-05,-8.58306884765625e-06,0.009688347578048706,5.560761543223634,False,False
637,12.74,-0.11066743731498718,0.15303656458854675,4.80855131149292,0.28897085785865784,7.760083462926559e-06,3.4779363886627834e-06,-0.0001459464110666886,1.9472399799269624e-05,0.0004192952183075249,-4.1578076093173877e-07,-4.585160695569357e-06,4.108046414330602e-05,0.0,0.0,5.0,0.2689239151024171,-1.1205673217773438e-05,-1.0073184967041016e-05,-1.1682510375976562e-05,-9.059906005859375e-06,0.00968835037201643,5.570449893595651,False,False
638,12.76,-0.11067035049200058,0.1530369222164154,4.808558940887451,0.28897160291671753,7.669964361411985e-06,3.4885429158748593e-06,-0.0001442999637220055,1.9249686374678276e-05,0.0004150097374804318,1.4758458064534352e-06,-4.426366558618611e-06,4.0708284359425306e-05,0.0,0.0,5.0,0.26891988612527307,-1.1324882507324219e-05,-9.000301361083984e-06,-1.1265277862548828e-05,-9.238719940185547e-06,0.009688354097306728,5.5801382476929575,False,False
639,12.780000000000001,-0.1106732115149498,0.15303727984428406,4.808566570281982,0.28897231817245483,7.579777502542129e-06,3.5122641293128254e-06,-0.000142669232445769,1.9018125385628082e-05,0.0004108418361283839,8.956789088188088e-07,-4.5921638047730085e-06,4.0336832171306014e-05,0.0,0.0,5.0,0.2689158358720693,-1.0907649993896484e-05,-9.715557098388672e-06,-1.1146068572998047e-05,-9.417533874511719e-06,0.009688357822597027,5.5898266055155545,False,False
640,12.8,-0.11067605018615723,0.1530376374721527,4.808574199676514,0.2889730632305145,7.488389655918581e-06,3.5434500205155928e-06,-0.00014105428999755532,1.8776991055347025e-05,0.0004067260888405144,2.2222518509806832e-06,-4.546379841485759e-06,4.0064536733552814e-05,0.0,0.0,5.0,0.26891177660592347,-1.1444091796875e-05,-8.702278137207031e-06,-1.0848045349121094e-05,-9.775161743164062e-06,0.009688361547887325,5.599514967063442,False,False
641,12.82,-0.11067885160446167,0.15303799510002136,4.808581829071045,0.2889738082885742,7.391019153146772e-06,3.571290562831564e-06,-0.00013945488899480551,1.852415152825415e-05,0.00040259730303660035,5.612014888356498e-07,-5.190334832150256e-06,3.9696693420410156e-05,0.0,0.0,5.0,0.2689077021925986,-1.0669231414794922e-05,-9.834766387939453e-06,-1.0728836059570312e-05,-9.357929229736328e-06,0.009688365273177624,5.6092033323366195,False,False
642,12.84,-0.11068162322044373,0.15303835272789001,4.808589458465576,0.2889745235443115,7.2940711106639355e-06,3.589005245885346e-06,-0.00013787306670565158,1.8262067897012457e-05,0.0003984815557487309,1.2097108310626936e-06,-4.504157459450653e-06,3.9418344385921955e-05,0.0,0.0,5.0,0.2689036156969254,-1.0609626770019531e-05,-9.59634780883789e-06,-1.0609626770019531e-05,-1.0073184967041016e-05,0.009688368998467922,5.618891701335087,False,False
643,12.86,-0.1106843650341034,0.15303871035575867,4.808597087860107,0.2889752686023712,7.200702384579927e-06,3.609546865845914e-06,-0.00013630771718453616,1.7990869309869595e-05,0.0003943397314287722,8.438883583039569e-07,-4.8323104238079395e-06,3.928731894120574e-05,0.0,0.0,5.0,0.2688995171174316,-1.0728836059570312e-05,-9.298324584960938e-06,-1.043081283569336e-05,-9.357929229736328e-06,0.009688371792435646,5.628580073127523,False,False
644,12.88,-0.11068707704544067,0.15303906798362732,4.808604717254639,0.2889760136604309,7.114682375686243e-06,3.6234978324500844e-06,-0.0001347587676718831,1.771120514604263e-05,0.0003903024480678141,5.506419711309718e-07,-3.7694312595704105e-06,3.903923789039254e-05,0.0,0.0,5.0,0.268895406452653,-1.0609626770019531e-05,-9.417533874511719e-06,-1.049041748046875e-05,-1.0251998901367188e-05,0.009688375517725945,5.638268448645249,False,False
645,12.9,-0.11068975925445557,0.15303942561149597,4.80861234664917,0.2889767587184906,7.026329967629863e-06,3.6215556065144483e-06,-0.000133224981254898,1.7425265468773432e-05,0.00038618670077994466,-7.453836019521987e-07,-5.065457571618026e-06,3.887852653861046e-05,0.0,0.0,5.0,0.26889128370113347,-1.0728836059570312e-05,-1.0371208190917969e-05,-1.049041748046875e-05,-9.357929229736328e-06,0.009688379243016243,5.647956827888265,False,False
646,12.92,-0.11069240421056747,0.15303978323936462,4.808619976043701,0.2889775037765503,6.941673291294137e-06,3.61615207111754e-06,-0.00013170884631108493,1.7135551388491876e-05,0.00038204487645998597,2.044871649786728e-07,-3.399855586394551e-06,3.8687954656779766e-05,0.0,0.0,5.0,0.2688871457942549,-1.0907649993896484e-05,-9.298324584960938e-06,-1.043081283569336e-05,-1.0371208190917969e-05,0.009688382968306541,5.657645210856572,False,False
647,12.94,-0.11069502681493759,0.15304014086723328,4.808627605438232,0.2889782190322876,6.867494448670186e-06,3.6080398331250763e-06,-0.00013020719052292407,1.684213748376351e-05,0.0003779291291721165,-1.016198325487494e-06,-4.017819719592808e-06,3.858172567561269e-05,0.0,0.0,5.0,0.26888299886479844,-1.049041748046875e-05,-1.0251998901367188e-05,-1.0371208190917969e-05,-9.953975677490234e-06,0.00968838669359684,5.667333597550169,False,False
648,12.96,-0.11069761216640472,0.15304049849510193,4.808635234832764,0.2889789342880249,6.7928940552519634e-06,3.5878297239833046e-06,-0.00012872078514192253,1.6547361155971885e-05,0.00037374795647338033,-1.0053189498648862e-06,-3.4418890209053643e-06,3.853242378681898e-05,0.0,0.0,5.0,0.26887883677687346,-1.049041748046875e-05,-1.0013580322265625e-05,-1.049041748046875e-05,-1.0371208190917969e-05,0.009688390418887138,5.677021987969056,False,False
649,12.98,-0.11070017516613007,0.15304085612297058,4.808642864227295,0.2889796793460846,6.720887540723197e-06,3.564939333955408e-06,-0.00012724909174721688,1.625249205972068e-05,0.0003695407067425549,-1.2842491514675203e-06,-3.758491402550135e-06,3.8459489587694407e-05,0.0,0.0,5.0,0.26887466566375706,-1.0609626770019531e-05,-9.834766387939453e-06,-1.0311603546142578e-05,-1.0132789611816406e-05,0.009688394144177437,5.686710382113233,False,False
650,13.0,-0.11070270091295242,0.15304121375083923,4.808650493621826,0.2889804244041443,6.6454463194531854e-06,3.532586561050266e-06,-0.0001257927797269076,1.595845060364809e-05,0.00036542495945468545,-1.9514336599968374e-06,-3.7852851164643653e-06,3.8355705328285694e-05,0.0,0.0,5.0,0.26887047938909814,-1.0788440704345703e-05,-1.043081283569336e-05,-1.043081283569336e-05,-1.0013580322265625e-05,0.00968839693814516,5.696398779051378,False,False
651,13.02,-0.11070520430803299,0.15304157137870789,4.808658123016357,0.28898119926452637,6.579264208994573e-06,3.489904656817089e-06,-0.00012435227108653635,1.5667355910409242e-05,0.00036121770972386,-2.317256530659506e-06,-2.832653080986347e-06,3.8276135455816984e-05,0.0,0.0,5.0,0.2688662840866643,-1.0609626770019531e-05,-9.894371032714844e-06,-1.0669231414794922e-05,-1.0251998901367188e-05,0.00968840066343546,5.706087179714814,False,False
652,13.040000000000001,-0.11070767790079117,0.15304192900657654,4.808665752410889,0.28898191452026367,6.515675977425417e-06,3.4441648040228756e-06,-0.00012292600877117366,1.538118340249639e-05,0.00035698438296094537,-2.2571553017769475e-06,-3.525957254169043e-06,3.8169906474649906e-05,0.0,0.0,5.0,0.26886207668752893,-1.0967254638671875e-05,-1.0192394256591797e-05,-1.0609626770019531e-05,-1.0192394256591797e-05,0.009688404388725758,5.71577558410354,False,False
653,13.06,-0.11071012169122696,0.1530422866344452,4.80867338180542,0.288982629776001,6.444885457312921e-06,3.3991345844697207e-06,-0.00012151499686297029,1.5099750271474477e-05,0.0003528032102622092,-2.2462759261543397e-06,-3.5527509680832736e-06,3.8072175811976194e-05,0.0,0.0,5.0,0.26885785719030153,-1.1026859283447266e-05,-1.055002212524414e-05,-1.0609626770019531e-05,-1.049041748046875e-05,0.009688408114016056,5.725463992217556,False,False
654,13.08,-0.11071254312992096,0.15304261445999146,4.808681011199951,0.28898337483406067,6.373790711222682e-06,3.3541764423716813e-06,-0.0001201198756461963,1.482280913478462e-05,0.00034851772943511605,-2.2499611986859236e-06,-3.5564398785936646e-06,3.807249595411122e-05,0.0,0.0,5.0,0.26885361169699284,-1.138448715209961e-05,-1.0251998901367188e-05,-1.055002212524414e-05,-1.0311603546142578e-05,0.009688411839306355,5.735152404056862,False,False
655,13.1,-0.11071492731571198,0.15304285287857056,4.808688640594482,0.28898414969444275,6.311548077064799e-06,3.3007418096531183e-06,-0.00011874031042680144,1.4550920241163112e-05,0.00034420593874529004,-3.093944997090148e-06,-2.6675961635191925e-06,3.794810618273914e-05,0.0,0.0,5.0,0.26884930013917147,-1.1086463928222656e-05,-1.0848045349121094e-05,-1.0192394256591797e-05,-1.1086463928222656e-05,0.009688415564596653,5.744840819621459,False,False
656,13.120000000000001,-0.1107172966003418,0.15304309129714966,4.808696269989014,0.28898483514785767,6.267080607358366e-06,3.223644853278529e-06,-0.00011737449676729739,1.4287775229604449e-05,0.00033981591695919633,-4.6161162572389e-06,-1.7788762534109992e-06,3.8028432754799724e-05,0.0,0.0,5.0,0.2688449826133865,-9.953975677490234e-06,-1.2099742889404297e-05,-1.0073184967041016e-05,-1.1682510375976562e-05,0.009688419289886951,5.754529238911346,False,False
657,13.14,-0.11071962118148804,0.15304332971572876,4.808703899383545,0.28898561000823975,6.231693987501785e-06,3.131142420897959e-06,-0.00011602084850892425,1.4038676454219967e-05,0.0003353604697622359,-4.6344916881935205e-06,-1.7595841654838296e-06,3.83859733119607e-05,0.0,0.0,5.0,0.2688406468451346,-1.0609626770019531e-05,-1.1026859283447266e-05,-1.0192394256591797e-05,-1.0967254638671875e-05,0.009688423946499825,5.764217662857845,False,False
658,13.16,-0.11072194576263428,0.15304356813430786,4.808711528778076,0.28898632526397705,6.202114036568673e-06,3.032768518096418e-06,-0.00011467881267890334,1.380540106765693e-05,0.0003311271429993212,-5.203231467021396e-06,-1.1982203886873322e-06,3.8434722227975726e-05,0.0,0.0,5.0,0.2688363112437846,-1.055002212524414e-05,-1.1682510375976562e-05,-1.0311603546142578e-05,-1.1563301086425781e-05,0.009688427671790123,5.7739060905296355,False,False
659,13.18,-0.11072421073913574,0.15304380655288696,4.808719158172607,0.28898707032203674,6.187497547216481e-06,2.932407596745179e-06,-0.00011334685405017808,1.3589758964371867e-05,0.00032665865728631616,-4.833227194467327e-06,-2.6316692469663394e-07,3.866379847750068e-05,0.0,0.0,5.0,0.2688319512598865,-1.0788440704345703e-05,-1.0967254638671875e-05,-1.0251998901367188e-05,-1.1980533599853516e-05,0.009688431397080421,5.783594521926716,False,False
660,13.200000000000001,-0.11072647571563721,0.15304404497146606,4.808726787567139,0.28898778557777405,6.173760993988253e-06,2.8140902941231616e-06,-0.0001120228334912099,1.3393053450272419e-05,0.00032222928712144494,-6.998806838964811e-06,-1.1102907819804386e-06,3.878824645653367e-05,0.0,0.0,5.0,0.26882759144109486,-1.0132789611816406e-05,-1.2576580047607422e-05,-1.049041748046875e-05,-1.138448715209961e-05,0.00968843512237072,5.793282957049087,False,False
661,13.22,-0.11072869598865509,0.15304428339004517,4.80873441696167,0.28898856043815613,6.1586438278027344e-06,2.692885800570366e-06,-0.00011070905020460486,1.32191398733994e-05,0.000317721685860306,-5.1219954002590384e-06,-4.012590011370776e-07,3.909601946361363e-05,0.0,0.0,5.0,0.2688232133739808,-1.1026859283447266e-05,-1.0669231414794922e-05,-1.0371208190917969e-05,-1.1742115020751953e-05,0.009688438847661018,5.802971395896748,False,False
662,13.24,-0.11073090136051178,0.15304452180862427,4.808742046356201,0.2889893054962158,6.1421455939125735e-06,2.5759504751476925e-06,-0.00010940411448245868,1.3065908206044696e-05,0.0003132923156954348,-6.571839094249299e-06,-1.2483830005294294e-06,3.928100340999663e-05,0.0,0.0,5.0,0.26881882933261086,-1.0967254638671875e-05,-1.1563301086425781e-05,-1.0788440704345703e-05,-1.0907649993896484e-05,0.009688442572951317,5.812659838469699,False,False
663,13.26,-0.11073307693004608,0.15304476022720337,4.808749675750732,0.2889900207519531,6.122412742115557e-06,2.4569112611061428e-06,-0.0001081098016584292,1.293454351980472e-05,0.0003089022939093411,-5.332408818503609e-06,-7.246899826895969e-07,3.932369872927666e-05,0.0,0.0,5.0,0.26881443317807113,-1.1324882507324219e-05,-1.1026859283447266e-05,-1.0728836059570312e-05,-1.1742115020751953e-05,0.009688446298241615,5.822348284767941,False,False
664,13.280000000000001,-0.110735222697258,0.15304499864578247,4.808757305145264,0.28899073600769043,6.0979391491855495e-06,2.330117240489926e-06,-0.00010682567517505959,1.2824120858567767e-05,0.0003043683827854693,-7.347307018790161e-06,-1.7224948578586918e-06,3.9348233258351684e-05,0.0,0.0,5.0,0.26881002490904365,-1.0609626770019531e-05,-1.3053417205810547e-05,-1.0728836059570312e-05,-1.1026859283447266e-05,0.009688450023531914,5.8320367347914726,False,False
665,13.3,-0.11073735356330872,0.15304523706436157,4.808764934539795,0.2889914810657501,6.085299901315011e-06,2.212143272117828e-06,-0.00010555347398621961,1.2736963071802165e-05,0.0002998214331455529,-4.450387677934486e-06,4.5868773668189533e-07,3.9533188100904226e-05,0.0,0.0,5.0,0.2688056106629116,-1.1026859283447266e-05,-1.0371208190917969e-05,-1.0788440704345703e-05,-1.2814998626708984e-05,0.009688454680144787,5.841725189471617,False,False
666,13.32,-0.11073943972587585,0.15304547548294067,4.808772563934326,0.2889922261238098,6.062296506570419e-06,2.0984971342841163e-06,-0.00010428882524138317,1.2669516763708089e-05,0.00029530079336836934,-6.914564437465742e-06,-2.7588955617829924e-06,3.9695994928479195e-05,0.0,0.0,5.0,0.2688011781612046,-1.0907649993896484e-05,-1.2576580047607422e-05,-1.0907649993896484e-05,-1.0848045349121094e-05,0.009688458405435085,5.851413647877052,False,False
667,13.34,-0.110741525888443,0.15304571390151978,4.808780193328857,0.2889929711818695,6.025305538059911e-06,1.978398358915001e-06,-0.00010303813178325072,1.2623206202988513e-05,0.0002907801535911858,-5.095640517538413e-06,-9.399745408700255e-07,3.991194535046816e-05,0.0,0.0,5.0,0.26879674581935636,-1.1205673217773438e-05,-1.0788440704345703e-05,-1.1026859283447266e-05,-1.1801719665527344e-05,0.009688462130725384,5.861102110007778,False,False
668,13.36,-0.11074355989694595,0.15304595232009888,4.808787822723389,0.2889937162399292,6.0010465858795214e-06,1.8586000578579842e-06,-0.0001017989925458096,1.2596804481290746e-05,0.0002862595138140023,-6.884518370497972e-06,-1.4857367887088913e-06,4.001520574092865e-05,0.0,0.0,5.0,0.2687922921496758,-1.0728836059570312e-05,-1.1980533599853516e-05,-1.1205673217773438e-05,-1.1324882507324219e-05,0.009688463062047958,5.870790573069826,False,False
669,13.38,-0.11074558645486832,0.15304619073867798,4.808791637420654,0.2889944314956665,5.975030944682658e-06,1.7302631931670476e-06,-0.00010057199688162655,1.2592991879500914e-05,0.000281673448625952,-5.949463229626417e-06,-1.1157370636283304e-06,4.013531724922359e-05,0.0,0.0,5.0,0.2687905491997943,-9.298324584960938e-06,-6.258487701416016e-06,-1.1265277862548828e-05,-7.510185241699219e-06,0.009688464924693108,5.880479037994519,False,False
670,13.4,-0.11074759066104889,0.15304642915725708,4.80879545211792,0.2889951765537262,5.918661827308824e-06,1.614895268176042e-06,-9.935802518157288e-05,1.2610222256626002e-05,0.00027813256019726396,-5.587626674241619e-06,-4.520927177509293e-06,3.952093538828194e-05,0.0,0.0,5.0,0.26878879709877274,-9.357929229736328e-06,-4.231929779052734e-06,-1.1086463928222656e-05,-2.8014183044433594e-06,0.009688466787338257,5.890167504781857,False,False
671,13.42,-0.11074955761432648,0.15304666757583618,4.8087992668151855,0.2889959216117859,5.818479166919133e-06,1.5378344642158481e-06,-9.816480451263487e-05,1.2642507499549538e-05,0.00027532322565093637,-2.118759084623889e-06,-5.4971492318145465e-06,3.828160697594285e-05,0.0,0.0,5.0,0.26878702970613766,-1.0192394256591797e-05,-1.3709068298339844e-06,-1.043081283569336e-05,-1.4901161193847656e-06,0.009688467718660831,5.899855972500518,False,False
672,13.44,-0.11075152456760406,0.15304690599441528,4.808803081512451,0.2889966666698456,5.70317797610187e-06,1.4953807294659782e-06,-9.6994946943596e-05,1.2679355677391868e-05,0.0002728666295297444,-2.126979097738513e-06,-6.032754299667431e-06,3.6694720620289445e-05,0.0,0.0,5.0,0.2687852623706262,-9.5367431640625e-06,-2.205371856689453e-06,-1.0013580322265625e-05,-8.344650268554688e-07,0.009688468649983406,5.909544441150501,False,False
673,13.46,-0.11075343936681747,0.15304714441299438,4.808806896209717,0.2889974117279053,5.587598025158513e-06,1.4782640391786117e-06,-9.584910003468394e-05,1.2716340279439464e-05,0.0002705797669477761,4.149474932546582e-07,-5.525023425434483e-06,3.516286960802972e-05,0.0,0.0,5.0,0.2687834736019186,-1.0013580322265625e-05,-5.960464477539062e-07,-9.417533874511719e-06,-1.0728836059570312e-06,0.009688470512628555,5.91923291166313,False,False
674,13.48,-0.11075534671545029,0.1530473828315735,4.808810710906982,0.2889980971813202,5.484170742420247e-06,1.4733006992173614e-06,-9.472436067881063e-05,1.274816895602271e-05,0.000268410483840853,-9.116062642533507e-07,-4.817388798983302e-06,3.3525662729516625e-05,0.0,0.0,5.0,0.26878168181918066,-8.344650268554688e-06,-2.6226043701171875e-06,-9.298324584960938e-06,-1.1920928955078125e-06,0.00968847144395113,5.928921383107081,False,False
675,13.5,-0.1107572391629219,0.1530476212501526,4.808814525604248,0.28899887204170227,5.3887533795204945e-06,1.4804904822085518e-06,-9.361856791656464e-05,1.2775594768754672e-05,0.00026612362125888467,1.6301951291097794e-06,-4.724153313873103e-06,3.2268144423142076e-05,0.0,0.0,5.0,0.2687798839520018,-9.179115295410156e-06,-3.5762786865234375e-07,-8.821487426757812e-06,-1.0728836059570312e-06,0.009688472375273705,5.938609855482355,False,False
676,13.52,-0.11075908690690994,0.1530478596687317,4.808818340301514,0.2889995872974396,5.294563834468136e-06,1.4956885934225284e-06,-9.252958989236504e-05,1.279438947676681e-05,0.0002641112660057843,-1.1073152705876055e-07,-4.694580184150254e-06,3.068239311687648e-05,0.0,0.0,5.0,0.2687780677188897,-8.225440979003906e-06,-1.9669532775878906e-06,-8.702278137207031e-06,-7.748603820800781e-07,0.009688474237918854,5.948298329720274,False,False
677,13.540000000000001,-0.11076093465089798,0.1530480980873108,4.808822154998779,0.28900015354156494,5.212151791056385e-06,1.5121155456654378e-06,-9.145715739578009e-05,1.2806257473130245e-05,0.00026204652385786176,1.7531300500195357e-06,-3.546453626768198e-06,2.935637894552201e-05,0.0,0.0,5.0,0.26877625154055995,-7.867813110351562e-06,-1.5497207641601562e-06,-8.225440979003906e-06,-2.086162567138672e-06,0.009688475169241428,5.957986804889515,False,False
678,13.56,-0.11076275259256363,0.1530483365058899,4.808825969696045,0.28900066018104553,5.135603714734316e-06,1.547214651509421e-06,-9.039767610374838e-05,1.2808617611881346e-05,0.0002599296276457608,1.75646152911213e-06,-4.108175744477194e-06,2.819082874339074e-05,0.0,0.0,5.0,0.26877442313538524,-6.9141387939453125e-06,-3.039836883544922e-06,-7.927417755126953e-06,-2.384185791015625e-06,0.009688477031886578,5.967675281921402,False,False
679,13.58,-0.11076454073190689,0.153048574924469,4.8088297843933105,0.2890011668205261,5.0458497753425036e-06,1.5999976312741637e-06,-8.935137157095596e-05,1.2798880561604165e-05,0.00025774730602279305,3.5215052776038647e-06,-4.8670362957636826e-06,2.7347603463567793e-05,0.0,0.0,5.0,0.2687725825025112,-7.033348083496094e-06,-1.9073486328125e-06,-7.3909759521484375e-06,-2.1457672119140625e-06,0.009688478894531727,5.977363760815933,False,False
680,13.6,-0.11076632887125015,0.1530488133430481,4.808833599090576,0.2890016734600067,4.945526598021388e-06,1.673477981967153e-06,-8.831937157083303e-05,1.2771743968187366e-05,0.0002557740663178265,3.8261987356236205e-06,-5.16506679559825e-06,2.636670251376927e-05,0.0,0.0,5.0,0.26877074192328243,-6.67572021484375e-06,-2.205371856689453e-06,-6.9141387939453125e-06,-2.3245811462402344e-06,0.009688479825854301,5.987052240641788,False,False
681,13.620000000000001,-0.11076807975769043,0.1530490517616272,4.808837413787842,0.2890021502971649,4.831997102883179e-06,1.7454300405006506e-06,-8.730294939596206e-05,1.2724814041575883e-05,0.0002538399421609938,3.3686992537695915e-06,-6.187618964759167e-06,2.5547691620886326e-05,0.0,0.0,5.0,0.2687688860446092,-6.67572021484375e-06,-3.039836883544922e-06,-6.616115570068359e-06,-1.8477439880371094e-06,0.00968848168849945,5.996740722330287,False,False
682,13.64,-0.11076980829238892,0.1530492901802063,4.808841228485107,0.2890026271343231,4.720706783700734e-06,1.8248950937049813e-06,-8.630434604128823e-05,1.2657747902267147e-05,0.0002518927794881165,4.577479103318183e-06,-4.9411710278945975e-06,2.479988324921578e-05,0.0,0.0,5.0,0.26876702100682015,-6.616115570068359e-06,-1.9669532775878906e-06,-6.4373016357421875e-06,-2.5033950805664062e-06,0.009688482619822025,6.006429204950109,False,False
683,13.66,-0.1107715368270874,0.1530495285987854,4.808845043182373,0.2890031337738037,4.621682364813751e-06,1.909091679408448e-06,-8.532054198440164e-05,1.2568943020596635e-05,0.0002500501577742398,3.8418470467149746e-06,-4.961068952979986e-06,2.4007385945878923e-05,0.0,0.0,5.0,0.26876515602156104,-6.377696990966797e-06,-2.562999725341797e-06,-6.198883056640625e-06,-2.4437904357910156e-06,0.009688484482467175,6.016117689432576,False,False
684,13.68,-0.1107732281088829,0.1530497670173645,4.808848857879639,0.2890036106109619,4.518638434092281e-06,1.982486764973146e-06,-8.435116615146399e-05,1.2459710887924302e-05,0.0002481814590282738,3.4973577385244425e-06,-5.343227712728549e-06,2.330643474124372e-05,0.0,0.0,5.0,0.2687632757347081,-6.139278411865234e-06,-3.039836883544922e-06,-5.9604644775390625e-06,-2.2649765014648438e-06,0.009688486345112324,6.025806175777689,False,False
685,13.700000000000001,-0.11077489703893661,0.1530500054359436,4.808852672576904,0.2890041470527649,4.4226417230675e-06,2.0516292806860292e-06,-8.339706982951611e-05,1.2331382094998844e-05,0.00024628668325021863,3.416560048208339e-06,-4.256250576872844e-06,2.272958226967603e-05,0.0,0.0,5.0,0.2687613862870214,-6.318092346191406e-06,-2.3245811462402344e-06,-5.900859832763672e-06,-2.682209014892578e-06,0.009688487276434898,6.0354946630541235,False,False
686,13.72,-0.11077656596899033,0.1530502438545227,4.80885648727417,0.2890046238899231,4.343110958870966e-06,2.1142577679711394e-06,-8.245575736509636e-05,1.2185520972707309e-05,0.0002444310230202973,2.8460499379434623e-06,-3.6966544030292425e-06,2.2110354620963335e-05,0.0,0.0,5.0,0.2687594968907713,-6.020069122314453e-06,-2.562999725341797e-06,-5.900859832763672e-06,-2.8014183044433594e-06,0.009688489139080048,6.045183152193204,False,False
687,13.74,-0.11077820509672165,0.1530504822731018,4.8088603019714355,0.2890051305294037,4.263557457306888e-06,2.1651860606652917e-06,-8.15258317743428e-05,1.2024491297779605e-05,0.00024264065723400563,2.2465328584075905e-06,-4.25850021201768e-06,2.1527885110117495e-05,0.0,0.0,5.0,0.2687575952618478,-6.556510925292969e-06,-2.6226043701171875e-06,-5.841255187988281e-06,-2.2649765014648438e-06,0.009688490070402622,6.054871642263606,False,False
688,13.76,-0.11077981442213058,0.1530507206916809,4.808864116668701,0.2890055775642395,4.185111720289569e-06,2.2032836568541825e-06,-8.060861728154123e-05,1.1850377632072195e-05,0.000240732726524584,1.5630110965503263e-06,-3.5858931823895546e-06,2.0854175090789795e-05,0.0,0.0,5.0,0.26875568139944594,-6.020069122314453e-06,-3.516674041748047e-06,-5.841255187988281e-06,-2.8014183044433594e-06,0.009688491933047771,6.064560134196654,False,False
689,13.780000000000001,-0.11078142374753952,0.15305095911026,4.808867931365967,0.2890060842037201,4.117191110708518e-06,2.243995822936995e-06,-7.970316073624417e-05,1.1665285455819685e-05,0.0002387986023677513,2.5079737042688066e-06,-3.2059845125331776e-06,2.035041688941419e-05,0.0,0.0,5.0,0.2687537675874092,-6.377696990966797e-06,-2.6226043701171875e-06,-5.543231964111328e-06,-3.159046173095703e-06,0.00968849379569292,6.074248627992347,False,False
690,13.8,-0.11078301817178726,0.1530511975288391,4.808871746063232,0.2890065610408783,4.0535924199502915e-06,2.283380126755219e-06,-7.880758494138718e-05,1.1468359844002407e-05,0.00023689067165832967,1.4302969475465943e-06,-3.1535557809547754e-06,1.9774583051912487e-05,0.0,0.0,5.0,0.2687518476832853,-6.318092346191406e-06,-3.159046173095703e-06,-5.602836608886719e-06,-2.9802322387695312e-06,0.009688494727015495,6.083937122719362,False,False
691,13.82,-0.11078456789255142,0.1530514359474182,4.808875560760498,0.2890070676803589,3.9992160054680426e-06,2.309006504219724e-06,-7.792167161824182e-05,1.1261997315159533e-05,0.00023496970243286341,1.1321418469378841e-06,-2.283935145896976e-06,1.9216342479921877e-05,0.0,0.0,5.0,0.26874990940151045,-6.079673767089844e-06,-2.9802322387695312e-06,-5.424022674560547e-06,-3.3974647521972656e-06,0.009688496589660645,6.093625619309023,False,False
692,13.84,-0.11078611761331558,0.15305167436599731,4.808879375457764,0.2890075445175171,3.956464752263855e-06,2.315745177838835e-06,-7.704376912442967e-05,1.1049266504414845e-05,0.00023304873320739716,-4.584773591886915e-07,-1.9910432911274256e-06,1.8719947547651827e-05,0.0,0.0,5.0,0.26874797116905114,-5.662441253662109e-06,-3.933906555175781e-06,-5.602836608886719e-06,-3.3974647521972656e-06,0.00968849752098322,6.103314116830006,False,False
693,13.86,-0.11078766733407974,0.15305191278457642,4.808883190155029,0.2890080511569977,3.919571099686436e-06,2.3095060441846726e-06,-7.617353548994288e-05,1.0834670320036821e-05,0.000231062454986386,-1.6558584547965438e-07,-1.6981521184789017e-06,1.8323436961509287e-05,0.0,0.0,5.0,0.26874603298590843,-6.139278411865234e-06,-3.4570693969726562e-06,-5.7220458984375e-06,-3.2186508178710938e-06,0.009688499383628368,6.113002616213635,False,False
694,13.88,-0.11078917235136032,0.15305215120315552,4.808887004852295,0.28900840878486633,3.888912033289671e-06,2.303474047948839e-06,-7.531002484029159e-05,1.0619142813084181e-05,0.00022902390628587455,-4.377476159334037e-07,-1.3675908121513203e-06,1.7827042029239237e-05,0.0,0.0,5.0,0.2687440764231646,-5.304813385009766e-06,-4.708766937255859e-06,-5.602836608886719e-06,-4.112720489501953e-06,0.009688501246273518,6.122691117459908,False,False
695,13.9,-0.1107906624674797,0.15305238962173462,4.8088908195495605,0.28900864720344543,3.860951892420417e-06,2.308050852661836e-06,-7.445216033374891e-05,1.0402761290606577e-05,0.00022695916413795203,8.953448968895827e-07,-1.4282967413237202e-06,1.7616344848647714e-05,0.0,0.0,5.0,0.2687421137658646,-4.827976226806641e-06,-4.708766937255859e-06,-5.125999450683594e-06,-5.125999450683594e-06,0.009688503108918667,6.132379620568827,False,False
696,13.92,-0.11079215258359909,0.15305262804031372,4.808894634246826,0.28900888562202454,3.834674771496793e-06,2.3237284949573223e-06,-7.359883602475747e-05,1.0182576261286158e-05,0.00022497288591694087,6.722817715854035e-07,-1.199317807731859e-06,1.759766018949449e-05,0.0,0.0,5.0,0.2687401511568535,-4.231929779052734e-06,-5.245208740234375e-06,-5.304813385009766e-06,-5.424022674560547e-06,0.009688504971563816,6.142068125540391,False,False
697,13.94,-0.11079362034797668,0.15305286645889282,4.808898448944092,0.289009153842926,3.795618567892234e-06,2.346592282265192e-06,-7.275001553352922e-05,9.957588190445676e-06,0.00022288206673692912,1.6139834997375146e-06,-2.7061803393735318e-06,1.7729049432091415e-05,0.0,0.0,5.0,0.2687381793811016,-4.947185516357422e-06,-4.649162292480469e-06,-5.364418029785156e-06,-4.589557647705078e-06,0.009688506834208965,6.1517566323746,False,False
698,13.96,-0.1107950508594513,0.15305310487747192,4.808902263641357,0.2890093922615051,3.732858885996393e-06,2.387566837569466e-06,-7.190897304099053e-05,9.723966286401264e-06,0.00022084351803641766,2.4833568659232697e-06,-3.5696364193427144e-06,1.7652855603955686e-05,0.0,0.0,5.0,0.2687361922945625,-4.887580871582031e-06,-4.589557647705078e-06,-4.887580871582031e-06,-4.887580871582031e-06,0.009688508696854115,6.161445141071454,False,False
699,13.98,-0.1107964813709259,0.15305334329605103,4.808906078338623,0.28900963068008423,3.6593189634004375e-06,2.4350915737159085e-06,-7.107826240826398e-05,9.477932508161757e-06,0.00021883104636799544,2.26895804189553e-06,-3.784035243370454e-06,1.7634607502259314e-05,0.0,0.0,5.0,0.2687342052553066,-4.589557647705078e-06,-5.245208740234375e-06,-4.649162292480469e-06,-5.304813385009766e-06,0.009688510559499264,6.171133651630953,False,False
700,14.0,-0.11079791188240051,0.15305358171463013,4.808909893035889,0.2890098989009857,3.5838970688928384e-06,2.4803562155284453e-06,-7.025901868473738e-05,9.219029379892163e-06,0.00021676630422007293,2.257351070511504e-06,-3.7579709442070452e-06,1.77321198862046e-05,0.0,0.0,5.0,0.2687322182633349,-4.351139068603516e-06,-5.245208740234375e-06,-4.410743713378906e-06,-5.4836273193359375e-06,0.009688512422144413,6.180822164053097,False,False
701,14.02,-0.11079929769039154,0.15305382013320923,4.808913707733154,0.2890101671218872,3.5024756925849942e-06,2.519244389986852e-06,-6.945184577489272e-05,8.947643436840735e-06,0.0002147015620721504,1.6313443893523072e-06,-4.383976374811027e-06,1.793689443729818e-05,0.0,0.0,5.0,0.26873021288709453,-4.410743713378906e-06,-5.066394805908203e-06,-4.291534423828125e-06,-4.827976226806641e-06,0.009688514284789562,6.190510678337887,False,False
702,14.040000000000001,-0.11080066859722137,0.15305393934249878,4.80891752243042,0.2890103757381439,3.416039817238925e-06,2.5463380097789923e-06,-6.865873729111627e-05,8.66519349074224e-06,0.0002128066698787734,1.077914134839375e-06,-4.259342858858872e-06,1.8033679225482047e-05,0.0,0.0,5.0,0.2687281335178318,-4.351139068603516e-06,-6.377696990966797e-06,-3.874301910400391e-06,-5.543231964111328e-06,0.009688516147434711,6.200199194485322,False,False
703,14.06,-0.11080203950405121,0.15305405855178833,4.8089213371276855,0.2890108525753021,3.3430496841901913e-06,2.5672879928606562e-06,-6.787978782085702e-05,8.373701348318718e-06,0.00021068965725135058,1.0169607094212552e-06,-3.0395090107049327e-06,1.839888864196837e-05,0.0,0.0,5.0,0.2687260541936773,-5.424022674560547e-06,-4.172325134277344e-06,-4.0531158447265625e-06,-5.0067901611328125e-06,0.00968851801007986,6.2098877124954015,False,False
704,14.08,-0.11080341041088104,0.15305417776107788,4.808925151824951,0.28901129961013794,3.287560502940323e-06,2.569576281530317e-06,-6.711204332532361e-05,8.07567539595766e-06,0.00020872945606242865,-7.882513841650507e-07,-2.50916809818591e-06,1.8295453628525138e-05,0.0,0.0,5.0,0.2687239749146319,-5.602836608886719e-06,-4.947185516357422e-06,-3.814697265625e-06,-4.887580871582031e-06,0.00968851987272501,6.2195762323681265,False,False
705,14.1,-0.1108047291636467,0.15305429697036743,4.808928966522217,0.2890118360519409,3.2567033940722467e-06,2.529819539631717e-06,-6.63539904053323e-05,7.777868631819729e-06,0.00020673002291005105,-3.187522679581889e-06,-5.763649255641212e-07,1.8289312720298767e-05,0.0,0.0,5.0,0.2687218741754952,-5.424022674560547e-06,-5.245208740234375e-06,-4.291534423828125e-06,-4.649162292480469e-06,0.009688520804047585,6.229264753172174,False,False
706,14.120000000000001,-0.11080604046583176,0.15305441617965698,4.808932781219482,0.2890123128890991,3.26592339661147e-06,2.456681613693945e-06,-6.560167093994096e-05,7.489977178920526e-06,0.0002046914742095396,-4.126320163777564e-06,1.4984544804974576e-06,1.8322098185308278e-05,0.0,0.0,5.0,0.2687197704083817,-5.245208740234375e-06,-4.708766937255859e-06,-4.589557647705078e-06,-5.424022674560547e-06,0.009688522666692734,6.238953275838867,False,False
707,14.14,-0.11080735176801682,0.15305453538894653,4.808936595916748,0.2890128195285797,3.292501105534029e-06,2.359840209464892e-06,-6.485004996648058e-05,7.218800419650506e-06,0.00020260065502952784,-5.55784299649531e-06,1.1593672297749436e-06,1.834754948504269e-05,0.0,0.0,5.0,0.268717666685403,-5.9604644775390625e-06,-5.0067901611328125e-06,-4.827976226806641e-06,-4.410743713378906e-06,0.009688524529337883,6.248641800368205,False,False
708,14.16,-0.11080866307020187,0.15305465459823608,4.808940410614014,0.2890132963657379,3.3284104574704543e-06,2.2414399154513376e-06,-6.409917114069685e-05,6.969394689804176e-06,0.00020053591288160533,-6.2821718529448844e-06,2.4315590962942224e-06,1.819813041947782e-05,0.0,0.0,5.0,0.2687155630065601,-5.900859832763672e-06,-5.841255187988281e-06,-5.185604095458984e-06,-4.947185516357422e-06,0.009688526391983032,6.258330326760188,False,False
709,14.18,-0.11080991476774216,0.15305477380752563,4.808944225311279,0.2890138030052185,3.399296929273987e-06,2.1244898107397603e-06,-6.334568752208725e-05,6.745405244146241e-06,0.00019827524374704808,-5.412800419435371e-06,4.657058980228612e-06,1.8173392163589597e-05,0.0,0.0,5.0,0.268713434792558,-6.020069122314453e-06,-4.351139068603516e-06,-5.4836273193359375e-06,-6.020069122314453e-06,0.009688527323305607,6.268018854083493,False,False
710,14.200000000000001,-0.11081116646528244,0.15305489301681519,4.808948040008545,0.2890142500400543,3.477514383121161e-06,2.0009331365145044e-06,-6.258359644562006e-05,6.547696557390736e-06,0.00019601457461249083,-6.942894287931267e-06,3.1646359275327995e-06,1.8042148440144956e-05,0.0,0.0,5.0,0.26871130662173826,-5.841255187988281e-06,-5.602836608886719e-06,-5.662441253662109e-06,-4.947185516357422e-06,0.00968853011727333,6.277707384200767,False,False
711,14.22,-0.11081241816282272,0.15305501222610474,4.8089518547058105,0.28901445865631104,3.5555287922761636e-06,1.87152136277291e-06,-6.181501521496102e-05,6.378566922649043e-06,0.00019368859648238868,-5.998180313326884e-06,4.636730409401935e-06,1.7911472241394222e-05,0.0,0.0,5.0,0.2687091784941018,-4.291534423828125e-06,-6.67572021484375e-06,-5.4836273193359375e-06,-7.212162017822266e-06,0.009688531048595905,6.287395915249363,False,False
712,14.24,-0.11081366240978241,0.1530551314353943,4.808955669403076,0.28901487588882446,3.620500820034067e-06,1.7614646594665828e-06,-6.103830673964694e-05,6.236630269995658e-06,0.00019120580691378564,-5.007504114473704e-06,1.8603825537866214e-06,1.831057306844741e-05,0.0,0.0,5.0,0.2687070473370614,-5.781650543212891e-06,-5.4836273193359375e-06,-5.662441253662109e-06,-5.185604095458984e-06,0.009688532911241055,6.297084448160604,False,False
713,14.26,-0.11081485450267792,0.15305525064468384,4.808959484100342,0.28901535272598267,3.66663289241842e-06,1.6649657936795847e-06,-6.0257814766373485e-05,6.116918029874796e-06,0.00018882755830418319,-4.642411113309208e-06,2.75285901807365e-06,1.822948979679495e-05,0.0,0.0,5.0,0.2687048947145627,-5.841255187988281e-06,-4.351139068603516e-06,-5.781650543212891e-06,-5.424022674560547e-06,0.009688534773886204,6.30677298293449,False,False
714,14.280000000000001,-0.11081604659557343,0.1530553698539734,4.808963298797607,0.2890157997608185,3.710011924340506e-06,1.5608160310875974e-06,-5.947368117631413e-05,6.018222393322503e-06,0.0001865408121375367,-5.7725710576050915e-06,1.5850273484829813e-06,1.8018821720033884e-05,0.0,0.0,5.0,0.2687027421343167,-5.662441253662109e-06,-5.602836608886719e-06,-5.9604644775390625e-06,-5.066394805908203e-06,0.009688537567853928,6.316461520502344,False,False
715,14.3,-0.11081723868846893,0.15305548906326294,4.808967113494873,0.2890160381793976,3.7541724395850906e-06,1.4574480928786215e-06,-5.868809239473194e-05,5.941994913882809e-06,0.00018424091103952378,-4.56416546512628e-06,2.8311014830251224e-06,1.7912359908223152e-05,0.0,0.0,5.0,0.2687005895963245,-4.470348358154297e-06,-6.139278411865234e-06,-5.781650543212891e-06,-6.9141387939453125e-06,0.009688539430499077,6.326150059932843,False,False
716,14.32,-0.11081841588020325,0.1530556082725525,4.808970928192139,0.28901636600494385,3.7861907458136557e-06,1.3777242884316365e-06,-5.78992476221174e-05,5.885757673240732e-06,0.0001817843149183318,-3.40824499289738e-06,3.706815618897963e-07,1.8171063857153058e-05,0.0,0.0,5.0,0.2686984309549495,-5.424022674560547e-06,-5.245208740234375e-06,-5.662441253662109e-06,-5.781650543212891e-06,0.009688541293144226,6.335838601225987,False,False
717,14.34,-0.11081954836845398,0.15305572748184204,4.808974742889404,0.28901687264442444,3.7803024497407023e-06,1.3037921462455415e-06,-5.711201811209321e-05,5.8442624322196934e-06,0.00017944529827218503,-3.9850297071097884e-06,-9.595079291102593e-07,1.8173595890402794e-05,0.0,0.0,5.0,0.2686962539183477,-5.7220458984375e-06,-4.827976226806641e-06,-5.781650543212891e-06,-4.410743713378906e-06,0.009688543155789375,6.3455271443817765,False,False
718,14.36,-0.11082068085670471,0.1530558466911316,4.80897855758667,0.2890172004699707,3.766299641938531e-06,1.22927951906604e-06,-5.6331373343709856e-05,5.8163591347693e-06,0.00017721070616971701,-3.4662416510400362e-06,-4.407202709444391e-07,1.7906117136590183e-05,0.0,0.0,5.0,0.268694076923091,-5.364418029785156e-06,-5.424022674560547e-06,-5.662441253662109e-06,-5.602836608886719e-06,0.009688545018434525,6.355215689400211,False,False
719,14.38,-0.11082181334495544,0.15305596590042114,4.8089823722839355,0.2890174388885498,3.750094265342341e-06,1.1600983498283313e-06,-5.55571386939846e-05,5.801153747597709e-06,0.00017487168952357024,-3.451855263847392e-06,-1.179739115286793e-06,1.7908067093230784e-05,0.0,0.0,5.0,0.26869189996918036,-4.76837158203125e-06,-6.67572021484375e-06,-5.424022674560547e-06,-6.020069122314453e-06,0.009688546881079674,6.364904236281291,False,False
720,14.4,-0.11082291603088379,0.1530560851097107,4.808986186981201,0.2890177071094513,3.729656327777775e-06,1.1070269465562887e-06,-5.479024548549205e-05,5.797015091957292e-06,0.0001725064794300124,-1.8553190557213384e-06,-8.639915449748514e-07,1.810678804758936e-05,0.0,0.0,5.0,0.26868971076444287,-4.649162292480469e-06,-5.4836273193359375e-06,-5.245208740234375e-06,-6.616115570068359e-06,0.009688548743724823,6.3745927850250155,False,False
721,14.42,-0.11082398891448975,0.15305620431900024,4.808990001678467,0.2890182137489319,3.69707368008676e-06,1.0662970453267917e-06,-5.403011527960189e-05,5.799965947517194e-06,0.00017018050129991025,-2.2177582650328986e-06,-2.394208650002838e-06,1.834674912970513e-05,0.0,0.0,5.0,0.26868750930821217,-5.781650543212891e-06,-3.874301910400391e-06,-5.364418029785156e-06,-4.947185516357422e-06,0.009688550606369972,6.3842813356313854,False,False
722,14.44,-0.1108250617980957,0.1530563235282898,4.808993816375732,0.2890186905860901,3.6458277463680133e-06,1.0061504553959821e-06,-5.328065526555292e-05,5.809411504742457e-06,0.0001680896821198985,-3.7969487038935767e-06,-2.730283313212567e-06,1.8061691662296653e-05,0.0,0.0,5.0,0.2686853078924407,-5.662441253662109e-06,-5.543231964111328e-06,-5.543231964111328e-06,-4.649162292480469e-06,0.009688552469015121,6.393969888100401,False,False
723,14.46,-0.11082613468170166,0.15305644273757935,4.808997631072998,0.2890189588069916,3.6036819892615313e-06,9.422953439752746e-07,-5.2544284699251875e-05,5.828545909025706e-06,0.00016578978102188557,-2.588543111414765e-06,-1.4842083828625618e-06,1.795522985048592e-05,0.0,0.0,5.0,0.26868310651712946,-5.125999450683594e-06,-5.662441253662109e-06,-5.4836273193359375e-06,-6.139278411865234e-06,0.00968855433166027,6.403658442432061,False,False
724,14.48,-0.11082717776298523,0.1530565619468689,4.809001445770264,0.28901925683021545,3.5555360682337778e-06,8.969267923930602e-07,-5.181844244361855e-05,5.855772542417981e-06,0.0001634507643757388,-1.9483279629639583e-06,-3.330228310005623e-06,1.8109698430635035e-05,0.0,0.0,5.0,0.2686808928892294,-5.602836608886719e-06,-5.602836608886719e-06,-5.245208740234375e-06,-5.543231964111328e-06,0.00968855619430542,6.413346998626366,False,False
725,14.5,-0.11082819104194641,0.15305668115615845,4.809005260467529,0.28901976346969604,3.4958545711560873e-06,8.513239890817204e-07,-5.110581696499139e-05,5.887941370019689e-06,0.00016111174772959203,-2.6120044367416995e-06,-2.6377790618425934e-06,1.816311851143837e-05,0.0,0.0,5.0,0.2686786670080906,-5.781650543212891e-06,-4.708766937255859e-06,-5.424022674560547e-06,-5.125999450683594e-06,0.009688558988273144,6.423035557614639,False,False
726,14.52,-0.11082920432090759,0.153056800365448,4.809009075164795,0.2890201508998871,3.4495317322580377e-06,7.927097840365604e-07,-5.040616815676913e-05,5.926758603891358e-06,0.0001589294261066243,-3.249440169383888e-06,-1.9944279756600736e-06,1.79567578015849e-05,0.0,0.0,5.0,0.2686764411665471,-5.185604095458984e-06,-5.4836273193359375e-06,-5.4836273193359375e-06,-5.662441253662109e-06,0.009688560850918293,6.432724118465558,False,False
727,14.540000000000001,-0.11083021759986877,0.15305691957473755,4.8090128898620605,0.2890203595161438,3.4030056212941417e-06,7.342684966715751e-07,-4.97182336403057e-05,5.974507985229138e-06,0.00015659040946047753,-2.5946603727788897e-06,-2.6581062684272183e-06,1.8013204680755734e-05,0.0,0.0,5.0,0.2686742153645998,-4.649162292480469e-06,-6.318092346191406e-06,-5.304813385009766e-06,-6.198883056640625e-06,0.009688562713563442,6.442412681179121,False,False
728,14.56,-0.11083121597766876,0.1530570387840271,4.809016704559326,0.2890207767486572,3.3441901905462146e-06,6.880243290652288e-07,-4.904305387753993e-05,6.029305041010957e-06,0.00015425139281433076,-2.0297852643125225e-06,-3.2233390356850578e-06,1.8273625755682588e-05,0.0,0.0,5.0,0.2686719834552973,-5.424022674560547e-06,-5.066394805908203e-06,-5.245208740234375e-06,-5.4836273193359375e-06,0.009688564576208591,6.45210124575533,False,False
729,14.58,-0.11083216965198517,0.15305715799331665,4.809020519256592,0.2890212833881378,3.270071601946256e-06,6.321279215626419e-07,-4.838269524043426e-05,6.089320777391549e-06,0.00015205603267531842,-3.559877541192691e-06,-4.188378625258338e-06,1.8257414922118187e-05,0.0,0.0,5.0,0.2686697331442069,-6.139278411865234e-06,-5.185604095458984e-06,-5.781650543212891e-06,-4.0531158447265625e-06,0.00968856643885374,6.4617898121941835,False,False
730,14.6,-0.11083312332630157,0.1530572772026062,4.809024333953857,0.28902170062065125,3.1982710879674414e-06,5.668714493367588e-07,-4.774030458065681e-05,6.156988547445508e-06,0.00014976928650867194,-2.965748308270122e-06,-2.9915272534708492e-06,1.7995989765040576e-05,0.0,0.0,5.0,0.2686674828718697,-5.900859832763672e-06,-5.364418029785156e-06,-5.602836608886719e-06,-4.947185516357422e-06,0.00968856830149889,6.471478380495682,False,False
731,14.620000000000001,-0.11083407700061798,0.15305739641189575,4.809028148651123,0.28902196884155273,3.147133384118206e-06,5.162502247912926e-07,-4.7112935135373846e-05,6.2323292695509735e-06,0.0001475086173741147,-2.0963750557712046e-06,-2.122155137840309e-06,1.785925996955484e-05,0.0,0.0,5.0,0.2686652326382866,-5.066394805908203e-06,-5.662441253662109e-06,-5.364418029785156e-06,-6.496906280517578e-06,0.00968857016414404,6.481166950659826,False,False
732,14.64,-0.11083503067493439,0.1530575156211853,4.809031963348389,0.28902220726013184,3.086373453697888e-06,4.7371179334732005e-07,-4.649768743547611e-05,6.313391622825293e-06,0.00014515644579660147,-2.1574530819634674e-06,-3.953733539674431e-06,1.807499211281538e-05,0.0,0.0,5.0,0.2686629824434587,-4.76837158203125e-06,-6.794929504394531e-06,-5.0067901611328125e-06,-5.781650543212891e-06,0.009688572026789188,6.490855522686616,False,False
733,14.66,-0.1108359545469284,0.15305763483047485,4.809035778045654,0.2890227138996124,3.016220944118686e-06,4.349662674485444e-07,-4.589781383401714e-05,6.398419372999342e-06,0.00014284350618254393,-1.7171412309835432e-06,-3.061379402424791e-06,1.8371152691543102e-05,0.0,0.0,5.0,0.26866071999244023,-6.020069122314453e-06,-4.231929779052734e-06,-5.602836608886719e-06,-5.185604095458984e-06,0.009688573889434338,6.50054409657605,False,False
734,14.68,-0.11083684861660004,0.1530577540397644,4.80903959274292,0.28902319073677063,2.942821311080479e-06,3.880761880736827e-07,-4.5312954171095043e-05,6.4870719143073075e-06,0.0001406611845595762,-2.9718644327658694e-06,-4.278433607396437e-06,1.81538489414379e-05,0.0,0.0,5.0,0.26865844528461413,-6.198883056640625e-06,-5.543231964111328e-06,-5.543231964111328e-06,-4.351139068603516e-06,0.009688576683402061,6.510232673259452,False,False
735,14.700000000000001,-0.11083774268627167,0.15305787324905396,4.8090434074401855,0.2890235483646393,2.8778840714949183e-06,3.379704196504463e-07,-4.474512388696894e-05,6.581283287232509e-06,0.00013833520642947406,-2.038702859863406e-06,-2.2151666598801967e-06,1.7974161892198026e-05,0.0,0.0,5.0,0.268656170614722,-5.364418029785156e-06,-5.0067901611328125e-06,-5.364418029785156e-06,-5.9604644775390625e-06,0.00968857854604721,6.519921251805499,False,False
736,14.72,-0.1108386367559433,0.1530579924583435,4.809047222137451,0.2890237867832184,2.8209155971126165e-06,2.8490873660302896e-07,-4.419048855197616e-05,6.6813631747209e-06,0.00013611376925837249,-3.2674336125637637e-06,-3.48156913787534e-06,1.7930709873326123e-05,0.0,0.0,5.0,0.2686538959827648,-4.589557647705078e-06,-7.3909759521484375e-06,-5.424022674560547e-06,-5.781650543212891e-06,0.00968858040869236,6.529609832214192,False,False
737,14.74,-0.11083953082561493,0.15305811166763306,4.809051036834717,0.2890241742134094,2.757569745881483e-06,2.4355179562007834e-07,-4.365069617051631e-05,6.788062819396146e-06,0.00013367021165322512,-8.682700354256667e-07,-2.8529066185001284e-06,1.8245031242258847e-05,0.0,0.0,5.0,0.26865162138874343,-5.304813385009766e-06,-4.589557647705078e-06,-5.245208740234375e-06,-5.781650543212891e-06,0.00968858227133751,6.539298414485529,False,False
738,14.76,-0.11084041744470596,0.1530582308769226,4.809054851531982,0.28902468085289,2.6849481855606427e-06,2.1100126446071954e-07,-4.312464079703204e-05,6.897038929309929e-06,0.0001314748515142128,-2.3868094558565645e-06,-4.409117536852136e-06,1.8277831259183586e-05,0.0,0.0,5.0,0.2686493437586686,-6.079673767089844e-06,-5.125999450683594e-06,-5.4836273193359375e-06,-4.231929779052734e-06,0.009688584133982658,6.548986998619512,False,False
739,14.780000000000001,-0.11084125190973282,0.15305835008621216,4.809058666229248,0.28902506828308105,2.6089653601957252e-06,1.6416471737557004e-07,-4.261569119989872e-05,7.009409728198079e-06,0.0001293056848226115,-2.2968331450101687e-06,-3.18903653351299e-06,1.796119613572955e-05,0.0,0.0,5.0,0.26864704464814804,-5.602836608886719e-06,-5.841255187988281e-06,-5.424022674560547e-06,-5.543231964111328e-06,0.009688585996627808,6.5586755846161395,False,False
740,14.8,-0.11084208637475967,0.1530584692955017,4.809062480926514,0.28902533650398254,2.552108071540715e-06,1.1724141302238422e-07,-4.212189742247574e-05,7.1268050305661745e-06,0.00012691439769696444,-2.3954569314810215e-06,-2.4965872853499604e-06,1.8014616216532886e-05,0.0,0.0,5.0,0.268644745574764,-4.410743713378906e-06,-6.318092346191406e-06,-5.424022674560547e-06,-6.079673767089844e-06,0.009688588790595531,6.568364173406735,False,False
741,14.82,-0.11084292083978653,0.15305858850479126,4.809066295623779,0.28902575373649597,2.4904959445848363e-06,8.100835913182891e-08,-4.1641094867372885e-05,7.2494117375754286e-06,0.00012457538105081767,-1.2278584335945197e-06,-3.6645421914727194e-06,1.827503729145974e-05,0.0,0.0,5.0,0.26864244653851754,-5.602836608886719e-06,-4.649162292480469e-06,-5.364418029785156e-06,-5.066394805908203e-06,0.00968859065324068,6.578052764059976,False,False
742,14.84,-0.11084375530481339,0.1530587077140808,4.809070110321045,0.2890262007713318,2.42062355937378e-06,5.2713801323989173e-08,-4.117471689824015e-05,7.3739174695219845e-06,0.000122419252875261,-1.601601638867578e-06,-3.3225521747226594e-06,1.809289096854627e-05,0.0,0.0,5.0,0.2686401475394095,-5.662441253662109e-06,-5.185604095458984e-06,-5.424022674560547e-06,-5.424022674560547e-06,0.00968859251588583,6.587741356575862,False,False
743,14.86,-0.11084458976984024,0.15305882692337036,4.8090739250183105,0.28902655839920044,2.354924390601809e-06,1.390052517535878e-08,-4.072286174050532e-05,7.500735591747798e-06,0.00012013245577691123,-2.2797191832069075e-06,-3.2472660222993e-06,1.803660416044295e-05,0.0,0.0,5.0,0.268637848577441,-5.066394805908203e-06,-6.079673767089844e-06,-5.304813385009766e-06,-5.4836273193359375e-06,0.00968859437853098,6.5974299509543926,False,False
744,14.88,-0.1108454242348671,0.1530589461326599,4.809077739715576,0.28902703523635864,2.2901215288584353e-06,-2.0248865695293716e-08,-4.028550029033795e-05,7.63138450565748e-06,0.00011784565140260383,-1.1352254887242452e-06,-3.2328796351066558e-06,1.8247432308271527e-05,0.0,0.0,5.0,0.2686355496526129,-6.318092346191406e-06,-3.933906555175781e-06,-5.602836608886719e-06,-4.708766937255859e-06,0.009688596241176128,6.607118547195569,False,False
745,14.9,-0.11084620654582977,0.15305906534194946,4.809081554412842,0.2890274226665497,2.2213487227418227e-06,-5.799202540401893e-08,-3.986226874985732e-05,7.764252586639486e-06,0.00011568952322704718,-2.6390755465399707e-06,-3.6442950204218505e-06,1.7907877918332815e-05,0.0,0.0,5.0,0.2686332292445754,-5.602836608886719e-06,-6.139278411865234e-06,-5.602836608886719e-06,-4.947185516357422e-06,0.009688599035143852,6.6168071462307125,False,False
746,14.92,-0.11084698140621185,0.153059184551239,4.809085369110107,0.2890276610851288,2.1669502530130558e-06,-9.266243949923592e-08,-3.945382559322752e-05,7.901287972345017e-06,0.00011333740985719487,-8.279463941107679e-07,-1.7954961322175222e-06,1.7849844880402088e-05,0.0,0.0,5.0,0.26863090579861293,-4.351139068603516e-06,-6.079673767089844e-06,-4.947185516357422e-06,-7.152557373046875e-06,0.009688600897789001,6.6264957471285015,False,False
747,14.94,-0.11084775626659393,0.15305930376052856,4.809089183807373,0.2890280485153198,2.118605152645614e-06,-1.1562816837340506e-07,-3.905559060513042e-05,8.040514330787119e-06,0.00011098529648734257,-1.4686423810417182e-06,-3.0389157927857013e-06,1.8263497622683644e-05,0.0,0.0,5.0,0.2686285823890134,-5.0067901611328125e-06,-5.424022674560547e-06,-5.4836273193359375e-06,-5.4836273193359375e-06,0.00968860276043415,6.636184349888936,False,False
748,14.96,-0.11084853112697601,0.15305942296981812,4.809092998504639,0.289028525352478,2.042148025793722e-06,-1.361928951837399e-07,-3.867002305923961e-05,8.180969416571315e-06,0.00010872462735278532,-5.878401907466468e-07,-4.606677975971252e-06,1.833810529205948e-05,0.0,0.0,5.0,0.2686262590157778,-6.377696990966797e-06,-4.0531158447265625e-06,-5.304813385009766e-06,-4.410743713378906e-06,0.0096886046230793,6.645872954512015,False,False
749,14.98,-0.1108493059873581,0.15305954217910767,4.809096813201904,0.28902897238731384,1.9623582829808583e-06,-1.6009019532248203e-07,-3.830101195489988e-05,8.32030491437763e-06,0.00010659457620931789,-1.8018811260844814e-06,-3.372155106262653e-06,1.808273373171687e-05,0.0,0.0,5.0,0.2686239356789071,-5.602836608886719e-06,-5.424022674560547e-06,-5.304813385009766e-06,-5.185604095458984e-06,0.00968860648572445,6.655561560997739,False,False
750,15.0,-0.11085008084774017,0.15305966138839722,4.80910062789917,0.2890293300151825,1.9045924091187771e-06,-2.000112431232992e-07,-3.794691292569041e-05,8.461809557047673e-06,0.00010433390707476065,-2.190189889006433e-06,-2.4043363282544306e-06,1.8050079233944416e-05,0.0,0.0,5.0,0.26862161237840215,-4.947185516357422e-06,-5.781650543212891e-06,-5.364418029785156e-06,-5.602836608886719e-06,0.009688608348369598,6.665250169346109,False,False
751,15.02,-0.11085085570812225,0.15305978059768677,4.8091044425964355,0.2890297770500183,1.8506215155866812e-06,-2.323702261719518e-07,-3.7605077523039654e-05,8.607679774286225e-06,0.00010204710270045325,-1.0456961945237708e-06,-2.9926738989161095e-06,1.820943725761026e-05,0.0,0.0,5.0,0.26861928911426397,-6.020069122314453e-06,-4.470348358154297e-06,-5.4836273193359375e-06,-4.887580871582031e-06,0.009688611142337322,6.674938780488446,False,False
752,15.040000000000001,-0.11085163056850433,0.15305989980697632,4.809108257293701,0.28903019428253174,1.7859860008684336e-06,-2.5844190076895757e-07,-3.727580406120978e-05,8.755316230235621e-06,9.987787780119106e-05,-1.56145608798397e-06,-3.4707643408182776e-06,1.799140591174364e-05,0.0,0.0,5.0,0.2686169658864935,-6.020069122314453e-06,-5.304813385009766e-06,-5.364418029785156e-06,-4.827976226806641e-06,0.009688613004982471,6.684627393493429,False,False
753,15.06,-0.11085235327482224,0.15306001901626587,4.809112071990967,0.2890304625034332,1.7238430700672325e-06,-2.8993190426263027e-07,-3.6960485886083916e-05,8.904788955987897e-06,9.765638242242858e-05,-1.587503106748045e-06,-2.743408686001203e-06,1.787932706065476e-05,0.0,0.0,5.0,0.26861462117205664,-4.649162292480469e-06,-6.9141387939453125e-06,-5.185604095458984e-06,-6.139278411865234e-06,0.00968861486762762,6.6943160083610564,False,False
754,15.08,-0.11085306853055954,0.15306022763252258,4.809115886688232,0.2890307903289795,1.670102278694685e-06,-3.092526128511963e-07,-3.6657558666775e-05,9.056359886017162e-06,9.526509529678151e-05,-3.445638867560774e-07,-2.6305767732992535e-06,1.8194230506196618e-05,0.0,0.0,5.0,0.26861232436427834,-4.887580871582031e-06,-5.245208740234375e-06,-5.424022674560547e-06,-5.9604644775390625e-06,0.009688613936305046,6.7040046222973615,False,False
755,15.1,-0.11085378378629684,0.15306046605110168,4.809115886688232,0.2890312671661377,1.6048253428380121e-06,-3.163765427416365e-07,-3.636593100964092e-05,9.20700858841883e-06,9.304359991801903e-05,-3.6784703638659266e-07,-3.896977432304993e-06,1.8256730982102454e-05,0.0,0.0,5.0,0.26861275539769,-4.410743713378906e-06,9.5367431640625e-07,-5.781650543212891e-06,1.1920928955078125e-07,0.009688613936305046,6.7136932362336665,False,False
756,15.120000000000001,-0.11085449904203415,0.1530607044696808,4.809115886688232,0.2890315353870392,1.5029565929580713e-06,-3.114976152573945e-07,-3.6089459172217175e-05,9.35395473788958e-06,9.198480256600305e-05,8.5574447439285e-07,-6.289727025432512e-06,1.7195212421938777e-05,0.0,0.0,5.0,0.26861318643252613,-3.635883331298828e-06,2.2649765014648438e-06,-5.304813385009766e-06,2.86102294921875e-06,0.009688613004982471,6.723381849238649,False,False
757,15.14,-0.11085521429777145,0.1530609428882599,4.809115886688232,0.2890318036079407,1.3719554772251286e-06,-2.690735243504605e-07,-3.583404031815007e-05,9.49071727518458e-06,9.147472883341834e-05,3.3866137982840883e-06,-6.810147169744596e-06,1.587619772180915e-05,0.0,0.0,5.0,0.26861361746878676,-3.2186508178710938e-06,3.814697265625e-06,-4.827976226806641e-06,3.933906555175781e-06,0.009688612073659897,6.733070461312309,False,False
758,15.16,-0.11085592955350876,0.153061181306839,4.809115886688232,0.2890320122241974,1.2208103044031304e-06,-1.8689688374706748e-07,-3.560117693268694e-05,9.608165782992728e-06,9.126512304646894e-05,4.830946636502631e-06,-8.304090442834422e-06,1.4389098396350164e-05,0.0,0.0,5.0,0.2686140485064719,-2.8014183044433594e-06,3.4570693969726562e-06,-4.172325134277344e-06,4.887580871582031e-06,0.009688612073659897,6.742759073385969,False,False
759,15.18,-0.11085664480924606,0.1530614197254181,4.809115886688232,0.2890322804450989,1.057724603015231e-06,-6.279147157783882e-08,-3.539276804076508e-05,9.698203939478844e-06,9.129067620960996e-05,7.5794218901137356e-06,-8.004182745935395e-06,1.2935711311001796e-05,0.0,0.0,5.0,0.2686144795455816,-2.9206275939941406e-06,4.887580871582031e-06,-3.5762786865234375e-06,4.76837158203125e-06,0.009688611142337322,6.752447684528306,False,False
760,15.200000000000001,-0.11085736006498337,0.1530616581439972,4.809115886688232,0.289032518863678,8.850751669342571e-07,8.86677895550747e-08,-3.5207474866183475e-05,9.752588084666058e-06,9.144684736384079e-05,7.566292424598942e-06,-9.260427759727463e-06,1.1459412235126365e-05,0.0,0.0,5.0,0.26861491058611575,-2.4437904357910156e-06,3.814697265625e-06,-3.039836883544922e-06,5.7220458984375e-06,0.009688610211014748,6.762136294739321,False,False
761,15.22,-0.11085807532072067,0.1530618965625763,4.809115886688232,0.28903278708457947,7.142801337067795e-07,2.6458400270712445e-07,-3.504648702801205e-05,9.767381015990395e-06,9.165528899757192e-05,1.002507906378014e-05,-7.818733138265088e-06,1.0034983461082447e-05,0.0,0.0,5.0,0.2686153416280744,-2.5033950805664062e-06,5.841255187988281e-06,-2.2649765014648438e-06,5.0067901611328125e-06,0.009688609279692173,6.771824904019013,False,False
762,15.24,-0.11085879057645798,0.1530621349811554,4.809115886688232,0.28903302550315857,5.454563734019757e-07,4.590467597154202e-07,-3.490606104605831e-05,9.737364962347783e-06,9.208579285768792e-05,9.420905371371191e-06,-9.063300240086392e-06,8.548294317733962e-06,0.0,0.0,5.0,0.2686157726714575,-2.1457672119140625e-06,4.410743713378906e-06,-1.7285346984863281e-06,5.7220458984375e-06,0.009688608348369598,6.781513512367383,False,False
763,15.26,-0.11085950583219528,0.1530623733997345,4.809115886688232,0.28903326392173767,3.8350117392838e-07,6.603778501812485e-07,-3.478692451608367e-05,9.661231160862371e-06,9.252939344150946e-05,1.0711914910643827e-05,-7.1318959271593485e-06,7.284301773324842e-06,0.0,0.0,5.0,0.26861620371626505,-2.086162567138672e-06,5.7220458984375e-06,-1.1920928955078125e-06,4.887580871582031e-06,0.009688608348369598,6.791202120715752,False,False
764,15.280000000000001,-0.11086022108793259,0.1530626118183136,4.809115886688232,0.2890335023403168,2.397157174982567e-07,8.621734650660073e-07,-3.468461727607064e-05,9.537990990793332e-06,9.30905735003762e-05,9.467347808822524e-06,-7.246357654366875e-06,5.964104730082909e-06,0.0,0.0,5.0,0.2686166347624971,-1.9073486328125e-06,4.5299530029296875e-06,-9.5367431640625e-07,5.245208740234375e-06,0.009688607417047024,6.800890728132799,False,False
765,15.3,-0.11086093634366989,0.1530628502368927,4.809115886688232,0.2890335023403168,1.1383897202676962e-07,1.0457135886099422e-06,-3.4597724152263254e-05,9.37071945372736e-06,9.365175355924293e-05,8.886398973118048e-06,-5.341068117559189e-06,4.749128947878489e-06,0.0,0.0,5.0,0.2686170658101536,-5.960464477539063e-08,2.384185791015625e-06,-4.76837158203125e-07,3.337860107421875e-06,0.009688607417047024,6.810579335549846,False,False
766,15.32,-0.1108616515994072,0.1530630886554718,4.809115886688232,0.2890335023403168,1.589508613619728e-08,1.2391046766424552e-06,-3.452158489380963e-05,9.162520655081607e-06,9.412148938281462e-05,1.0452403330418747e-05,-4.453124802239472e-06,4.1917760427168105e-06,0.0,0.0,5.0,0.2686174968592346,-1.1920928955078125e-07,3.337860107421875e-06,-2.980232238769531e-07,2.9802322387695312e-06,0.009688607417047024,6.820267942966893,False,False
767,15.34,-0.1108623668551445,0.1530633121728897,4.809115886688232,0.2890335023403168,-8.27496009492279e-08,1.4385757367563201e-06,-3.445215043029748e-05,8.911347322282381e-06,9.452585800318047e-05,9.49438526731683e-06,-5.411146503320197e-06,3.515231128403684e-06,0.0,0.0,5.0,0.26861791941879054,3.5762786865234375e-07,2.0265579223632812e-06,2.384185791015625e-07,3.4570693969726562e-06,0.00968860648572445,6.829956549452618,False,False
768,15.36,-0.1108630821108818,0.15306343138217926,4.809115886688232,0.2890335023403168,-1.7795129281239497e-07,1.6471407207063749e-06,-3.4390574001008645e-05,8.617144885647576e-06,9.50217290665023e-05,1.1361752513039391e-05,-4.1088301259151194e-06,3.045664470846532e-06,0.0,0.0,5.0,0.26861828254314885,-5.960464477539063e-08,3.5762786865234375e-06,9.5367431640625e-07,2.5033950805664062e-06,0.009688607417047024,6.839645156869665,False,False
769,15.38,-0.11086379736661911,0.1530635505914688,4.809117317199707,0.2890335023403168,-2.662040401446575e-07,1.8562501509222784e-06,-3.4333719668211415e-05,8.277560482383706e-06,9.558290912536904e-05,9.548867637931835e-06,-4.71626708531403e-06,2.5694857868074905e-06,0.0,0.0,5.0,0.2686176291296816,-2.384185791015625e-07,2.384185791015625e-07,1.430511474609375e-06,1.5497207641601562e-06,0.009688610211014748,6.8493337670806795,False,False
770,15.4,-0.11086451262235641,0.15306366980075836,4.809121131896973,0.2890335023403168,-3.288205050466786e-07,2.039763785433024e-06,-3.428155105211772e-05,7.89643127063755e-06,9.568680980009958e-05,8.802179763733875e-06,-1.5452534398718853e-06,2.5074600671359804e-06,0.0,0.0,5.0,0.2686152815090034,-4.76837158203125e-07,-4.231929779052734e-06,1.6689300537109375e-06,-3.7550926208496094e-06,0.009688610211014748,6.859022377291694,False,False
771,15.42,-0.11086517572402954,0.1530637890100479,4.809122562408447,0.2890335023403168,-3.348326060859108e-07,2.197005869675195e-06,-3.422656300244853e-05,7.480548447347246e-06,9.495461563346907e-05,6.921752174093854e-06,9.440631743018457e-07,3.3980409170908388e-06,0.0,0.0,5.0,0.26861460659455866,0.0,-2.7418136596679688e-06,1.430511474609375e-06,-3.933906555175781e-06,0.009688610211014748,6.868710987502709,False,False
772,15.44,-0.11086583137512207,0.15306390821933746,4.809122562408447,0.2890335023403168,-3.1516685794485966e-07,2.3113655061024474e-06,-3.4162058000219986e-05,7.038973308226559e-06,9.434000094188377e-05,4.513941348704975e-06,1.0224861171082011e-06,4.14937721870956e-06,0.0,0.0,5.0,0.2686149451303704,8.344650268554688e-07,-5.960464477539062e-07,1.3113021850585938e-06,-1.1920928955078125e-06,0.009688610211014748,6.878399597713724,False,False
773,15.46,-0.1108664870262146,0.15306402742862701,4.809122562408447,0.2890335023403168,-2.941611683127121e-07,2.3822360617486993e-06,-3.4088454412994906e-05,6.580747594853165e-06,9.423487790627405e-05,2.5729848402988864e-06,1.0780516959130182e-06,4.577931122184964e-06,0.0,0.0,5.0,0.2686152836674086,9.5367431640625e-07,-2.384185791015625e-07,1.0728836059570312e-06,5.960464477539062e-07,0.009688610211014748,6.8880882079247385,False,False
774,15.48,-0.11086714267730713,0.15306414663791656,4.809122562408447,0.2890335023403168,-2.5343723564219545e-07,2.4404282612522366e-06,-3.4006432542810217e-05,6.112529717938742e-06,9.433877858100459e-05,3.2460873171658022e-06,2.994271653733449e-06,4.7442413233511616e-06,0.0,0.0,5.0,0.2686156222056735,1.0728836059570312e-06,1.6689300537109375e-06,9.5367431640625e-07,4.76837158203125e-07,0.009688609279692173,6.897776817204431,False,False
775,15.5,-0.11086779832839966,0.15306426584720612,4.809122562408447,0.2890335023403168,-2.1533398353312805e-07,2.496752813385683e-06,-3.391235804883763e-05,5.635636625811458e-06,9.463866445003077e-05,2.3862637590355007e-06,8.159897788573289e-07,4.717400315712439e-06,0.0,0.0,5.0,0.26861596074516497,2.384185791015625e-07,8.344650268554688e-07,9.5367431640625e-07,2.2649765014648438e-06,0.009688609279692173,6.907465426484123,False,False
776,15.52,-0.11086845397949219,0.15306438505649567,4.809122562408447,0.2890335023403168,-1.7782099348551128e-07,2.5536178327456582e-06,-3.380949056008831e-05,5.1503766371752135e-06,9.487324132351205e-05,3.300076741652447e-06,2.935249085567193e-06,4.538600933301495e-06,0.0,0.0,5.0,0.268616299285883,4.76837158203125e-07,2.1457672119140625e-06,1.3113021850585938e-06,1.0728836059570312e-06,0.009688609279692173,6.917154035763815,False,False
777,15.540000000000001,-0.11086910963058472,0.15306450426578522,4.809122562408447,0.2890335023403168,-1.1452734582917401e-07,2.5978383746405598e-06,-3.369378100614995e-05,4.657389126805356e-06,9.529070666758344e-05,1.1219185580557678e-06,3.394007308088476e-06,4.4160337893117685e-06,0.0,0.0,5.0,0.2686166378278276,1.0728836059570312e-06,4.76837158203125e-07,9.5367431640625e-07,1.430511474609375e-06,0.009688611142337322,6.926842646906152,False,False
778,15.56,-0.11086976528167725,0.15306462347507477,4.8091254234313965,0.2890335023403168,-4.3941884797504827e-08,2.6361667551100254e-06,-3.3563526812940836e-05,4.1614675865275785e-06,9.553832205710933e-05,2.7107823825645028e-06,3.6644146348407958e-06,4.438767518877285e-06,0.0,0.0,5.0,0.2686149433546546,-5.364418029785156e-07,-2.3245811462402344e-06,1.0728836059570312e-06,-2.205371856689453e-06,0.009688611142337322,6.93653125804849,False,False
779,15.58,-0.11087042093276978,0.15306474268436432,4.809126853942871,0.2890335023403168,5.876434983065337e-08,2.67572568191099e-06,-3.3415723009966314e-05,3.6617843761632685e-06,9.500211308477446e-05,1.2449737596398336e-06,6.606022907362785e-06,4.947185971104773e-06,0.0,0.0,5.0,0.2686142654003809,4.76837158203125e-07,-2.1457672119140625e-06,7.152557373046875e-07,-3.7550926208496094e-06,0.009688611142337322,6.946219869190827,False,False
780,15.6,-0.1108710765838623,0.15306486189365387,4.809126853942871,0.2890335023403168,1.7471950286562787e-07,2.6788079594552983e-06,-3.324473073007539e-05,3.1639281132811448e-06,9.441363363293931e-05,-9.368172868562397e-07,4.9892869355971925e-06,5.604681518889265e-06,0.0,0.0,5.0,0.26861460394984865,7.152557373046875e-07,-1.5497207641601562e-06,2.384185791015625e-07,-8.344650268554688e-07,0.009688611142337322,6.955908480333164,False,False
781,15.620000000000001,-0.11087173223495483,0.15306490659713745,4.809126853942871,0.2890335023403168,2.8109130312259367e-07,2.6783341127156746e-06,-3.305370773887262e-05,2.6730619993031723e-06,9.412562212673947e-05,8.893723020264588e-07,5.647699254041072e-06,5.919344857829856e-06,0.0,0.0,5.0,0.26861490004487093,2.384185791015625e-07,1.3113021850585938e-06,5.960464477539062e-07,-5.364418029785156e-07,0.009688611142337322,6.965597091475502,False,False
782,15.64,-0.11087238788604736,0.15306490659713745,4.809126853942871,0.2890335023403168,3.7501536098716315e-07,2.664658950379817e-06,-3.284280319348909e-05,2.187714699175558e-06,9.417731052963063e-05,-2.2569070097233634e-06,3.744537707461859e-06,5.913138465984957e-06,0.0,0.0,5.0,0.26861517066779866,8.344650268554688e-07,-1.3113021850585938e-06,5.960464477539062e-07,1.3113021850585938e-06,0.009688610211014748,6.975285701686516,False,False
783,15.66,-0.11087304353713989,0.15306490659713745,4.809126853942871,0.28903353214263916,4.848641310672974e-07,2.654477157193469e-06,-3.261588062741794e-05,1.7118480855060625e-06,9.420286369277164e-05,1.238697564076574e-06,7.240141258080257e-06,6.03806302024168e-06,0.0,0.0,5.0,0.26861544129205417,1.1920928955078125e-07,2.5033950805664062e-06,7.152557373046875e-07,-7.748603820800781e-07,0.009688610211014748,6.984974311897531,False,False
784,15.68,-0.11087369918823242,0.15306490659713745,4.809126853942871,0.28903359174728394,6.01596468641219e-07,2.639124886627542e-06,-3.2365791412303224e-05,1.242894541064743e-06,9.433289960725233e-05,-2.7739970391849056e-06,4.432894456840586e-06,5.95920619161916e-06,0.0,0.0,5.0,0.26861571191763733,4.76837158203125e-07,-5.960464477539062e-07,8.344650268554688e-07,1.5497207641601562e-06,0.009688609279692173,6.994662921177223,False,False
785,15.700000000000001,-0.11087435483932495,0.15306490659713745,4.809126853942871,0.28903359174728394,7.14809573310049e-07,2.6025470560853137e-06,-3.209757778677158e-05,7.863550877118541e-07,9.438458801014349e-05,-8.837716336529411e-07,6.888174084451748e-06,6.0091811064921785e-06,0.0,0.0,5.0,0.26861598254454816,2.384185791015625e-07,1.0728836059570312e-06,8.344650268554688e-07,1.1920928955078125e-07,0.009688609279692173,7.0043515304569155,False,False
786,15.72,-0.11087501049041748,0.15306490659713745,4.809126853942871,0.28903359174728394,8.459762739221333e-07,2.5665949578979053e-06,-3.180732892360538e-05,3.4255194236720854e-07,9.450158540857956e-05,-2.7114690510643413e-06,6.2282520048029255e-06,5.955680990155088e-06,0.0,0.0,5.0,0.26861625317278676,7.152557373046875e-07,-6.556510925292969e-07,7.152557373046875e-07,5.960464477539062e-07,0.009688609279692173,7.014040139736608,False,False
787,15.74,-0.11087566614151001,0.15306490659713745,4.809126853942871,0.2890337407588959,9.855622238319484e-07,2.527760898374254e-06,-3.1494775612372905e-05,-8.587097966028523e-08,9.452713857172057e-05,-1.1719527037712396e-06,7.730098332103807e-06,6.085669610911282e-06,0.0,0.0,5.0,0.26861652380235296,-2.384185791015625e-07,2.2649765014648438e-06,5.960464477539062e-07,4.76837158203125e-07,0.009688608348369598,7.023728748084977,False,False
788,15.76,-0.11087629944086075,0.15306490659713745,4.809126853942871,0.28903380036354065,1.134958893089788e-06,2.4731211851758417e-06,-3.115667641395703e-05,-4.988966111341142e-07,9.46833097259514e-05,-4.291990535421064e-06,7.2093071139534e-06,5.8681257542048115e-06,0.0,0.0,5.0,0.26861678520717186,7.152557373046875e-07,-2.980232238769531e-07,2.384185791015625e-07,9.5367431640625e-07,0.009688608348369598,7.033417356433347,False,False
789,15.780000000000001,-0.1108768954873085,0.15306490659713745,4.809126853942871,0.28903380036354065,1.2858788522862596e-06,2.4060666419245536e-06,-3.079453745158389e-05,-8.908002087082423e-07,9.466963092563674e-05,-2.4134417344612302e-06,7.882407771830913e-06,5.928490736550884e-06,0.0,0.0,5.0,0.2686170312363682,1.1920928955078125e-07,1.3113021850585938e-06,2.384185791015625e-07,4.76837158203125e-07,0.009688608348369598,7.0431059647817165,False,False
790,15.8,-0.11087749153375626,0.15306490659713745,4.809126853942871,0.28903380036354065,1.4307878473118762e-06,2.344679387533688e-06,-3.0407230951823294e-05,-1.2630728178919526e-06,9.478662832407281e-05,-3.725308715729625e-06,6.608212970604654e-06,5.768459686805727e-06,0.0,0.0,5.0,0.2686172772666618,7.152557373046875e-07,-4.172325134277344e-07,2.384185791015625e-07,8.344650268554688e-07,0.009688608348369598,7.052794573130086,False,False
791,15.82,-0.11087808758020401,0.15306490659713745,4.809126853942871,0.28903380036354065,1.5666719264118e-06,2.2855679162603337e-06,-2.99975599773461e-05,-1.6153762771864422e-06,9.481218148721382e-05,-2.1857922547496855e-06,6.979952559049707e-06,5.79855304749799e-06,0.0,0.0,5.0,0.26861752329805266,2.384185791015625e-07,7.152557373046875e-07,2.384185791015625e-07,3.5762786865234375e-07,0.009688607417047024,7.062483180547133,False,False
792,15.84,-0.11087868362665176,0.15306490659713745,4.809126853942871,0.28903380036354065,1.7033260064636124e-06,2.23890447159647e-06,-2.9564896976808086e-05,-1.950474597833818e-06,9.483773465035483e-05,-2.4805631255730987e-06,6.685181688226294e-06,5.726306426367955e-06,0.0,0.0,5.0,0.26861776933054077,3.5762786865234375e-07,4.76837158203125e-07,2.384185791015625e-07,2.384185791015625e-07,0.009688607417047024,7.07217178796418,False,False
793,15.860000000000001,-0.11087927967309952,0.15306490659713745,4.809126853942871,0.28903380036354065,1.8311865233044955e-06,2.1890978132432792e-06,-2.9109880415489897e-05,-2.269000106025487e-06,9.48371525737457e-05,-2.5000899768201634e-06,6.100602149672341e-06,5.727292318624677e-06,0.0,0.0,5.0,0.2686180153641261,2.384185791015625e-07,5.960464477539062e-07,1.1920928955078125e-07,4.76837158203125e-07,0.009688607417047024,7.081860395381227,False,False
794,15.88,-0.11087987571954727,0.15306490659713745,4.809126853942871,0.28903380036354065,1.950253135873936e-06,2.1361481685744366e-06,-2.863446752598975e-05,-2.571076720414567e-06,9.486270573688671e-05,-2.7948608476435766e-06,5.8058312788489275e-06,5.655045697494643e-06,0.0,0.0,5.0,0.26861826139880873,5.960464477539062e-07,3.5762786865234375e-07,0.0,5.960464477539062e-07,0.009688607417047024,7.091549002798274,False,False
795,15.9,-0.11088044941425323,0.15306490659713745,4.809126853942871,0.28903380036354065,2.0633085568988463e-06,2.08886513064499e-06,-2.814008439600002e-05,-2.8567926619871287e-06,9.49404711718671e-05,-1.933407475007698e-06,5.499506187334191e-06,5.630653049593093e-06,0.0,0.0,5.0,0.268618498208227,2.384185791015625e-07,9.5367431640625e-07,-5.960464477539063e-08,3.5762786865234375e-07,0.00968860648572445,7.101237609283999,False,False
796,15.92,-0.11088098585605621,0.15306484699249268,4.809126853942871,0.28903380036354065,2.170353127439739e-06,2.0472496089496417e-06,-2.7627336748992093e-05,-3.1282652344089e-06,9.496602433500811e-05,-2.228178345831111e-06,5.204735316510778e-06,5.5584064284630585e-06,0.0,0.0,5.0,0.2686186856772853,-5.960464477539063e-08,5.960464477539062e-07,1.1920928955078125e-07,0.0,0.00968860648572445,7.110926215769723,False,False
797,15.94,-0.11088152229785919,0.15306472778320312,4.809126853942871,0.28903380036354065,2.2686037937091896e-06,1.9968397282355e-06,-2.709761065489147e-05,-3.385479431017302e-06,9.496544225839898e-05,-2.8127578843850642e-06,4.620155777956825e-06,5.5109599088609684e-06,0.0,0.0,5.0,0.2686188391832985,1.1920928955078125e-07,-5.960464477539063e-08,3.5762786865234375e-07,-5.960464477539063e-08,0.00968860648572445,7.1206148222554475,False,False
798,15.96,-0.11088205873966217,0.15306460857391357,4.809126853942871,0.28903380036354065,2.3642039650439983e-06,1.9373753730178578e-06,-2.655296520970296e-05,-3.6270409964345163e-06,9.49387249420397e-05,-3.1336458050645888e-06,4.9396612666896544e-06,5.536160188057693e-06,0.0,0.0,5.0,0.26861899269034817,1.1920928955078125e-07,-1.7881393432617188e-07,3.5762786865234375e-07,-3.5762786865234375e-07,0.00968860648572445,7.130303428741172,False,False
799,15.98,-0.11088259518146515,0.15306448936462402,4.809126853942871,0.28903380036354065,2.4693517843843438e-06,1.8754044504021294e-06,-2.5993078452302143e-05,-3.851541805488523e-06,9.480746666667983e-05,-3.063390977331437e-06,5.5749687817296945e-06,5.655929271597415e-06,0.0,0.0,5.0,0.26861914619843436,2.384185791015625e-07,3.5762786865234375e-07,4.76837158203125e-07,-8.344650268554688e-07,0.00968860648572445,7.139992035226896,False,False
800,16.0,-0.11088313162326813,0.15306437015533447,4.809126853942871,0.28903380036354065,2.5716158233990427e-06,1.7988713807426393e-06,-2.5416846256121062e-05,-4.057730620843358e-06,9.471544035477564e-05,-4.589850504999049e-06,4.651231392927002e-06,5.73750730836764e-06,0.0,0.0,5.0,0.268619299707557,4.76837158203125e-07,-7.748603820800781e-07,4.76837158203125e-07,-2.384185791015625e-07,0.009688605554401875,7.149680640781298,False,False
801,16.02,-0.11088361591100693,0.15306425094604492,4.809126853942871,0.28903380036354065,2.6666193662094884e-06,1.7090502524297335e-06,-2.4827089873724617e-05,-4.242462182446616e-06,9.457114356337115e-05,-4.39214454672765e-06,4.848937351198401e-06,5.930651241214946e-06,0.0,0.0,5.0,0.26861943168899677,2.384185791015625e-07,-2.980232238769531e-07,2.384185791015625e-07,-1.7881393432617188e-07,0.009688605554401875,7.1593692463357,False,False
802,16.04,-0.11088409274816513,0.15306413173675537,4.809126853942871,0.28903383016586304,2.7633166155283106e-06,1.620922944312042e-06,-2.422422039671801e-05,-4.405136223795125e-06,9.43876730161719e-05,-4.420458935783245e-06,4.8206229621428065e-06,6.054171535652131e-06,0.0,0.0,5.0,0.2686195605957551,1.1920928955078125e-07,2.384185791015625e-07,3.5762786865234375e-07,-1.7881393432617188e-07,0.009688605554401875,7.169057851890102,False,False
803,16.06,-0.11088456958532333,0.15306401252746582,4.809126853942871,0.2890340983867645,2.8556803499668604e-06,1.522059164926759e-06,-2.3608499759575352e-05,-4.545330739347264e-06,9.429564670426771e-05,-5.465868525789119e-06,4.415606781549286e-06,6.141366611700505e-06,0.0,0.0,5.0,0.26861968950335097,-1.0728836059570312e-06,1.5497207641601562e-06,0.0,1.430511474609375e-06,0.0096886046230793,7.178746456513181,False,False
804,16.080000000000002,-0.11088504642248154,0.15306389331817627,4.809126853942871,0.2890341877937317,2.9557395464507863e-06,1.4003762771608308e-06,-2.2981335860094987e-05,-4.6599056986451615e-06,9.434733510715887e-05,-6.702272003167309e-06,5.590099135588389e-06,5.825066182296723e-06,0.0,0.0,5.0,0.26861981841178434,-4.172325134277344e-07,2.384185791015625e-07,-3.5762786865234375e-07,4.76837158203125e-07,0.0096886046230793,7.188435061136261,False,False
805,16.1,-0.11088552325963974,0.15306377410888672,4.809126853942871,0.2890341877937317,3.070246521019726e-06,1.2694088127318537e-06,-2.234105886600446e-05,-4.744324542116374e-06,9.425530879525468e-05,-6.3943207351258025e-06,5.860382771061268e-06,5.737685569329187e-06,0.0,0.0,5.0,0.2686199473210552,-1.7881393432617188e-07,0.0,-6.556510925292969e-07,2.384185791015625e-07,0.0096886046230793,7.19812366575934,False,False
806,16.12,-0.11088594049215317,0.15306365489959717,4.809126853942871,0.2890341877937317,3.185000878147548e-06,1.1435857913966174e-06,-2.1686255422537215e-05,-4.798110239789821e-06,9.40587415243499e-05,-6.18782542005647e-06,5.6148337534978054e-06,5.593370588030666e-06,0.0,0.0,5.0,0.2686200516264532,1.1920928955078125e-07,-3.5762786865234375e-07,-5.960464477539062e-07,-3.5762786865234375e-07,0.0096886046230793,7.207812270382419,False,False
807,16.14,-0.1108863577246666,0.15306353569030762,4.809126853942871,0.2890341877937317,3.28820783579431e-06,1.0291944363416405e-06,-2.101744212268386e-05,-4.822754362976411e-06,9.38491357374005e-05,-5.251155016594566e-06,4.705662831838708e-06,5.576919647864997e-06,0.0,0.0,5.0,0.26862015593251165,-2.384185791015625e-07,-1.1920928955078125e-07,-5.960464477539062e-07,-2.384185791015625e-07,0.0096886046230793,7.2175008750054985,False,False
808,16.16,-0.11088677495718002,0.15306341648101807,4.809126853942871,0.2890341877937317,3.380156158527825e-06,9.261472655452962e-07,-2.0336412489996292e-05,-4.821613856620388e-06,9.35219504754059e-05,-5.053449058323167e-06,4.488995728024747e-06,5.558169505093247e-06,0.0,0.0,5.0,0.2686202602392305,2.384185791015625e-07,2.384185791015625e-07,-5.960464477539062e-07,-2.980232238769531e-07,0.0096886046230793,7.227189479628578,False,False
809,16.18,-0.11088719218969345,0.15306329727172852,4.809126853942871,0.2890341877937317,3.453456201896188e-06,8.270540661214909e-07,-1.9644845451693982e-05,-4.796602297574282e-06,9.332538320450112e-05,-4.855743100051768e-06,2.8408601338014705e-06,5.539419362321496e-06,0.0,0.0,5.0,0.2686203645466099,-1.1920928955078125e-07,-2.384185791015625e-07,-5.960464477539062e-07,1.1920928955078125e-07,0.0096886046230793,7.236878084251657,False,False
810,16.2,-0.1108875721693039,0.15306317806243896,4.809126853942871,0.2890341877937317,3.5153530006937217e-06,7.391603276118985e-07,-1.8946429918287322e-05,-4.750031166622648e-06,9.306350693805143e-05,-3.933515472454019e-06,3.348716518303263e-06,5.4586744226980954e-06,0.0,0.0,5.0,0.2686204534765038,2.384185791015625e-07,7.152557373046875e-07,-5.364418029785156e-07,-3.5762786865234375e-07,0.0096886046230793,7.246566688874736,False,False
811,16.22,-0.11088792979717255,0.15306305885314941,4.809126853942871,0.2890341877937317,3.56344230567629e-06,6.604381610486598e-07,-1.8241376892547123e-05,-4.684627583628753e-06,9.29453453863971e-05,-3.938601366826333e-06,1.4601196198782418e-06,5.360492650652304e-06,0.0,0.0,5.0,0.26862053318004453,-3.5762786865234375e-07,1.1920928955078125e-07,-6.556510925292969e-07,0.0,0.0096886046230793,7.256255293497816,False,False
812,16.240000000000002,-0.1108882874250412,0.15306293964385986,4.809126853942871,0.2890341877937317,3.586422735679662e-06,5.874970270269841e-07,-1.7534055587020703e-05,-4.602754415827803e-06,9.277491335524246e-05,-3.3554042602190748e-06,8.378695497412991e-07,5.246449291007593e-06,0.0,0.0,5.0,0.26862061288409067,-2.980232238769531e-07,1.1920928955078125e-07,-4.172325134277344e-07,-5.960464477539063e-08,0.0096886046230793,7.265943898120895,False,False
813,16.26,-0.11088864505290985,0.1530628204345703,4.809126853942871,0.2890341877937317,3.6067524433747167e-06,5.168023449186876e-07,-1.6826868886710145e-05,-4.506508958002087e-06,9.263061656383798e-05,-3.713963451446034e-06,1.1950446605624165e-06,5.1535971579141915e-06,0.0,0.0,5.0,0.2686206925886422,0.0,-1.1920928955078125e-07,-4.76837158203125e-07,-5.364418029785156e-07,0.009688603691756725,7.275632501812652,False,False
814,16.28,-0.11088898032903671,0.15306270122528076,4.809126853942871,0.2890341877937317,3.62480636795226e-06,4.4383224917510233e-07,-1.611980769666843e-05,-4.3954623833997175e-06,9.239487553713843e-05,-3.5829325497616082e-06,6.103404643909016e-07,5.265446816338226e-06,0.0,0.0,5.0,0.26862076306670546,0.0,4.76837158203125e-07,-5.960464477539062e-07,-5.960464477539063e-08,0.009688603691756725,7.2853211055044085,False,False
815,16.3,-0.11088927835226059,0.1530625820159912,4.809126853942871,0.2890341877937317,3.6247633943276014e-06,3.783813440350059e-07,-1.54145836859243e-05,-4.27053510065889e-06,9.228975250152871e-05,-2.9620659915963188e-06,-6.146333930701076e-07,5.160483851796016e-06,0.0,0.0,5.0,0.26862081816685995,-7.748603820800781e-07,4.76837158203125e-07,-6.556510925292969e-07,3.5762786865234375e-07,0.009688603691756725,7.295009709196165,False,False
816,16.32,-0.11088957637548447,0.15306246280670166,4.809126853942871,0.2890341877937317,3.6121598441241076e-06,3.188282278188126e-07,-1.4714227290824056e-05,-4.134405116928974e-06,9.211932047037408e-05,-2.9931452445453033e-06,-6.457126460190921e-07,4.9489935918245465e-06,0.0,0.0,5.0,0.26862087326738665,-3.5762786865234375e-07,1.1920928955078125e-07,-4.76837158203125e-07,-1.7881393432617188e-07,0.009688603691756725,7.304698312887922,False,False
817,16.34,-0.11088987439870834,0.1530623435974121,4.809126853942871,0.2890341877937317,3.5918044432037277e-06,2.5190033170474635e-07,-1.4020108210388571e-05,-3.987505351688014e-06,9.193584992317483e-05,-3.699524313560687e-06,-1.3897622466174653e-06,4.948404239257798e-06,0.0,0.0,5.0,0.2686209283682856,-2.384185791015625e-07,-2.980232238769531e-07,-5.364418029785156e-07,3.5762786865234375e-07,0.009688603691756725,7.314386916579679,False,False
818,16.36,-0.11089016497135162,0.15306222438812256,4.809126853942871,0.2890341877937317,3.571985644157394e-06,1.9002909823484515e-07,-1.3334043615031987e-05,-3.8291104829113465e-06,9.170010889647529e-05,-2.487486199242994e-06,-5.920969101680384e-07,4.842859198106453e-06,0.0,0.0,5.0,0.26862098039386206,-2.384185791015625e-07,5.960464477539062e-07,-4.76837158203125e-07,-2.980232238769531e-07,0.009688603691756725,7.324075520271435,False,False
819,16.38,-0.11089040338993073,0.153062105178833,4.809126853942871,0.2890341877937317,3.5511959595169174e-06,1.2342017896571633e-07,-1.265457376575796e-05,-3.660561105789384e-06,9.154277358902618e-05,-4.173291017650627e-06,-1.4868271591694793e-06,4.7605390136595815e-06,0.0,0.0,5.0,0.2686210108898851,2.384185791015625e-07,-8.940696716308594e-07,-5.364418029785156e-07,2.384185791015625e-07,0.009688603691756725,7.333764123963192,False,False
820,16.4,-0.11089064180850983,0.15306198596954346,4.809126853942871,0.2890341877937317,3.5212635793868685e-06,5.8592945606505964e-08,-1.1984043339907657e-05,-3.480002987998887e-06,9.132007107837126e-05,-2.3093068648449844e-06,-1.506354010416544e-06,4.761524905916303e-06,0.0,0.0,5.0,0.26862104138616916,-3.5762786865234375e-07,7.152557373046875e-07,-4.172325134277344e-07,-5.960464477539063e-08,0.009688603691756725,7.343452727654949,False,False
821,16.42,-0.11089088022708893,0.1530618667602539,4.809126853942871,0.2890341877937317,3.4856666388805024e-06,6.559988996457378e-09,-1.1322532373014838e-05,-3.290825588919688e-06,9.125418000621721e-05,-2.8938864033989375e-06,-2.053264097412466e-06,4.647481546271592e-06,0.0,0.0,5.0,0.2686210718827143,-2.980232238769531e-07,0.0,-4.76837158203125e-07,1.1920928955078125e-07,0.009688603691756725,7.353141331346706,False,False
822,16.44,-0.11089111864566803,0.15306174755096436,4.809126853942871,0.2890341877937317,3.4481722650525626e-06,-5.4904603530303575e-08,-1.0671312338672578e-05,-3.093136683673947e-06,9.110988321481273e-05,-3.2524455946258968e-06,-1.6960891571216052e-06,4.554629413178191e-06,0.0,0.0,5.0,0.26862110237952047,1.1920928955078125e-07,-2.384185791015625e-07,-5.960464477539062e-07,-5.960464477539063e-08,0.009688603691756725,7.362829935038462,False,False
823,16.46,-0.11089131981134415,0.15306168794631958,4.809126853942871,0.2890341877937317,3.4117945233447244e-06,-1.0357474877764616e-07,-1.003017314360477e-05,-2.8863396437373012e-06,9.091331594390795e-05,-1.6144821302077617e-06,-1.9416370378166903e-06,4.5374508772511035e-06,0.0,0.0,5.0,0.26862115146098303,-4.172325134277344e-07,1.0728836059570312e-06,-5.364418029785156e-07,-2.384185791015625e-07,0.009688603691756725,7.372518538730219,False,False
824,16.48,-0.11089149862527847,0.15306168794631958,4.809126853942871,0.2890341877937317,3.3474384508735966e-06,-1.4970987649576273e-07,-9.39984693104634e-06,-2.6740378871181747e-06,9.079515439225361e-05,-2.9989257654960966e-06,-4.493857886700425e-06,4.382480256026611e-06,0.0,0.0,5.0,0.2686212252784257,-4.76837158203125e-07,-3.5762786865234375e-07,-8.940696716308594e-07,1.3113021850585938e-06,0.009688603691756725,7.382207142421976,False,False
825,16.5,-0.1108916774392128,0.15306168794631958,4.809126853942871,0.2890341877937317,3.2710438517824514e-06,-1.8415089186873956e-07,-8.786471880739555e-06,-2.457058144500479e-06,9.074230183614418e-05,-4.450766084573843e-07,-3.145455366393435e-06,4.165347490925342e-06,0.0,0.0,5.0,0.26862129909596705,-7.748603820800781e-07,1.7881393432617188e-06,-8.940696716308594e-07,2.384185791015625e-07,0.00968860276043415,7.39189574518241,False,False
826,16.52,-0.11089185625314713,0.15306168794631958,4.809126853942871,0.2890341877937317,3.1898559882392874e-06,-2.1133020311481232e-07,-8.18822536530206e-06,-2.2396484382625204e-06,9.068944928003475e-05,-2.272773599543143e-06,-4.9731534090824425e-06,3.848490450764075e-06,0.0,0.0,5.0,0.2686213729136072,-2.980232238769531e-07,-4.172325134277344e-07,-1.0132789611816406e-06,1.1920928955078125e-06,0.00968860276043415,7.401584347942844,False,False
827,16.54,-0.11089203506708145,0.15306168794631958,4.809126853942871,0.2890341877937317,3.1013826173875714e-06,-2.3600068743689917e-07,-7.608566647832049e-06,-2.0211161881888984e-06,9.053211397258565e-05,-1.9419607610871026e-07,-3.874003596138209e-06,3.6048404581379145e-06,0.0,0.0,5.0,0.2686214467313461,-3.5762786865234375e-07,1.0728836059570312e-06,-9.5367431640625e-07,1.1920928955078125e-07,0.00968860276043415,7.411272950703278,False,False
828,16.56,-0.1108921691775322,0.15306168794631958,4.809126853942871,0.2890341877937317,3.0029864319658373e-06,-2.4347093585674884e-07,-7.0461142058775295e-06,-1.8050089920507162e-06,9.045312617672607e-05,-5.527544999495149e-07,-5.965390300843865e-06,3.360633854754269e-06,0.0,0.0,5.0,0.268621502094715,-6.556510925292969e-07,4.76837158203125e-07,-8.940696716308594e-07,1.1920928955078125e-06,0.00968860276043415,7.420961553463712,False,False
829,16.580000000000002,-0.11089228838682175,0.15306168794631958,4.809126853942871,0.2890341877937317,2.8927840958203888e-06,-2.4541859033888613e-07,-6.5044628172472585e-06,-1.5936262798277312e-06,9.036109986482188e-05,3.580460656849027e-07,-5.0545895646791905e-06,3.0685496312798932e-06,0.0,0.0,5.0,0.2686215513066452,-2.384185791015625e-07,9.5367431640625e-07,-7.152557373046875e-07,2.384185791015625e-07,0.00968860276043415,7.4306501562241465,False,False
830,16.6,-0.1108924075961113,0.15306168794631958,4.809126853942871,0.2890341877937317,2.7839607810165035e-06,-2.418437077267299e-07,-5.982760740153026e-06,-1.3886977967558778e-06,9.02168030734174e-05,-5.123880209012555e-10,-5.82752181799151e-06,2.87580223812256e-06,0.0,0.0,5.0,0.2686216005186192,-2.384185791015625e-07,1.0728836059570312e-06,-8.344650268554688e-07,7.152557373046875e-07,0.00968860276043415,7.440338758984581,False,False
831,16.62,-0.11089252680540085,0.15306168794631958,4.809126853942871,0.2890341877937317,2.658694029378239e-06,-2.4642474727443187e-07,-5.482836513692746e-06,-1.1902800451935036e-06,9.01770472410135e-05,-4.575164780362684e-07,-6.698897777823731e-06,2.578972271294333e-06,0.0,0.0,5.0,0.2686216497306372,-2.384185791015625e-07,3.5762786865234375e-07,-8.344650268554688e-07,1.3113021850585938e-06,0.00968860276043415,7.450027361745015,False,False
832,16.64,-0.1108926460146904,0.15306168794631958,4.809126853942871,0.2890341877937317,2.535183966756449e-06,-2.4058485337263846e-07,-5.0070984798367135e-06,-9.983928066503722e-07,9.015032992465422e-05,1.0415666338303708e-06,-5.65185837331228e-06,2.2740532585885376e-06,0.0,0.0,5.0,0.268621698942699,-3.5762786865234375e-07,1.0728836059570312e-06,-5.364418029785156e-07,1.1920928955078125e-07,0.00968860276043415,7.459715964505449,False,False
833,16.66,-0.11089276522397995,0.15306168794631958,4.809126853942871,0.2890341877937317,2.403867256361991e-06,-2.2635313712271454e-07,-4.553613052848959e-06,-8.157945785569609e-07,9.009747736854479e-05,3.816463447492424e-07,-7.479557098122314e-06,2.0570896595017985e-06,0.0,0.0,5.0,0.26862174815480466,-5.364418029785156e-07,2.384185791015625e-07,-4.76837158203125e-07,1.1920928955078125e-06,0.00968860276043415,7.469404567265883,False,False
834,16.68,-0.11089283972978592,0.15306168794631958,4.809126853942871,0.2890341877937317,2.2724223072145833e-06,-2.1224961699317646e-07,-4.125285158806946e-06,-6.431397423511953e-07,9.003158629639074e-05,1.0287551504006842e-06,-5.664671334670857e-06,1.8406826711725444e-06,0.0,0.0,5.0,0.268621778912393,0.0,9.5367431640625e-07,-2.384185791015625e-07,0.0,0.00968860276043415,7.479093170026317,False,False
835,16.7,-0.1108928993344307,0.15306168794631958,4.809126853942871,0.2890341877937317,2.1461232790898066e-06,-1.9036336595945613e-07,-3.71926580555737e-06,-4.808757694263477e-07,8.99656952242367e-05,1.159909743364551e-06,-6.964986823732033e-06,1.7296661098953336e-06,0.0,0.0,5.0,0.26862180351847603,-5.364418029785156e-07,9.5367431640625e-07,-5.960464477539063e-08,8.344650268554688e-07,0.00968860276043415,7.488781772786751,False,False
836,16.72,-0.11089295893907547,0.15306168794631958,4.809126853942871,0.2890341877937317,2.016565304074902e-06,-1.7663282392277324e-07,-3.3368457934557227e-06,-3.297407147329068e-07,8.993897790787742e-05,2.1319281984233385e-07,-5.990521458443254e-06,1.5508921933360398e-06,0.0,0.0,5.0,0.26862182812457003,-5.960464477539063e-08,7.152557373046875e-07,-2.384185791015625e-07,4.76837158203125e-07,0.00968860276043415,7.4984703755471855,False,False
837,16.740000000000002,-0.11089301854372025,0.15306168794631958,4.809126853942871,0.2890341877937317,1.8866472828449332e-06,-1.6815985759421892e-07,-2.9776940664305585e-06,-1.8740509233339253e-07,8.989922207547352e-05,6.341562652778521e-07,-7.001024641795084e-06,1.4150782590149902e-06,0.0,0.0,5.0,0.268621852730675,-7.152557373046875e-07,7.152557373046875e-07,1.1920928955078125e-07,9.5367431640625e-07,0.00968860276043415,7.50815897830762,False,False
838,16.76,-0.11089307814836502,0.15306168794631958,4.809126853942871,0.2890341877937317,1.756368760652549e-06,-1.6494455223892146e-07,-2.643146217451431e-06,-5.4108554081722104e-08,8.987250475911424e-05,-3.125607861420576e-07,-6.026559276506305e-06,1.2363043424556963e-06,0.0,0.0,5.0,0.26862187733679094,0.0,-5.960464477539063e-08,0.0,7.152557373046875e-07,0.00968860276043415,7.517847581068054,False,False
839,16.78,-0.1108931377530098,0.15306168794631958,4.809126853942871,0.2890341877937317,1.641812900743389e-06,-1.6559546622829657e-07,-2.331742280148319e-06,7.25001143564441e-08,8.98719226825051e-05,2.4753089178375376e-07,-5.428795702755451e-06,1.1876945791300386e-06,0.0,0.0,5.0,0.26862190194291785,-2.980232238769531e-07,5.960464477539062e-07,-5.960464477539063e-08,8.344650268554688e-07,0.00968860276043415,7.527536183828488,False,False
840,16.8,-0.11089319735765457,0.15306168794631958,4.809126853942871,0.2890341877937317,1.5407193814098719e-06,-1.6785244838501967e-07,-2.040778326772852e-06,1.928774793213961e-07,8.985824388219044e-05,-4.7316484597104136e-07,-4.680354322772473e-06,1.0270832717651501e-06,0.0,0.0,5.0,0.26862192654905576,1.1920928955078125e-07,2.384185791015625e-07,-1.7881393432617188e-07,7.152557373046875e-07,0.00968860276043415,7.537224786588922,False,False
841,16.82,-0.11089325696229935,0.15306168794631958,4.809126853942871,0.2890341877937317,1.44593070672272e-06,-1.6455787488212081e-07,-1.768213905961602e-06,3.0841889042676485e-07,8.979235281003639e-05,8.026608497857524e-07,-4.798326699528843e-06,9.179319135910191e-07,0.0,0.0,5.0,0.2686219511552046,-4.76837158203125e-07,8.344650268554688e-07,1.1920928955078125e-07,4.76837158203125e-07,0.00968860276043415,7.546913389349356,False,False
842,16.84,-0.11089331656694412,0.15306168794631958,4.809126853942871,0.2890341877937317,1.3507813036994776e-06,-1.54843121435988e-07,-1.5130501651583472e-06,4.1689531826705206e-07,8.979177073342726e-05,1.688580510972315e-07,-4.716395778814331e-06,8.123886914290779e-07,0.0,0.0,5.0,0.26862197576136443,-1.7881393432617188e-07,2.384185791015625e-07,-5.960464477539063e-08,5.960464477539062e-07,0.00968860276043415,7.5566019921097904,False,False
843,16.86,-0.11089332401752472,0.15306168794631958,4.809126853942871,0.2890341877937317,1.2692099744526786e-06,-1.5302282463380834e-07,-1.2747256050715805e-06,5.192434286982461e-07,8.972587966127321e-05,1.3215499805596664e-08,-3.4405702535877936e-06,7.002102506703523e-07,0.0,0.0,5.0,0.2686219788371352,1.1920928955078125e-07,4.76837158203125e-07,0.0,1.1920928955078125e-07,0.00968860276043415,7.566290594870225,False,False
844,16.88,-0.11089332401752472,0.15306168794631958,4.809126853942871,0.2890341877937317,1.197564984067867e-06,-1.559678679541321e-07,-1.0504433021196746e-06,6.174146278681292e-07,8.969916234491393e-05,-3.076728773976356e-07,-3.723788722709287e-06,6.769790275029663e-07,0.0,0.0,5.0,0.2686219788371352,1.1920928955078125e-07,1.1920928955078125e-07,0.0,3.5762786865234375e-07,0.00968860276043415,7.575979197630659,False,False
845,16.9,-0.11089332401752472,0.15306168794631958,4.809126853942871,0.2890341877937317,1.1261673762419377e-06,-1.594189740217189e-07,-8.400279511988629e-07,7.123090881577809e-07,8.967244502855465e-05,-3.7390375240420326e-08,-3.415835635678377e-06,6.531666372211475e-07,0.0,0.0,5.0,0.2686219788371352,0.0,7.152557373046875e-07,-5.960464477539063e-08,3.5762786865234375e-07,0.00968860276043415,7.585667800391093,False,False
846,16.92,-0.11089332401752472,0.15306168794631958,4.809126853942871,0.2890341877937317,1.0549016451477655e-06,-1.631149046943392e-07,-6.429899599424971e-07,8.037641805458406e-07,8.969799819169566e-05,-3.321611927731283e-07,-3.71060650650179e-06,5.809213803331659e-07,0.0,0.0,5.0,0.2686219788371352,-5.960464477539063e-08,3.5762786865234375e-07,0.0,4.76837158203125e-07,0.00968860276043415,7.595356403151527,False,False
847,16.94,-0.11089332401752472,0.15306168794631958,4.809126853942871,0.2890341877937317,9.80754066404188e-07,-1.7006949803999305e-07,-4.5999499320714676e-07,8.92180253231345e-07,8.969741611508653e-05,-3.632404457221128e-07,-3.7040163078927435e-06,5.328923293745902e-07,0.0,0.0,5.0,0.2686219788371352,-1.7881393432617188e-07,4.76837158203125e-07,-5.960464477539063e-08,5.960464477539062e-07,0.00968860276043415,7.605045005911961,False,False
848,16.96,-0.11089332401752472,0.15306168794631958,4.809126853942871,0.2890341877937317,9.164170933217974e-07,-1.8190493733527546e-07,-2.9090512043694616e-07,9.781790595297934e-07,8.965766028268263e-05,-8.202447361327359e-07,-2.729552761593368e-06,3.964972279391077e-07,0.0,0.0,5.0,0.2686219788371352,3.5762786865234375e-07,-5.960464477539063e-08,-1.1920928955078125e-07,1.1920928955078125e-07,0.00968860276043415,7.614733608672395,False,False
849,16.98,-0.11089332401752472,0.15306168794631958,4.809126853942871,0.2890341877937317,8.518352956343733e-07,-1.8833465276202332e-07,-1.3398889109339507e-07,1.0629847793097724e-06,8.956563397077844e-05,1.77324622541164e-07,-3.7285053622326814e-06,3.611579018070188e-07,0.0,0.0,5.0,0.2686219788371352,-2.384185791015625e-07,3.5762786865234375e-07,0.0,5.960464477539062e-07,0.00968860276043415,7.6244222114328295,False,False
850,17.0,-0.11089332401752472,0.15306168794631958,4.809126853942871,0.2890341877937317,7.870085028116591e-07,-1.8935863010938192e-07,1.005911975937579e-08,1.1443077028161497e-06,8.952587813837454e-05,-2.7967965365860437e-07,-2.7540418159333058e-06,2.2476278616068157e-07,0.0,0.0,5.0,0.2686219788371352,2.384185791015625e-07,0.0,-5.960464477539063e-08,1.1920928955078125e-07,0.00968860276043415,7.634110814193264,False,False
851,17.02,-0.11089332401752472,0.15306168794631958,4.809126853942871,0.2890341877937317,7.321080488509324e-07,-1.951479191575345e-07,1.4281350502187706e-07,1.2230556194481323e-06,8.947302558226511e-05,-2.992062775319937e-07,-2.735897396632936e-06,2.2574822367005254e-07,0.0,0.0,5.0,0.2686219788371352,2.384185791015625e-07,0.0,-5.960464477539063e-08,3.5762786865234375e-07,0.00968860276043415,7.643799416953698,False,False
852,17.04,-0.11089332401752472,0.15306168794631958,4.809126853942871,0.2890341877937317,6.804686449868314e-07,-1.9842951815007837e-07,2.651331385550293e-07,1.2997583098695031e-06,8.944630826590583e-05,-2.8923775374778415e-08,-2.427944309602026e-06,2.0193594707507145e-07,0.0,0.0,5.0,0.2686219788371352,1.1920928955078125e-07,4.76837158203125e-07,-1.1920928955078125e-07,3.5762786865234375e-07,0.00968860276043415,7.653488019714132,False,False
853,17.06,-0.11089332401752472,0.15306168794631958,4.809126853942871,0.2890341877937317,6.248172326195345e-07,-1.9178493460003665e-07,3.777429640194896e-07,1.3735082120547304e-06,8.938041719375178e-05,6.934014891157858e-07,-3.1370882425107993e-06,9.033855263851365e-08,0.0,0.0,5.0,0.2686219788371352,-2.980232238769531e-07,9.5367431640625e-07,1.1920928955078125e-07,5.960464477539062e-07,0.00968860276043415,7.663176622474566,False,False
854,17.080000000000002,-0.11089332401752472,0.15306168794631958,4.809126853942871,0.2890341877937317,5.695588356502412e-07,-1.851240511996366e-07,4.799738917427021e-07,1.4423258107854053e-06,8.936673839343712e-05,-2.7294301929714493e-08,-2.3886450435384177e-06,-7.027316684116158e-08,0.0,0.0,5.0,0.2686219788371352,3.5762786865234375e-07,-1.1920928955078125e-07,1.1920928955078125e-07,0.0,0.00968860276043415,7.672865225235,False,False
855,17.1,-0.11089332401752472,0.15306168794631958,4.809126853942871,0.2890341877937317,5.257335260466789e-07,-1.7569422539054358e-07,5.731451437895885e-07,1.5074152770466753e-06,8.927471208153293e-05,9.70274982137198e-07,-1.993798832700122e-06,1.5470277503482066e-08,0.0,0.0,5.0,0.2686219788371352,0.0,1.3113021850585938e-06,2.384185791015625e-07,0.0,0.00968860276043415,7.682553827995434,False,False
856,17.12,-0.11089332401752472,0.15306168794631958,4.809126853942871,0.2890341877937317,4.702164062564407e-07,-1.7230571813797724e-07,6.583351250810665e-07,1.5678691624998464e-06,8.936557424021885e-05,-6.314007805485744e-07,-3.5578043480199995e-06,-1.1976248970313463e-07,0.0,0.0,5.0,0.2686219788371352,0.0,-7.152557373046875e-07,1.1920928955078125e-07,1.0728836059570312e-06,0.00968860276043415,7.6922424307558686,False,False
857,17.14,-0.11089332401752472,0.15306168794631958,4.809126853942871,0.2890341877937317,4.2059852489728655e-07,-1.6339465958026267e-07,7.324026114474691e-07,1.6250887711066753e-06,8.933885692385957e-05,1.5225167544485885e-06,-1.403886244588648e-06,-1.4243664736568462e-07,0.0,0.0,5.0,0.2686219788371352,-5.960464477539063e-08,1.1920928955078125e-06,3.5762786865234375e-07,-3.5762786865234375e-07,0.00968860276043415,7.701931033516303,False,False
858,17.16,-0.11089332401752472,0.15306168794631958,4.809126853942871,0.2890341877937317,3.792845575389947e-07,-1.5183032076038216e-07,7.998292517186201e-07,1.6769143940109643e-06,8.939054532675073e-05,-3.660800871330139e-07,-2.72743000095943e-06,-1.9218487068428658e-07,0.0,0.0,5.0,0.2686219788371352,1.1920928955078125e-07,-3.5762786865234375e-07,2.384185791015625e-07,5.960464477539062e-07,0.00968860276043415,7.711619636276737,False,False
859,17.18,-0.11089332401752472,0.15306168794631958,4.809126853942871,0.2890341877937317,3.3447975056333235e-07,-1.497841708442138e-07,8.586445687797095e-07,1.7256134015042335e-06,8.936382801039144e-05,5.707137233912363e-07,-1.7529663409732166e-06,-2.1052426291134907e-07,0.0,0.0,5.0,0.2686219788371352,-5.960464477539063e-08,5.960464477539062e-07,2.384185791015625e-07,1.1920928955078125e-07,0.00968860276043415,7.721308239037171,False,False
860,17.2,-0.11089332401752472,0.15306168794631958,4.809126853942871,0.2890341877937317,2.935738052656234e-07,-1.442158463760279e-07,9.101759133045562e-07,1.7709012354316656e-06,8.936324593378231e-05,-1.3866267245532526e-08,-2.3375459932140075e-06,-2.579719193818164e-07,0.0,0.0,5.0,0.2686219788371352,1.1920928955078125e-07,-1.7881393432617188e-07,4.76837158203125e-07,5.960464477539062e-07,0.00968860276043415,7.730996841797605,False,False
861,17.22,-0.11089332401752472,0.15306168794631958,4.809126853942871,0.2890341877937317,2.6259417040819244e-07,-1.3437180257369619e-07,9.54433517108555e-07,1.8130397165805334e-06,8.932349010137841e-05,9.982678648157162e-07,-7.603583185300522e-07,-2.1879695566440205e-07,0.0,0.0,5.0,0.2686219788371352,2.384185791015625e-07,1.3113021850585938e-06,3.5762786865234375e-07,-1.7881393432617188e-07,0.00968860276043415,7.740685444558039,False,False
862,17.240000000000002,-0.11089332401752472,0.15306168794631958,4.809126853942871,0.2890341877937317,2.2751463291115215e-07,-1.406823884053665e-07,9.94116703623149e-07,1.852027253335109e-06,8.937517850426957e-05,-1.6292925693051075e-06,-2.747524831647752e-06,-2.6781870587910817e-07,0.0,0.0,5.0,0.2686219788371352,3.5762786865234375e-07,-1.2516975402832031e-06,1.1920928955078125e-07,1.430511474609375e-06,0.00968860276043415,7.7503740473184735,False,False
863,17.26,-0.11089332401752472,0.15306168794631958,4.809126853942871,0.2890341877937317,2.0088343433144473e-07,-1.392980379932851e-07,1.0256936775476788e-06,1.8912303403340047e-06,8.928315219236538e-05,1.7677423329587327e-06,8.445656618505382e-08,-1.875723825150999e-07,0.0,0.0,5.0,0.2686219788371352,-1.1920928955078125e-07,1.9073486328125e-06,4.76837158203125e-07,-2.384185791015625e-07,0.00968860276043415,7.760062650078908,False,False
864,17.28,-0.11089332401752472,0.15306168794631958,4.809126853942871,0.2890341877937317,1.8722106176483067e-07,-1.396364268657635e-07,1.055351049217279e-06,1.9273941234132508e-06,8.929560863180086e-05,-1.8015736031884444e-06,-1.4506673551295535e-06,-3.183250214533473e-07,0.0,0.0,5.0,0.2686219788371352,9.5367431640625e-07,-1.1920928955078125e-06,1.1920928955078125e-07,8.344650268554688e-07,0.00968860276043415,7.769751252839342,False,False
865,17.3,-0.11089332401752472,0.15306168794631958,4.809126853942871,0.2890341877937317,1.7699301224638475e-07,-1.4520479396651353e-07,1.080914557860524e-06,1.965099954759353e-06,8.917744708014652e-05,1.2447527524273028e-06,4.2788201426446903e-07,-1.5806719488864474e-07,0.0,0.0,5.0,0.2686219788371352,2.384185791015625e-07,1.7881393432617188e-06,2.384185791015625e-07,-5.960464477539063e-08,0.00968860276043415,7.779439855599776,False,False
866,17.32,-0.11089332401752472,0.15306168794631958,4.809126853942871,0.2890341877937317,1.6765019950071292e-07,-1.385866426062421e-07,1.1061933946621139e-06,2.001132543227868e-06,8.929444447858259e-05,-5.829443807670032e-07,-1.362144757877104e-06,-3.114623723377008e-07,0.0,0.0,5.0,0.2686219788371352,5.960464477539062e-07,-3.5762786865234375e-07,2.384185791015625e-07,7.152557373046875e-07,0.00968860276043415,7.78912845836021,False,False
867,17.34,-0.11089332401752472,0.15306168794631958,4.809126853942871,0.2890341877937317,1.4412424320653372e-07,-1.3485040994964947e-07,1.1278719966867357e-06,2.0361285351100378e-06,8.93199976417236e-05,9.565728760208003e-07,-9.904042599373497e-07,-2.8136855689808726e-07,0.0,0.0,5.0,0.2686219788371352,-5.960464477539063e-08,9.5367431640625e-07,3.5762786865234375e-07,4.76837158203125e-07,0.00968860276043415,7.798817061120644,False,False
868,17.36,-0.11089332401752472,0.15306168794631958,4.809126853942871,0.2890341877937317,1.2438167118489218e-07,-1.2168014507096814e-07,1.1461858093753108e-06,2.067797595373122e-06,8.937168604461476e-05,3.6044042417415767e-07,-9.838131518336013e-07,-3.293973804829875e-07,0.0,0.0,5.0,0.2686219788371352,1.1920928955078125e-07,4.76837158203125e-07,2.384185791015625e-07,5.960464477539062e-07,0.00968860276043415,7.808505663881078,False,False
869,17.38,-0.11089332401752472,0.15306168794631958,4.809126853942871,0.2890341877937317,1.076690736567798e-07,-1.1188394211103514e-07,1.161522050097119e-06,2.0964744180673733e-06,8.939723920775577e-05,6.191702937030641e-07,-6.874133759993128e-07,-4.022240318590775e-07,0.0,0.0,5.0,0.2686219788371352,1.1920928955078125e-07,5.960464477539062e-07,2.384185791015625e-07,2.384185791015625e-07,0.00968860276043415,7.8181942666415125,False,False
870,17.400000000000002,-0.11089332401752472,0.15306168794631958,4.809126853942871,0.2890341877937317,8.807462847926217e-08,-1.0534635208614418e-07,1.1742955621230067e-06,2.122392515957472e-06,8.939665713114664e-05,3.4590289743618996e-08,-1.2719931419269415e-06,-4.4967168832954485e-07,0.0,0.0,5.0,0.2686219788371352,2.384185791015625e-07,-5.960464477539063e-08,2.384185791015625e-07,5.960464477539062e-07,0.00968860276043415,7.827882869401947,False,False
871,17.42,-0.11089332401752472,0.15306168794631958,4.809126853942871,0.2890341877937317,6.861200319008276e-08,-9.905360798256879e-08,1.1832848940684926e-06,2.1462535642058356e-06,8.93960750545375e-05,5.946818077973148e-07,-6.742313303220726e-07,-4.982817927157157e-07,0.0,0.0,5.0,0.2686219788371352,0.0,3.5762786865234375e-07,2.384185791015625e-07,2.384185791015625e-07,0.00968860276043415,7.837571472162381,False,False
872,17.44,-0.11089332401752472,0.15306168794631958,4.809126853942871,0.2890341877937317,5.2294879537839734e-08,-9.036881465362967e-08,1.189635895570973e-06,2.1675318748748396e-06,8.936935773817822e-05,2.7379340394873e-07,-9.57449401539634e-07,-5.215130158831016e-07,0.0,0.0,5.0,0.2686219788371352,3.5762786865234375e-07,1.1920928955078125e-07,3.5762786865234375e-07,3.5762786865234375e-07,0.00968860276043415,7.847260074922815,False,False
873,17.46,-0.11089332401752472,0.15306168794631958,4.809126853942871,0.2890341877937317,3.6225102917342156e-08,-8.219006275567153e-08,1.1931750805160846e-06,2.1864407244720496e-06,8.939491090131924e-05,5.440758741315221e-07,-6.49496712412656e-07,-4.968920848114067e-07,0.0,0.0,5.0,0.2686219788371352,0.0,4.76837158203125e-07,3.5762786865234375e-07,3.5762786865234375e-07,0.00968860276043415,7.856948677683249,False,False
874,17.48,-0.11089332401752472,0.15306168794631958,4.809126853942871,0.2890341877937317,2.631450435330862e-08,-7.425615677902897e-08,1.1947021221203613e-06,2.202908945037052e-06,8.942046406446025e-05,2.493049748863996e-07,-3.4154405170738755e-07,-5.207044750932255e-07,0.0,0.0,5.0,0.2686219788371352,4.76837158203125e-07,2.384185791015625e-07,3.5762786865234375e-07,1.1920928955078125e-07,0.00968860276043415,7.866637280443683,False,False
875,17.5,-0.11089332401752472,0.15306168794631958,4.809126853942871,0.2890341877937317,1.966492568783451e-08,-6.946526553974763e-08,1.1950645557590178e-06,2.2177807750267675e-06,8.941988198785111e-05,2.2977835101301025e-07,-3.234005419017194e-07,-4.712857446520502e-07,0.0,0.0,5.0,0.2686219788371352,4.76837158203125e-07,3.5762786865234375e-07,3.5762786865234375e-07,2.384185791015625e-07,0.00968860276043415,7.876325883204117,False,False
876,17.52,-0.11089332401752472,0.15306168794631958,4.809126853942871,0.2890341877937317,1.0364549218877528e-08,-6.770189742155708e-08,1.1942695437028306e-06,2.231510279671056e-06,8.944543515099213e-05,-5.343981612782045e-08,-6.066186983844091e-07,-4.4608364646592236e-07,0.0,0.0,5.0,0.2686219788371352,1.1920928955078125e-07,1.1920928955078125e-07,2.384185791015625e-07,5.960464477539062e-07,0.00968860276043415,7.886014485964552,False,False
877,17.54,-0.11089332401752472,0.15306168794631958,4.809126853942871,0.2890341877937317,4.2096726105000926e-09,-6.316973610864807e-08,1.1918014024558943e-06,2.244416464236565e-06,8.944485307438299e-05,5.066517019258754e-07,-8.856887667718638e-09,-4.946937224303838e-07,0.0,0.0,5.0,0.2686219788371352,2.384185791015625e-07,5.960464477539062e-07,4.76837158203125e-07,0.0,0.00968860276043415,7.895703088724986,False,False
878,17.56,-0.11089332401752472,0.15306168794631958,4.809126853942871,0.2890341877937317,1.2002927540777364e-09,-6.189610957108016e-08,1.1890125506397453e-06,2.256105972264777e-06,8.9470406237524e-05,-3.792899576637865e-07,-2.920750716839393e-07,-5.179249455977697e-07,0.0,0.0,5.0,0.2686219788371352,4.76837158203125e-07,-1.7881393432617188e-07,2.384185791015625e-07,2.384185791015625e-07,0.00968860276043415,7.90539169148542,False,False
879,17.580000000000002,-0.11089332401752472,0.15306168794631958,4.809126853942871,0.2890341877937317,-6.927874385276311e-10,-5.950618842121003e-08,1.185466317110695e-06,2.2678423192701302e-06,8.937837992561981e-05,6.182793299558398e-07,1.0277071993414211e-07,-4.321814230934251e-07,0.0,0.0,5.0,0.2686219788371352,2.384185791015625e-07,8.344650268554688e-07,3.5762786865234375e-07,1.1920928955078125e-07,0.00968860276043415,7.915080294245854,False,False
880,17.6,-0.11089332401752472,0.15306168794631958,4.809126853942871,0.2890341877937317,-1.4695700212286056e-09,-5.599995844818295e-08,1.182198843707738e-06,2.2784397515351884e-06,8.940393308876082e-05,-2.676623296338221e-07,-1.8044745786482963e-07,-4.55412646260811e-07,0.0,0.0,5.0,0.2686219788371352,5.960464477539062e-07,2.384185791015625e-07,2.384185791015625e-07,4.76837158203125e-07,0.00968860276043415,7.924768897006288,False,False
881,17.62,-0.11089332401752472,0.15306168794631958,4.809126853942871,0.2890341877937317,-8.02635735652757e-09,-5.262312186005147e-08,1.1783447462221375e-06,2.2887472823640564e-06,8.942948625190184e-05,6.053435868125234e-07,-4.752183428990975e-07,-4.307917151891161e-07,0.0,0.0,5.0,0.2686219788371352,2.384185791015625e-07,5.960464477539062e-07,3.5762786865234375e-07,5.960464477539062e-07,0.00968860276043415,7.934457499766722,False,False
882,17.64,-0.11089332401752472,0.15306168794631958,4.809126853942871,0.2890341877937317,-1.4566852613029369e-08,-4.357934813015163e-08,1.1735124871847802e-06,2.297168748555123e-06,8.950725168688223e-05,2.99020143756934e-07,-1.7881831126942416e-07,-5.036183097217872e-07,0.0,0.0,5.0,0.2686219788371352,2.384185791015625e-07,4.76837158203125e-07,2.384185791015625e-07,3.5762786865234375e-07,0.00968860276043415,7.9441461025271565,False,False
883,17.66,-0.11089332401752472,0.15306168794631958,4.809126853942871,0.2890341877937317,-1.8077379593250953e-08,-3.7909650529854844e-08,1.1681865998980356e-06,2.3039872303343145e-06,8.950666961027309e-05,2.6794089080794947e-07,-1.722274305393512e-07,-5.516473606803629e-07,0.0,0.0,5.0,0.2686219788371352,3.5762786865234375e-07,2.384185791015625e-07,2.384185791015625e-07,2.384185791015625e-07,0.00968860276043415,7.953834705287591,False,False
884,17.68,-0.11089332401752472,0.15306168794631958,4.809126853942871,0.2890341877937317,-2.4354235961254744e-08,-2.9732357020861855e-08,1.1624122180364793e-06,2.3093921299732756e-06,8.947995229391381e-05,5.497760184880462e-07,-4.5544567228716915e-07,-5.264452624942351e-07,0.0,0.0,5.0,0.2686219788371352,0.0,4.76837158203125e-07,4.76837158203125e-07,4.76837158203125e-07,0.00968860276043415,7.963523308048025,False,False
885,17.7,-0.11089332401752472,0.15306168794631958,4.809126853942871,0.2890341877937317,-3.038374174479941e-08,-2.168442669869819e-08,1.1558022379176691e-06,2.3126926862460095e-06,8.950550545705482e-05,2.550051192429237e-07,-1.4749301158190065e-07,-5.502576527760539e-07,0.0,0.0,5.0,0.2686219788371352,3.5762786865234375e-07,2.384185791015625e-07,3.5762786865234375e-07,2.384185791015625e-07,0.00968860276043415,7.973211910808459,False,False
886,17.72,-0.11089332401752472,0.15306168794631958,4.809126853942871,0.2890341877937317,-3.315221874800045e-08,-1.677950933753891e-08,1.1487639994811616e-06,2.3145928480516886e-06,8.950492338044569e-05,2.3547849536953436e-07,-1.2934938808939478e-07,-5.008388939131692e-07,0.0,0.0,5.0,0.2686219788371352,2.384185791015625e-07,4.76837158203125e-07,3.5762786865234375e-07,3.5762786865234375e-07,0.00968860276043415,7.982900513568893,False,False
887,17.740000000000002,-0.11089332401752472,0.15306168794631958,4.809126853942871,0.2890341877937317,-3.265967407628523e-08,-1.501761204281138e-08,1.141606503551884e-06,2.3156424049375346e-06,8.95304765435867e-05,-5.92923043996052e-08,1.7860327261587372e-07,-5.24651284194988e-07,0.0,0.0,5.0,0.2686219788371352,3.5762786865234375e-07,3.5762786865234375e-07,2.384185791015625e-07,3.5762786865234375e-07,0.00968860276043415,7.992589116329327,False,False
888,17.76,-0.11089332401752472,0.15306168794631958,4.809126853942871,0.2890341877937317,-3.2035302410804434e-08,-1.3500600637428306e-08,1.1347791541993502e-06,2.316641484867432e-06,8.955602970672771e-05,2.1099017999404168e-07,-1.1616752715326584e-07,-5.484636744768068e-07,0.0,0.0,5.0,0.2686219788371352,2.384185791015625e-07,2.384185791015625e-07,2.384185791015625e-07,1.1920928955078125e-07,0.00968860276043415,8.002277719089761,False,False
889,17.78,-0.11089332401752472,0.15306168794631958,4.809126853942871,0.2890341877937317,-3.4177265462176365e-08,-9.476002205133227e-09,1.1279181535428506e-06,2.316998006790527e-06,8.950317715061828e-05,1.9146355612065236e-07,-9.802396050417883e-08,-5.474782369674358e-07,0.0,0.0,5.0,0.2686219788371352,4.76837158203125e-07,2.384185791015625e-07,3.5762786865234375e-07,2.384185791015625e-07,0.00968860276043415,8.011966321850196,False,False
890,17.8,-0.11089332401752472,0.15306168794631958,4.809126853942871,0.2890341877937317,-3.5956343680254577e-08,-5.841937600337133e-09,1.1208993555555935e-06,2.316518703082693e-06,8.950259507400915e-05,1.7193693224726303e-07,-7.988039385509182e-08,-4.980594781045511e-07,0.0,0.0,5.0,0.2686219788371352,3.5762786865234375e-07,5.960464477539062e-07,3.5762786865234375e-07,3.5762786865234375e-07,0.00968860276043415,8.02165492461063,False,False
891,17.82,-0.11089332401752472,0.15306168794631958,4.809126853942871,0.2890341877937317,-4.050174595704448e-08,-5.350923260039053e-09,1.1135667818962247e-06,2.31539115702617e-06,8.958036050898954e-05,-1.2283386752187653e-07,-3.746512220459408e-07,-5.218718683863699e-07,0.0,0.0,5.0,0.2686219788371352,2.384185791015625e-07,1.1920928955078125e-07,3.5762786865234375e-07,5.960464477539062e-07,0.00968860276043415,8.031343527371064,False,False
892,17.84,-0.11089332401752472,0.15306168794631958,4.809126853942871,0.2890341877937317,-3.9003506202561766e-08,-5.220291310337188e-09,1.1054760307160905e-06,2.3141558358474867e-06,8.960591367213055e-05,1.3589593095275632e-07,5.244723411124141e-07,-5.462654257826216e-07,0.0,0.0,5.0,0.2686219788371352,4.76837158203125e-07,2.384185791015625e-07,2.384185791015625e-07,0.0,0.00968860276043415,8.041032130131498,False,False
893,17.86,-0.11089332401752472,0.15306168794631958,4.809126853942871,0.2890341877937317,-3.134609016797185e-08,3.16126208543821e-10,1.0986759662046097e-06,2.3128013708628714e-06,8.957919635577127e-05,4.177310870545625e-07,2.412540993645962e-07,-5.210633275964938e-07,0.0,0.0,5.0,0.2686219788371352,1.1920928955078125e-07,5.960464477539062e-07,2.384185791015625e-07,2.384185791015625e-07,0.00968860276043415,8.050720732891932,False,False
894,17.88,-0.11089332401752472,0.15306168794631958,4.809126853942871,0.2890341877937317,-3.236682744045538e-08,2.824988021288277e-09,1.0930100415862398e-06,2.3106308617570903e-06,8.957861427916214e-05,-1.668488778250321e-07,-3.43325837093289e-07,-5.685112114406365e-07,0.0,0.0,5.0,0.2686219788371352,3.5762786865234375e-07,0.0,3.5762786865234375e-07,4.76837158203125e-07,0.00968860276043415,8.060409335652366,False,False
895,17.900000000000002,-0.11089332401752472,0.15306168794631958,4.809126853942871,0.2890341877937317,-3.615389232436428e-08,2.1908019842697968e-09,1.0866341426662984e-06,2.308304374309955e-06,8.960416744230315e-05,1.0343359946318742e-07,-3.537317638802051e-08,-5.438902803689416e-07,0.0,0.0,5.0,0.2686219788371352,3.5762786865234375e-07,2.384185791015625e-07,3.5762786865234375e-07,2.384185791015625e-07,0.00968860276043415,8.0700979384128,False,False
896,17.92,-0.11089332401752472,0.15306168794631958,4.809126853942871,0.2890341877937317,-3.667993553335691e-08,4.064238723344715e-09,1.0799562915053684e-06,2.305696170878946e-06,8.960358536569402e-05,8.39069755897981e-08,-1.7229607962576665e-08,-4.944715215060569e-07,0.0,0.0,5.0,0.2686219788371352,2.384185791015625e-07,4.76837158203125e-07,2.384185791015625e-07,3.5762786865234375e-07,0.00968860276043415,8.079786541173235,False,False
897,17.94,-0.11089332401752472,0.15306168794631958,4.809126853942871,0.2890341877937317,-3.6958631710604095e-08,5.431610272665921e-09,1.0732967439253116e-06,2.3027509996609297e-06,8.960300328908488e-05,5.2827711982672554e-08,-1.0638669500906417e-08,-5.425005724646326e-07,0.0,0.0,5.0,0.2686219788371352,3.5762786865234375e-07,1.1920928955078125e-07,3.5762786865234375e-07,3.5762786865234375e-07,0.00968860276043415,8.089475143933669,False,False
898,17.96,-0.11089332401752472,0.15306168794631958,4.809126853942871,0.2890341877937317,-3.4091815592773855e-08,9.191075456271847e-09,1.0668580898709479e-06,2.2994786377239507e-06,8.96285564522259e-05,3.2311021413988783e-07,2.973139885398268e-07,-5.178796413929376e-07,0.0,0.0,5.0,0.2686219788371352,1.1920928955078125e-07,7.152557373046875e-07,1.1920928955078125e-07,2.384185791015625e-07,0.00968860276043415,8.099163746694103,False,False
899,17.98,-0.11089332401752472,0.15306168794631958,4.809126853942871,0.2890341877937317,-3.399133419179634e-08,9.807490819468967e-09,1.0612180858515785e-06,2.295668764418224e-06,8.962797437561676e-05,-2.6146972231799737e-07,-2.8726594791805837e-07,-5.653275252370804e-07,0.0,0.0,5.0,0.2686219788371352,3.5762786865234375e-07,-1.7881393432617188e-07,3.5762786865234375e-07,4.76837158203125e-07,0.00968860276043415,8.108852349454537,False,False
900,18.0,-0.11089332401752472,0.15306168794631958,4.809126853942871,0.2890341877937317,-2.987640357332566e-08,1.481508160594558e-08,1.0554369964665966e-06,2.2918375179870054e-06,8.958821854321286e-05,7.622171551702195e-07,6.98750795891101e-07,-4.771383714796684e-07,0.0,0.0,5.0,0.2686219788371352,2.384185791015625e-07,1.1920928955078125e-06,3.5762786865234375e-07,-1.1920928955078125e-07,0.00968860276043415,8.118540952214971,False,False
901,18.02,-0.11089332401752472,0.15306168794631958,4.809126853942871,0.2890341877937317,-3.2759494672518485e-08,7.550688962965069e-09,1.050958530868229e-06,2.287368033648818e-06,8.961377170635387e-05,-1.4886413737258408e-06,-9.870541362033691e-07,-4.958894237461209e-07,0.0,0.0,5.0,0.2686219788371352,3.5762786865234375e-07,-7.152557373046875e-07,2.384185791015625e-07,1.1920928955078125e-06,0.00968860276043415,8.128229554975405,False,False
902,18.04,-0.11089332401752472,0.15306168794631958,4.809126853942871,0.2890341877937317,-3.397504144686536e-08,2.3305501972714637e-09,1.0441954145790078e-06,2.285103391841403e-06,8.961318962974474e-05,9.666380265116459e-07,8.655017040837265e-07,-4.94346920731914e-07,0.0,0.0,5.0,0.2686219788371352,0.0,1.1920928955078125e-06,3.5762786865234375e-07,-2.384185791015625e-07,0.00968860276043415,8.13791815773584,False,False
903,18.06,-0.11089332401752472,0.15306168794631958,4.809126853942871,0.2890341877937317,-3.352305100179365e-08,-8.453317490442203e-10,1.0386225994807319e-06,2.2824974621471483e-06,8.963874279288575e-05,-1.2842205023844144e-06,-8.203032848541625e-07,-5.130979729983665e-07,0.0,0.0,5.0,0.2686219788371352,3.5762786865234375e-07,-8.940696716308594e-07,2.384185791015625e-07,9.5367431640625e-07,0.00968860276043415,8.147606760496274,False,False
904,18.080000000000002,-0.11089332401752472,0.15306168794631958,4.809126853942871,0.2890341877937317,-3.792435165905772e-08,-8.49782111345121e-09,1.0311856613043346e-06,2.281749857502291e-06,8.958589023677632e-05,5.189884291212365e-07,3.8018208670109743e-07,-4.5576061324936745e-07,0.0,0.0,5.0,0.2686219788371352,0.0,7.152557373046875e-07,3.5762786865234375e-07,2.384185791015625e-07,0.00968860276043415,8.157295363256708,False,False
905,18.1,-0.11089332401752472,0.15306168794631958,4.809126853942871,0.2890341877937317,-3.3152794287616416e-08,-6.977414201969623e-09,1.024176867758797e-06,2.280971557411249e-06,8.961144339991733e-05,-3.669532304684253e-07,9.696387337498891e-08,-4.789918079950439e-07,0.0,0.0,5.0,0.2686219788371352,2.384185791015625e-07,0.0,2.384185791015625e-07,4.76837158203125e-07,0.00968860276043415,8.166983966017142,False,False
906,18.12,-0.11089332401752472,0.15306168794631958,4.809126853942871,0.2890341877937317,-2.8133895213500182e-08,-1.1613713546410054e-08,1.0177316198678454e-06,2.280989065184258e-06,8.958472608355805e-05,-9.667071054764165e-08,4.049165340802574e-07,-5.028041982768627e-07,0.0,0.0,5.0,0.2686219788371352,2.384185791015625e-07,2.384185791015625e-07,1.1920928955078125e-07,3.5762786865234375e-07,0.00968860276043415,8.176672568777576,False,False
907,18.14,-0.11089332401752472,0.15306168794631958,4.809126853942871,0.2890341877937317,-1.6955816306563065e-08,-1.0844225961648135e-08,1.0126101415153244e-06,2.2818651359557407e-06,8.955800876719877e-05,1.7361176674057788e-07,7.128692232072353e-07,-5.266165885586815e-07,0.0,0.0,5.0,0.2686219788371352,5.960464477539062e-07,3.5762786865234375e-07,2.384185791015625e-07,-1.1920928955078125e-07,0.00968860276043415,8.18636117153801,False,False
908,18.16,-0.11089332401752472,0.15306168794631958,4.809126853942871,0.2890341877937317,-1.8803111956344765e-08,-1.1798895194203851e-08,1.009177026389807e-06,2.283000640090904e-06,8.951825293479487e-05,-2.690758833523432e-07,-8.975951573120255e-07,-4.394201482682547e-07,0.0,0.0,5.0,0.2686219788371352,1.1920928955078125e-07,0.0,3.5762786865234375e-07,9.5367431640625e-07,0.00968860276043415,8.196049774298444,False,False
909,18.18,-0.11089332401752472,0.15306168794631958,4.809126853942871,0.2890341877937317,-2.7763956467197204e-08,-1.4593217301239747e-08,1.0038744449047954e-06,2.2841759346192703e-06,8.954380609793589e-05,-1.0346096424029838e-08,1.5284611354360322e-09,-4.638137056645064e-07,0.0,0.0,5.0,0.2686219788371352,2.384185791015625e-07,3.5762786865234375e-07,2.384185791015625e-07,5.960464477539062e-07,0.00968860276043415,8.205738377058879,False,False
910,18.2,-0.11089332401752472,0.15306168794631958,4.809126853942871,0.2890341877937317,-2.4769329698415277e-08,-1.2212780120535172e-08,9.980263939723955e-07,2.285297796333907e-06,8.95693592610769e-05,2.4838371359692246e-07,2.979284943194216e-07,-5.366401865103398e-07,0.0,0.0,5.0,0.2686219788371352,2.384185791015625e-07,2.384185791015625e-07,1.1920928955078125e-07,3.5762786865234375e-07,0.00968860276043415,8.215426979819313,False,False
911,18.22,-0.11089332401752472,0.15306168794631958,4.809126853942871,0.2890341877937317,-1.573105379293338e-08,-4.5420849303923205e-09,9.934967692970531e-07,2.285854407091392e-06,8.954264194471762e-05,5.186661837797146e-07,6.058811550246901e-07,-5.604525767921587e-07,0.0,0.0,5.0,0.2686219788371352,4.76837158203125e-07,4.76837158203125e-07,3.5762786865234375e-07,-1.7881393432617188e-07,0.00968860276043415,8.225115582579747,False,False
912,18.240000000000002,-0.11089332401752472,0.15306168794631958,4.809126853942871,0.2890341877937317,-1.369079960511499e-08,-4.2461536509108555e-09,9.908631000143941e-07,2.2856359009892913e-06,8.950288611231372e-05,-4.890747504759929e-07,-4.0185977923101746e-07,-4.732561365017318e-07,0.0,0.0,5.0,0.2686219788371352,4.76837158203125e-07,0.0,3.5762786865234375e-07,5.960464477539062e-07,0.00968860276043415,8.234804185340181,False,False
913,18.26,-0.11089332401752472,0.15306168794631958,4.809126853942871,0.2890341877937317,-1.5750417858839683e-08,-8.42682457147248e-09,9.875433306660852e-07,2.286079961777432e-06,8.955457451520488e-05,7.101676402498924e-08,1.959020323738514e-07,-4.7343303322122665e-07,0.0,0.0,5.0,0.2686219788371352,3.5762786865234375e-07,4.76837158203125e-07,2.384185791015625e-07,3.5762786865234375e-07,0.00968860276043415,8.244492788100615,False,False
914,18.28,-0.11089332401752472,0.15306168794631958,4.809126853942871,0.2890341877937317,-1.4780061619035223e-08,-4.3035806029934065e-09,9.843569159784238e-07,2.2865788196213543e-06,8.958012767834589e-05,3.412992839457729e-07,-9.886876739528816e-08,-4.972454235030455e-07,0.0,0.0,5.0,0.2686219788371352,1.1920928955078125e-07,5.960464477539062e-07,3.5762786865234375e-07,3.5762786865234375e-07,0.00968860276043415,8.25418139086105,False,False
915,18.3,-0.11089332401752472,0.15306168794631958,4.809126853942871,0.2890341877937317,-1.6691565463133884e-08,-3.4389149305980027e-09,9.812532653086237e-07,2.286259132233681e-06,8.963181608123705e-05,-2.548333100094169e-07,-9.227782982179633e-08,-5.452744744616211e-07,0.0,0.0,5.0,0.2686219788371352,4.76837158203125e-07,-2.384185791015625e-07,2.384185791015625e-07,3.5762786865234375e-07,0.00968860276043415,8.263869993621483,False,False
916,18.32,-0.11089332401752472,0.15306168794631958,4.809126853942871,0.2890341877937317,-1.1690472589975798e-08,4.338378101209628e-09,9.781941798792104e-07,2.2857893782202154e-06,8.9565925009083e-05,1.0325451285098097e-06,5.923770913796034e-07,-4.843287797484663e-07,0.0,0.0,5.0,0.2686219788371352,1.1920928955078125e-07,1.3113021850585938e-06,4.76837158203125e-07,-2.384185791015625e-07,0.00968860276043415,8.273558596381918,False,False
917,18.34,-0.11089332401752472,0.15306168794631958,4.809126853942871,0.2890341877937317,-1.9714757826250207e-08,-1.2864737053419617e-09,9.7629458650772e-07,2.28395788326452e-06,8.961761341197416e-05,-1.595015305611014e-06,-1.3947898196420283e-06,-5.333505441740272e-07,0.0,0.0,5.0,0.2686219788371352,4.76837158203125e-07,-1.430511474609375e-06,2.384185791015625e-07,1.3113021850585938e-06,0.00968860276043415,8.283247199142352,False,False
918,18.36,-0.11089332401752472,0.15306168794631958,4.809126853942871,0.2890341877937317,-1.5668042863126175e-08,4.406310871729602e-09,9.716568456497043e-07,2.2835947675048374e-06,8.956476085586473e-05,2.1642811134370277e-06,1.7994532299780985e-06,-4.841014060730231e-07,0.0,0.0,5.0,0.2686219788371352,0.0,2.2649765014648438e-06,4.76837158203125e-07,-9.5367431640625e-07,0.00968860276043415,8.292935801902786,False,False
919,18.38,-0.11089332401752472,0.15306168794631958,4.809126853942871,0.2890341877937317,-9.896020003452577e-09,1.1447709447054422e-08,9.708686548037804e-07,2.280610942761996e-06,8.961644925875589e-05,-1.4601577049688785e-06,-1.222262312694511e-06,-5.321059006746509e-07,0.0,0.0,5.0,0.2686219788371352,4.76837158203125e-07,-9.5367431640625e-07,2.384185791015625e-07,1.1920928955078125e-06,0.00968860276043415,8.30262440466322,False,False
920,18.400000000000002,-0.11089332401752472,0.15306168794631958,4.809126853942871,0.2890341877937317,-1.2802148674495584e-08,9.810920076347429e-09,9.684511041996302e-07,2.2786207409808412e-06,8.958973194239661e-05,1.296483560508932e-06,9.31655222302652e-07,-5.063467369836872e-07,0.0,0.0,5.0,0.2686219788371352,1.1920928955078125e-07,1.3113021850585938e-06,3.5762786865234375e-07,-4.76837158203125e-07,0.00968860276043415,8.312313007423654,False,False
921,18.42,-0.11089332401752472,0.15306168794631958,4.809126853942871,0.2890341877937317,-1.0418050422345004e-08,1.308767849650394e-08,9.67577648225415e-07,2.2752983568352647e-06,8.9667497377377e-05,-9.688152431408525e-07,-6.932500582479406e-07,-5.863658998350729e-07,0.0,0.0,5.0,0.2686219788371352,2.384185791015625e-07,-7.152557373046875e-07,1.1920928955078125e-07,7.152557373046875e-07,0.00968860276043415,8.322001610184088,False,False
922,18.44,-0.11089332401752472,0.15306168794631958,4.809126853942871,0.2890341877937317,-9.264558897825736e-09,8.729770684112736e-09,9.65737513070053e-07,2.2729670945409453e-06,8.958850958151743e-05,5.330318231244746e-07,8.085970648608054e-07,-5.532452860279591e-07,0.0,0.0,5.0,0.2686219788371352,3.5762786865234375e-07,4.76837158203125e-07,3.5762786865234375e-07,-4.172325134277344e-07,0.00968860276043415,8.331690212944523,False,False
923,18.46,-0.11089332401752472,0.15306168794631958,4.809126853942871,0.2890341877937317,4.5277884219707687e-10,1.2935744919673198e-08,9.656441761762835e-07,2.2705592073180014e-06,8.957483078120276e-05,-1.1244776487728814e-07,1.6311759054588038e-07,-4.970462441633572e-07,0.0,0.0,5.0,0.2686219788371352,3.5762786865234375e-07,3.5762786865234375e-07,3.5762786865234375e-07,2.384185791015625e-07,0.00968860276043415,8.341378815704957,False,False
924,18.48,-0.11089332401752472,0.15306168794631958,4.809126853942871,0.2890341877937317,8.829578179714304e-10,7.854513484062409e-09,9.664771596362698e-07,2.2685189833282493e-06,8.960038394434378e-05,-3.9566597820339666e-07,-1.20100580147664e-07,-4.7184414597722935e-07,0.0,0.0,5.0,0.2686219788371352,3.5762786865234375e-07,1.1920928955078125e-07,2.384185791015625e-07,4.76837158203125e-07,0.00968860276043415,8.35106741846539,False,False
925,18.5,-0.11089332401752472,0.15306168794631958,4.809126853942871,0.2890341877937317,-1.4531901237901934e-09,5.6575815143844466e-09,9.667820677350392e-07,2.267390300403349e-06,8.959980186773464e-05,1.7597830037630047e-07,-1.1350963546874482e-07,-4.714398755822913e-07,0.0,0.0,5.0,0.2686219788371352,1.1920928955078125e-07,5.960464477539062e-07,3.5762786865234375e-07,3.5762786865234375e-07,0.00968860276043415,8.360756021225825,False,False
926,18.52,-0.11089332401752472,0.15306168794631958,4.809126853942871,0.2890341877937317,-3.6575167339236714e-09,3.215764099451235e-09,9.666366622695932e-07,2.2662075025436934e-06,8.96514902706258e-05,-4.201542651571799e-07,-1.0691869789525299e-07,-5.19468926540867e-07,0.0,0.0,5.0,0.2686219788371352,3.5762786865234375e-07,-1.1920928955078125e-07,2.384185791015625e-07,4.76837158203125e-07,0.00968860276043415,8.370444623986259,False,False
927,18.54,-0.11089332401752472,0.15306168794631958,4.809126853942871,0.2890341877937317,1.0507514858204559e-09,7.68657404393025e-09,9.662959428169415e-07,2.265479906782275e-06,8.958559919847175e-05,8.672242302054656e-07,5.777362162007194e-07,-4.5852323182771215e-07,0.0,0.0,5.0,0.2686219788371352,1.1920928955078125e-07,1.0728836059570312e-06,3.5762786865234375e-07,-2.384185791015625e-07,0.00968860276043415,8.380133226746693,False,False
928,18.56,-0.11089332401752472,0.15306168794631958,4.809126853942871,0.2890341877937317,-4.252677765492763e-09,2.5223478861136073e-09,9.67087203207484e-07,2.26384850066097e-06,8.961115236161277e-05,-1.3836342986905947e-06,-1.108068659050332e-06,-4.772742840941646e-07,0.0,0.0,5.0,0.2686219788371352,3.5762786865234375e-07,-7.748603820800781e-07,2.384185791015625e-07,1.1920928955078125e-06,0.00968860276043415,8.389821829507127,False,False
929,18.580000000000002,-0.11089332401752472,0.15306168794631958,4.809126853942871,0.2890341877937317,-7.888563580138452e-09,-5.976233397042563e-10,9.652562766859774e-07,2.2638914742856286e-06,8.961057028500363e-05,1.071645101546892e-06,7.444871812367637e-07,-4.7573178107995773e-07,0.0,0.0,5.0,0.2686219788371352,1.1920928955078125e-07,1.1920928955078125e-06,3.5762786865234375e-07,-2.384185791015625e-07,0.00968860276043415,8.399510432267562,False,False
930,18.6,-0.11089332401752472,0.15306168794631958,4.809126853942871,0.2890341877937317,-9.856908178562662e-09,-1.6733371355215354e-09,9.642777740737074e-07,2.263063151985989e-06,8.963612344814464e-05,-1.1792134273491683e-06,-9.413178077011253e-07,-4.944828333464102e-07,0.0,0.0,5.0,0.2686219788371352,2.384185791015625e-07,-7.152557373046875e-07,2.384185791015625e-07,1.1920928955078125e-06,0.00968860276043415,8.409199035027996,False,False
931,18.62,-0.11089332401752472,0.15306168794631958,4.809126853942871,0.2890341877937317,-7.144034697148527e-09,-3.718453989165482e-09,9.616414899937809e-07,2.2635281311522704e-06,8.960940613178536e-05,9.747041076479945e-07,1.2125997272960376e-06,-5.171569910089602e-07,0.0,0.0,5.0,0.2686219788371352,1.1920928955078125e-07,1.0728836059570312e-06,2.384185791015625e-07,-2.980232238769531e-07,0.00968860276043415,8.41888763778843,False,False
932,18.64,-0.11089332401752472,0.15306168794631958,4.809126853942871,0.2890341877937317,-2.763622664048171e-09,-4.096023076272104e-09,9.612366511646542e-07,2.26353563448356e-06,8.960882405517623e-05,-1.0124628033736371e-06,-7.745671268821752e-07,-5.601247039521695e-07,0.0,0.0,5.0,0.2686219788371352,3.5762786865234375e-07,-8.940696716308594e-07,2.384185791015625e-07,8.344650268554688e-07,0.00968860276043415,8.428576240548864,False,False
933,18.66,-0.11089332401752472,0.15306168794631958,4.809126853942871,0.2890341877937317,-6.250180817346518e-09,-6.313250366929424e-09,9.59610929385235e-07,2.264694558107294e-06,8.95559714990668e-05,7.907461281320138e-07,4.259182446730847e-07,-5.027874294682988e-07,0.0,0.0,5.0,0.2686219788371352,0.0,1.0728836059570312e-06,3.5762786865234375e-07,0.0,0.00968860276043415,8.438264843309298,False,False
934,18.68,-0.11089332401752472,0.15306168794631958,4.809126853942871,0.2890341877937317,-7.344658214947231e-09,-5.761677801530141e-09,9.584424560671323e-07,2.2650774553767405e-06,8.964683365775272e-05,-7.355893671956437e-07,-5.353638812266581e-07,-5.835328238390503e-07,0.0,0.0,5.0,0.2686219788371352,2.384185791015625e-07,-7.748603820800781e-07,1.1920928955078125e-07,7.152557373046875e-07,0.00968860276043415,8.447953446069732,False,False
935,18.7,-0.11089332401752472,0.15306168794631958,4.809126853942871,0.2890341877937317,-3.033379547545678e-09,-5.454963147855096e-09,9.565000027578208e-07,2.2661561160930432e-06,8.956784586189315e-05,7.662578127565212e-07,9.66483185038669e-07,-5.504122100319364e-07,0.0,0.0,5.0,0.2686219788371352,3.5762786865234375e-07,7.152557373046875e-07,3.5762786865234375e-07,-4.172325134277344e-07,0.00968860276043415,8.457642048830166,False,False
936,18.72,-0.11089332401752472,0.15306168794631958,4.809126853942871,0.2890341877937317,6.828064336161788e-09,4.019446997460818e-10,9.569580470270012e-07,2.2665667529508937e-06,8.958030230132863e-05,-1.8058355522043712e-07,1.9641813508997075e-08,-5.184293740967405e-07,0.0,0.0,5.0,0.2686219788371352,3.5762786865234375e-07,1.1920928955078125e-07,1.1920928955078125e-07,3.5762786865234375e-07,0.00968860276043415,8.4673306515906,False,False
937,18.740000000000002,-0.11089332401752472,0.15306168794631958,4.809126853942871,0.2890341877937317,7.286818703988729e-09,2.506758134401821e-09,9.582993243384408e-07,2.2668866677122423e-06,8.95797202247195e-05,3.9106072335926e-07,2.6232751082488903e-08,-5.180251037018024e-07,0.0,0.0,5.0,0.2686219788371352,1.1920928955078125e-07,4.76837158203125e-07,3.5762786865234375e-07,2.384185791015625e-07,0.00968860276043415,8.477019254351035,False,False
938,18.76,-0.11089332401752472,0.15306168794631958,4.809126853942871,0.2890341877937317,7.992924544453217e-09,4.482213711298755e-09,9.599643817637116e-07,2.2664953576168045e-06,8.957913814811036e-05,-1.9351924152033462e-07,4.437631773157591e-08,-5.170396661924315e-07,0.0,0.0,5.0,0.2686219788371352,3.5762786865234375e-07,1.1920928955078125e-07,1.1920928955078125e-07,3.5762786865234375e-07,0.00968860276043415,8.486707857111469,False,False
939,18.78,-0.11089332401752472,0.15306168794631958,4.809126853942871,0.2890341877937317,8.946378748930783e-09,6.3283120965706985e-09,9.6178723651974e-07,2.2661465663986746e-06,8.957855607150123e-05,3.781250370593625e-07,5.096725530506774e-08,-5.166353957974934e-07,0.0,0.0,5.0,0.2686219788371352,1.1920928955078125e-07,4.76837158203125e-07,3.5762786865234375e-07,1.1920928955078125e-07,0.00968860276043415,8.496396459871903,False,False
940,18.8,-0.11089332401752472,0.15306168794631958,4.809126853942871,0.2890341877937317,1.0147182649689057e-08,8.045051735905417e-09,9.640124289944652e-07,2.2651627205050318e-06,8.957797399489209e-05,-2.064549136093774e-07,6.911082550686842e-08,-5.156499582881224e-07,0.0,0.0,5.0,0.2686219788371352,3.5762786865234375e-07,1.1920928955078125e-07,2.384185791015625e-07,2.384185791015625e-07,0.00968860276043415,8.506085062632337,False,False
941,18.82,-0.11089332401752472,0.15306168794631958,4.809126853942871,0.2890341877937317,8.697189635142877e-09,6.7342722509522446e-09,9.662808224675246e-07,2.2644023829343496e-06,8.955125667853281e-05,7.538018564900995e-08,-2.1410734518667596e-07,-4.904478601019946e-07,0.0,0.0,5.0,0.2686219788371352,2.384185791015625e-07,3.5762786865234375e-07,3.5762786865234375e-07,2.384185791015625e-07,0.00968860276043415,8.515773665392771,False,False
942,18.84,-0.11089332401752472,0.15306168794631958,4.809126853942871,0.2890341877937317,4.596397928935403e-09,2.3959723094435503e-09,9.67897449299926e-07,2.2636970697931247e-06,8.955067460192367e-05,-5.0919976501973e-07,-1.959637216941701e-07,-4.894624225926236e-07,0.0,0.0,5.0,0.2686219788371352,3.5762786865234375e-07,0.0,2.384185791015625e-07,4.76837158203125e-07,0.00968860276043415,8.525462268153206,False,False
943,18.86,-0.11089332401752472,0.15306168794631958,4.809126853942871,0.2890341877937317,7.429577508766272e-10,-2.071685489823949e-09,9.684149517852347e-07,2.2639528651779983e-06,8.955009252531454e-05,6.244451355996716e-08,-1.8937278412067826e-07,-4.890581521976856e-07,0.0,0.0,5.0,0.2686219788371352,2.384185791015625e-07,3.5762786865234375e-07,3.5762786865234375e-07,3.5762786865234375e-07,0.00968860276043415,8.53515087091364,False,False
944,18.88,-0.11089332401752472,0.15306168794631958,4.809126853942871,0.2890341877937317,3.501484518997344e-11,-3.770539436231957e-09,9.682710242486792e-07,2.2643876036454458e-06,8.957564568845555e-05,-2.323262862091724e-07,1.1857987658459024e-07,-5.128705424795044e-07,0.0,0.0,5.0,0.2686219788371352,4.76837158203125e-07,-5.960464477539063e-08,2.384185791015625e-07,3.5762786865234375e-07,0.00968860276043415,8.544839473674074,False,False
945,18.900000000000002,-0.11089332401752472,0.15306168794631958,4.809126853942871,0.2890341877937317,2.472569482492304e-09,-2.700589307735868e-09,9.682389645604417e-07,2.2652461666439194e-06,8.957506361184642e-05,3.3931797815967e-07,1.2517077152551792e-07,-5.124662720845663e-07,0.0,0.0,5.0,0.2686219788371352,2.384185791015625e-07,4.76837158203125e-07,2.384185791015625e-07,2.384185791015625e-07,0.00968860276043415,8.554528076434508,False,False
946,18.92,-0.11089332401752472,0.15306168794631958,4.809126853942871,0.2890341877937317,2.143796917764007e-09,8.769518999862669e-10,9.687303190730745e-07,2.2655165139440214e-06,8.954834629548714e-05,1.842957964015568e-08,-1.5804739916802646e-07,-5.356974952519522e-07,0.0,0.0,5.0,0.2686219788371352,2.384185791015625e-07,0.0,2.384185791015625e-07,2.384185791015625e-07,0.00968860276043415,8.564216679194942,False,False
947,18.94,-0.11089332401752472,0.15306168794631958,4.809126853942871,0.2890341877937317,-8.357736169806174e-10,1.0502636538234356e-09,9.689377975519164e-07,2.265376679133624e-06,8.949549373937771e-05,-1.09706199680204e-09,-1.399037756755206e-07,-5.347120577425812e-07,0.0,0.0,5.0,0.2686219788371352,4.76837158203125e-07,1.1920928955078125e-07,3.5762786865234375e-07,3.5762786865234375e-07,0.00968860276043415,8.573905281955376,False,False
948,18.96,-0.11089332401752472,0.15306168794631958,4.809126853942871,0.2890341877937317,-5.54316925693854e-10,3.731198905398969e-09,9.688083082437515e-07,2.2649737729807384e-06,8.952104690251872e-05,2.69185420620488e-07,1.680488850297479e-07,-5.100911266708863e-07,0.0,0.0,5.0,0.2686219788371352,2.384185791015625e-07,5.960464477539062e-07,3.5762786865234375e-07,2.384185791015625e-07,0.00968860276043415,8.58359388471581,False,False
949,18.98,-0.11089332401752472,0.15306168794631958,4.809126853942871,0.2890341877937317,-2.551038894016422e-11,2.5542734594097283e-10,9.690398883321905e-07,2.2642925614491105e-06,8.954660006565973e-05,-6.167562105474644e-07,-1.1516928566379647e-07,-5.333223498382722e-07,0.0,0.0,5.0,0.2686219788371352,5.960464477539062e-07,-2.384185791015625e-07,2.384185791015625e-07,4.76837158203125e-07,0.00968860276043415,8.593282487476245,False,False
950,19.0,-0.11089332401752472,0.15306168794631958,4.809126853942871,0.2890341877937317,1.5040649836706166e-09,3.8077789810131435e-09,9.68998051575909e-07,2.264443537569605e-06,8.950684423325583e-05,9.719838089949917e-07,2.68123841351553e-07,-4.481599944483605e-07,0.0,0.0,5.0,0.2686219788371352,0.0,1.3113021850585938e-06,3.5762786865234375e-07,2.384185791015625e-07,0.00968860276043415,8.602971090236679,False,False
951,19.02,-0.11089332401752472,0.15306168794631958,4.809126853942871,0.2890341877937317,-5.760038668256584e-09,4.217049376364912e-09,9.694701930129668e-07,2.263128862978192e-06,8.96238416316919e-05,-9.310535915574292e-07,-9.945199508365477e-07,-5.591761009782203e-07,0.0,0.0,5.0,0.2686219788371352,3.5762786865234375e-07,-7.748603820800781e-07,2.384185791015625e-07,8.344650268554688e-07,0.00968860276043415,8.612659692997113,False,False
952,19.04,-0.11089332401752472,0.15306168794631958,4.809126853942871,0.2890341877937317,-1.3645738761169923e-08,3.6280112247766283e-09,9.6742371624714e-07,2.2623155473411316e-06,8.957098907558247e-05,8.721553399482218e-07,2.0596542071871227e-07,-5.018388264943496e-07,0.0,0.0,5.0,0.2686219788371352,-1.1920928955078125e-07,9.5367431640625e-07,4.76837158203125e-07,2.384185791015625e-07,0.00968860276043415,8.622348295757547,False,False
953,19.06,-0.11089332401752472,0.15306168794631958,4.809126853942871,0.2890341877937317,-4.824393329272425e-09,5.0544373131344855e-09,9.658228918851819e-07,2.260431529066409e-06,8.953123324317858e-05,-7.295204227375507e-07,6.761516146980284e-07,-5.886382723474526e-07,0.0,0.0,5.0,0.2686219788371352,9.5367431640625e-07,-2.384185791015625e-07,3.5762786865234375e-07,-5.960464477539063e-08,0.00968860276043415,8.632036898517981,False,False
954,19.080000000000002,-0.11089332401752472,0.15306168794631958,4.809126853942871,0.2890341877937317,1.2647440428281698e-08,8.164405262967023e-10,9.663152695793542e-07,2.260270548504195e-06,8.949147741077468e-05,3.057190269828425e-07,1.0709975413192296e-06,-4.5143463012209395e-07,0.0,0.0,5.0,0.2686219788371352,4.76837158203125e-07,9.5367431640625e-07,2.384185791015625e-07,-1.7881393432617188e-07,0.00968860276043415,8.641725501278415,False,False
955,19.1,-0.11089332401752472,0.15306168794631958,4.809126853942871,0.2890341877937317,1.796285431510114e-08,-3.146634064421505e-09,9.696692586658173e-07,2.261116833324195e-06,8.945172157837078e-05,-7.020219072728651e-07,-5.394668960434501e-07,-4.126712838115054e-07,0.0,0.0,5.0,0.2686219788371352,4.76837158203125e-07,2.384185791015625e-07,1.1920928955078125e-07,9.5367431640625e-07,0.00968860276043415,8.65141410403885,False,False
956,19.12,-0.11089332401752472,0.15306168794631958,4.809126853942871,0.2890341877937317,1.0137362949080853e-08,-8.572683007912474e-09,9.719243507788633e-07,2.263206852148869e-06,8.947727474151179e-05,1.59431493784723e-07,-2.4306683599206735e-07,-4.3706484120775713e-07,0.0,0.0,5.0,0.2686219788371352,4.76837158203125e-07,5.960464477539062e-07,3.5762786865234375e-07,4.76837158203125e-07,0.00968860276043415,8.661102706799284,False,False
957,19.14,-0.11089332401752472,0.15306168794631958,4.809126853942871,0.2890341877937317,2.3281641059469393e-09,-8.331801915062442e-09,9.72832708612259e-07,2.265111106680706e-06,8.955504017649218e-05,-1.3533930598441657e-07,-5.378377068154805e-07,-4.6087723148957593e-07,0.0,0.0,5.0,0.2686219788371352,2.384185791015625e-07,1.1920928955078125e-07,2.384185791015625e-07,7.152557373046875e-07,0.00968860276043415,8.670791309559718,False,False
958,19.16,-0.11089332401752472,0.15306168794631958,4.809126853942871,0.2890341877937317,-2.451065794772944e-09,-5.4376450009385735e-09,9.72246311903291e-07,2.266571073050727e-06,8.955445809988305e-05,4.2475221562199295e-07,5.992410478938837e-08,-5.094873927191657e-07,0.0,0.0,5.0,0.2686219788371352,2.384185791015625e-07,4.76837158203125e-07,3.5762786865234375e-07,2.384185791015625e-07,0.00968860276043415,8.680479912320152,False,False
959,19.18,-0.11089332401752472,0.15306168794631958,4.809126853942871,0.2890341877937317,-1.071120858675556e-09,-2.7883426678698697e-09,9.717074362924905e-07,2.267090621899115e-06,8.955387602327392e-05,-1.5982774925760168e-07,7.806767143847537e-08,-5.085019552097947e-07,0.0,0.0,5.0,0.2686219788371352,3.5762786865234375e-07,1.1920928955078125e-07,2.384185791015625e-07,2.384185791015625e-07,0.00968860276043415,8.690168515080586,False,False
960,19.2,-0.11089332401752472,0.15306168794631958,4.809126853942871,0.2890341877937317,-2.3419741701502517e-09,-3.1665605693120824e-09,9.712977089293418e-07,2.2676679236610653e-06,8.952715870691463e-05,1.2200735000078566e-07,-2.05150499255069e-07,-4.832998570236668e-07,0.0,0.0,5.0,0.2686219788371352,2.384185791015625e-07,3.5762786865234375e-07,3.5762786865234375e-07,3.5762786865234375e-07,0.00968860276043415,8.69985711784102,False,False
961,19.22,-0.11089332401752472,0.15306168794631958,4.809126853942871,0.2890341877937317,-3.365478118411147e-09,-3.674136994646915e-09,9.70515543485817e-07,2.268029902552371e-06,8.955271187005565e-05,-1.727634497683539e-07,1.0280216145019949e-07,-5.071122473054857e-07,0.0,0.0,5.0,0.2686219788371352,4.76837158203125e-07,1.1920928955078125e-07,2.384185791015625e-07,2.384185791015625e-07,0.00968860276043415,8.709545720601454,False,False
962,19.240000000000002,-0.11089332401752472,0.15306168794631958,4.809126853942871,0.2890341877937317,-4.141631926302125e-09,-4.3110710556959475e-09,9.696592542240978e-07,2.2686790543957613e-06,8.952599455369636e-05,1.090716423846061e-07,-1.804160092433449e-07,-4.819101491193578e-07,0.0,0.0,5.0,0.2686219788371352,3.5762786865234375e-07,3.5762786865234375e-07,3.5762786865234375e-07,3.5762786865234375e-07,0.00968860276043415,8.719234323361889,False,False
963,19.26,-0.11089332401752472,0.15306168794631958,4.809126853942871,0.2890341877937317,-7.684112013350841e-09,-2.063706316945968e-09,9.684002861831686e-07,2.2689878278470132e-06,8.957768295658752e-05,1.1566257995809792e-07,-1.7382512851327192e-07,-4.815058787244197e-07,0.0,0.0,5.0,0.2686219788371352,2.384185791015625e-07,3.5762786865234375e-07,3.5762786865234375e-07,4.76837158203125e-07,0.00968860276043415,8.728922926122323,False,False
964,19.28,-0.11089332401752472,0.15306168794631958,4.809126853942871,0.2890341877937317,-8.081095792533688e-09,-2.6981770151479623e-09,9.667236327004503e-07,2.2688695935357828e-06,8.960323611972854e-05,-1.79108226916469e-07,1.3412753219199658e-07,-5.053182690062386e-07,0.0,0.0,5.0,0.2686219788371352,2.384185791015625e-07,1.1920928955078125e-07,2.384185791015625e-07,3.5762786865234375e-07,0.00968860276043415,8.738611528882757,False,False
965,19.3,-0.11089332401752472,0.15306168794631958,4.809126853942871,0.2890341877937317,-2.3189057340999852e-09,-3.577501628271307e-09,9.653857659941423e-07,2.269193373649614e-06,8.957651880336925e-05,9.117423616089582e-08,4.420801928972651e-07,-5.291306592880574e-07,0.0,0.0,5.0,0.2686219788371352,3.5762786865234375e-07,2.384185791015625e-07,2.384185791015625e-07,0.0,0.00968860276043415,8.748300131643191,False,False
966,19.32,-0.11089332401752472,0.15306168794631958,4.809126853942871,0.2890341877937317,3.690633576525215e-09,1.064455412702614e-09,9.654193036112702e-07,2.2696149244438857e-06,8.954980148700997e-05,3.7300938515727466e-07,1.5886196536030184e-07,-5.039285611019295e-07,0.0,0.0,5.0,0.2686219788371352,0.0,7.152557373046875e-07,2.384185791015625e-07,2.384185791015625e-07,0.00968860276043415,8.757988734403625,False,False
967,19.34,-0.11089332401752472,0.15306168794631958,4.809126853942871,0.2890341877937317,1.0220206902999962e-09,2.6788595786086944e-09,9.66226707532769e-07,2.2692963739245897e-06,8.954921941040084e-05,-2.1157053708975582e-07,-4.257179853084381e-07,-5.513764449460723e-07,0.0,0.0,5.0,0.2686219788371352,3.5762786865234375e-07,-1.1920928955078125e-07,3.5762786865234375e-07,3.5762786865234375e-07,0.00968860276043415,8.76767733716406,False,False
968,19.36,-0.11089332401752472,0.15306168794631958,4.809126853942871,0.2890341877937317,2.3678543570326838e-09,8.684437169392822e-09,9.664281606092118e-07,2.268613798150909e-06,8.950946357799694e-05,8.121163546093157e-07,5.602987585007213e-07,-4.6318723434524145e-07,0.0,0.0,5.0,0.2686219788371352,3.5762786865234375e-07,1.1920928955078125e-06,4.76837158203125e-07,-1.1920928955078125e-07,0.00968860276043415,8.777365939924493,False,False
969,19.38,-0.11089332401752472,0.15306168794631958,4.809126853942871,0.2890341877937317,-6.29800789297974e-09,5.431689320545274e-09,9.673586873759632e-07,2.2667493340122746e-06,8.95611519808881e-05,-1.1373803090464207e-06,-1.4268681525209104e-06,-4.5772162593493704e-07,0.0,0.0,5.0,0.2686219788371352,2.384185791015625e-07,-6.556510925292969e-07,3.5762786865234375e-07,1.3113021850585938e-06,0.00968860276043415,8.787054542684928,False,False
970,19.400000000000002,-0.11089332401752472,0.15306168794631958,4.809126853942871,0.2890341877937317,-6.659968132538552e-09,4.832241273788895e-09,9.653610959503567e-07,2.265840976178879e-06,8.959974366007373e-05,1.0774368774946197e-06,1.3906728781876154e-06,-4.871763508162985e-07,0.0,0.0,5.0,0.2686219788371352,1.1920928955078125e-07,1.5497207641601562e-06,3.5762786865234375e-07,-5.364418029785156e-07,0.00968860276043415,8.796743145445362,False,False
971,19.42,-0.11089332401752472,0.15306168794631958,4.809126853942871,0.2890341877937317,2.1220469825777855e-09,1.6988168649589852e-09,9.658384669819498e-07,2.2644453565590084e-06,8.959916158346459e-05,-1.3907782658861834e-06,-5.124886683915975e-07,-4.873291459261964e-07,0.0,0.0,5.0,0.2686219788371352,5.960464477539062e-07,-6.556510925292969e-07,1.1920928955078125e-07,9.5367431640625e-07,0.00968860276043415,8.806431748205796,False,False
972,19.44,-0.11089332401752472,0.15306168794631958,4.809126853942871,0.2890341877937317,8.6348472816411e-10,-5.071174147275315e-09,9.65592903412471e-07,2.265337798235123e-06,8.957244426710531e-05,7.137925308597914e-07,3.8663492318846693e-07,-4.0577521076556877e-07,0.0,0.0,5.0,0.2686219788371352,-5.960464477539063e-08,9.5367431640625e-07,2.384185791015625e-07,2.384185791015625e-07,0.00968860276043415,8.81612035096623,False,False
973,19.46,-0.11089332401752472,0.15306168794631958,4.809126853942871,0.2890341877937317,2.750421446151563e-09,3.3590445980280492e-09,9.660672048994456e-07,2.2655658540315926e-06,8.957186219049618e-05,1.2921250913677795e-07,-1.9794501326941827e-07,-4.532228672360361e-07,0.0,0.0,5.0,0.2686219788371352,1.1920928955078125e-07,3.5762786865234375e-07,3.5762786865234375e-07,4.76837158203125e-07,0.00968860276043415,8.825808953726664,False,False
974,19.48,-0.11089332401752472,0.15306168794631958,4.809126853942871,0.2890341877937317,1.871030663735951e-09,2.995575121289562e-09,9.666231335359043e-07,2.26497718358587e-06,8.959741535363719e-05,-1.655582906323616e-07,1.1000764743585023e-07,-4.770352575178549e-07,0.0,0.0,5.0,0.2686219788371352,2.384185791015625e-07,3.5762786865234375e-07,2.384185791015625e-07,4.76837158203125e-07,0.00968860276043415,8.835497556487098,False,False
975,19.5,-0.11089332401752472,0.15306168794631958,4.809126853942871,0.2890341877937317,4.137136855320023e-09,-6.264390672860998e-10,9.672412488725968e-07,2.264861677758745e-06,8.959683327702805e-05,-1.966375435813461e-07,1.1659858500934206e-07,-5.250643084764306e-07,0.0,0.0,5.0,0.2686219788371352,3.5762786865234375e-07,1.1920928955078125e-07,2.384185791015625e-07,3.5762786865234375e-07,0.00968860276043415,8.845186159247532,False,False
976,19.52,-0.11089332401752472,0.15306168794631958,4.809126853942871,0.2890341877937317,6.535064933643753e-09,1.1572994784714297e-09,9.681707524578087e-07,2.265298689962947e-06,8.959625120041892e-05,3.750067207874963e-07,1.2318949416112446e-07,-5.246600380814925e-07,0.0,0.0,5.0,0.2686219788371352,1.1920928955078125e-07,4.76837158203125e-07,2.384185791015625e-07,2.384185791015625e-07,0.00968860276043415,8.854874762007967,False,False
977,19.54,-0.11089332401752472,0.15306168794631958,4.809126853942871,0.2890341877937317,6.166666288720535e-09,5.448628215276585e-09,9.696558436189662e-07,2.265011517010862e-06,8.956953388405964e-05,5.411832049162513e-08,-1.6002867653241992e-07,-5.478912612488784e-07,0.0,0.0,5.0,0.2686219788371352,3.5762786865234375e-07,1.1920928955078125e-07,3.5762786865234375e-07,1.1920928955078125e-07,0.00968860276043415,8.8645633647684,False,False
978,19.56,-0.11089332401752472,0.15306168794631958,4.809126853942871,0.2890341877937317,3.1474689521360233e-09,6.335727498196775e-09,9.708896868687589e-07,2.2641770556219853e-06,8.95689518074505e-05,3.459166464381269e-08,-1.4188505303991406e-07,-4.984725023859937e-07,0.0,0.0,5.0,0.2686219788371352,2.384185791015625e-07,3.5762786865234375e-07,2.384185791015625e-07,2.384185791015625e-07,0.00968860276043415,8.874251967528835,False,False
979,19.580000000000002,-0.11089332401752472,0.15306168794631958,4.809126853942871,0.2890341877937317,-2.5225252997529424e-09,3.8185987705219304e-09,9.71424583440239e-07,2.263157057313947e-06,8.954223449109122e-05,-2.8629671078306274e-07,-4.251032805768773e-07,-5.217037255533796e-07,0.0,0.0,5.0,0.2686219788371352,3.5762786865234375e-07,1.1920928955078125e-07,3.5762786865234375e-07,5.960464477539062e-07,0.00968860276043415,8.883940570289269,False,False
980,19.6,-0.11089332401752472,0.15306168794631958,4.809126853942871,0.2890341877937317,-5.047022799686829e-09,3.693563899176411e-09,9.707171102490975e-07,2.262364432681352e-06,8.959392289398238e-05,2.737948534559109e-07,1.7265853102799156e-07,-5.218806222728745e-07,0.0,0.0,5.0,0.2686219788371352,2.384185791015625e-07,4.76837158203125e-07,2.384185791015625e-07,2.384185791015625e-07,0.00968860276043415,8.893629173049703,False,False
981,19.62,-0.11089332401752472,0.15306168794631958,4.809126853942871,0.2890341877937317,-4.426021327219587e-09,5.960622662115611e-09,9.701977887743851e-07,2.2611432086705463e-06,8.95672055776231e-05,-4.7093539734532897e-08,-1.1055963966555282e-07,-5.451118454402604e-07,0.0,0.0,5.0,0.2686219788371352,3.5762786865234375e-07,0.0,3.5762786865234375e-07,2.384185791015625e-07,0.00968860276043415,8.903317775810137,False,False
982,19.64,-0.11089332401752472,0.15306168794631958,4.809126853942871,0.2890341877937317,-6.455818102324429e-09,4.8234531924151725e-09,9.694999789644498e-07,2.2598110263061244e-06,8.956662350101396e-05,-6.662018137149062e-08,-9.241607301646582e-08,-4.956930865773757e-07,0.0,0.0,5.0,0.2686219788371352,2.384185791015625e-07,2.384185791015625e-07,3.5762786865234375e-07,3.5762786865234375e-07,0.00968860276043415,8.913006378570572,False,False
983,19.66,-0.11089332401752472,0.15306168794631958,4.809126853942871,0.2890341877937317,-2.210912564137857e-09,3.1802496192057106e-09,9.686796147434507e-07,2.2587164494325407e-06,8.956604142440483e-05,-9.769943432047512e-08,5.168984102965624e-07,-4.952888161824376e-07,0.0,0.0,5.0,0.2686219788371352,4.76837158203125e-07,3.5762786865234375e-07,2.384185791015625e-07,0.0,0.00968860276043415,8.922694981331006,False,False
984,19.68,-0.11089332401752472,0.15306168794631958,4.809126853942871,0.2890341877937317,2.2813437805524472e-09,1.030979412952604e-09,9.689406397228595e-07,2.2583290046895854e-06,8.95654593477957e-05,-1.1722605819386445e-07,-6.768156879388698e-08,-4.943033786730666e-07,0.0,0.0,5.0,0.2686219788371352,2.384185791015625e-07,2.384185791015625e-07,2.384185791015625e-07,3.5762786865234375e-07,0.00968860276043415,8.93238358409144,False,False
985,19.7,-0.11089332401752472,0.15306168794631958,4.809126853942871,0.2890341877937317,4.007272735861989e-09,1.3892993422359723e-09,9.694583695818437e-07,2.258330823678989e-06,8.953874203143641e-05,1.5305641909435508e-07,2.402710777005268e-07,-5.181157689548854e-07,0.0,0.0,5.0,0.2686219788371352,3.5762786865234375e-07,3.5762786865234375e-07,2.384185791015625e-07,2.384185791015625e-07,0.00968860276043415,8.942072186851874,False,False
986,19.72,-0.11089332401752472,0.15306168794631958,4.809126853942871,0.2890341877937317,2.9668743017907673e-09,4.255209518078118e-09,9.704565400170395e-07,2.258080030514975e-06,8.953815995482728e-05,1.3352979522096575e-07,-3.443088871790678e-07,-5.171303314455145e-07,0.0,0.0,5.0,0.2686219788371352,2.384185791015625e-07,2.384185791015625e-07,3.5762786865234375e-07,4.76837158203125e-07,0.00968860276043415,8.951760789612308,False,False
987,19.740000000000002,-0.11089332401752472,0.15306168794631958,4.809126853942871,0.2890341877937317,2.1738253419556486e-09,6.615052505765107e-09,9.710596486911527e-07,2.257166443087044e-06,8.953757787821814e-05,1.0245054227198125e-07,2.650055535013962e-07,-5.167260610505764e-07,0.0,0.0,5.0,0.2686219788371352,3.5762786865234375e-07,4.76837158203125e-07,2.384185791015625e-07,1.1920928955078125e-07,0.00968860276043415,8.961449392372742,False,False
988,19.76,-0.11089332401752472,0.15306168794631958,4.809126853942871,0.2890341877937317,1.6281267445350522e-09,8.468828305296938e-09,9.720209845909267e-07,2.2559256649401505e-06,8.953699580160901e-05,8.292391839859192e-08,-3.19574382956489e-07,-5.157406235412054e-07,0.0,0.0,5.0,0.2686219788371352,2.384185791015625e-07,3.5762786865234375e-07,3.5762786865234375e-07,3.5762786865234375e-07,0.00968860276043415,8.971137995133176,False,False
989,19.78,-0.11089332401752472,0.15306168794631958,4.809126853942871,0.2890341877937317,-1.6838994643109118e-09,7.179556060776804e-09,9.724286655909964e-07,2.2543297291122144e-06,8.956254896475002e-05,-2.1184688137054764e-07,-1.162172225122049e-08,-5.395530138230242e-07,0.0,0.0,5.0,0.2686219788371352,4.76837158203125e-07,0.0,3.5762786865234375e-07,2.384185791015625e-07,0.00968860276043415,8.98082659789361,False,False
990,19.8,-0.11089332401752472,0.15306168794631958,4.809126853942871,0.2890341877937317,-1.7348992242816053e-09,2.7472688568508374e-09,9.72396946963272e-07,2.2532410639541922e-06,8.956196688814089e-05,-2.3137350524393696e-07,6.521853279650713e-09,-4.901342549601395e-07,0.0,0.0,5.0,0.2686219788371352,3.5762786865234375e-07,2.384185791015625e-07,3.5762786865234375e-07,3.5762786865234375e-07,0.00968860276043415,8.990515200654045,False,False
991,19.82,-0.11089332401752472,0.15306168794631958,4.809126853942871,0.2890341877937317,1.4751274646229717e-09,8.226050396409335e-10,9.723216862767003e-07,2.252919784950791e-06,8.95875200512819e-05,3.8908968491568885e-08,3.14474505103135e-07,-4.655133238884446e-07,0.0,0.0,5.0,0.2686219788371352,2.384185791015625e-07,4.76837158203125e-07,2.384185791015625e-07,2.384185791015625e-07,0.00968860276043415,9.000203803414479,False,False
992,19.84,-0.11089332401752472,0.15306168794631958,4.809126853942871,0.2890341877937317,4.932503294696744e-09,-1.6081259657241276e-09,9.729869816510472e-07,2.253058937640162e-06,8.956080273492262e-05,-2.8197942469887494e-07,3.125632019873592e-08,-4.887445470558305e-07,0.0,0.0,5.0,0.2686219788371352,3.5762786865234375e-07,1.1920928955078125e-07,2.384185791015625e-07,2.384185791015625e-07,0.00968860276043415,9.009892406174913,False,False
993,19.86,-0.11089332401752472,0.15306168794631958,4.809126853942871,0.2890341877937317,2.7254047907376844e-09,-4.4294288237267665e-09,9.736354513734113e-07,2.253928414575057e-06,8.953408541856334e-05,-1.4429919759084697e-10,-2.519618647056632e-07,-4.6354244886970264e-07,0.0,0.0,5.0,0.2686219788371352,2.384185791015625e-07,3.5762786865234375e-07,3.5762786865234375e-07,3.5762786865234375e-07,0.00968860276043415,9.019581008935347,False,False
994,19.88,-0.11089332401752472,0.15306168794631958,4.809126853942871,0.2890341877937317,7.656557610147274e-10,-7.380088540287488e-09,9.73598844211665e-07,2.2549893401446752e-06,8.955963858170435e-05,-2.9491511099877243e-07,5.5990795999605325e-08,-4.873548391515214e-07,0.0,0.0,5.0,0.2686219788371352,4.76837158203125e-07,1.1920928955078125e-07,2.384185791015625e-07,3.5762786865234375e-07,0.00968860276043415,9.029269611695781,False,False
995,19.900000000000002,-0.11089332401752472,0.15306168794631958,4.809126853942871,0.2890341877937317,1.9514041493806644e-09,-7.561943959899509e-09,9.733688557389542e-07,2.256639618281042e-06,8.955905650509521e-05,2.767291675809247e-07,6.258173357309715e-08,-4.869505687565834e-07,0.0,0.0,5.0,0.2686219788371352,2.384185791015625e-07,5.960464477539062e-07,2.384185791015625e-07,3.5762786865234375e-07,0.00968860276043415,9.038958214456216,False,False
996,19.92,-0.11089332401752472,0.15306168794631958,4.809126853942871,0.2890341877937317,2.552973388247892e-10,-4.975029721521196e-09,9.73354644884239e-07,2.257852656839532e-06,8.958460966823623e-05,-1.804164106999906e-08,-2.321890661960424e-07,-5.59195825644565e-07,0.0,0.0,5.0,0.2686219788371352,3.5762786865234375e-07,0.0,3.5762786865234375e-07,3.5762786865234375e-07,0.00968860276043415,9.04864681721665,False,False
997,19.94,-0.11089332401752472,0.15306168794631958,4.809126853942871,0.2890341877937317,-1.3089881401029402e-09,-2.6330020386211572e-09,9.72933207776805e-07,2.258626409457065e-06,8.961016283137724e-05,2.52240852205432e-07,7.57635945092261e-08,-5.345748945728701e-07,0.0,0.0,5.0,0.2686219788371352,2.384185791015625e-07,2.384185791015625e-07,2.384185791015625e-07,1.1920928955078125e-07,0.00968860276043415,9.058335419977084,False,False
998,19.96,-0.11089332401752472,0.15306168794631958,4.809126853942871,0.2890341877937317,3.877526633111472e-10,2.2166493085507e-09,9.72794282461109e-07,2.2586830255022505e-06,8.955731027526781e-05,2.327142283320427e-07,9.39071611583131e-08,-5.335894570634991e-07,0.0,0.0,5.0,0.2686219788371352,2.384185791015625e-07,3.5762786865234375e-07,2.384185791015625e-07,2.384185791015625e-07,0.00968860276043415,9.068024022737518,False,False
999,19.98,-0.11089332401752472,0.15306168794631958,4.809126853942871,0.2890341877937317,-5.663047808468491e-10,3.6620717569491035e-09,9.730647434480488e-07,2.258072754557361e-06,8.953059295890853e-05,-8.817416130568745e-08,-1.8931100953523128e-07,-5.56820680230885e-07,0.0,0.0,5.0,0.2686219788371352,4.76837158203125e-07,1.1920928955078125e-07,3.5762786865234375e-07,2.384185791015625e-07,0.00968860276043415,9.077712625497952,False,True
