step,time,pos_x,pos_y,pos_z,euler_z,euler_y,euler_x,vel_x,vel_y,vel_z,omega_x,omega_y,omega_z,target_x,target_y,target_z,target_dist,action_0,action_1,action_2,action_3,reward,cumulative_reward,terminated,truncated
0,0.0,-0.26132357120513916,-0.4200896620750427,4.18172550201416,3.066425323486328,2.990661382675171,-3.1368231773376465,-0.1459425687789917,0.1673719882965088,0.845526933670044,0.0,0.0,0.0,0.0,0.0,5.0,0.9562104826363854,0.48683369159698486,-0.9886066317558289,0.2005293369293213,0.06904184818267822,-0.04857904091477394,-0.04857904091477394,False,False
1,0.02,-0.2639106810092926,-0.4167804419994354,4.198862075805664,3.0675082206726074,2.987593173980713,-3.127352237701416,-0.1126929372549057,0.16324445605278015,0.8681290149688721,0.9305938482284546,0.3080093562602997,0.10412157326936722,0.0,0.0,5.0,0.9408383272201675,0.0402294397354126,-0.9596352577209473,0.4114100933074951,-0.8973557949066162,-0.04826352745294571,-0.09684256836771965,False,False
2,0.04,-0.2659456431865692,-0.4135586619377136,4.21566915512085,3.071227788925171,2.9774646759033203,-3.1121976375579834,-0.09060417115688324,0.15856754779815674,0.8125317096710205,0.5256830453872681,0.713234007358551,0.2392769157886505,0.0,0.0,5.0,0.9257066091491796,0.008379101753234863,-0.9608049392700195,0.22478532791137695,-0.8074138760566711,-0.047991376370191574,-0.14483394473791122,False,False
3,0.06,-0.26755833625793457,-0.4104400873184204,4.231149196624756,3.077831268310547,2.961047410964966,-3.1029298305511475,-0.07036132365465164,0.15309934318065643,0.7354722619056702,0.28744152188301086,0.9500241875648499,0.35409095883369446,0.0,0.0,5.0,0.9116907844383559,-0.06601923704147339,-0.9541290998458862,0.11422419548034668,-0.7551526427268982,-0.04779285192489624,-0.19262679666280746,False,False
4,0.08,-0.268778532743454,-0.4074312150478363,4.244906425476074,3.086923122406006,2.9404311180114746,-3.0974602699279785,-0.05132254958152771,0.14770090579986572,0.6401770114898682,0.08660466969013214,1.146969199180603,0.45168426632881165,0.0,0.0,5.0,0.8991153435162809,-0.09121674299240112,-0.9431279301643372,0.04219663143157959,-0.7098308205604553,-0.047635532915592194,-0.24026232957839966,False,False
5,0.1,-0.26961541175842285,-0.40452903509140015,4.256659984588623,3.098200798034668,2.9165165424346924,-3.0948572158813477,-0.03200414404273033,0.14249290525913239,0.5350950360298157,-0.06529679894447327,1.2921849489212036,0.5402254462242126,0.0,0.0,5.0,0.8881951300257332,-0.11508303880691528,-0.9237714409828186,-0.02954965829849243,-0.6895519495010376,-0.04749852791428566,-0.2877608574926853,False,False
6,0.12,-0.27006441354751587,-0.40172630548477173,4.266215801239014,3.111427068710327,2.8903262615203857,-3.094054698944092,-0.012538331560790539,0.1377987414598465,0.4203798472881317,-0.16699913144111633,1.384499430656433,0.6198644042015076,0.0,0.0,5.0,0.8790665858366535,-0.16407924890518188,-0.8962028622627258,-0.10870611667633057,-0.6762046813964844,-0.0473778061568737,-0.335138663649559,False,False
7,0.14,-0.2701338231563568,-0.39900895953178406,4.273350715637207,3.126352548599243,2.8627004623413086,-3.0941853523254395,0.005919045768678188,0.1339718997478485,0.29298174381256104,-0.2375258058309555,1.4432796239852905,0.6875719428062439,0.0,0.0,5.0,0.8718942680535673,-0.21791356801986694,-0.845199704170227,-0.19688856601715088,-0.646170973777771,0.007521221414208412,-0.3276174422353506,False,False
8,0.16,-0.2698536515235901,-0.3963584303855896,4.277798175811768,0.0011107833124697208,0.30726003646850586,0.04704037681221962,0.02236309088766575,0.1311284452676773,0.1517084240913391,-0.27195030450820923,1.46413254737854,0.7420567870140076,0.0,0.0,5.0,0.8668889625777653,0.2904106378555298,0.4950225353240967,-0.4888463616371155,-0.7651828527450562,0.007881930097937584,-0.319735512137413,False,False
9,0.18,-0.26886460185050964,-0.39381495118141174,4.280545711517334,0.017005443572998047,0.3165222406387329,0.044110726565122604,0.07688461989164352,0.12344168871641159,0.12293030321598053,-0.5108107328414917,-0.4696784019470215,0.7240447402000427,0.0,0.0,5.0,0.8631296907871667,-0.11135423183441162,-0.15071922540664673,-0.3474029302597046,-0.39324212074279785,0.00785933155566454,-0.3118761805817485,False,False
10,0.2,-0.26702505350112915,-0.3913814127445221,4.281972885131836,0.031651824712753296,0.301291823387146,0.03834128752350807,0.10685598105192184,0.12007159739732742,0.019797293469309807,-0.5119291543960571,-0.9945569634437561,0.7319778800010681,0.0,0.0,5.0,0.8602585234248357,-0.18483567237854004,-0.3068103790283203,-0.3587127923965454,-0.2315007448196411,0.007879558950662613,-0.3039966216310859,False,False
11,0.22,-0.2646247446537018,-0.38900402188301086,4.2812676429748535,0.046123966574668884,0.2797774076461792,0.03504636883735657,0.13287673890590668,0.11777221411466599,-0.09020627290010452,-0.2322501838207245,-1.104835867881775,0.7314900755882263,0.0,0.0,5.0,0.8590265336758333,-0.2944892644882202,-0.023763597011566162,-0.3001885414123535,-0.2723170518875122,0.007739864755421877,-0.296256756875664,False,False
12,0.24,-0.2616722285747528,-0.38667139410972595,4.278548717498779,0.0601278692483902,0.25441816449165344,0.03155870363116264,0.16194672882556915,0.11558915674686432,-0.18157027661800385,-0.4865882694721222,-1.3843517303466797,0.7036890387535095,0.0,0.0,5.0,0.8593480524517949,-0.07800900936126709,-0.17696070671081543,-0.22068709135055542,0.07878446578979492,0.007907537743449211,-0.2883492191322148,False,False
13,0.26,-0.2580468952655792,-0.38438278436660767,4.274479866027832,0.07360826432704926,0.22753287851810455,0.029481492936611176,0.19991432130336761,0.11337525397539139,-0.2251763939857483,-0.042840518057346344,-1.2633717060089111,0.6850194334983826,0.0,0.0,5.0,0.8606496324710906,-0.28874969482421875,0.44648122787475586,-0.11382067203521729,-0.14740031957626343,0.0074599552899599075,-0.2808892638422549,False,False
14,0.28,-0.25363996624946594,-0.3821377754211426,4.269829273223877,0.08611350506544113,0.1973331868648529,0.02301265299320221,0.23988935351371765,0.11130578815937042,-0.23969312012195587,-0.8686037063598633,-1.7224934101104736,0.619691789150238,0.0,0.0,5.0,0.8622713042445641,0.18020689487457275,-0.22172188758850098,-0.02527374029159546,0.45421504974365234,0.007926659658551216,-0.27296260418370366,False,False
15,0.3,-0.24840094149112701,-0.37991949915885925,4.265373229980469,0.09807737171649933,0.16774019598960876,0.017499174922704697,0.28285372257232666,0.11075715720653534,-0.205671489238739,0.10053275525569916,-1.21321702003479,0.6124705672264099,0.0,0.0,5.0,0.8635498507927183,-0.24554330110549927,0.6404938697814941,0.06615674495697021,-0.16236037015914917,0.007356599438935518,-0.26560600474476814,False,False
16,0.32,-0.24238182604312897,-0.3777061104774475,4.261523246765137,0.10939862579107285,0.13793563842773438,0.00920995231717825,0.3179718255996704,0.11078358441591263,-0.17912432551383972,-1.102681279182434,-1.7508211135864258,0.5512518286705017,0.0,0.0,5.0,0.864152052914479,0.21488571166992188,-0.08721721172332764,0.11469888687133789,0.6038467884063721,0.007979345507919788,-0.25762665923684835,False,False
17,0.34,-0.2356635481119156,-0.37546318769454956,4.2587480545043945,0.12026765197515488,0.10927992314100266,-0.00281222234480083,0.35245129466056824,0.11401309072971344,-0.09827908873558044,-0.23306895792484283,-1.1119184494018555,0.5338367819786072,0.0,0.0,5.0,0.8636922831214077,0.04268300533294678,0.3239717483520508,0.18996059894561768,0.0500560998916626,0.007895479910075665,-0.2497311793267727,False,False
18,0.36,-0.22835491597652435,-0.37313956022262573,4.257364273071289,0.13101018965244293,0.08570574223995209,-0.01094029750674963,0.3773956298828125,0.11858641356229782,-0.040031906217336655,-0.6844519376754761,-1.252397894859314,0.5206732153892517,0.0,0.0,5.0,0.8619088826347684,0.10846304893493652,0.06800675392150879,0.10894763469696045,0.33711981773376465,0.00809962023049593,-0.24163155909627676,False,False
19,0.38,-0.22060994803905487,-0.37070485949516296,4.257165908813477,0.14163480699062347,0.06372814625501633,-0.020851895213127136,0.3960973620414734,0.1252228170633316,0.020265908911824226,-0.38585004210472107,-0.9620932340621948,0.5031957030296326,0.0,0.0,5.0,0.8590071763705069,0.013832330703735352,0.17571592330932617,0.1108025312423706,0.18896746635437012,0.008158035576343536,-0.23347352351993322,False,False
20,0.4,-0.21255436539649963,-0.36812451481819153,4.258046627044678,0.15193232893943787,0.0459110364317894,-0.02886630967259407,0.40868985652923584,0.1330457478761673,0.06781354546546936,-0.4720051884651184,-0.8445022106170654,0.4808458685874939,0.0,0.0,5.0,0.8550963830463891,0.04694259166717529,0.16577482223510742,0.04223144054412842,0.2319324016571045,0.008204152807593346,-0.22526937071233988,False,False
21,0.42,-0.204292431473732,-0.36537277698516846,4.2598772048950195,0.16180099546909332,0.029983695596456528,-0.03711824491620064,0.4168018102645874,0.14236953854560852,0.11525993049144745,-0.3906804323196411,-0.7798791527748108,0.45211976766586304,0.0,0.0,5.0,0.8503025435415985,-0.030766665935516357,0.17452645301818848,0.04034161567687988,0.24085676670074463,0.008259555324912071,-0.2170098153874278,False,False
22,0.44,-0.19591064751148224,-0.362423300743103,4.262596607208252,0.1710365116596222,0.016228163614869118,-0.044736165553331375,0.4207729995250702,0.15278245508670807,0.15668459236621857,-0.39247560501098633,-0.6322153806686401,0.4143368601799011,0.0,0.0,5.0,0.8446865657927057,-0.013487637042999268,0.1524733304977417,0.015374302864074707,0.22858572006225586,0.008315266110002995,-0.2086945492774248,False,False
23,0.46,-0.18748410046100616,-0.35925474762916565,4.266103267669678,0.17951767146587372,0.0051064202561974525,-0.05195537209510803,0.42139217257499695,0.1642739623785019,0.19396623969078064,-0.33851975202560425,-0.5196042656898499,0.37903398275375366,0.0,0.0,5.0,0.8383428149300814,-0.07246261835098267,0.1292794942855835,-0.027543962001800537,0.22527337074279785,0.008369974792003632,-0.20032457448542118,False,False
24,0.48,-0.17907211184501648,-0.3558513820171356,4.270229339599609,0.18715167045593262,-0.0033579098526388407,-0.058145541697740555,0.4194403886795044,0.17622055113315582,0.21860454976558685,-0.28117483854293823,-0.36751025915145874,0.3367120623588562,0.0,0.0,5.0,0.8314218208017887,-0.08051842451095581,0.09004950523376465,-0.05334675312042236,0.1860337257385254,0.008423004299402237,-0.19190157018601894,False,False
25,0.5,-0.17071731388568878,-0.3522060215473175,4.2747368812561035,0.1938568353652954,-0.008981039747595787,-0.06305103003978729,0.4157986044883728,0.18844003975391388,0.23216839134693146,-0.20523150265216827,-0.2343635857105255,0.29854363203048706,0.0,0.0,5.0,0.8241359561896675,-0.0969926118850708,0.06618010997772217,-0.07365673780441284,0.15027105808258057,0.00846287701278925,-0.1834386931732297,False,False
26,0.52,-0.16244597733020782,-0.34831497073173523,4.279421329498291,0.1996837705373764,-0.012134130112826824,-0.06655073910951614,0.41119372844696045,0.20075154304504395,0.23623037338256836,-0.13857032358646393,-0.11800874024629593,0.26250237226486206,0.0,0.0,5.0,0.8166673954362489,-0.05943077802658081,0.0230637788772583,-0.07752132415771484,0.09133195877075195,0.00850412156432867,-0.17493457160890102,False,False
27,0.54,-0.15427206456661224,-0.34417712688446045,4.284119129180908,0.2048114538192749,-0.013608180917799473,-0.06844601035118103,0.40612807869911194,0.2130766212940216,0.23355931043624878,-0.04434754699468613,-0.06366604566574097,0.2391006350517273,0.0,0.0,5.0,0.8091620269023925,-0.04408997297286987,0.025541067123413086,-0.07303780317306519,0.055968284606933594,0.008532479405403137,-0.1664020922034979,False,False
28,0.56,-0.14620262384414673,-0.3397916555404663,4.288750648498535,0.2094845026731491,-0.01454743929207325,-0.0687510222196579,0.4007736146450043,0.22546660900115967,0.22959184646606445,0.020419510081410408,-0.06208755448460579,0.22060638666152954,0.0,0.0,5.0,0.8016914720795639,-0.0501103401184082,0.025304794311523438,-0.07077056169509888,0.04957115650177002,0.008554061874747276,-0.1578480303287506,False,False
29,0.58,-0.13824231922626495,-0.3351597785949707,4.29329252243042,0.21378709375858307,-0.015457071363925934,-0.0679168701171875,0.3952268362045288,0.23768866062164307,0.22460824251174927,0.06944561749696732,-0.05805821716785431,0.20238035917282104,0.0,0.0,5.0,0.7942785876917776,-0.04563945531845093,0.031462907791137695,-0.06859320402145386,0.0338749885559082,0.00857588741928339,-0.14927214290946722,False,False
30,0.6,-0.13039468228816986,-0.33028626441955566,4.297732353210449,0.21775202453136444,-0.016576454043388367,-0.06631384044885635,0.3895079493522644,0.2496054619550705,0.21935464441776276,0.09719523042440414,-0.0802304595708847,0.18566137552261353,0.0,0.0,5.0,0.7869381407458852,-0.04731267690658569,0.026682376861572266,-0.06392121315002441,0.04196512699127197,0.008595763705670834,-0.1406763792037964,False,False
31,0.62,-0.12266360223293304,-0.32517802715301514,4.302072525024414,0.22139620780944824,-0.017958587035536766,-0.06408416479825974,0.38356509804725647,0.26113688945770264,0.21473808586597443,0.1320563703775406,-0.08144772052764893,0.16891354322433472,0.0,0.0,5.0,0.779672924361032,-0.042204201221466064,0.0284726619720459,-0.054303765296936035,0.031053900718688965,0.008618121966719627,-0.13205825723707676,False,False
32,0.64,-0.11505359411239624,-0.319844126701355,4.3063273429870605,0.22473184764385223,-0.019482433795928955,-0.061344098299741745,0.37740179896354675,0.2721541225910187,0.21069584786891937,0.14818574488162994,-0.0915534719824791,0.15438586473464966,0.0,0.0,5.0,0.7724761161297633,-0.03941476345062256,0.021321654319763184,-0.04579758644104004,0.033506155014038086,0.008639367297291756,-0.123418889939785,False,False
33,0.66,-0.1075691506266594,-0.3142957389354706,4.310507297515869,0.22779010236263275,-0.021067744120955467,-0.05823885649442673,0.37101009488105774,0.2825763523578644,0.20732782781124115,0.16853423416614532,-0.08498024195432663,0.1413474678993225,0.0,0.0,5.0,0.7653450989314589,-0.03253382444381714,0.029535889625549316,-0.04083907604217529,0.018683910369873047,0.008660898543894291,-0.11475799139589071,False,False
34,0.68,-0.1002146303653717,-0.3085455298423767,4.314625263214111,0.23060783743858337,-0.02281663380563259,-0.05495616793632507,0.3644076883792877,0.29232966899871826,0.20450174808502197,0.16590656340122223,-0.10557329654693604,0.13002651929855347,0.0,0.0,5.0,0.7582755738841304,-0.03564101457595825,0.013131260871887207,-0.034157514572143555,0.031125307083129883,0.008681032806634903,-0.10607695858925581,False,False
35,0.7000000000000001,-0.09299437701702118,-0.3026074469089508,4.3186869621276855,0.23320044577121735,-0.02457818016409874,-0.05151848495006561,0.3575834333896637,0.3013577163219452,0.20166508853435516,0.18400266766548157,-0.08413723111152649,0.11940739303827286,0.0,0.0,5.0,0.7512700424323727,-0.026157021522521973,0.033302903175354004,-0.03155851364135742,0.004817962646484375,0.008702154271304607,-0.0973748043179512,False,False
36,0.72,-0.08591274172067642,-0.29649606347084045,4.32269811630249,0.235599085688591,-0.02651037462055683,-0.04814945533871651,0.3505433201789856,0.30966076254844666,0.1994374692440033,0.15901577472686768,-0.12079109251499176,0.11048457771539688,0.0,0.0,5.0,0.7443310798991691,-0.03992593288421631,0.000990152359008789,-0.024573206901550293,0.03977680206298828,0.008720251731574535,-0.08865455258637667,False,False
37,0.74,-0.07897426187992096,-0.2902260422706604,4.326660633087158,0.23779450356960297,-0.02823489159345627,-0.044773198664188385,0.3432711362838745,0.31722018122673035,0.19682525098323822,0.1846228986978531,-0.06167953833937645,0.1006837859749794,0.0,0.0,5.0,0.7374645704616297,-0.012128174304962158,0.03952836990356445,-0.022863030433654785,-0.018596112728118896,0.008741476573050022,-0.07991307601332664,False,False
38,0.76,-0.07218316942453384,-0.2838117778301239,4.330580234527588,0.23984014987945557,-0.030129481106996536,-0.04165487736463547,0.3358038663864136,0.32408711314201355,0.19518160820007324,0.13316531479358673,-0.13643288612365723,0.09547708183526993,0.0,0.0,5.0,0.7306725378638544,-0.04193168878555298,-0.01816624402999878,-0.013308227062225342,0.06505835056304932,0.00875405315309763,-0.07115902286022902,False,False
39,0.78,-0.06554428488016129,-0.2772667706012726,4.334473133087158,0.24171531200408936,-0.031565409153699875,-0.038454629480838776,0.3280569314956665,0.3303016424179077,0.19411003589630127,0.19265589118003845,-0.014565838500857353,0.08596805483102798,0.0,0.0,5.0,0.7239467701032541,0.018310189247131348,0.07262039184570312,-0.02180778980255127,-0.07176434993743896,0.008763822726905346,-0.06239520013332367,False,False
40,0.8,-0.05906139686703682,-0.2706042528152466,4.338350772857666,0.24351432919502258,-0.033797960728406906,-0.0357934795320034,0.32018983364105225,0.3358430862426758,0.19361425936222076,0.07931128144264221,-0.21519580483436584,0.0855628028512001,0.0,0.0,5.0,0.7172827964057352,-0.07112449407577515,-0.029728949069976807,0.0054242610931396484,0.14483165740966797,0.008773231878876686,-0.05362196825444698,False,False
41,0.8200000000000001,-0.052742160856723785,-0.26383543014526367,4.342270374298096,0.24511289596557617,-0.03531397134065628,-0.03319552168250084,0.31169232726097107,0.34094101190567017,0.19821618497371674,0.1860314905643463,0.058151520788669586,0.06872919946908951,0.0,0.0,5.0,0.7106329082288125,0.068511962890625,0.08306121826171875,-0.0142630934715271,-0.13973331451416016,0.008780350908637047,-0.044841617345809937,False,False
42,0.84,-0.046591006219387054,-0.25697189569473267,4.3462300300598145,0.24665866792201996,-0.03742668777704239,-0.031053440645337105,0.30338722467422485,0.34532323479652405,0.1977532058954239,0.03376723825931549,-0.27425387501716614,0.07905659824609756,0.0,0.0,5.0,0.7040031609538914,-0.11044740676879883,-0.03907144069671631,0.007397890090942383,0.20545363426208496,0.00879282783716917,-0.036048789508640766,False,False
43,0.86,-0.04061377793550491,-0.2500241696834564,4.350244522094727,0.24803732335567474,-0.03892705962061882,-0.029051916673779488,0.2942856550216675,0.34937185049057007,0.203720822930336,0.17167560756206512,0.12011853605508804,0.05397108569741249,0.0,0.0,5.0,0.6973834995553068,0.11658751964569092,0.07700848579406738,-0.010772287845611572,-0.19100165367126465,0.008799261413514614,-0.027249528095126152,False,False
44,0.88,-0.034815143793821335,-0.24300171434879303,4.354308605194092,0.24937352538108826,-0.040789540857076645,-0.02720102295279503,0.28555184602737427,0.3527967035770416,0.2026931643486023,0.018707819283008575,-0.3100232183933258,0.07443639636039734,0.0,0.0,5.0,0.690781662133728,-0.15267908573150635,-0.025046050548553467,0.016205787658691406,0.2586526870727539,0.008812404237687588,-0.018437123857438564,False,False
45,0.9,-0.029201148077845573,-0.23591332137584686,4.358455181121826,0.25055357813835144,-0.04203394055366516,-0.025626160204410553,0.2757977247238159,0.35597917437553406,0.211965873837471,0.14369477331638336,0.18248742818832397,0.03998002037405968,0.0,0.0,5.0,0.684169245787237,0.1497809886932373,0.05673825740814209,-0.014487087726593018,-0.23052650690078735,0.008825336582958698,-0.009611787274479866,False,False
46,0.92,-0.0237747672945261,-0.22876696288585663,4.362654685974121,0.25167152285575867,-0.043269768357276917,-0.024137454107403755,0.2668339014053345,0.3585974872112274,0.20796281099319458,0.009912167675793171,-0.3087884783744812,0.06875717639923096,0.0,0.0,5.0,0.6775755398320352,-0.16486632823944092,-0.02132725715637207,0.01882612705230713,0.27504396438598633,0.008840876631438732,-0.0007709106430411339,False,False
47,0.9400000000000001,-0.018539024516940117,-0.22156989574432373,4.366916656494141,0.2526989281177521,-0.04419751092791557,-0.022757910192012787,0.2566986382007599,0.36105382442474365,0.21826258301734924,0.1325640082359314,0.2136099636554718,0.031537674367427826,0.0,0.0,5.0,0.6709928717615025,0.14641809463500977,0.04237973690032959,-0.014140903949737549,-0.24066460132598877,0.008863546885550022,0.008092636242508888,False,False
48,0.96,-0.013495732098817825,-0.21432870626449585,4.371214866638184,0.2536492347717285,-0.04473124071955681,-0.021481076255440712,0.2476433366537094,0.3630187213420868,0.21156078577041626,-0.0006856762920506299,-0.26904988288879395,0.06231474503874779,0.0,0.0,5.0,0.6644468925736148,-0.13442814350128174,-0.025216400623321533,0.01039111614227295,0.2584257125854492,0.008880948647856712,0.0169735848903656,False,False
49,0.98,-0.008645192719995975,-0.20704936981201172,4.375550746917725,0.25457990169525146,-0.04543038085103035,-0.02002611570060253,0.23737913370132446,0.3648620545864105,0.22200748324394226,0.15040132403373718,0.1971980631351471,0.029053261503577232,0.0,0.0,5.0,0.6579369655002891,0.10780036449432373,0.06146657466888428,-0.008067548274993896,-0.19736158847808838,0.00891317892819643,0.02588676381856203,False,False
50,1.0,-0.00399065762758255,-0.19973772764205933,4.379952907562256,0.25538256764411926,-0.04554795101284981,-0.018609819933772087,0.22809886932373047,0.36625614762306213,0.2182311862707138,-0.0051447502337396145,-0.21048370003700256,0.05099143832921982,0.0,0.0,5.0,0.6514364758227885,-0.09025400876998901,-0.022153079509735107,0.0017064809799194336,0.22142422199249268,0.008927026763558388,0.03481379058212042,False,False
51,1.02,0.0004691229551099241,-0.19239985942840576,4.38442325592041,0.2561461329460144,-0.04609258472919464,-0.01709788106381893,0.21785730123519897,0.3674776554107666,0.22883610427379608,0.15985268354415894,0.15464714169502258,0.02419401705265045,0.0,0.0,5.0,0.6449439152639911,0.06053793430328369,0.055716753005981445,0.002210378646850586,-0.15152955055236816,0.008963806554675102,0.04377759713679552,False,False
52,1.04,0.00473311822861433,-0.18504191935062408,4.388965606689453,0.2567741870880127,-0.04587899148464203,-0.015549960546195507,0.20857371389865875,0.36826595664024353,0.22536736726760864,-0.002187881851568818,-0.1343010663986206,0.03895692527294159,0.0,0.0,5.0,0.6384559061779576,-0.04478287696838379,-0.0438726544380188,-0.007034122943878174,0.1490931510925293,0.008977426216006279,0.0527550233528018,False,False
53,1.06,0.008806603029370308,-0.17767037451267242,4.3935227394104,0.25741106271743774,-0.04604482278227806,-0.013934092596173286,0.1987711638212204,0.36883828043937683,0.23036672174930573,0.1667124480009079,0.11676899343729019,0.024335933849215508,0.0,0.0,5.0,0.6320276780716612,0.022888898849487305,0.07679986953735352,0.007356047630310059,-0.1010890007019043,0.00900676753371954,0.06176179088652134,False,False
54,1.08,0.012688497081398964,-0.17029127478599548,4.398133754730225,0.25794559717178345,-0.04580690711736679,-0.012390932999551296,0.18944834172725677,0.36902087926864624,0.23072989284992218,-0.009951544925570488,-0.09367304295301437,0.029413355514407158,0.0,0.0,5.0,0.625622165065754,-0.025487124919891357,-0.0497625470161438,-0.014399886131286621,0.11723601818084717,0.00901712104678154,0.07077891193330288,False,False
55,1.1,0.016382697969675064,-0.16291072964668274,4.402773380279541,0.25843411684036255,-0.045736610889434814,-0.010915889404714108,0.17997698485851288,0.36899349093437195,0.23321053385734558,0.15969836711883545,0.10012247413396835,0.019417477771639824,0.0,0.0,5.0,0.6192640260256572,0.005876660346984863,0.07674920558929443,0.0007791519165039062,-0.074493408203125,0.009043868631124496,0.07982278056442738,False,False
56,1.12,0.019890589639544487,-0.15553419291973114,4.407444477081299,0.25882357358932495,-0.04543124511837959,-0.009329872205853462,0.1708432286977768,0.36860790848731995,0.23387253284454346,0.0006730315508320928,-0.06997564435005188,0.019827155396342278,0.0,0.0,5.0,0.6129507063906985,-0.029502034187316895,-0.05212998390197754,-0.014596998691558838,0.08762383460998535,0.00905498955398798,0.08887777011841536,False,False
57,1.1400000000000001,0.02321680821478367,-0.14816755056381226,4.412111282348633,0.25914421677589417,-0.045144934207201004,-0.007972492836415768,0.16179056465625763,0.368020236492157,0.232817605137825,0.13652119040489197,0.09832238405942917,0.012416624464094639,0.0,0.0,5.0,0.6067172220775762,0.0070765018463134766,0.05411934852600098,-0.008668124675750732,-0.060989975929260254,0.0090805534273386,0.09795832354575396,False,False
58,1.16,0.02636437490582466,-0.1408156454563141,4.416757583618164,0.25939351320266724,-0.044600438326597214,-0.006334467325359583,0.15300297737121582,0.36712032556533813,0.23178759217262268,0.028396956622600555,-0.044049762189388275,0.012908161617815495,0.0,0.0,5.0,0.6005795888442897,-0.030231833457946777,-0.03798896074295044,-0.008186161518096924,0.06425094604492188,0.009092213585972786,0.10705053713172674,False,False
59,1.18,0.029337245970964432,-0.1334841400384903,4.421379089355469,0.25958919525146484,-0.044127851724624634,-0.004902653396129608,0.1443040519952774,0.36599159240722656,0.23039765655994415,0.1156550794839859,0.09119435399770737,0.00688610365614295,0.0,0.0,5.0,0.5945425534628138,0.0011591911315917969,0.03870689868927002,-0.015922904014587402,-0.04743456840515137,0.009114603511989117,0.11616514064371586,False,False
60,1.2,0.03213914856314659,-0.12617787718772888,4.425961971282959,0.2597183287143707,-0.04342656210064888,-0.003346658544614911,0.1359253227710724,0.3645881414413452,0.22790685296058655,0.04050849750638008,-0.021118979901075363,0.006324139889329672,0.0,0.0,5.0,0.5886199452748029,-0.034284353256225586,-0.032178401947021484,-0.007894575595855713,0.04062771797180176,0.009126579388976097,0.12529172003269196,False,False
61,1.22,0.0347752571105957,-0.11890189349651337,4.430485248565674,0.259796142578125,-0.042769335210323334,-0.0020348087418824434,0.12771141529083252,0.36297518014907837,0.22441616654396057,0.09101326763629913,0.08681976050138474,0.00161039549857378,0.0,0.0,5.0,0.5828327640802862,-0.005666196346282959,0.023884296417236328,-0.021320343017578125,-0.042141497135162354,0.009145618416368961,0.13443733844906092,False,False
62,1.24,0.03725012391805649,-0.11166030168533325,4.434927463531494,0.259818971157074,-0.04192166030406952,-0.0007636075606569648,0.11981482803821564,0.36115172505378723,0.21980640292167664,0.03620365634560585,-0.0020558303222060204,0.0007976479246281087,0.0,0.0,5.0,0.5772023615469024,-0.02917957305908203,-0.03179967403411865,-0.02007657289505005,0.021836161613464355,0.009157553315162659,0.14359489176422358,False,False
63,1.26,0.03956920653581619,-0.10445679724216461,4.439264297485352,0.2597983181476593,-0.0412801094353199,0.00044589489698410034,0.11211912333965302,0.3591679036617279,0.21383102238178253,0.08466114848852158,0.06621015071868896,-0.002860734472051263,0.0,0.0,5.0,0.5717529822139636,-0.008957326412200928,0.01804518699645996,-0.02378559112548828,-0.03502786159515381,0.009173788130283356,0.15276867989450693,False,False
64,1.28,0.041736193001270294,-0.09729517251253128,4.443490505218506,0.259726881980896,-0.04069468379020691,0.0017259082524105906,0.10461097955703735,0.35695981979370117,0.20879285037517548,0.043047960847616196,-0.007676572073251009,-0.004328103736042976,0.0,0.0,5.0,0.5664901395279854,-0.027612686157226562,-0.034618079662323,-0.023521125316619873,0.011018991470336914,0.009184117428958416,0.16195279732346535,False,False
65,1.3,0.0437551848590374,-0.09017937630414963,4.447591781616211,0.25961560010910034,-0.04030688852071762,0.003043454373255372,0.09730760008096695,0.35458406805992126,0.20130525529384613,0.08825588971376419,0.04642906039953232,-0.0068917484022676945,0.0,0.0,5.0,0.5614282463953928,-0.007098555564880371,0.018073678016662598,-0.01987212896347046,-0.029641032218933105,0.009199699386954308,0.17115249671041965,False,False
66,1.32,0.04562842473387718,-0.08311398327350616,4.451578617095947,0.2594641447067261,-0.04003597050905228,0.004434453789144754,0.09003914147615433,0.35191452503204346,0.197368785738945,0.0502367839217186,-0.01939496025443077,-0.00832591112703085,0.0,0.0,5.0,0.5565571853688328,-0.02576160430908203,-0.03361189365386963,-0.016589343547821045,0.004337906837463379,0.00920949038118124,0.1803619870916009,False,False
67,1.34,0.047358255833387375,-0.0761038213968277,4.455453872680664,0.2592860162258148,-0.039910294115543365,0.005759443622082472,0.08295626938343048,0.3490636646747589,0.19018816947937012,0.08154994249343872,0.03187229111790657,-0.009543477557599545,0.0,0.0,5.0,0.5518741530505549,-0.0027306079864501953,0.014821887016296387,-0.016981840133666992,-0.022225618362426758,0.009224018082022667,0.18958600517362356,False,False
68,1.36,0.04894599691033363,-0.06915384531021118,4.459229469299316,0.25908395648002625,-0.039829809218645096,0.007150435820221901,0.07583379000425339,0.34589189291000366,0.18737086653709412,0.05674491450190544,-0.02395479939877987,-0.010689510963857174,0.0,0.0,5.0,0.5473670905425663,-0.02666938304901123,-0.03080803155899048,-0.011469721794128418,0.0020046234130859375,0.009232147596776485,0.19881815277040005,False,False
69,1.3800000000000001,0.050393205136060715,-0.06226910650730133,4.462909698486328,0.2588617503643036,-0.03978481888771057,0.008485828526318073,0.06889680027961731,0.3425428569316864,0.18064714968204498,0.07590921223163605,0.028280360624194145,-0.011558747850358486,0.0,0.0,5.0,0.5430312226098511,0.004289031028747559,0.006107687950134277,-0.01742953062057495,-0.022110819816589355,0.009245120920240879,0.20806327369064093,False,False
70,1.4000000000000001,0.05170136317610741,-0.05545450747013092,4.46649169921875,0.25863319635391235,-0.03976055979728699,0.009942365810275078,0.06193365901708603,0.3388728201389313,0.1776278018951416,0.06883671134710312,-0.02606586553156376,-0.011292233131825924,0.0,0.0,5.0,0.5388685742883131,-0.02862471342086792,-0.02538013458251953,-0.014225959777832031,0.001798868179321289,0.009252304211258888,0.21731557790189981,False,False
71,1.42,0.052872005850076675,-0.04871533438563347,4.469977378845215,0.25838860869407654,-0.03982696682214737,0.011467893607914448,0.05513918027281761,0.33499884605407715,0.17094942927360535,0.08274234086275101,0.019164664670825005,-0.013086370192468166,0.0,0.0,5.0,0.5348762583464548,0.002765059471130371,0.004289746284484863,-0.02005070447921753,-0.019215881824493408,0.009263977408409119,0.22657955531030893,False,False
72,1.44,0.053906433284282684,-0.04205721989274025,4.473362922668457,0.2581228017807007,-0.039944570511579514,0.013125814497470856,0.048315539956092834,0.33076152205467224,0.16762225329875946,0.08199111372232437,-0.03125052526593208,-0.013306028209626675,0.0,0.0,5.0,0.5310567997068192,-0.030447840690612793,-0.023091137409210205,-0.01748347282409668,0.000690460205078125,0.00927002727985382,0.23584958259016275,False,False
73,1.46,0.05480601266026497,-0.03548621013760567,4.476644992828369,0.2578296661376953,-0.04016578570008278,0.014895075932145119,0.04164759814739227,0.32628461718559265,0.16055217385292053,0.09376034140586853,0.008719202131032944,-0.015682972967624664,0.0,0.0,5.0,0.5274120150937645,0.00020492076873779297,0.0022705793380737305,-0.019595682621002197,-0.01952815055847168,0.009281144477427006,0.24513072706758976,False,False
74,1.48,0.05557173117995262,-0.029008934274315834,4.479818820953369,0.2575092315673828,-0.0404391847550869,0.016761407256126404,0.03493274375796318,0.32138490676879883,0.15677738189697266,0.09158309549093246,-0.036561496555805206,-0.015881620347499847,0.0,0.0,5.0,0.5239448392802544,-0.024592816829681396,-0.021426141262054443,-0.014815747737884521,-0.00042170286178588867,0.009287480264902115,0.2544182073324919,False,False
75,1.5,0.056204117834568024,-0.022632667794823647,4.482893466949463,0.25716811418533325,-0.04082966223359108,0.018729064613580704,0.028308628126978874,0.3161798417568207,0.15058140456676483,0.10379619896411896,-0.0030856106895953417,-0.01751653105020523,0.0,0.0,5.0,0.5206441270547658,-0.004766643047332764,0.0006662607192993164,-0.011911869049072266,-0.017586588859558105,0.00929823238402605,0.2637164397165179,False,False
76,1.52,0.056703515350818634,-0.016365090385079384,4.485869884490967,0.2568110227584839,-0.041160933673381805,0.02069871686398983,0.021637670695781708,0.3105153441429138,0.14708667993545532,0.09170598536729813,-0.030739782378077507,-0.017494000494480133,0.0,0.0,5.0,0.5175064062499943,-0.01686960458755493,-0.019103646278381348,-0.004619896411895752,-0.0021013617515563965,0.009304767474532127,0.27302120719105005,False,False
77,1.54,0.05706997215747833,-0.010214289650321007,4.488767623901367,0.25645434856414795,-0.04144997149705887,0.02259925939142704,0.015012852847576141,0.3045046925544739,0.14268986880779266,0.09687475115060806,0.0010710206115618348,-0.0175204798579216,0.0,0.0,5.0,0.5145093350043028,-0.004967153072357178,-0.0017459392547607422,-0.0019022226333618164,-0.014982879161834717,0.009314386174082756,0.2823355933651328,False,False
78,1.56,0.05730387941002846,-0.004187901969999075,4.491596221923828,0.2561107873916626,-0.04153136536478996,0.024373609572649002,0.008390182629227638,0.2980784773826599,0.1401551514863968,0.07913565635681152,-0.010013970546424389,-0.01660255342721939,0.0,0.0,5.0,0.5116401808697933,-0.011729001998901367,-0.01540595293045044,0.0010726451873779297,-0.005808055400848389,0.009320423007011414,0.2916560163721442,False,False
79,1.58,0.057406242936849594,0.0017070368630811572,4.49436616897583,0.25578951835632324,-0.041479963809251785,0.02593480423092842,0.0018592245178297162,0.29136794805526733,0.13680140674114227,0.07565014064311981,0.014345601201057434,-0.015619523823261261,0.0,0.0,5.0,0.5088850182302043,-0.006546735763549805,-0.004445075988769531,0.00036776065826416016,-0.013845562934875488,0.00932828988879919,0.3009843062609434,False,False
80,1.6,0.057378750294446945,0.0074647534638643265,4.49707555770874,0.2554951608181,-0.0412122905254364,0.0272824726998806,-0.004589349962770939,0.28436407446861267,0.1341669261455536,0.057899609208106995,0.01162975374609232,-0.014491893351078033,0.0,0.0,5.0,0.5062420746872028,-0.010206282138824463,-0.01154947280883789,0.000840306282043457,-0.008215129375457764,0.009334343485534191,0.3103186497464776,False,False
81,1.62,0.05722355470061302,0.013080350123345852,4.49972677230835,0.2552257478237152,-0.04081565886735916,0.028367625549435616,-0.010910067707300186,0.27716532349586487,0.13107168674468994,0.04951067268848419,0.02726917341351509,-0.013523750007152557,0.0,0.0,5.0,0.5037052045759953,-0.006828784942626953,-0.007256865501403809,0.0006259679794311523,-0.010370969772338867,0.009341160766780376,0.319659810513258,False,False
82,1.6400000000000001,0.0569431409239769,0.0185500830411911,4.502322673797607,0.25498291850090027,-0.040215857326984406,0.029252728447318077,-0.017106063663959503,0.26978546380996704,0.1284942328929901,0.03801494091749191,0.031986236572265625,-0.012460030615329742,0.0,0.0,5.0,0.5012677407285309,-0.006819784641265869,-0.01021808385848999,0.0004992485046386719,-0.010126173496246338,0.00934668444097042,0.3290064949542284,False,False
83,1.6600000000000001,0.056540463119745255,0.023871097713708878,4.50486421585083,0.254768043756485,-0.03948887810111046,0.029942993074655533,-0.023134354501962662,0.26230067014694214,0.1256396770477295,0.030155401676893234,0.040045447647571564,-0.011154375970363617,0.0,0.0,5.0,0.498924942271747,-0.005519747734069824,-0.010520756244659424,0.0020445585250854492,-0.012176990509033203,0.009352036751806736,0.33835853170603514,False,False
84,1.68,0.05601893737912178,0.029041584581136703,4.507349014282227,0.2545889914035797,-0.03861791267991066,0.03045281209051609,-0.02898716740310192,0.2547387480735779,0.12283585965633392,0.020127708092331886,0.046470969915390015,-0.009364597499370575,0.0,0.0,5.0,0.49667547625060277,-0.0037520527839660645,-0.009197115898132324,0.0022679567337036133,-0.010014176368713379,0.009357897564768791,0.34771642927080393,False,False
85,1.7,0.055382102727890015,0.03406020998954773,4.509782791137695,0.2544483542442322,-0.037627123296260834,0.030786383897066116,-0.034662876278162,0.24712145328521729,0.12057309597730637,0.012692970223724842,0.05213110148906708,-0.007714055944234133,0.0,0.0,5.0,0.49451004749331745,-0.0019075870513916016,-0.008475720882415771,0.0010160207748413086,-0.008566617965698242,0.009363386780023575,0.3570798160508275,False,False
86,1.72,0.054633729159832,0.03892633318901062,4.512174129486084,0.25434228777885437,-0.036549899727106094,0.031011413782835007,-0.04013960808515549,0.2394922375679016,0.11858683079481125,0.009416325949132442,0.05521266534924507,-0.006210316438227892,0.0,0.0,5.0,0.49241667693134816,-0.0021680593490600586,-0.0061904191970825195,0.0005913972854614258,-0.008332490921020508,0.009368636645376682,0.3664484526962042,False,False
87,1.74,0.05377791449427605,0.043639957904815674,4.514527797698975,0.2542646527290344,-0.03543596714735031,0.031149234622716904,-0.04540633037686348,0.23187431693077087,0.11678697168827057,0.004086274188011885,0.05588456988334656,-0.005004946608096361,0.0,0.0,5.0,0.4903873664974409,-0.0012810230255126953,-0.005791962146759033,0.00048804283142089844,-0.008948981761932373,0.009373387321829796,0.375821840018034,False,False
88,1.76,0.052818890661001205,0.0482015386223793,4.516846179962158,0.2542118728160858,-0.03433120995759964,0.03117922693490982,-0.05046103522181511,0.22429195046424866,0.11504965275526047,-0.0012716806959360838,0.05437387898564339,-0.0037063139025121927,0.0,0.0,5.0,0.4884166636729164,0.003774404525756836,-0.004154562950134277,-0.0007421374320983887,-0.006828129291534424,0.009378449060022831,0.3852002890780568,False,False
89,1.78,0.05176064372062683,0.05261170491576195,4.519137382507324,0.25418227910995483,-0.033320557326078415,0.03117486648261547,-0.055332332849502563,0.21673300862312317,0.11406271159648895,0.0007353610126301646,0.046550072729587555,-0.0024014413356781006,0.0,0.0,5.0,0.4864935895101027,0.0011097192764282227,-0.0017418265342712402,-0.0012311935424804688,-0.004525899887084961,0.00938366074115038,0.3945839498192072,False,False
90,1.8,0.05060676485300064,0.05687110498547554,4.5214104652404785,0.2541672885417938,-0.03244442865252495,0.03118525631725788,-0.060028042644262314,0.20921367406845093,0.11323486268520355,0.00025461139739491045,0.04097334295511246,-0.0018292313907295465,0.0,0.0,5.0,0.48460634541088204,9.953975677490234e-05,-0.0032719969749450684,-0.0008859038352966309,-0.0036048293113708496,0.00938795879483223,0.4039719086140394,False,False
91,1.82,0.04936061426997185,0.06098056212067604,4.523665904998779,0.254161536693573,-0.0316387303173542,0.03119763545691967,-0.06456191092729568,0.20173859596252441,0.11228739470243454,0.0009646129910834134,0.03953935205936432,-0.0012621695641428232,0.0,0.0,5.0,0.48275176774227824,-8.702278137207031e-06,-0.0029410123825073242,-0.000265657901763916,-0.0041735172271728516,0.009392068721354008,0.41336397733539343,False,False
92,1.84,0.04802528768777847,0.06494089215993881,4.525902271270752,0.2541668117046356,-0.030863936990499496,0.031206155195832253,-0.06894595921039581,0.19429883360862732,0.11137165129184723,-9.619425691198558e-05,0.03791895881295204,-0.0006253562751226127,0.0,0.0,5.0,0.48092868922352133,0.0005717277526855469,-0.0036072731018066406,6.747245788574219e-05,-0.004210233688354492,0.00939599797129631,0.42275997530668974,False,False
93,1.86,0.0466037392616272,0.06875278055667877,4.528120994567871,0.25418543815612793,-0.030117830261588097,0.03120259754359722,-0.07318634539842606,0.18689534068107605,0.1104811504483223,-0.00020265800412744284,0.03671354427933693,0.00016200410027522594,0.0,0.0,5.0,0.4791332268952506,0.0008398294448852539,-0.003991603851318359,0.0016211271286010742,-0.0044654011726379395,0.009399744682013988,0.4321597199887037,False,False
94,1.8800000000000001,0.04509874805808067,0.07241691648960114,4.530322074890137,0.2542218565940857,-0.029380999505519867,0.03118380531668663,-0.07728956639766693,0.1795252114534378,0.10971098393201828,-0.001568211242556572,0.0370473749935627,0.0011785259703174233,0.0,0.0,5.0,0.4773630276904302,0.0012720823287963867,-0.004677772521972656,0.0035396814346313477,-0.0049135684967041016,0.009403198026120663,0.4415629180148244,False,False
95,1.9000000000000001,0.043513063341379166,0.0759340226650238,4.532509803771973,0.25428256392478943,-0.028619464486837387,0.031123438850045204,-0.08125574141740799,0.17219358682632446,0.1090644896030426,-0.004292363300919533,0.03925798833370209,0.00251955259591341,0.0,0.0,5.0,0.47561165466035704,0.00029599666595458984,-0.006449103355407715,0.0036115646362304688,-0.004198908805847168,0.009406648576259613,0.450969566591084,False,False
96,1.92,0.0418495312333107,0.07930509746074677,4.534682750701904,0.2543729245662689,-0.027776146307587624,0.031023450195789337,-0.08507188409566879,0.16492293775081635,0.10823072493076324,-0.005452790297567844,0.045314252376556396,0.0038747761864215136,0.0,0.0,5.0,0.4738784910101455,0.0008271932601928711,-0.006379902362823486,0.003794074058532715,-0.005125880241394043,0.009410057216882706,0.4603796238079667,False,False
97,1.94,0.04011128842830658,0.0825313851237297,4.536839008331299,0.25449490547180176,-0.026827257126569748,0.03089241124689579,-0.08872391283512115,0.1577175408601761,0.10738828778266907,-0.007318045943975449,0.04990685358643532,0.0053763622418046,0.0,0.0,5.0,0.47216358308678874,0.0015701055526733398,-0.005602657794952393,0.003308415412902832,-0.00507199764251709,0.009413650259375572,0.4697932740673423,False,False
98,1.96,0.03830176219344139,0.08561426401138306,4.5389790534973145,0.2546483874320984,-0.02580867148935795,0.030728839337825775,-0.09219825267791748,0.15058375895023346,0.1066586971282959,-0.0086359279230237,0.052375949919223785,0.006824449636042118,0.0,0.0,5.0,0.4704648130344774,0.0019040107727050781,-0.003147602081298828,0.0010919570922851562,-0.004461944103240967,0.00941762700676918,0.47921090107411146,False,False
99,1.98,0.03642459958791733,0.088555246591568,4.541106224060059,0.2548260986804962,-0.02478926070034504,0.03054613433778286,-0.09548769891262054,0.14352856576442719,0.10605119913816452,-0.009186224080622196,0.05006164312362671,0.007811957038938999,0.0,0.0,5.0,0.4687774319977986,-0.0001914501190185547,-0.002974271774291992,-0.00025337934494018555,-0.003241598606109619,0.009421291761100292,0.48863219283521175,False,False
100,2.0,0.03448351100087166,0.09135603904724121,4.543219566345215,0.25501808524131775,-0.023797007277607918,0.030355459079146385,-0.09859179705381393,0.13656479120254517,0.10524900257587433,-0.009414785541594028,0.04970209300518036,0.00834930781275034,0.0,0.0,5.0,0.4671010629095184,-0.0007302761077880859,-0.0030665993690490723,-0.0006125569343566895,-0.003382265567779541,0.009424541145563126,0.4980567339807749,False,False
101,2.02,0.03248214349150658,0.09401845186948776,4.545315742492676,0.25521984696388245,-0.022810781374573708,0.030157696455717087,-0.10151537507772446,0.12968966364860535,0.10434175282716751,-0.009891550987958908,0.04948551952838898,0.008824759162962437,0.0,0.0,5.0,0.4654377863503615,-0.0005919933319091797,-0.0027246475219726562,-0.0008100271224975586,-0.002747476100921631,0.009427908807992935,0.5074846427887678,False,False
102,2.04,0.030424071475863457,0.09654417634010315,4.547394752502441,0.255429744720459,-0.02182956598699093,0.029957255348563194,-0.10426273196935654,0.12289714813232422,0.10353000462055206,-0.00968458503484726,0.04922263324260712,0.009203762747347355,0.0,0.0,5.0,0.4637864941680424,0.00043785572052001953,-0.0008299946784973145,-0.0009105205535888672,-0.0006834864616394043,0.009431603364646435,0.5169162461534142,False,False
103,2.06,0.02831275574862957,0.09893473237752914,4.549461841583252,0.2556437849998474,-0.020864153280854225,0.029775207862257957,-0.1068400964140892,0.11617261916399002,0.10320278257131577,-0.00806267000734806,0.047914501279592514,0.00930067989975214,0.0,0.0,5.0,0.46214102349634534,-0.00042766332626342773,0.0008674860000610352,-0.0008156299591064453,0.0010700225830078125,0.009434695355594158,0.5263509415090084,False,False
104,2.08,0.026151606813073158,0.10119151324033737,4.551525592803955,0.25585517287254333,-0.01991374045610428,0.02961602248251438,-0.10924634337425232,0.10951834172010422,0.10314323753118515,-0.007424650713801384,0.047712408006191254,0.009004504419863224,0.0,0.0,5.0,0.4604920442316228,-0.0009140372276306152,0.0008693933486938477,-0.0006263256072998047,0.0015246868133544922,0.009437705390155315,0.5357886468991637,False,False
105,2.1,0.0239440705627203,0.10331596434116364,4.553589344024658,0.25606006383895874,-0.01895487867295742,0.029467495158314705,-0.11147839576005936,0.10293956100940704,0.10310398787260056,-0.0070295087061822414,0.048737119883298874,0.008638196624815464,0.0,0.0,5.0,0.458835461544977,-0.0010376572608947754,0.00060272216796875,-0.0002270340919494629,0.0010275840759277344,0.009440874680876732,0.5452295215800405,False,False
106,2.12,0.021693669259548187,0.1053096130490303,4.555649757385254,0.25625911355018616,-0.017972132191061974,0.029318997636437416,-0.11353211104869843,0.09643799811601639,0.10302133113145828,-0.007453329861164093,0.0500803217291832,0.008368642069399357,0.0,0.0,5.0,0.4571737831484466,-0.0008816719055175781,4.863739013671875e-05,0.0003377199172973633,0.0003418922424316406,0.00944405235350132,0.5546735739335418,False,False
107,2.14,0.019404014572501183,0.10717401653528214,4.557709217071533,0.25645536184310913,-0.016959382221102715,0.029156381264328957,-0.11540287733078003,0.09001634269952774,0.10289214551448822,-0.008465342223644257,0.051725056022405624,0.008281656540930271,0.0,0.0,5.0,0.45550403100884945,-0.0006319880485534668,-0.0005192160606384277,0.0009709596633911133,-0.00043004751205444336,0.009447025135159492,0.5641205990687013,False,False
108,2.16,0.017078815028071404,0.10891084372997284,4.559765338897705,0.2566527724266052,-0.015911776572465897,0.028967317193746567,-0.11708571016788483,0.08367972820997238,0.10272262990474701,-0.010117515921592712,0.05356505140662193,0.008401588536798954,0.0,0.0,5.0,0.45382795709452506,-0.0003287792205810547,-0.0011283159255981445,0.0015944242477416992,-0.0011908411979675293,0.009449848905205727,0.573570447973907,False,False
109,2.18,0.0147218843922019,0.1105218380689621,4.561817646026611,0.2568555772304535,-0.01482563279569149,0.028740182518959045,-0.11857539415359497,0.07743600010871887,0.10251416265964508,-0.012283539399504662,0.055589061230421066,0.008735292591154575,0.0,0.0,5.0,0.4521455361980911,0.00010514259338378906,-0.0012587904930114746,0.0025153160095214844,-0.0020292997360229492,0.009452610276639462,0.5830230582505465,False,False
110,2.2,0.012337127700448036,0.1120089441537857,4.563866138458252,0.25706803798675537,-0.013701634481549263,0.02845681831240654,-0.11986739933490753,0.07129301875829697,0.10234817862510681,-0.015750009566545486,0.057372190058231354,0.009285339154303074,0.0,0.0,5.0,0.45045638354191375,0.0006774663925170898,-0.0014420747756958008,0.0036417245864868164,-0.0026721954345703125,0.009455302730202675,0.5924783609807491,False,False
111,2.22,0.009928537532687187,0.11337430775165558,4.565911769866943,0.25729450583457947,-0.012541277334094048,0.028093144297599792,-0.12095825374126434,0.0652640089392662,0.10227253288030624,-0.02032061293721199,0.059257470071315765,0.01007054839283228,0.0,0.0,5.0,0.448759290773745,0.0012465715408325195,-0.0025536417961120605,0.004108309745788574,-0.002968430519104004,0.009458019398152828,0.601936380378902,False,False
112,2.24,0.007500175386667252,0.11462042480707169,4.567956447601318,0.2575397789478302,-0.011335901916027069,0.027648083865642548,-0.12184400111436844,0.059370722621679306,0.10216552764177322,-0.023893261328339577,0.06191660836338997,0.011083313263952732,0.0,0.0,5.0,0.4470522626976142,0.0014390945434570312,-0.0029296875,0.004263639450073242,-0.0036629438400268555,0.00946077797561884,0.6113971583545208,False,False
113,2.2600000000000002,0.005056194961071014,0.11575017869472504,4.569997787475586,0.25780728459358215,-0.010081701911985874,0.027128558605909348,-0.12251914292573929,0.05363108962774277,0.10199298709630966,-0.027772938832640648,0.06418880820274353,0.012228094972670078,0.0,0.0,5.0,0.4453375930137007,0.0016379356384277344,-0.0036700963973999023,0.004111289978027344,-0.00410306453704834,0.009463537484407425,0.6208606958389282,False,False
114,2.2800000000000002,0.0026008591521531343,0.11676682531833649,4.57203483581543,0.25809940695762634,-0.008783133700489998,0.026538629084825516,-0.12297861278057098,0.048062652349472046,0.10171478986740112,-0.030944736674427986,0.06640476733446121,0.013487071730196476,0.0,0.0,5.0,0.44361631813852215,0.0016230344772338867,-0.003984034061431885,0.0038260221481323242,-0.0046593546867370605,0.009466316550970078,0.6303270123898983,False,False
115,2.3000000000000003,0.00013853024574927986,0.11767394840717316,4.574065208435059,0.25841742753982544,-0.007446345407515764,0.02588573284447193,-0.12321785092353821,0.04268006235361099,0.10132727026939392,-0.034087564796209335,0.06806167215108871,0.014799133874475956,0.0,0.0,5.0,0.4418909639151191,0.0015971660614013672,-0.004445552825927734,0.0034095048904418945,-0.005040347576141357,0.009469076991081238,0.6397960893809795,False,False
116,2.32,-0.0023263541515916586,0.11847539246082306,4.576086521148682,0.2587619125843048,-0.006080262362957001,0.025175344198942184,-0.12323372811079025,0.03749684989452362,0.1008191928267479,-0.03671897202730179,0.06938125938177109,0.016148453578352928,0.0,0.0,5.0,0.44016413767390433,0.0015729665756225586,-0.004626214504241943,0.0028411149978637695,-0.0055626630783081055,0.009471834637224674,0.6492679240182042,False,False
117,2.34,-0.004789305850863457,0.1191752627491951,4.578096389770508,0.25913283228874207,-0.004697874188423157,0.024414854124188423,-0.12302455306053162,0.03252434358000755,0.10018936544656754,-0.039130572229623795,0.06973452866077423,0.017508095130324364,0.0,0.0,5.0,0.438438521376204,0.0022966861724853516,-0.004487812519073486,0.0013870000839233398,-0.0067653656005859375,0.009474581107497215,0.6587425051257014,False,False
118,2.36,-0.007245838642120361,0.1197778731584549,4.58009147644043,0.2595294415950775,-0.0033470795024186373,0.023615634068846703,-0.12259306013584137,0.027772387489676476,0.0993884727358818,-0.040632762014865875,0.06625814735889435,0.01889880560338497,0.0,0.0,5.0,0.4367177683973584,0.0014843940734863281,-0.004162847995758057,0.0008019208908081055,-0.006575942039489746,0.00947749987244606,0.6682200049981475,False,False
119,2.38,-0.009691616520285606,0.12028765678405762,4.582070350646973,0.2599494159221649,-0.002065081149339676,0.02278287149965763,-0.12195136398077011,0.02324245311319828,0.09850568324327469,-0.04252980649471283,0.06288116425275803,0.02011152170598507,0.0,0.0,5.0,0.4350037236779932,0.0009365081787109375,-0.004788339138031006,0.0012791156768798828,-0.006286919116973877,0.009480166248977184,0.6777001712471247,False,False
120,2.4,-0.012122576124966145,0.12070907652378082,4.584031581878662,0.2603917717933655,-0.000829712487757206,0.021911460906267166,-0.1211131140589714,0.01893722079694271,0.0975872352719307,-0.04454801231622696,0.0616130530834198,0.021349048241972923,0.0,0.0,5.0,0.43329823780105287,0.0013887882232666016,-0.005639851093292236,0.001063227653503418,-0.005989491939544678,0.009482739493250847,0.6871829107403755,False,False
121,2.42,-0.014534875750541687,0.12104669213294983,4.585973739624023,0.26085802912712097,0.00038536981446668506,0.021019985899329185,-0.12008626759052277,0.01486138068139553,0.0966416671872139,-0.044589512050151825,0.06086777150630951,0.022660082206130028,0.0,0.0,5.0,0.4316031841522126,0.0009218454360961914,-0.005086183547973633,0.0010285377502441406,-0.0060485005378723145,0.009485381655395031,0.6966682923957705,False,False
122,2.44,-0.0169247854501009,0.12130507826805115,4.587897300720215,0.2613481283187866,0.0015834697987884283,0.02011689729988575,-0.1188746988773346,0.011015700176358223,0.09569902718067169,-0.04576803743839264,0.05992469936609268,0.0238784309476614,0.0,0.0,5.0,0.4299186029120338,0.0018602609634399414,-0.005307972431182861,0.0006202459335327148,-0.006117343902587891,0.009487877599895,0.7061561699956656,False,False
123,2.46,-0.019288651645183563,0.12148886173963547,4.589801788330078,0.2618616819381714,0.0027496730908751488,0.019207173958420753,-0.11748316884040833,0.007401482667773962,0.09478312730789185,-0.0453161895275116,0.05768252909183502,0.025173163041472435,0.0,0.0,5.0,0.42824545352669363,0.0012230873107910156,-0.004288017749786377,0.000522613525390625,-0.005939185619354248,0.009490531869232655,0.7156467018648982,False,False
124,2.48,-0.021622950211167336,0.12160266190767288,4.591689109802246,0.2623973786830902,0.0038677637930959463,0.018292123451828957,-0.11591929942369461,0.004016743041574955,0.09391552209854126,-0.04636663198471069,0.05511084944009781,0.026287859305739403,0.0,0.0,5.0,0.4265823981518092,0.0009746551513671875,-0.0045357346534729,0.0004419088363647461,-0.005656838417053223,0.009492962621152401,0.7251396644860506,False,False
125,2.5,-0.023924339562654495,0.12165108323097229,4.5935587882995605,0.2629532814025879,0.004942104686051607,0.01736067794263363,-0.11419356614351273,0.0008630828815512359,0.09302147477865219,-0.04702332615852356,0.05329674854874611,0.02736870013177395,0.0,0.0,5.0,0.4249303691704084,0.0006003379821777344,-0.004072427749633789,0.0007064342498779297,-0.00591665506362915,0.00949530303478241,0.734634967520833,False,False
126,2.52,-0.026189662516117096,0.12163873761892319,4.595410346984863,0.26352882385253906,0.005979417357593775,0.016401970759034157,-0.11231418699026108,-0.002058514626696706,0.0921388491988182,-0.04916197061538696,0.05139101669192314,0.028420349583029747,0.0,0.0,5.0,0.4232902883827387,0.0006881952285766602,-0.004565060138702393,0.0008084774017333984,-0.005927681922912598,0.009497501887381077,0.7441324694082141,False,False
127,2.54,-0.02841593697667122,0.12157034128904343,4.5972442626953125,0.26412448287010193,0.006984211504459381,0.015406296588480473,-0.11029034852981567,-0.004742541816085577,0.09122739732265472,-0.050791941583156586,0.05002255737781525,0.029536625370383263,0.0,0.0,5.0,0.42166218384773263,0.0006289482116699219,-0.004624426364898682,0.0007810592651367188,-0.006003379821777344,0.009499683976173401,0.7536321533843875,False,False
128,2.56,-0.030600355938076973,0.12145067006349564,4.599059581756592,0.26474109292030334,0.007962072268128395,0.014378244988620281,-0.10812946408987045,-0.007184043992310762,0.09029587358236313,-0.05247456207871437,0.048670560121536255,0.03065740130841732,0.0,0.0,5.0,0.4200474568707781,0.000583648681640625,-0.0047147274017333984,0.0006653070449829102,-0.0059593915939331055,0.009501821361482143,0.7631339747458696,False,False
129,2.58,-0.03274024277925491,0.12128463387489319,4.600855827331543,0.2653786242008209,0.008913910947740078,0.013319543562829494,-0.10583844780921936,-0.009378192946314812,0.08934547752141953,-0.0539337582886219,0.04738665372133255,0.031767476350069046,0.0,0.0,5.0,0.41844707728289665,0.0004247426986694336,-0.004740476608276367,0.0009961128234863281,-0.00545269250869751,0.009503944776952267,0.7726379195228219,False,False
130,2.6,-0.03483305498957634,0.12107722461223602,4.602633953094482,0.26603683829307556,0.009851589798927307,0.012232919223606586,-0.10342228412628174,-0.011321323923766613,0.08846024423837662,-0.055346544831991196,0.047214120626449585,0.032848794013261795,0.0,0.0,5.0,0.4168606617000778,-5.698204040527344e-05,-0.004764854907989502,0.0010353326797485352,-0.005139291286468506,0.009505958296358585,0.7821438778191805,False,False
131,2.62,-0.036876317113637924,0.12083350121974945,4.60439395904541,0.26671504974365234,0.010795636102557182,0.01111684925854206,-0.1008845865726471,-0.013007313013076782,0.08756083250045776,-0.05696069449186325,0.0479753315448761,0.03386198356747627,0.0,0.0,5.0,0.41528873981924114,-0.00010770559310913086,-0.0049364566802978516,0.0008112192153930664,-0.0051659345626831055,0.009507851675152779,0.7916517294943333,False,False
132,2.64,-0.03886762261390686,0.12055869400501251,4.606135845184326,0.2674124836921692,0.011755133979022503,0.009972812607884407,-0.09822537750005722,-0.014429544098675251,0.08661546558141708,-0.0582294762134552,0.04870443046092987,0.03486805036664009,0.0,0.0,5.0,0.41373187360477365,-0.000456392765045166,-0.005181789398193359,0.00047397613525390625,-0.005088627338409424,0.009509682655334473,0.8011614121496677,False,False
133,2.66,-0.04080451279878616,0.1202581375837326,4.607857704162598,0.2681286633014679,0.012733451090753078,0.008807692676782608,-0.09544383734464645,-0.015582163818180561,0.08558639883995056,-0.059159696102142334,0.049795158207416534,0.035825926810503006,0.0,0.0,5.0,0.41219244062025573,-0.0005620121955871582,-0.005033016204833984,-8.052587509155273e-05,-0.005220293998718262,0.009511490352451801,0.8106729025021195,False,False
134,2.68,-0.04268453270196915,0.11993725597858429,4.60955810546875,0.26886239647865295,0.013726324774324894,0.007626734208315611,-0.0925375297665596,-0.016460807994008064,0.08449387550354004,-0.0599069744348526,0.05009143427014351,0.03672071173787117,0.0,0.0,5.0,0.4106723605367297,-0.0007503628730773926,-0.004721224308013916,-0.0007977485656738281,-0.005148410797119141,0.009513294324278831,0.8201861968263984,False,False
135,2.7,-0.044505175203084946,0.11960157752037048,4.611236572265625,0.2696115970611572,0.014717505313456059,0.006434915121644735,-0.08950603753328323,-0.017062457278370857,0.08334929496049881,-0.060340698808431625,0.04955046996474266,0.03749551251530647,0.0,0.0,5.0,0.4091726416917425,-0.001062154769897461,-0.004305839538574219,-0.0016021728515625,-0.004927515983581543,0.00951506569981575,0.8297012625262141,False,False
136,2.72,-0.046263955533504486,0.1192566305398941,4.612891674041748,0.2703734040260315,0.015691187232732773,0.005238594487309456,-0.08635184168815613,-0.01738596521317959,0.08215629309415817,-0.06044979766011238,0.04826051741838455,0.03810705617070198,0.0,0.0,5.0,0.4076951723230668,-0.0017443299293518066,-0.0034260153770446777,-0.005161464214324951,-0.0032718777656555176,0.009516794234514236,0.8392180567607284,False,False
137,2.74,-0.047958485782146454,0.11890798807144165,4.614521503448486,0.2711397707462311,0.01661708392202854,0.004080638755112886,-0.08308231830596924,-0.017434241250157356,0.0807943046092987,-0.056583862751722336,0.0446849949657917,0.038087714463472366,0.0,0.0,5.0,0.40624228889829994,-0.0032528042793273926,-0.0007428526878356934,-0.00807255506515503,-0.0017163753509521484,0.009518272243440151,0.8487363290041685,False,False
138,2.7600000000000002,-0.04958652704954147,0.11856100708246231,4.616123676300049,0.2718963027000427,0.017444845288991928,0.0030035204254090786,-0.079705148935318,-0.017222844064235687,0.07941257953643799,-0.05241646617650986,0.038358625024557114,0.037262219935655594,0.0,0.0,5.0,0.40481670909515616,-0.004801630973815918,0.0005937814712524414,-0.00966036319732666,-0.00040411949157714844,0.009519659914076328,0.8582559889182448,False,False
139,2.7800000000000002,-0.051146093755960464,0.11822067946195602,4.617697238922119,0.27262982726097107,0.018146248534321785,0.0020101070404052734,-0.07623851299285889,-0.016773292794823647,0.07798111438751221,-0.04823013022542,0.03196510672569275,0.03589801862835884,0.0,0.0,5.0,0.40341969843664216,-0.0056688785552978516,0.0012236833572387695,-0.010666728019714355,0.0002262592315673828,0.009521125815808773,0.8677771147340536,False,False
140,2.8000000000000003,-0.05263561010360718,0.11789152771234512,4.619240760803223,0.27333223819732666,0.01871904544532299,0.0011018652003258467,-0.07270245254039764,-0.016108155250549316,0.07648758590221405,-0.04388883337378502,0.025423943996429443,0.034242112189531326,0.0,0.0,5.0,0.40205287959550584,-0.006203711032867432,0.001685500144958496,-0.011120080947875977,0.0005252361297607422,0.009522676467895508,0.8772997912019491,False,False
141,2.82,-0.054053861647844315,0.11757764220237732,4.620757102966309,0.27399933338165283,0.019160781055688858,0.0002775077591650188,-0.06911643594503403,-0.015250230208039284,0.0749700665473938,-0.03981038182973862,0.018795805051922798,0.03242339566349983,0.0,0.0,5.0,0.400713734298466,-0.006469309329986572,0.0017695426940917969,-0.01115715503692627,0.0008304119110107422,0.009524288587272167,0.8868240797892213,False,False
142,2.84,-0.0554000549018383,0.11728266626596451,4.6222429275512695,0.27462905645370483,0.01947539485991001,-0.0004658031393773854,-0.06550021469593048,-0.014221744611859322,0.07345960289239883,-0.03573717921972275,0.012659860774874687,0.03054014965891838,0.0,0.0,5.0,0.39940555288405255,-0.0071408748626708984,0.0015395879745483398,-0.011868536472320557,0.0014516115188598633,0.009525719098746777,0.8963497988879681,False,False
143,2.86,-0.0566738024353981,0.11700976639986038,4.6236958503723145,0.2752193510532379,0.01967654749751091,-0.001118545769713819,-0.06187434867024422,-0.01304552610963583,0.07185085862874985,-0.030692586675286293,0.0074090780690312386,0.028491836041212082,0.0,0.0,5.0,0.3981306548640182,-0.007700979709625244,0.0019431114196777344,-0.012047767639160156,0.0014778375625610352,0.009527203626930714,0.9058770025148988,False,False
144,2.88,-0.05787505581974983,0.1167616918683052,4.62511682510376,0.27576759457588196,0.019773051142692566,-0.0016793613322079182,-0.0582529716193676,-0.01174474973231554,0.07021106034517288,-0.0264704879373312,0.0021644909866154194,0.026334639638662338,0.0,0.0,5.0,0.39688815753858575,-0.00790470838546753,0.0019549131393432617,-0.011905789375305176,0.001465916633605957,0.009528751485049725,0.9154057539999485,False,False
145,2.9,-0.059004046022892,0.11654068529605865,4.626503944396973,0.2762727737426758,0.019768383353948593,-0.002160566160455346,-0.05465058237314224,-0.010341005399823189,0.06856479495763779,-0.02264878712594509,-0.0027282475493848324,0.024171750992536545,0.0,0.0,5.0,0.3956798103610623,-0.007940948009490967,0.0019725561141967773,-0.011543810367584229,0.0013701915740966797,0.009530323557555676,0.9249360775575042,False,False
146,2.92,-0.06006129831075668,0.11634861677885056,4.627860069274902,0.2767352759838104,0.019669102504849434,-0.0025717588141560555,-0.05108103156089783,-0.00885362084954977,0.06694283336400986,-0.019382614642381668,-0.007309132721275091,0.022046368569135666,0.0,0.0,5.0,0.3945028367720643,-0.007831573486328125,0.0019047260284423828,-0.011055350303649902,0.0012820959091186523,0.009531901217997074,0.9344679787755013,False,False
147,2.94,-0.061047594994306564,0.11618698388338089,4.629181861877441,0.27715617418289185,0.019482184201478958,-0.0029228455387055874,-0.047557681798934937,-0.007299739867448807,0.06536444276571274,-0.01655007153749466,-0.011497966013848782,0.019991140812635422,0.0,0.0,5.0,0.3933602873183652,-0.007433533668518066,0.0018541812896728516,-0.010626673698425293,0.001590132713317871,0.009533471427857876,0.9440014502033591,False,False
148,2.96,-0.06196398660540581,0.11605697125196457,4.6304731369018555,0.27753689885139465,0.019215740263462067,-0.0032145846635103226,-0.04409205913543701,-0.0056944340467453,0.0638931393623352,-0.01336074061691761,-0.015263109467923641,0.017988990992307663,0.0,0.0,5.0,0.3922484655972144,-0.007186591625213623,0.0023251771926879883,-0.0100175142288208,0.0017067193984985352,0.009535015560686588,0.9535364657640457,False,False
149,2.98,-0.0628117248415947,0.11595944315195084,4.63173770904541,0.277878075838089,0.01887405477464199,-0.0034511929843574762,-0.04069484397768974,-0.00405277032405138,0.06256446242332458,-0.010950084775686264,-0.01901857554912567,0.016011785715818405,0.0,0.0,5.0,0.39116367440345184,-0.006715297698974609,0.0033701658248901367,-0.009654343128204346,0.0019245147705078125,0.009536481462419033,0.9630729472264647,False,False
150,3.0,-0.06359229236841202,0.11589501798152924,4.6329779624938965,0.27817976474761963,0.018447011709213257,-0.003648279933258891,-0.03737703338265419,-0.002387569285929203,0.061442650854587555,-0.009321862831711769,-0.023792272433638573,0.013994645327329636,0.0,0.0,5.0,0.39010358990496385,-0.006001770496368408,0.0036842823028564453,-0.009498953819274902,0.0016965866088867188,0.0095379538834095,0.9726109011098742,False,False
151,3.02,-0.06430744379758835,0.11586401611566544,4.6341962814331055,0.27844223380088806,0.017912447452545166,-0.0038134795613586903,-0.034156523644924164,-0.0007115592597983778,0.06041613593697548,-0.007675591390579939,-0.029761873185634613,0.012050379067659378,0.0,0.0,5.0,0.38906590454009066,-0.005987346172332764,0.003453373908996582,-0.00878053903579712,0.002070307731628418,0.009539461694657803,0.982150362804532,False,False
152,3.04,-0.0649593248963356,0.11586654186248779,4.635395050048828,0.27866682410240173,0.01727263256907463,-0.0039476570673286915,-0.031052585691213608,0.0009631199645809829,0.059477441012859344,-0.006137590855360031,-0.034306421875953674,0.010161105543375015,0.0,0.0,5.0,0.3880483719113583,-0.005854427814483643,0.0030374526977539062,-0.008012533187866211,0.0020487308502197266,0.00954101886600256,0.9916913816705346,False,False
153,3.06,-0.06555043905973434,0.11590245366096497,4.636575698852539,0.2788553237915039,0.01655300334095955,-0.0040544564835727215,-0.02808186039328575,0.002625345950946212,0.058586347848176956,-0.004861528519541025,-0.03773069381713867,0.008396405726671219,0.0,0.0,5.0,0.3870496886577697,-0.005604803562164307,0.002505064010620117,-0.007242858409881592,0.0018818378448486328,0.009542606770992279,1.001233988441527,False,False
154,3.08,-0.06608358025550842,0.11597141623497009,4.637739181518555,0.27901047468185425,0.015774410218000412,-0.004138098563998938,-0.025256412103772163,0.004266285337507725,0.057729050517082214,-0.0037537033203989267,-0.04019147530198097,0.006791784428060055,0.0,0.0,5.0,0.38606904767123923,-0.005129456520080566,0.0019325017929077148,-0.006660938262939453,0.0021675825119018555,0.009544181637465954,1.0107781700789928,False,False
155,3.1,-0.0665617287158966,0.11607293039560318,4.638885498046875,0.2791348993778229,0.014956982806324959,-0.004191998858004808,-0.02258376218378544,0.005878864321857691,0.056949734687805176,-0.0018279959913343191,-0.04160255938768387,0.0053122928366065025,0.0,0.0,5.0,0.3851065728095597,-0.004857838153839111,0.0019665956497192383,-0.006040692329406738,0.002080202102661133,0.009545722976326942,1.0203238930553198,False,False
156,3.12,-0.06698799133300781,0.1162063404917717,4.640017509460449,0.2792307436466217,0.014113688841462135,-0.004213039297610521,-0.020068077370524406,0.007455022539943457,0.056255072355270386,-0.0004155325295869261,-0.04276628792285919,0.003920800052583218,0.0,0.0,5.0,0.3841597298629549,-0.004543960094451904,0.0016589164733886719,-0.005398988723754883,0.0020438432693481445,0.009547288529574871,1.0298711815848947,False,False
157,3.14,-0.06736553460359573,0.11637084931135178,4.641136169433594,0.27930009365081787,0.013253532350063324,-0.004206889774650335,-0.017712360247969627,0.008987661451101303,0.055622681975364685,0.0009354612557217479,-0.04327768832445145,0.002650328679010272,0.0,0.0,5.0,0.38322778958560394,-0.00421452522277832,0.0014308691024780273,-0.0047896504402160645,0.0018734931945800781,0.0095488540828228,1.0394200356677175,False,False
158,3.16,-0.06769756227731705,0.1165655180811882,4.642242908477783,0.2793453633785248,0.012386716902256012,-0.004176509566605091,-0.015517577528953552,0.010471051558852196,0.055045560002326965,0.0020442702807486057,-0.04342196136713028,0.0015043268213048577,0.0,0.0,5.0,0.38230958198593823,-0.0038715004920959473,0.0011539459228515625,-0.004208803176879883,0.001707315444946289,0.009550417773425579,1.048970453441143,False,False
159,3.18,-0.06798730790615082,0.1167893335223198,4.643338203430176,0.27936887741088867,0.011520717293024063,-0.00412565004080534,-0.013483268208801746,0.011900653131306171,0.05451780557632446,0.0030134241096675396,-0.04318707436323166,0.0004856342275161296,0.0,0.0,5.0,0.3814048499866357,-0.003530442714691162,0.0009080171585083008,-0.0036683082580566406,0.001520991325378418,0.009551970288157463,1.0585224237293005,False,False
160,3.2,-0.06823795288801193,0.11704117059707642,4.644423484802246,0.2793731391429901,0.010662158951163292,-0.004057161509990692,-0.011607741005718708,0.01327295321971178,0.05403605476021767,0.003830507630482316,-0.04266975075006485,-0.000410748936701566,0.0,0.0,5.0,0.38051243342269253,-0.0030438899993896484,0.0008575916290283203,-0.003239274024963379,0.0014785528182983398,0.009553500451147556,1.068075924180448,False,False
161,3.22,-0.06845265626907349,0.11731985956430435,4.645500183105469,0.279360294342041,0.009813331998884678,-0.003971803467720747,-0.009888116270303726,0.014585435390472412,0.05363686755299568,0.004718312062323093,-0.04220705106854439,-0.0012132880510762334,0.0,0.0,5.0,0.37963118388343203,-0.0027611851692199707,0.0007475614547729492,-0.0027295351028442383,0.0014096498489379883,0.009555015712976456,1.0776309398934245,False,False
162,3.24,-0.0686345100402832,0.11762417107820511,4.646569728851318,0.2793322205543518,0.008976621553301811,-0.0038708506617695093,-0.008321842178702354,0.015835288912057877,0.053299542516469955,0.005403267685323954,-0.04145236685872078,-0.0019253941718488932,0.0,0.0,5.0,0.37875994792815043,-0.0023766756057739258,0.0003974437713623047,-0.0022144317626953125,0.0012576580047607422,0.009556552395224571,1.087187492288649,False,False
163,3.2600000000000002,-0.06878653913736343,0.11795283854007721,4.647632598876953,0.279291033744812,0.008158541284501553,-0.003755553625524044,-0.006905564107000828,0.017020389437675476,0.05300287902355194,0.006161572877317667,-0.04033936187624931,-0.0025069790426641703,0.0,0.0,5.0,0.3778984591928998,-0.0020995736122131348,0.0003390312194824219,-0.0017790794372558594,0.0010646581649780273,0.009558049030601978,1.096745541319251,False,False
164,3.2800000000000002,-0.06891170889139175,0.1183045506477356,4.648690223693848,0.27923890948295593,0.007362942676991224,-0.003628321224823594,-0.005634612403810024,0.018139241263270378,0.05275271087884903,0.006602011155337095,-0.039200589060783386,-0.002998782554641366,0.0,0.0,5.0,0.37704555328842343,-0.0018069744110107422,9.846687316894531e-05,-0.0013764500617980957,0.0009416341781616211,0.00955953449010849,1.1063050758093596,False,False
165,3.3000000000000003,-0.06901287287473679,0.11867796629667282,4.649743556976318,0.2791776955127716,0.006592561490833759,-0.00349222868680954,-0.004504188895225525,0.019191108644008636,0.05253629386425018,0.007049839477986097,-0.03781523182988167,-0.0033919999841600657,0.0,0.0,5.0,0.3762004946651989,-0.001563429832458496,6.318092346191406e-06,-0.0010418891906738281,0.0007838010787963867,0.009560992009937763,1.1158660678192973,False,False
166,3.3200000000000003,-0.0690927803516388,0.11907175183296204,4.650792598724365,0.27910926938056946,0.005850162357091904,-0.003348883707076311,-0.003508838824927807,0.020175829529762268,0.0523531399667263,0.007327161729335785,-0.03640078380703926,-0.0037081113550812006,0.0,0.0,5.0,0.37536342854222293,-0.001323699951171875,-0.00016355514526367188,-0.0007408857345581055,0.0006613731384277344,0.00956242810934782,1.1254284959286451,False,False
167,3.34,-0.06915409117937088,0.1194845512509346,4.6518378257751465,0.2790350317955017,0.005137212108820677,-0.0032001223880797625,-0.002642942126840353,0.02109372988343239,0.05219533294439316,0.007589781656861305,-0.03486940264701843,-0.003946676850318909,0.0,0.0,5.0,0.3745340383402545,-0.0011162161827087402,-0.00025916099548339844,-0.0004855990409851074,0.0005269050598144531,0.009563840925693512,1.1349923368543386,False,False
168,3.36,-0.0691993236541748,0.11991505324840546,4.6528801918029785,0.27895650267601013,0.004454987123608589,-0.00304702902212739,-0.0019005801295861602,0.021945474669337273,0.05206110700964928,0.0077572050504386425,-0.033328279852867126,-0.004120718687772751,0.0,0.0,5.0,0.373711556728582,-0.0009187459945678711,-0.0003858804702758789,-0.000258028507232666,0.0004134178161621094,0.009565227665007114,1.1445575645193458,False,False
169,3.38,-0.06923090666532516,0.12036193907260895,4.653920650482178,0.278874933719635,0.0038040592335164547,-0.0028907249215990305,-0.0012757753720507026,0.022732017561793327,0.051945801824331284,0.007906905375421047,-0.03173993527889252,-0.004232887178659439,0.0,0.0,5.0,0.37289520106552776,-0.0007457733154296875,-0.0004710555076599121,-6.181001663208008e-05,0.00029730796813964844,0.009566586464643478,1.1541241509839892,False,False
170,3.4,-0.06925110518932343,0.12082391232252121,4.654958248138428,0.2787914574146271,0.003184819594025612,-0.002731973072513938,-0.0007624547579325736,0.02345450036227703,0.051847461611032486,0.007997441105544567,-0.030160263180732727,-0.004291869699954987,0.0,0.0,5.0,0.37208593615798735,-0.0005820393562316895,-0.0005652904510498047,0.00011229515075683594,0.00019729137420654297,0.00956791639328003,1.1636920673772693,False,False
171,3.42,-0.06926210969686508,0.12129968404769897,4.655994892120361,0.2787070870399475,0.002597230486571789,-0.0025715373922139406,-0.0003545739164110273,0.024114247411489487,0.051763713359832764,0.00807051919400692,-0.028575971722602844,-0.004301406443119049,0.0,0.0,5.0,0.37128205913700435,-0.000437319278717041,-0.0006362199783325195,0.00026488304138183594,9.989738464355469e-05,0.009569216519594193,1.1732612838968635,False,False
172,3.44,-0.0692659541964531,0.12178806215524673,4.657028675079346,0.27862274646759033,0.0020411405712366104,-0.00240997108630836,-4.611790427588858e-05,0.024712691083550453,0.051692988723516464,0.008105644024908543,-0.02701173722743988,-0.004267554730176926,0.0,0.0,5.0,0.3704854035074856,-0.0003014802932739258,-0.0007048249244689941,0.00039947032928466797,1.5854835510253906e-05,0.009570490568876266,1.1828317744657397,False,False
173,3.46,-0.06926458328962326,0.1222878098487854,4.65806245803833,0.2785393297672272,0.0015161732444539666,-0.0022478094324469566,0.0001688430638751015,0.0252513624727726,0.05163409933447838,0.00812537595629692,-0.025465356186032295,-0.004194248467683792,0.0,0.0,5.0,0.36969335068227377,-0.00019186735153198242,-0.0007628798484802246,0.0005162954330444336,-6.008148193359375e-05,0.009571744129061699,1.1924035185948014,False,False
174,3.48,-0.06925980001688004,0.12279774248600006,4.659095764160156,0.2784576117992401,0.0010220418917015195,-0.0020854808390140533,0.00029615245875902474,0.025731856003403664,0.05158449709415436,0.008117862045764923,-0.02392985112965107,-0.004087407141923904,0.0,0.0,5.0,0.3689063613867129,-9.489059448242188e-05,-0.0008196830749511719,0.0006126165390014648,-0.00012791156768798828,0.009572976268827915,1.2019764948636293,False,False
175,3.5,-0.06925329566001892,0.12331671267747879,4.660125732421875,0.27837809920310974,0.0005585104809142649,-0.0019233684288337827,0.0003415865357965231,0.02615583874285221,0.05154188722372055,0.008099669590592384,-0.022407187148928642,-0.003950953483581543,0.0,0.0,5.0,0.36812708178986336,3.814697265625e-06,-0.0008525252342224121,0.0006933212280273438,-0.00019532442092895508,0.009574196301400661,1.21155069116503,False,False
176,3.52,-0.06924664229154587,0.12384361028671265,4.661155700683594,0.278301477432251,0.00012487855565268546,-0.001761767896823585,0.00031083892099559307,0.026525018736720085,0.05150705948472023,0.008063007146120071,-0.020941728726029396,-0.003788471221923828,0.0,0.0,5.0,0.36735241452415524,9.179115295410156e-05,-0.0008854269981384277,0.0007698535919189453,-0.0002529025077819824,0.009575401432812214,1.2211260925978422,False,False
177,3.54,-0.06924133002758026,0.12437735497951508,4.6621856689453125,0.2782283127307892,-0.0002798265195451677,-0.0016010113758966327,0.00020941266848240048,0.026841113343834877,0.05147962272167206,0.008012071251869202,-0.019516320899128914,-0.003602229058742523,0.0,0.0,5.0,0.36658233792916783,0.0001710653305053711,-0.0009098052978515625,0.0008388757705688477,-0.00030517578125,0.009576591663062572,1.2307026842609048,False,False
178,3.56,-0.06923872232437134,0.12491689622402191,4.663215637207031,0.27815890312194824,-0.000656423217151314,-0.0014414325123652816,4.2630483221728355e-05,0.02710585854947567,0.051459260284900665,0.00794258527457714,-0.01813266985118389,-0.003395088016986847,0.0,0.0,5.0,0.36581681023870466,0.00024366378784179688,-0.000932157039642334,0.0009015798568725586,-0.0003516674041748047,0.009577768854796886,1.2402804531157017,False,False
179,3.58,-0.06924004852771759,0.12546125054359436,4.66424560546875,0.27809369564056396,-0.0010056918254122138,-0.001283383695408702,-0.00018435544916428626,0.027321001514792442,0.051445428282022476,0.00785690639168024,-0.016785211861133575,-0.003168908879160881,0.0,0.0,5.0,0.365055780881675,0.00030994415283203125,-0.0009465813636779785,0.0009559392929077148,-0.000392913818359375,0.009578932076692581,1.2498593851923943,False,False
180,3.6,-0.06924646347761154,0.12600941956043243,4.665275573730469,0.27803313732147217,-0.0013284188462421298,-0.0011271825060248375,-0.00046655363985337317,0.02748831920325756,0.051437899470329285,0.007756151258945465,-0.015480098314583302,-0.002926317974925041,0.0,0.0,5.0,0.3642991738442185,0.00036716461181640625,-0.0009557008743286133,0.0010036230087280273,-0.0004273653030395508,0.009580082260072231,1.2594394674524665,False,False
181,3.62,-0.06925904005765915,0.12656047940254211,4.6663055419921875,0.27797752618789673,-0.0016254065558314323,-0.0009731664322316647,-0.0007991411257535219,0.02760959416627884,0.051436349749565125,0.007637242786586285,-0.014212746173143387,-0.002669917419552803,0.0,0.0,5.0,0.36354691702920194,0.0004194974899291992,-0.0009629726409912109,0.0010437965393066406,-0.00045680999755859375,0.009581219404935837,1.2690206868574023,False,False
182,3.64,-0.06927873939275742,0.12711350619792938,4.667335510253906,0.27792707085609436,-0.0018974033882841468,-0.0008216311689466238,-0.0011774565791711211,0.02768663503229618,0.051440250128507614,0.007507397793233395,-0.012982338666915894,-0.0024015232920646667,0.0,0.0,5.0,0.36279891114474083,0.0004639625549316406,-0.0009632110595703125,0.0010770559310913086,-0.00048285722732543945,0.009582343511283398,1.2786030303686857,False,False
183,3.66,-0.06930643320083618,0.12766766548156738,4.668365478515625,0.2778819501399994,-0.0021451921202242374,-0.0006728421431034803,-0.0015969936503097415,0.027721259742975235,0.05144907161593437,0.007362381089478731,-0.011793102137744427,-0.0021233968436717987,0.0,0.0,5.0,0.36205506533220294,0.0005033016204833984,-0.0009630322456359863,0.001104116439819336,-0.0005038976669311523,0.009583454579114914,1.2881864849478006,False,False
184,3.68,-0.06934287399053574,0.12822209298610687,4.669395446777344,0.2778424918651581,-0.002369554480537772,-0.0005270524998195469,-0.0020534100476652384,0.02771528996527195,0.0514623187482357,0.007207677233964205,-0.010640712454915047,-0.0018371674232184887,0.0,0.0,5.0,0.36131525004427545,0.0005570650100708008,-0.0005137324333190918,0.0010553598403930664,-0.0004023313522338867,0.009584609419107437,1.297771094366908,False,False
185,3.7,-0.06938879191875458,0.12877599895000458,4.6704254150390625,0.27780821919441223,-0.0025757516268640757,-0.00038702337769791484,-0.0025429129600524902,0.0276706051081419,0.05153004080057144,0.006786762736737728,-0.009977377019822598,-0.0016017206944525242,0.0,0.0,5.0,0.36057935243395456,0.0005843639373779297,-0.0005639791488647461,0.0011067390441894531,-0.00021445751190185547,0.00958569347858429,1.3073567878454924,False,False
186,3.72,-0.06944479793310165,0.1293286681175232,4.671456336975098,0.2777785658836365,-0.002765815472230315,-0.00025309904594905674,-0.003062775358557701,0.027589332312345505,0.051618847995996475,0.006597740110009909,-0.00902799516916275,-0.0013717873953282833,0.0,0.0,5.0,0.35984638788077666,0.0005859136581420898,-0.00046765804290771484,0.0011205673217773438,-0.00019419193267822266,0.009586780332028866,1.3169435681775212,False,False
187,3.74,-0.06951148062944412,0.12987934052944183,4.672490119934082,0.2777533531188965,-0.002937591401860118,-0.00012392083590384573,-0.003609915729612112,0.02747335284948349,0.05172046273946762,0.006312880665063858,-0.00814907904714346,-0.0011513098143041134,0.0,0.0,5.0,0.35911448115670896,0.0006124973297119141,-0.0005275607109069824,0.0011456012725830078,-0.00017255544662475586,0.009587840177118778,1.32653140835464,False,False
188,3.7600000000000002,-0.06958934664726257,0.13042737543582916,4.673525333404541,0.27773264050483704,-0.003090915037319064,4.579126482440188e-07,-0.004181161522865295,0.027324605733156204,0.051823314279317856,0.006118768826127052,-0.007183044217526913,-0.0009223907254636288,0.0,0.0,5.0,0.3583848285830299,0.0006649494171142578,-0.0004974603652954102,0.0011893510818481445,-0.00018334388732910156,0.009588891640305519,1.3361202999949455,False,False
189,3.7800000000000002,-0.06967885792255402,0.13097211718559265,4.674562931060791,0.2777164876461029,-0.0032254550606012344,0.00012060063454555348,-0.004773223772644997,0.027144910767674446,0.05193748697638512,0.005890407133847475,-0.006271008402109146,-0.000686311163008213,0.0,0.0,5.0,0.3576564336919043,0.0008754730224609375,-0.0004922747611999512,0.0013960599899291992,-0.00011861324310302734,0.009589890018105507,1.345710190013051,False,False
190,3.8000000000000003,-0.0697803869843483,0.13151296973228455,4.67560338973999,0.27770546078681946,-0.0033411472104489803,0.00023684727784711868,-0.005382930394262075,0.026936033740639687,0.052099257707595825,0.0057306247763335705,-0.005298386327922344,-0.0004178946546744555,0.0,0.0,5.0,0.3569287384950599,0.0008258819580078125,-0.0005031228065490723,0.0013037919998168945,2.5033950805664062e-05,0.009590952657163143,1.3553011426702142,False,False
191,3.8200000000000003,-0.06989425420761108,0.1320493519306183,4.676647186279297,0.2776995301246643,-0.003436173778027296,0.00035202843719162047,-0.0060065994039177895,0.0266996119171381,0.05226008966565132,0.005785458255559206,-0.004204423166811466,-0.00017501901311334223,0.0,0.0,5.0,0.35620117947254215,0.0007045269012451172,-0.00036585330963134766,0.0008987188339233398,0.00019800662994384766,0.009592067450284958,1.3648932101204991,False,False
192,3.84,-0.07002071291208267,0.13258077204227448,4.6776933670043945,0.2776976525783539,-0.0035120092798024416,0.0004717682604677975,-0.00664020050317049,0.026436563581228256,0.05239975452423096,0.006187856663018465,-0.0033791789319366217,-1.0051396202470642e-05,0.0,0.0,5.0,0.3554745096698296,0.000538945198059082,-0.0001323223114013672,0.0006587505340576172,0.00021517276763916016,0.009593161754310131,1.3744863718748093,False,False
193,3.86,-0.0701599046587944,0.13310666382312775,4.678742408752441,0.27769848704338074,-0.003574505914002657,0.0005980057758279145,-0.0072802589274942875,0.026146605610847473,0.05252407491207123,0.0064361682161688805,-0.0028703759890049696,9.382008283864707e-05,0.0,0.0,5.0,0.35474813052366844,0.0004527568817138672,-0.00016164779663085938,0.0005595684051513672,0.00022089481353759766,0.009594209492206573,1.3840805813670158,False,False
194,3.88,-0.07031192630529404,0.13362647593021393,4.6797943115234375,0.2777012586593628,-0.0036265873350203037,0.000729719118680805,-0.00792427733540535,0.025829287245869637,0.05262782797217369,0.006736117415130138,-0.002337543061003089,0.000182668401976116,0.0,0.0,5.0,0.35402187076936154,0.00039887428283691406,8.344650268554688e-06,0.0004905462265014648,0.00025153160095214844,0.00959524605423212,1.393675827421248,False,False
195,3.9,-0.07047687470912933,0.13413965702056885,4.68084716796875,0.27770543098449707,-0.0036696940660476685,0.0008660776657052338,-0.008570149540901184,0.02548408694565296,0.052739180624485016,0.006901259534060955,-0.0019728890620172024,0.0002413207694189623,0.0,0.0,5.0,0.3532972794233341,0.0003606081008911133,-1.5497207641601562e-06,0.0005025863647460938,0.00027251243591308594,0.0095962630584836,1.4032720904797316,False,False
196,3.92,-0.0706547424197197,0.13464565575122833,4.681903839111328,0.27771076560020447,-0.003704628674313426,0.0010055310558527708,-0.00921609252691269,0.025110743939876556,0.052848923951387405,0.007046016864478588,-0.0015200497582554817,0.00029648555209860206,0.0,0.0,5.0,0.35257157118971894,0.0003402233123779297,7.748603820800781e-06,0.0005481243133544922,0.00022208690643310547,0.009597273543477058,1.4128693640232086,False,False
197,3.94,-0.07084550708532333,0.1351439207792282,4.682961463928223,0.27771732211112976,-0.0037304412107914686,0.0011464976705610752,-0.009860319085419178,0.024709241464734077,0.05295709893107414,0.007053057663142681,-0.0010604554554447532,0.0003578299074433744,0.0,0.0,5.0,0.3518471238368939,0.0002931356430053711,3.4809112548828125e-05,0.00011157989501953125,0.0004200935363769531,0.009598313830792904,1.4224676778540015,False,False
198,3.96,-0.07104913145303726,0.13563385605812073,4.684021949768066,0.2777244746685028,-0.003749441122636199,0.0012937013525515795,-0.0105010150000453,0.02427964098751545,0.05303985998034477,0.007669932208955288,-0.0008386036497540772,0.0003531057736836374,0.0,0.0,5.0,0.3511219876592754,5.364418029785156e-06,0.0004031658172607422,-0.00042814016342163086,0.0005681514739990234,0.009599260985851288,1.4320669388398528,False,False
199,3.98,-0.07126551866531372,0.13611489534378052,4.68508243560791,0.27773016691207886,-0.0037691397592425346,0.0014535854570567608,-0.011136877350509167,0.023820294067263603,0.05309206247329712,0.008320583961904049,-0.001130474847741425,0.0002232889673905447,0.0,0.0,5.0,0.3503985034895705,-0.0002524852752685547,0.00046885013580322266,-0.0007253885269165039,0.0006704330444335938,0.009600206278264523,1.4416671451181173,False,False
200,4.0,-0.07149457186460495,0.13658642768859863,4.686142921447754,0.27773264050483704,-0.0037947033997625113,0.0016273264773190022,-0.01176789402961731,0.023328546434640884,0.05310618132352829,0.009054416790604591,-0.0014254802372306585,2.6120598704437725e-05,0.0,0.0,5.0,0.3496764101168203,-0.0004260540008544922,0.0005098581314086914,-0.0008242130279541016,0.0006275177001953125,0.009601191617548466,1.4512683367356658,False,False
201,4.0200000000000005,-0.07173620164394379,0.13704779744148254,4.687203407287598,0.27773088216781616,-0.003826269181445241,0.0018140284810215235,-0.012394474819302559,0.02280144765973091,0.053093377500772476,0.009615065529942513,-0.0017314052674919367,-0.00019620242528617382,0.0,0.0,5.0,0.3489554266985265,-0.0005043745040893555,0.00042235851287841797,-0.0007614493370056152,0.0005460977554321289,0.009602218866348267,1.460870555602014,False,False
202,4.04,-0.07199032604694366,0.13749825954437256,4.688263893127441,0.27772483229637146,-0.003862339537590742,0.0020104977302253246,-0.01301709096878767,0.022236507385969162,0.05306234210729599,0.010029536671936512,-0.0018767400179058313,-0.00040421148878522217,0.0,0.0,5.0,0.3482352347912775,-0.0005214214324951172,0.00032341480255126953,-0.0005845427513122559,0.00041043758392333984,0.009603271260857582,1.4704738268628716,False,False
203,4.0600000000000005,-0.07225687801837921,0.1379370242357254,4.689324378967285,0.27771493792533875,-0.003899588482454419,0.0022127635311335325,-0.013635918498039246,0.021631991490721703,0.05302392691373825,0.010193188674747944,-0.001850253320299089,-0.0005754822632297873,0.0,0.0,5.0,0.34751549689191286,-0.00048214197158813477,0.00016260147094726562,-0.000333249568939209,0.0002605915069580078,0.00960434228181839,1.48007816914469,False,False
204,4.08,-0.07253574579954147,0.1383632868528366,4.690384864807129,0.2777022123336792,-0.003933877218514681,0.0024161285255104303,-0.014250680804252625,0.020987221971154213,0.05298333987593651,0.01013824064284563,-0.0015816373052075505,-0.0006907301722094417,0.0,0.0,5.0,0.3467958556671574,-0.000410616397857666,-5.304813385009766e-06,-4.506111145019531e-05,8.678436279296875e-05,0.009605404920876026,1.489683574065566,False,False
205,4.1,-0.07282686978578568,0.1387762576341629,4.691445350646973,0.2776879072189331,-0.003960499074310064,0.0026159780099987984,-0.014860487543046474,0.02030261792242527,0.05294443666934967,0.00984103512018919,-0.0010839959140866995,-0.0007407231023535132,0.0,0.0,5.0,0.3460759660581893,-0.0003148317337036133,-0.00019913911819458008,0.00025153160095214844,-9.423494338989258e-05,0.009606409817934036,1.4992899838835,False,False
206,4.12,-0.07313012331724167,0.139175146818161,4.692503452301025,0.27767327427864075,-0.003974837716668844,0.00280783255584538,-0.01546381413936615,0.019579749554395676,0.05290710926055908,0.009338556788861752,-0.00035378849133849144,-0.0007192658958956599,0.0,0.0,5.0,0.34535758754519846,-0.00020653009414672852,-0.00039058923721313477,0.0005334615707397461,-0.0002835392951965332,0.009607361629605293,1.5088973455131054,False,False
207,4.14,-0.07344534248113632,0.13955922424793243,4.6935601234436035,0.27765989303588867,-0.003972656559199095,0.002987771527841687,-0.016058500856161118,0.018821222707629204,0.05287065729498863,0.008649975061416626,0.0005680394824594259,-0.0006260637892410159,0.0,0.0,5.0,0.344639512169971,-9.846687316894531e-05,-0.0005845427513122559,0.000784754753112793,-0.0004729032516479492,0.009608299471437931,1.5185056449845433,False,False
208,4.16,-0.0737723633646965,0.13992778956890106,4.694616794586182,0.27764901518821716,-0.0039504412561655045,0.0031524114310741425,-0.016641845926642418,0.018030552193522453,0.05283175781369209,0.007809683680534363,0.0016501153586432338,-0.0004636872617993504,0.0,0.0,5.0,0.3439201215963815,3.2186508178710938e-06,-0.0007770061492919922,0.0009940862655639648,-0.0006638765335083008,0.009609234519302845,1.5281148795038462,False,False
209,4.18,-0.07411091029644012,0.14028026163578033,4.69567346572876,0.27764222025871277,-0.0039054008666425943,0.0032990723848342896,-0.0172106996178627,0.0172120314091444,0.05278565734624863,0.0068536619655787945,0.002851729979738593,-0.00023669321672059596,0.0,0.0,5.0,0.3431990942457662,9.274482727050781e-05,-0.0009573101997375488,0.0011565685272216797,-0.0008525252342224121,0.009610169567167759,1.537725049071014,False,False
210,4.2,-0.07446067035198212,0.14061610400676727,4.69672966003418,0.2776404917240143,-0.0038356429431587458,0.0034257119987159967,-0.017761588096618652,0.016370514407753944,0.052728015929460526,0.005809641443192959,0.004123437684029341,4.8084311856655404e-05,0.0,0.0,5.0,0.3424765382304206,0.00016808509826660156,-0.0011287331581115723,0.0012706518173217773,-0.001033782958984375,0.009611101821064949,1.5473361508920789,False,False
211,4.22,-0.07482124119997025,0.14093497395515442,4.697782516479492,0.27764517068862915,-0.003740154206752777,0.003530919784680009,-0.018290851265192032,0.0155112836509943,0.05265437439084053,0.0047128526493906975,0.0054269814863801,0.000383376405807212,0.0,0.0,5.0,0.34175472544489066,0.00022792816162109375,-0.0012780427932739258,0.001337885856628418,-0.0012031793594360352,0.009612035937607288,1.5569481868296862,False,False
212,4.24,-0.07519213855266571,0.14123649895191193,4.698835372924805,0.2776569724082947,-0.003618762129917741,0.003613869659602642,-0.018794773146510124,0.014639858156442642,0.052562009543180466,0.003586462000384927,0.006716371048241854,0.000760190945584327,0.0,0.0,5.0,0.3410304076437439,0.0002671480178833008,-0.0014178156852722168,0.001360774040222168,-0.0013609528541564941,0.009612965397536755,1.566561152227223,False,False
213,4.26,-0.07557282596826553,0.14152052998542786,4.69988489151001,0.27767685055732727,-0.003471986623480916,0.00367423752322793,-0.01926969736814499,0.013761873356997967,0.05244654417037964,0.002457362599670887,0.007968291640281677,0.0011705242795869708,0.0,0.0,5.0,0.34030631903645975,0.0002911090850830078,-0.0015357136726379395,0.0013445615768432617,-0.0015044808387756348,0.009613893926143646,1.5761750461533666,False,False
214,4.28,-0.07596269249916077,0.14178697764873505,4.700932502746582,0.27770528197288513,-0.0033009194303303957,0.0037121609784662724,-0.019712122157216072,0.012882930226624012,0.05230625718832016,0.0013445554068312049,0.00914878211915493,0.0016058533219620585,0.0,0.0,5.0,0.3395809853273709,0.00029730796813964844,-0.0016370415687561035,0.001293778419494629,-0.0016335844993591309,0.00961481686681509,1.5857898630201817,False,False
215,4.3,-0.07636106759309769,0.14203587174415588,4.701977252960205,0.2777426242828369,-0.0031071954872459173,0.0037281233817338943,-0.02011878974735737,0.012008500285446644,0.05213908106088638,0.0002636495919432491,0.010237329639494419,0.0020585001911967993,0.0,0.0,5.0,0.3388550711723605,0.0002886056900024414,-0.0017219781875610352,0.001214146614074707,-0.00174713134765625,0.009615733288228512,1.5954055963084102,False,False
216,4.32,-0.07676719129085541,0.1422673910856247,4.7030181884765625,0.2777892053127289,-0.002892822492867708,0.0037229007575660944,-0.02048676088452339,0.011143838055431843,0.05194387584924698,-0.0007718947599641979,0.011217069812119007,0.00252144574187696,0.0,0.0,5.0,0.33812927794075953,0.00025391578674316406,-0.001788794994354248,0.0010976791381835938,-0.0018525123596191406,0.009616643190383911,1.605022239498794,False,False
217,4.34,-0.07718025892972946,0.1424817591905594,4.704054832458496,0.27784520387649536,-0.0026601937133818865,0.0036974367685616016,-0.020813442766666412,0.010293927974998951,0.05171707272529602,-0.0017590500647202134,0.012066353112459183,0.0029863060917705297,0.0,0.0,5.0,0.33740389188873543,0.00019621849060058594,-0.0018464922904968262,0.0009475946426391602,-0.0019501447677612305,0.009617543779313564,1.6146397832781076,False,False
218,4.36,-0.0775994285941124,0.14267930388450623,4.705086708068848,0.27791041135787964,-0.0024120593443512917,0.003652790794149041,-0.02109668217599392,0.00946342945098877,0.05145488306879997,-0.0026890626177191734,0.012770839035511017,0.0034462546464055777,0.0,0.0,5.0,0.33667923136535927,0.00013875961303710938,-0.001898050308227539,0.0007901191711425781,-0.002026855945587158,0.009618432261049747,1.6242582155391574,False,False
219,4.38,-0.07802381366491318,0.14286045730113983,4.706112861633301,0.2779847979545593,-0.0021512112580239773,0.003590340493246913,-0.021334804594516754,0.008656607009470463,0.05115913599729538,-0.003538946621119976,0.0133406613022089,0.0038981602992862463,0.0,0.0,5.0,0.33595606238982395,7.522106170654297e-05,-0.0019227266311645508,0.0006288290023803711,-0.002086818218231201,0.009619311429560184,1.6338775269687176,False,False
220,4.4,-0.07845251262187958,0.14302575588226318,4.707132816314697,0.27806809544563293,-0.0018804504070430994,0.0035115734208375216,-0.021526586264371872,0.007877287454903126,0.05083316192030907,-0.004321064334362745,0.013764768838882446,0.004336969461292028,0.0,0.0,5.0,0.33523476976909744,5.9604644775390625e-06,-0.0019383430480957031,0.00046646595001220703,-0.0021256208419799805,0.009620177559554577,1.6434977045282722,False,False
221,4.42,-0.0788845643401146,0.14317578077316284,4.708145618438721,0.27816006541252136,-0.0016024948563426733,0.0034179340582340956,-0.021671239286661148,0.0071288831532001495,0.05047926306724548,-0.005026953760534525,0.01406239252537489,0.0047593205235898495,0.0,0.0,5.0,0.334516156153408,-6.663799285888672e-05,-0.0019366145133972168,0.0003045797348022461,-0.002149641513824463,0.009621033445000648,1.6531187379732728,False,False
222,4.44,-0.0793190449476242,0.14331114292144775,4.709151744842529,0.27826017141342163,-0.001319854287430644,0.003310884116217494,-0.021768398582935333,0.00641438877210021,0.05010034143924713,-0.005663404241204262,0.01423513051122427,0.005161886569112539,0.0,0.0,5.0,0.3337997934466108,-0.00014084577560424805,-0.0019277334213256836,0.00014483928680419922,-0.002159416675567627,0.009621875360608101,1.662740613333881,False,False
223,4.46,-0.07975498586893082,0.14343257248401642,4.710149765014648,0.27836817502975464,-0.0010349160293117166,0.0031918445602059364,-0.02181808464229107,0.005736399441957474,0.049698587507009506,-0.0062278443947434425,0.014293569140136242,0.005542737897485495,0.0,0.0,5.0,0.3330869546250641,-0.00021690130233764648,-0.0019054412841796875,-1.138448715209961e-05,-0.0021550655364990234,0.009622704237699509,1.6723633175715804,False,False
224,4.48,-0.08019144088029861,0.1435408592224121,4.71113920211792,0.278483510017395,-0.0007498863851651549,0.0030622270423918962,-0.02182067185640335,0.005097118206322193,0.04927671700716019,-0.0067236293107271194,0.014245236292481422,0.005899527575820684,0.0,0.0,5.0,0.3323781069953896,-0.00029277801513671875,-0.0018732547760009766,-0.00016325712203979492,-0.0021384358406066895,0.009623520076274872,1.6819868376478553,False,False
225,4.5,-0.08062747865915298,0.14363674819469452,4.712120056152344,0.2786056399345398,-0.0004668333858717233,0.0029233794193714857,-0.021776868030428886,0.0044983746483922005,0.04883746802806854,-0.007153698708862066,0.014096410013735294,0.00623050844296813,0.0,0.0,5.0,0.3316732847496282,-0.0003542900085449219,-0.0018510818481445312,-0.0003560781478881836,-0.002042233943939209,0.009624329395592213,1.6916111670434475,False,False
226,4.5200000000000005,-0.0810621976852417,0.1437210887670517,4.71309232711792,0.278734028339386,-0.00018737091158982366,0.002778192749246955,-0.021687647327780724,0.003941560164093971,0.04838499054312706,-0.00736074848100543,0.013886221684515476,0.006526866462081671,0.0,0.0,5.0,0.3309725728947319,-0.0004502534866333008,-0.0017234086990356445,-0.0005570054054260254,-0.001963376998901367,0.009625133126974106,1.7012363001704216,False,False
227,4.54,-0.08149469643831253,0.1437947303056717,4.71405553817749,0.27886781096458435,8.62207161844708e-05,0.002629515016451478,-0.02155410684645176,0.003427340416237712,0.047923773527145386,-0.007506379391998053,0.013508929871022701,0.0067763677798211575,0.0,0.0,5.0,0.33027646791471277,-0.0005550384521484375,-0.0016636252403259277,-0.0008553862571716309,-0.0018830299377441406,0.009625906124711037,1.7108622062951326,False,False
228,4.5600000000000005,-0.08192407339811325,0.14385852217674255,4.7150092124938965,0.2790060341358185,0.0003503875632304698,0.0024802873376756907,-0.021377800032496452,0.0029558339156210423,0.047436799854040146,-0.007419408764690161,0.012942912988364697,0.00697523495182395,0.0,0.0,5.0,0.32958546261685273,-0.0007088184356689453,-0.0015000104904174805,-0.0010324716567993164,-0.001842796802520752,0.00962667167186737,1.720488877967,False,False
229,4.58,-0.08234953135251999,0.14391329884529114,4.715953350067139,0.27914759516716003,0.0006016453262418509,0.0023317462764680386,-0.021160772070288658,0.0025263160932809114,0.04693744704127312,-0.007441431283950806,0.012216784991323948,0.007124391850084066,0.0,0.0,5.0,0.32889965374958247,-0.0008045434951782227,-0.0014864802360534668,-0.0011563301086425781,-0.0017853379249572754,0.009627414867281914,1.730116292834282,False,False
230,4.6000000000000005,-0.08277025073766708,0.1439598798751831,4.716887474060059,0.2792918384075165,0.0008385707624256611,0.0021835900843143463,-0.02090563252568245,0.0021380067337304354,0.04642360284924507,-0.007384560536593199,0.011508212424814701,0.007246421184390783,0.0,0.0,5.0,0.32821953592823727,-0.0008844137191772461,-0.0014097094535827637,-0.0012330412864685059,-0.001758873462677002,0.00962815061211586,1.7397444434463978,False,False
231,4.62,-0.08318550884723663,0.1439990997314453,4.717811107635498,0.279438316822052,0.001060825539752841,0.0020360290072858334,-0.020615043118596077,0.0017899872036650777,0.04590452462434769,-0.00738547882065177,0.010748014785349369,0.0073443069122731686,0.0,0.0,5.0,0.32754563129363345,-0.0009395480155944824,-0.0013870000839233398,-0.0012863874435424805,-0.0017116665840148926,0.009628873318433762,1.7493733167648315,False,False
232,4.64,-0.08359463512897491,0.14403174817562103,4.718723773956299,0.27958640456199646,0.0012681836960837245,0.0018887310288846493,-0.020291803404688835,0.001481400802731514,0.04538166895508766,-0.007361541967839003,0.010016798041760921,0.007425559218972921,0.0,0.0,5.0,0.32687845270415,-0.00098419189453125,-0.0013369321823120117,-0.0013226866722106934,-0.0016707777976989746,0.009629587642848492,1.75900290440768,False,False
233,4.66,-0.08399698138237,0.14405862987041473,4.719625949859619,0.27973586320877075,0.0014609287027269602,0.0017417431809008121,-0.019938664510846138,0.001211386639624834,0.04485980048775673,-0.007357622496783733,0.009284756146371365,0.007490830030292273,0.0,0.0,5.0,0.32621770294331387,-0.001018822193145752,-0.0013039112091064453,-0.0013524293899536133,-0.0016176700592041016,0.009630290791392326,1.7686331951990724,False,False
234,4.68,-0.0843919962644577,0.14408047497272491,4.720518112182617,0.27988654375076294,0.0016393210971727967,0.001595027162693441,-0.019558358937501907,0.000979123404249549,0.04434004798531532,-0.007337336428463459,0.008579572662711143,0.007542097475379705,0.0,0.0,5.0,0.325563078250336,-0.0010465383529663086,-0.0012443065643310547,-0.0013873577117919922,-0.0015586018562316895,0.00963098555803299,1.7782641807571054,False,False
235,4.7,-0.08477915078401566,0.14409802854061127,4.721399784088135,0.2800379693508148,0.0018035477260127664,0.0014488283777609468,-0.019153542816638947,0.0007837750017642975,0.04382577911019325,-0.007308606524020433,0.007866047322750092,0.0075764781795442104,0.0,0.0,5.0,0.3249151066710928,-0.0010500550270080566,-0.001113593578338623,-0.0014745593070983887,-0.0014522671699523926,0.009631677530705929,1.7878958582878113,False,False
236,4.72,-0.08515799045562744,0.14411205053329468,4.72227144241333,0.28018975257873535,0.0019523391965776682,0.001303869648836553,-0.018726900219917297,0.000624417676590383,0.043325845152139664,-0.00721577275544405,0.007033942267298698,0.007580371107906103,0.0,0.0,5.0,0.32427352365946227,-0.0011107921600341797,-0.0010271668434143066,-0.0015184283256530762,-0.00133591890335083,0.0096323536708951,1.7975282119587064,False,False
237,4.74,-0.08552811294794083,0.14412322640419006,4.723133087158203,0.2803412973880768,0.002085030311718583,0.0011609307257458568,-0.018281370401382446,0.0004998871008865535,0.042835574597120285,-0.007108689751476049,0.006253772880882025,0.007555586751550436,0.0,0.0,5.0,0.32363845556444043,-0.0011466145515441895,-0.0009760260581970215,-0.0015527009963989258,-0.0012485384941101074,0.009633016772568226,1.8071612287312746,False,False
238,4.76,-0.08588915318250656,0.14413228631019592,4.723984718322754,0.2804920971393585,0.002202553441748023,0.0010205297730863094,-0.01781979575753212,0.0004089292779099196,0.04235197231173515,-0.0069637419655919075,0.005514918826520443,0.0075113787315785885,0.0,0.0,5.0,0.32301005914798053,-0.0011749267578125,-0.0009195804595947266,-0.0015764236450195312,-0.0011773109436035156,0.009633670561015606,1.8167948992922902,False,False
239,4.78,-0.08624081313610077,0.14413981139659882,4.724827289581299,0.2806418240070343,0.0023055216297507286,0.0008831489831209183,-0.017344828695058823,0.0003502198087517172,0.041875772178173065,-0.006808053702116013,0.004796138033270836,0.007450455334037542,0.0,0.0,5.0,0.32238762947575594,-0.0011963248252868652,-0.0008772611618041992,-0.0015935301780700684,-0.0011092424392700195,0.00963431503623724,1.8264292143285275,False,False
240,4.8,-0.08658286929130554,0.14414650201797485,4.7256598472595215,0.2807901203632355,0.002394464099779725,0.0007491306168958545,-0.016859006136655807,0.00032239468418993056,0.041406597942113876,-0.006628595292568207,0.004110198933631182,0.0073756142519414425,0.0,0.0,5.0,0.3217721658322895,-0.001203298568725586,-0.0008394718170166016,-0.0016331672668457031,-0.001006007194519043,0.009634952060878277,1.8360641663894057,False,False
241,4.82,-0.08691512048244476,0.1441529393196106,4.726483345031738,0.28093674778938293,0.002470067236572504,0.0006197716575115919,-0.01636470854282379,0.00032400002237409353,0.040946610271930695,-0.0063429418951272964,0.0034601674415171146,0.007283361162990332,0.0,0.0,5.0,0.32116299386446806,-0.0012244582176208496,-0.000749051570892334,-0.0016731023788452148,-0.000902712345123291,0.009635581634938717,1.8456997480243444,False,False
242,4.84,-0.08723743259906769,0.14415967464447021,4.727297782897949,0.28108131885528564,0.002532628132030368,0.0004964796826243401,-0.015864115208387375,0.00035331325489096344,0.04049969092011452,-0.006022397894412279,0.002803866285830736,0.0071673705242574215,0.0,0.0,5.0,0.32056026056336184,-0.0012480616569519043,-0.0006721019744873047,-0.0016974806785583496,-0.0008133053779602051,0.009636202827095985,1.8553359508514404,False,False
243,4.86,-0.08754967153072357,0.14416725933551788,4.728103160858154,0.2812232971191406,0.0025822147727012634,0.00037974893348291516,-0.01535933930426836,0.00040844190516509116,0.040064308792352676,-0.005686960648745298,0.002161043230444193,0.007031416054815054,0.0,0.0,5.0,0.31996411483911563,-0.0012628436088562012,-0.0006086826324462891,-0.0017115473747253418,-0.000736236572265625,0.009636816568672657,1.864972767420113,False,False
244,4.88,-0.08785179257392883,0.144176185131073,4.72890043258667,0.2813624441623688,0.0026191240176558495,0.00026986797456629574,-0.014852448366582394,0.00048743237857706845,0.03963986411690712,-0.005337298382073641,0.0015343492850661278,0.006879725959151983,0.0,0.0,5.0,0.31937389572270425,-0.0012732148170471191,-0.0005495548248291016,-0.0017161369323730469,-0.0006676316261291504,0.009637424722313881,1.874610192142427,False,False
245,4.9,-0.08814376592636108,0.14418692886829376,4.729689121246338,0.28149840235710144,0.002643672050908208,0.00016702227003406733,-0.014345427043735981,0.0005882979603484273,0.0392264761030674,-0.004983029793947935,0.0009233983000740409,0.006714703049510717,0.0,0.0,5.0,0.3187901584125968,-0.0012777447700500488,-0.0004981756210327148,-0.001712799072265625,-0.0006033182144165039,0.009638027288019657,1.8842482194304466,False,False
246,4.92,-0.08842562139034271,0.14419987797737122,4.730469703674316,0.28163090348243713,0.0026562439743429422,7.131209713406861e-05,-0.013840191066265106,0.000709044688846916,0.03882437199354172,-0.004623071756213903,0.0003353788051754236,0.006538846995681524,0.0,0.0,5.0,0.31821262697191605,-0.0012781023979187012,-0.00044971704483032227,-0.0017030835151672363,-0.0005438923835754395,0.00963862519711256,1.8938868446275592,False,False
247,4.94,-0.0886973887681961,0.1442154347896576,4.7312421798706055,0.28175991773605347,0.002657293574884534,-1.720457657938823e-05,-0.013338567689061165,0.0008476829389110208,0.038433752954006195,-0.0042628515511751175,-0.0002300468331668526,0.006353778298944235,0.0,0.0,5.0,0.3176414398131492,-0.0012769699096679688,-0.00040471553802490234,-0.0016900897026062012,-0.000484466552734375,0.009639217518270016,1.9035260621458292,False,False
248,4.96,-0.08895918726921082,0.14423391222953796,4.732007026672363,0.281885027885437,0.002647334011271596,-9.849391790339723e-05,-0.012842299416661263,0.001002241624519229,0.038054704666137695,-0.0038992520421743393,-0.0007666320307180285,0.006160357501357794,0.0,0.0,5.0,0.31707631918770596,-0.0014337897300720215,-0.0003483295440673828,-0.0018939375877380371,-0.00021183490753173828,0.009639759548008442,1.9131658216938376,False,False
249,4.98,-0.0892111286520958,0.1442556232213974,4.73276424407959,0.2820056080818176,0.002628491958603263,-0.0001696697436273098,-0.01235293224453926,0.0011706335935741663,0.03767254948616028,-0.003250111360102892,-0.0011191816302016377,0.005902690347284079,0.0,0.0,5.0,0.3165173921741546,-0.0015069842338562012,-0.0001614093780517578,-0.0020034313201904297,-0.0001627206802368164,0.009640316478908062,1.9228061381727457,False,False
250,5.0,-0.08945335447788239,0.1442808210849762,4.733513832092285,0.2821207344532013,0.0026007096748799086,-0.00022898157476447523,-0.011871378868818283,0.0013502415968105197,0.03729568049311638,-0.0027111531235277653,-0.0016613361658528447,0.005606071557849646,0.0,0.0,5.0,0.31596476962857645,-0.0015308260917663574,-0.00014585256576538086,-0.0020486116409301758,-0.00010097026824951172,0.009640882723033428,1.9324470208957791,False,False
251,5.0200000000000005,-0.08968603610992432,0.14430966973304749,4.734255790710449,0.28222978115081787,0.002562363864853978,-0.00027679596678353846,-0.011398912407457829,0.0015383673598989844,0.0369197241961956,-0.002098428551107645,-0.0021760044619441032,0.005295807030051947,0.0,0.0,5.0,0.3154185324652001,-0.0015423893928527832,-6.949901580810547e-05,-0.0020366907119750977,-8.857250213623047e-05,0.009641456417739391,1.9420884773135185,False,False
252,5.04,-0.0899093747138977,0.1443423479795456,4.734990119934082,0.28233250975608826,0.0025132871232926846,-0.0003133330901619047,-0.01093685906380415,0.0017322433413937688,0.03655238822102547,-0.0015813495265319943,-0.0027346175629645586,0.0049773468635976315,0.0,0.0,5.0,0.3148787792377323,-0.001524209976196289,-6.92605972290039e-05,-0.0019908547401428223,-6.562471389770508e-05,0.009642036631703377,1.951730513945222,False,False
253,5.0600000000000005,-0.09012358635663986,0.14437896013259888,4.7357177734375,0.28242895007133484,0.0024535893462598324,-0.0003396019747015089,-0.010486673563718796,0.0019292630022391677,0.03619368001818657,-0.0010694687953218818,-0.0032382928766310215,0.004662720020860434,0.0,0.0,5.0,0.3143447792211378,-0.0015003681182861328,-4.190206527709961e-05,-0.0019173622131347656,-6.330013275146484e-05,0.00964262057095766,1.9613731345161796,False,False
254,5.08,-0.09032891690731049,0.14441952109336853,4.736438274383545,0.28251913189888,0.0023840847425162792,-0.00035646630567498505,-0.010049724020063877,0.002126984065398574,0.03584747016429901,-0.0006387846078723669,-0.003715338883921504,0.004354347940534353,0.0,0.0,5.0,0.31381697613801784,-0.001460731029510498,-5.3048133850097656e-05,-0.0018295049667358398,-5.692243576049805e-05,0.00964320544153452,1.971016339957714,False,False
255,5.1000000000000005,-0.09052566438913345,0.14446403086185455,4.737152099609375,0.28260329365730286,0.0023057516664266586,-0.0003650726575870067,-0.009627308696508408,0.002323224674910307,0.03551322966814041,-0.00024157944426406175,-0.004120938945561647,0.004058302845805883,0.0,0.0,5.0,0.31329502208893906,-0.0014176368713378906,-5.2869319915771484e-05,-0.0017317533493041992,-6.127357482910156e-05,0.009643790312111378,1.9806601302698255,False,False
256,5.12,-0.09071411192417145,0.14451242983341217,4.73785924911499,0.2826816737651825,0.0022198513615876436,-0.00036639993777498603,-0.009220545180141926,0.002516048029065132,0.035192396491765976,9.111147664953023e-05,-0.004471926484256983,0.0037758019752800465,0.0,0.0,5.0,0.312778940712294,-0.0013682842254638672,-7.069110870361328e-05,-0.0016312599182128906,-6.520748138427734e-05,0.009644373320043087,1.9903045035898685,False,False
257,5.14,-0.09089459478855133,0.1445646435022354,4.738559722900391,0.2827545404434204,0.0021276355255395174,-0.00036148904473520815,-0.008830389939248562,0.002703787526115775,0.03488419950008392,0.0003841434954665601,-0.004752299282699823,0.003509261179715395,0.0,0.0,5.0,0.31226876565328127,-0.0014286041259765625,-0.00015056133270263672,-0.0014584660530090332,-0.00022226572036743164,0.009644947946071625,1.9999494515359402,False,False
258,5.16,-0.09106744825839996,0.14462053775787354,4.739254474639893,0.2828224003314972,0.0020315092988312244,-0.0003541210026014596,-0.008457634598016739,0.0028851632960140705,0.03456386923789978,0.00033853869535960257,-0.004862713161855936,0.0032751713879406452,0.0,0.0,5.0,0.3117637071068268,-0.0013643503189086914,-0.0004023313522338867,-0.0013236403465270996,-0.0003981590270996094,0.009645518846809864,2.00959497038275,False,False
259,5.18,-0.0912330150604248,0.14468000829219818,4.73994255065918,0.28288620710372925,0.001934765954501927,-0.0003476236015558243,-0.008102732710540295,0.003059947397559881,0.03422127664089203,0.000298552360618487,-0.004813844803720713,0.003099477384239435,0.0,0.0,5.0,0.3112645896887398,-0.0012890100479125977,-0.000493168830871582,-0.0012342333793640137,-0.0005279779434204102,0.009646082296967506,2.0192410526797175,False,False
260,5.2,-0.0913916677236557,0.14474289119243622,4.740623474121094,0.2829468548297882,0.001838730531744659,-0.0003425110480748117,-0.00776565121486783,0.0032283528707921505,0.03387314826250076,0.00020127026073168963,-0.004791752435266972,0.002959598321467638,0.0,0.0,5.0,0.3107718192775327,-0.00122147798538208,-0.0005702972412109375,-0.00118333101272583,-0.0005614757537841797,0.009646635502576828,2.0288876881822944,False,False
261,5.22,-0.0915437564253807,0.1448090821504593,4.741297245025635,0.28300487995147705,0.001743424218147993,-0.00033869818435050547,-0.007446344941854477,0.003390708239749074,0.03352586179971695,0.00016962288646027446,-0.004740823991596699,0.0028410335071384907,0.0,0.0,5.0,0.3102854251250844,-0.0011839866638183594,-0.0005780458450317383,-0.0011475682258605957,-0.0005747079849243164,0.009647182188928127,2.0385348703712225,False,False
262,5.24,-0.09168963879346848,0.14487847685813904,4.741964340209961,0.28306061029434204,0.0016490612179040909,-0.0003355646040290594,-0.007144692353904247,0.0035472342278808355,0.03318377956748009,0.00013427736121229827,-0.004697353579103947,0.0027312790043652058,0.0,0.0,5.0,0.30980504295781214,-0.0011476874351501465,-0.0006017088890075684,-0.0011262893676757812,-0.0005649924278259277,0.00964772142469883,2.0481825917959213,False,False
263,5.26,-0.09182965755462646,0.14495094120502472,4.742624759674072,0.2831141948699951,0.001555767608806491,-0.0003326251171529293,-0.006860543042421341,0.003698084270581603,0.03284604102373123,0.0001510934962425381,-0.004633774049580097,0.0026282058097422123,0.0,0.0,5.0,0.3093306898703256,-0.0011233687400817871,-0.0005958080291748047,-0.0011084675788879395,-0.0005601644515991211,0.00964825414121151,2.057830845937133,False,False
264,5.28,-0.09196417033672333,0.1450263410806656,4.743278503417969,0.283165842294693,0.001463661203160882,-0.00032929799635894597,-0.006593670230358839,0.003843294456601143,0.032513488084077835,0.00017383208614774048,-0.004578539170324802,0.0025280104018747807,0.0,0.0,5.0,0.30886238851677184,-0.0010964274406433105,-0.0006031394004821777,-0.0010948777198791504,-0.0005473494529724121,0.009648778475821018,2.067479624412954,False,False
265,5.3,-0.09209351986646652,0.14510460197925568,4.743925094604492,0.2832155227661133,0.0013727265177294612,-0.00032516138162463903,-0.006343828048557043,0.003982827067375183,0.03218541666865349,0.00023279004381038249,-0.004516535438597202,0.0024310857988893986,0.0,0.0,5.0,0.30840058218212196,-0.0010753273963928223,-0.0005922913551330566,-0.001079559326171875,-0.0005376935005187988,0.009649297222495079,2.077128921635449,False,False
266,5.32,-0.09221804887056351,0.14518560469150543,4.744565486907959,0.2832632064819336,0.001282961806282401,-0.0003198013291694224,-0.006110734306275845,0.004116549622267485,0.031862977892160416,0.00029688645736314356,-0.004461442120373249,0.0023356438614428043,0.0,0.0,5.0,0.3079445060813714,-0.0010504722595214844,-0.0005928277969360352,-0.0010636448860168457,-0.0005258321762084961,0.009649810381233692,2.0867787320166826,False,False
267,5.34,-0.09233807027339935,0.1452692151069641,4.745199680328369,0.28330910205841064,0.001194336568005383,-0.00031293212668970227,-0.005894103553146124,0.004244273062795401,0.03154555335640907,0.00038435423630289733,-0.004402481950819492,0.0022429381497204304,0.0,0.0,5.0,0.30749417390313905,-0.0010298490524291992,-0.0005820393562316895,-0.0010443925857543945,-0.0005176067352294922,0.009650317952036858,2.0964290499687195,False,False
268,5.36,-0.09245392680168152,0.14535532891750336,4.7458271980285645,0.2833530604839325,0.0011068398598581553,-0.00030433261417783797,-0.005693628918379545,0.004365750588476658,0.031234053894877434,0.00047055675531737506,-0.004348547197878361,0.0021522422321140766,0.0,0.0,5.0,0.3070500178924874,-0.0010051727294921875,-0.0005798935890197754,-0.0010232329368591309,-0.0005066394805908203,0.009650819003582,2.1060798689723015,False,False
269,5.38,-0.09256592392921448,0.14544381201267242,4.746448516845703,0.28339529037475586,0.001020482974126935,-0.00029387857648544014,-0.005509003531187773,0.0044807083904743195,0.03092830255627632,0.000570362841244787,-0.004288383759558201,0.00206455634906888,0.0,0.0,5.0,0.3066116555765459,-0.0009832382202148438,-0.000569760799407959,-0.0009982585906982422,-0.0004990696907043457,0.00965131539851427,2.1157311843708158,False,False
270,5.4,-0.0926743820309639,0.14553453028202057,4.747064113616943,0.28343573212623596,0.0009353351779282093,-0.0002814954495988786,-0.005339901428669691,0.004588849376887083,0.030628975480794907,0.0006639924249611795,-0.004227534867823124,0.0019796290434896946,0.0,0.0,5.0,0.306178711228609,-0.0009580850601196289,-0.0005682110786437988,-0.0009711980819702148,-0.0004913806915283203,0.009651805274188519,2.1253829896450043,False,False
271,5.42,-0.09277961403131485,0.14562733471393585,4.747673511505127,0.28347453474998474,0.0008514898945577443,-0.0002672009577509016,-0.005185984540730715,0.004689880646765232,0.030335670337080956,0.0007619904354214668,-0.00415801489725709,0.0018986468203365803,0.0,0.0,5.0,0.30575158902585897,-0.000934302806854248,-0.0005606412887573242,-0.0009413957595825195,-0.00048601627349853516,0.009652290493249893,2.135035280138254,False,False
272,5.44,-0.09288191795349121,0.14572210609912872,4.74827766418457,0.28351181745529175,0.0007690693018957973,-0.00025103878579102457,-0.005046892445534468,0.004783514887094498,0.030048934742808342,0.0008512039785273373,-0.004084991756826639,0.0018214737065136433,0.0,0.0,5.0,0.30532952238042876,-0.0009098052978515625,-0.0005590915679931641,-0.0009099841117858887,-0.0004801154136657715,0.009652769193053246,2.1446880493313074,False,False
273,5.46,-0.09298158437013626,0.14581863582134247,4.748875617980957,0.283547580242157,0.000688233005348593,-0.00023312546545639634,-0.004922248423099518,0.0048694913275539875,0.02976839616894722,0.0009375243680551648,-0.003999487962573767,0.0017488407902419567,0.0,0.0,5.0,0.3049132742752016,-0.000884711742401123,-0.0005550980567932129,-0.0008771419525146484,-0.0004769563674926758,0.00965324230492115,2.1543412916362286,False,False
274,5.48,-0.09307890385389328,0.14591681957244873,4.7494683265686035,0.28358185291290283,0.0006091843242757022,-0.00021358694357331842,-0.00481164176017046,0.004947580397129059,0.029494229704141617,0.0010141010861843824,-0.0039061284624040127,0.0016809445805847645,0.0,0.0,5.0,0.30450208532802653,-0.0008585453033447266,-0.0005554556846618652,-0.0008436441421508789,-0.00047516822814941406,0.009653709828853607,2.163995001465082,False,False
275,5.5,-0.09317415207624435,0.14601647853851318,4.750055313110352,0.283614844083786,0.000532104226294905,-0.000192576801055111,-0.004714637994766235,0.005017590709030628,0.02922597900032997,0.0010850257240235806,-0.003802519990131259,0.0016184174455702305,0.0,0.0,5.0,0.30409633526940044,-0.0008336901664733887,-0.0005532503128051758,-0.0008094906806945801,-0.0004741549491882324,0.009654171764850616,2.173649173229933,False,False
276,5.5200000000000005,-0.09326758235692978,0.1461174637079239,4.750637054443359,0.2836466431617737,0.0004571855824906379,-0.00017025858687702566,-0.0046307737939059734,0.005079367198050022,0.02896394208073616,0.0011452216422185302,-0.003689895151183009,0.001561084296554327,0.0,0.0,5.0,0.30369562679733675,-0.0008091926574707031,-0.000553429126739502,-0.0007759332656860352,-0.00047385692596435547,0.009654628112912178,2.183303801342845,False,False
277,5.54,-0.09335946291685104,0.14621959626674652,4.751214027404785,0.2836773097515106,0.0003846242616418749,-0.00014683771587442607,-0.004559560213238001,0.00513280276209116,0.028707657009363174,0.0011955669615417719,-0.0035666998010128736,0.0015091453678905964,0.0,0.0,5.0,0.30329955458041846,-0.000784456729888916,-0.0005565881729125977,-0.000742793083190918,-0.0004761219024658203,0.009655077010393143,2.192958878353238,False,False
278,5.5600000000000005,-0.09345004707574844,0.14632272720336914,4.7517852783203125,0.2837071418762207,0.00031462355400435627,-0.0001224914303747937,-0.004500481300055981,0.005177837796509266,0.02845648303627968,0.0012380203697830439,-0.0034337628167122602,0.0014630653895437717,0.0,0.0,5.0,0.302908896952889,-0.0007615089416503906,-0.0005551576614379883,-0.0007104873657226562,-0.0004773736000061035,0.009655521251261234,2.2026143996044993,False,False
279,5.58,-0.09353957325220108,0.14642666280269623,4.752351760864258,0.2837360203266144,0.00024735325132496655,-9.743111877469346e-05,-0.004452995024621487,0.0052144587971270084,0.028210723772644997,0.0012671982403844595,-0.003293567104265094,0.00142213748767972,0.0,0.0,5.0,0.30252284160170806,-0.0007377266883850098,-0.000560462474822998,-0.0006794333457946777,-0.0004799962043762207,0.009655959904193878,2.212270359508693,False,False
280,5.6000000000000005,-0.09362825006246567,0.14653123915195465,4.752913951873779,0.283764123916626,0.0001829942484619096,-7.1842732722871e-05,-0.004416539333760738,0.0052427006885409355,0.027969593182206154,0.001291031250730157,-0.0031425512861460447,0.0013870974071323872,0.0,0.0,5.0,0.30214097444040916,-0.0007162690162658691,-0.0005635619163513184,-0.0006496310234069824,-0.0004858970642089844,0.0096563920378685,2.2219267515465617,False,False
281,5.62,-0.09371631592512131,0.14663630723953247,4.7534708976745605,0.28379160165786743,0.00012171795970061794,-4.589348827721551e-05,-0.004390524700284004,0.005262639373540878,0.027732590213418007,0.0013034720905125141,-0.0029852192383259535,0.0013576908968389034,0.0,0.0,5.0,0.3017640680478885,-0.0006949305534362793,-0.0005666017532348633,-0.0006216168403625488,-0.0004904866218566895,0.009656817652285099,2.231583569198847,False,False
282,5.64,-0.09380394965410233,0.14674168825149536,4.75402307510376,0.28381848335266113,6.363398279063404e-05,-1.9788612917182036e-05,-0.004374348092824221,0.0052743954584002495,0.02749972976744175,0.0013067638501524925,-0.002823247341439128,0.0013335314579308033,0.0,0.0,5.0,0.30139169136361244,-0.0006740689277648926,-0.0005720853805541992,-0.0005950331687927246,-0.000495612621307373,0.009657238610088825,2.2412408078089356,False,False
283,5.66,-0.09389135986566544,0.1468472182750702,4.754570960998535,0.2838449478149414,8.857370630721562e-06,6.3203224272001535e-06,-0.004367395769804716,0.0052781300619244576,0.027270430698990822,0.0013040301855653524,-0.0026544134598225355,0.0013148081488907337,0.0,0.0,5.0,0.3010234312437033,-0.0006554126739501953,-0.0005753636360168457,-0.0005700588226318359,-0.0005022883415222168,0.009657653048634529,2.25089846085757,False,False
284,5.68,-0.09397870302200317,0.14695273339748383,4.7551140785217285,0.2838710844516754,-4.251366772223264e-05,3.226825356250629e-05,-0.004369039088487625,0.0052740382961928844,0.02704448439180851,0.0012908029602840543,-0.0024826235603541136,0.0013010515831410885,0.0,0.0,5.0,0.30065963648776,-0.0006368160247802734,-0.0005808472633361816,-0.0005471110343933105,-0.0005083084106445312,0.009658061899244785,2.260556522756815,False,False
285,5.7,-0.09406616538763046,0.14705811440944672,4.755652904510498,0.2838970124721527,-9.039838914759457e-05,5.789488204754889e-05,-0.0043786452151834965,0.005262352526187897,0.026821473613381386,0.0012720287777483463,-0.002305716974660754,0.0012922626920044422,0.0,0.0,5.0,0.30029990935488265,-0.0006199479103088379,-0.000585019588470459,-0.0005260705947875977,-0.0005158782005310059,0.009658465161919594,2.2702149879187346,False,False
286,5.72,-0.09415389597415924,0.14716318249702454,4.756187438964844,0.28392279148101807,-0.00013473925355356187,8.305738447234035e-05,-0.0043955715373158455,0.005243337247520685,0.02660101093351841,0.0012445083120837808,-0.002128175226971507,0.0012880736030638218,0.0,0.0,5.0,0.2999442003578118,-0.0006037354469299316,-0.0005906224250793457,-0.0005071163177490234,-0.0005227923393249512,0.00965886190533638,2.279873849824071,False,False
287,5.74,-0.09424202144145966,0.14726778864860535,4.756717205047607,0.28394854068756104,-0.00017551638302393258,0.00010763588215922937,-0.004419179167598486,0.005217285361140966,0.026382753625512123,0.0012137388112023473,-0.0019492831779643893,0.0012883408926427364,0.0,0.0,5.0,0.2995928545520916,-0.0005894899368286133,-0.0005933642387390137,-0.0004894733428955078,-0.0005295276641845703,0.009659253060817719,2.2895331028848886,False,False
288,5.76,-0.09433069080114365,0.1473718136548996,4.757242679595947,0.2839742600917816,-0.00021272781305015087,0.00013151679013390094,-0.004448831081390381,0.005184510722756386,0.026166776195168495,0.001174849458038807,-0.0017715406138449907,0.0012924144975841045,0.0,0.0,5.0,0.2992454632850953,-0.0005754232406616211,-0.0005993247032165527,-0.0004737973213195801,-0.0005365610122680664,0.00965963862836361,2.2991927415132523,False,False
289,5.78,-0.09442000836133957,0.14747512340545654,4.757763862609863,0.2840001881122589,-0.0002463787968736142,0.0001545821432955563,-0.00448389770463109,0.005145350471138954,0.02595243789255619,0.00113228231202811,-0.001593179302290082,0.0013004974462091923,0.0,0.0,5.0,0.2989019843696312,-0.0005631446838378906,-0.0006022453308105469,-0.00045996904373168945,-0.0005429387092590332,0.009660018607974052,2.3088527601212263,False,False
290,5.8,-0.09451007843017578,0.14757758378982544,4.7582807540893555,0.28402629494667053,-0.00027647853130474687,0.0001767430076142773,-0.004523756448179483,0.005100158974528313,0.025739723816514015,0.0010844843927770853,-0.0014163556043058634,0.0013118810020387173,0.0,0.0,5.0,0.29856237540207836,-0.0005515217781066895,-0.0006063580513000488,-0.00044786930084228516,-0.0005497336387634277,0.009660392068326473,2.318513152189553,False,False
291,5.82,-0.09460099041461945,0.14767909049987793,4.758793354034424,0.28405267000198364,-0.00030307029373943806,0.00019791348313447088,-0.004567794036120176,0.005049309693276882,0.025528261438012123,0.0010333247482776642,-0.0012423268053680658,0.0013264608569443226,0.0,0.0,5.0,0.29822660380365273,-0.0005412697792053223,-0.0006091594696044922,-0.0004373788833618164,-0.0005559921264648438,0.009660760872066021,2.328173913061619,False,False
292,5.84,-0.09469284117221832,0.14777952432632446,4.759301662445068,0.284079372882843,-0.0003262184909544885,0.00021801683760713786,-0.004615410231053829,0.004993184469640255,0.025317899882793427,0.000977850053459406,-0.0010719330748543143,0.0013438458554446697,0.0,0.0,5.0,0.2978946318433575,-0.0005315542221069336,-0.0006130337715148926,-0.0004284381866455078,-0.0005614161491394043,0.009661124087870121,2.337835037149489,False,False
293,5.86,-0.0947856530547142,0.14787878096103668,4.759806156158447,0.28410643339157104,-0.0003459835716057569,0.00023700848396401852,-0.004666024353355169,0.004932176787406206,0.025108464062213898,0.0009222187218256295,-0.0009039544383995235,0.0013638096861541271,0.0,0.0,5.0,0.297566020410448,-0.0005239248275756836,-0.0006140470504760742,-0.0004207491874694824,-0.0005683302879333496,0.009661482647061348,2.3474965197965503,False,False
294,5.88,-0.09487950056791306,0.14797677099704742,4.760306358337402,0.2841339707374573,-0.0003624496457632631,0.00025482234195806086,-0.004719066433608532,0.004866683389991522,0.02489980310201645,0.0008601367007941008,-0.0007419729954563081,0.0013859583996236324,0.0,0.0,5.0,0.2972411247391703,-0.0005158782005310059,-0.000617682933807373,-0.00041496753692626953,-0.0005730390548706055,0.009661834686994553,2.357158354483545,False,False
295,5.9,-0.09497442841529846,0.14807341992855072,4.760802268981934,0.28416192531585693,-0.0003757097292691469,0.0002714050351642072,-0.004773990251123905,0.004797111265361309,0.024691589176654816,0.0007991644670255482,-0.0005832875613123178,0.0014101364649832249,0.0,0.0,5.0,0.2969199122092367,-0.0005090832710266113,-0.0006181001663208008,-0.0004100799560546875,-0.0005785226821899414,0.009662182070314884,2.3668205365538597,False,False
296,5.92,-0.09507046639919281,0.1481686383485794,4.761293888092041,0.28419044613838196,-0.0003858777927234769,0.0002867284638341516,-0.004830269142985344,0.0047238669358193874,0.024484001100063324,0.000734256929717958,-0.0004327173519413918,0.001436013262718916,0.0,0.0,5.0,0.2966023378762332,-0.000503242015838623,-0.0006197094917297363,-0.00040709972381591797,-0.0005813241004943848,0.009662522934377193,2.376483059488237,False,False
297,5.94,-0.09516764432191849,0.1482623666524887,4.761781215667725,0.2842194736003876,-0.00039307872066274285,0.00030077205155976117,-0.004887402057647705,0.004647356923669577,0.024276845157146454,0.0006712302565574646,-0.0002865180722437799,0.001463055144995451,0.0,0.0,5.0,0.29628837152329707,-0.0004985928535461426,-0.0006191730499267578,-0.00040477514266967773,-0.0005850791931152344,0.009662860073149204,2.386145919561386,False,False
298,5.96,-0.09526596963405609,0.14835453033447266,4.762264728546143,0.28424909710884094,-0.00039743378874845803,0.0003135394072160125,-0.004944909363985062,0.004567980766296387,0.02407006174325943,0.0006066650385037065,-0.00014807151455897838,0.0014910190366208553,0.0,0.0,5.0,0.2959775851890108,-0.0004949569702148438,-0.000619351863861084,-0.0004037022590637207,-0.000587761402130127,0.009663191623985767,2.395809111185372,False,False
299,5.98,-0.09536543488502502,0.14844508469104767,4.762743949890137,0.2842792272567749,-0.00039906377787701786,0.00032501653186045587,-0.005002337507903576,0.004486132878810167,0.023863457143306732,0.0005422450485639274,-1.3961174772703089e-05,0.0015197298489511013,0.0,0.0,5.0,0.29567032765138307,-0.000491023063659668,-0.0006186962127685547,-0.0004035830497741699,-0.0005915164947509766,0.009663518518209457,2.4054726297035813,False,False
300,6.0,-0.09546604752540588,0.14853397011756897,4.763219356536865,0.28430986404418945,-0.00039809991721995175,0.0003351889899931848,-0.005059254355728626,0.0044022053480148315,0.023656927049160004,0.00047622277634218335,0.00011135313252452761,0.0015490972436964512,0.0,0.0,5.0,0.29536617888279976,-0.0004871487617492676,-0.000619351863861084,-0.0004048347473144531,-0.0005936622619628906,0.0096638398244977,2.415136469528079,False,False
301,6.0200000000000005,-0.09556780010461807,0.14862117171287537,4.76369047164917,0.28434106707572937,-0.0003947113873437047,0.00034409010550007224,-0.005115256179124117,0.004316580481827259,0.023450352251529694,0.000415121263358742,0.00022855549468658864,0.0015789992175996304,0.0,0.0,5.0,0.29506550168994,-0.0004858970642089844,-0.0006160140037536621,-0.00040590763092041016,-0.0005950927734375,0.009664156474173069,2.424800626002252,False,False
302,6.04,-0.0956706553697586,0.14870662987232208,4.764157295227051,0.28437289595603943,-0.0003890529042109847,0.00035173643846064806,-0.00516996905207634,0.004229623358696699,0.023243986070156097,0.0003507633809931576,0.00033839649404399097,0.0016087167896330357,0.0,0.0,5.0,0.2947682436448733,-0.00048351287841796875,-0.0006147623062133789,-0.00040858983993530273,-0.0005949735641479492,0.009664468467235565,2.4344650944694877,False,False
303,6.0600000000000005,-0.0957745835185051,0.14879034459590912,4.764620304107666,0.284405380487442,-0.00038127152947708964,0.00035813331487588584,-0.005223048385232687,0.004141692537814379,0.023037724196910858,0.00029017048655077815,0.0004408907552715391,0.001638237852603197,0.0,0.0,5.0,0.29447400349008757,-0.0004830360412597656,-0.0006110668182373047,-0.0004113316535949707,-0.0005950927734375,0.009664774872362614,2.4441298693418503,False,False
304,6.08,-0.09587956219911575,0.14887230098247528,4.765079021453857,0.2844384014606476,-0.0003715088532771915,0.0003633194719441235,-0.005274172872304916,0.004053133074194193,0.022831566631793976,0.00022968865232542157,0.0005365657270886004,0.0016672923229634762,0.0,0.0,5.0,0.29418313787229206,-0.00048148632049560547,-0.0006074905395507812,-0.00041490793228149414,-0.0005945563316345215,0.009665077552199364,2.4537949468940496,False,False
305,6.1000000000000005,-0.0959855392575264,0.14895246922969818,4.765533924102783,0.2844720482826233,-0.0003599261399358511,0.00036732133594341576,-0.005323049146682024,0.003964276518672705,0.02262570708990097,0.00017172613297589123,0.0006229323917068541,0.0016956883482635021,0.0,0.0,5.0,0.29389522381764177,-0.00048238039016723633,-0.0006037354469299316,-0.0004189610481262207,-0.0005931258201599121,0.00966537557542324,2.463460322469473,False,False
306,6.12,-0.09609246999025345,0.149030864238739,4.765984535217285,0.28450629115104675,-0.00034667912404984236,0.0003701700479723513,-0.005369412247091532,0.003875437658280134,0.022419847548007965,0.0001143560148193501,0.0007030362030491233,0.001723200548440218,0.0,0.0,5.0,0.2936106248793515,-0.00048226118087768555,-0.0005990862846374512,-0.00042361021041870117,-0.0005911588668823242,0.00966566801071167,2.4731259904801846,False,False
307,6.140000000000001,-0.09620029479265213,0.14910748600959778,4.766430854797363,0.2845410406589508,-0.0003319120150990784,0.0003718924999702722,-0.0054130228236317635,0.0037869205698370934,0.022214122116565704,5.90563467994798e-05,0.000774964748416096,0.0017496892251074314,0.0,0.0,5.0,0.29332931100213283,-0.000482022762298584,-0.0005945563316345215,-0.0004285573959350586,-0.0005881190299987793,0.0096659567207098,2.4827919472008944,False,False
308,6.16,-0.09630896151065826,0.14918234944343567,4.766872882843018,0.28457629680633545,-0.0003157801984343678,0.000372545124264434,-0.005453669466078281,0.0036990130320191383,0.022008739411830902,7.348734470724594e-06,0.0008395239128731191,0.0017749997787177563,0.0,0.0,5.0,0.29305126207994775,-0.00048238039016723633,-0.0005884766578674316,-0.00043398141860961914,-0.000584721565246582,0.009666240774095058,2.4924581879749894,False,False
309,6.18,-0.09641841799020767,0.14925546944141388,4.767311096191406,0.28461208939552307,-0.0002984402817673981,0.0003721965185832232,-0.005491164978593588,0.00361198210157454,0.02180369757115841,-4.111438465770334e-05,0.0008958008838817477,0.001798946876078844,0.0,0.0,5.0,0.2927760790118555,-0.0004839897155761719,-0.0005817413330078125,-0.0004393458366394043,-0.0005807280540466309,0.009666520170867443,2.502124708145857,False,False
310,6.2,-0.09652858972549438,0.14932683110237122,4.767745018005371,0.2846483886241913,-0.00028004447813145816,0.000370881927665323,-0.005525349173694849,0.003526075044646859,0.02159903012216091,-8.930003241403028e-05,0.0009451229125261307,0.0018211840651929379,0.0,0.0,5.0,0.29250409874528993,-0.000484466552734375,-0.0005759596824645996,-0.0004448890686035156,-0.000576019287109375,0.00966679584234953,2.5117915039882064,False,False
311,6.22,-0.09663940966129303,0.14939650893211365,4.76817512512207,0.28468507528305054,-0.00026072736363857985,0.0003686574927996844,-0.005556086078286171,0.0034415258560329676,0.021394765004515648,-0.0001321601594099775,0.0009879424469545484,0.0018419059924781322,0.0,0.0,5.0,0.292234948274422,-0.0004857182502746582,-0.000568687915802002,-0.00045031309127807617,-0.0005720853805541992,0.009667066857218742,2.521458570845425,False,False
312,6.24,-0.09675081074237823,0.14946451783180237,4.768600940704346,0.28472205996513367,-0.00024063009186647832,0.00036557737621478736,-0.0055832634679973125,0.0033585471101105213,0.021190961822867393,-0.0001749279908835888,0.0010231317719444633,0.001860960852354765,0.0,0.0,5.0,0.2919689814225381,-0.0004856586456298828,-0.0005632638931274414,-0.0004565119743347168,-0.0005667209625244141,0.009667333215475082,2.5311259040609,False,False
313,6.26,-0.09686271846294403,0.14953087270259857,4.7690229415893555,0.28475943207740784,-0.000219898865907453,0.00036171500687487423,-0.005606792401522398,0.0032773357816040516,0.020987575873732567,-0.00021043713786639273,0.0010513406014069915,0.0018784054554998875,0.0,0.0,5.0,0.2917057929340221,-0.00048786401748657227,-0.0005539059638977051,-0.00046193599700927734,-0.0005617737770080566,0.009667596779763699,2.540793500840664,False,False
314,6.28,-0.09697506576776505,0.14959561824798584,4.769440650939941,0.2847971022129059,-0.000198688474483788,0.0003571328124962747,-0.005626605823636055,0.003198062302544713,0.02078489027917385,-0.00024699236382730305,0.0010710444767028093,0.0018938290886580944,0.0,0.0,5.0,0.2914457510732613,-0.0004884004592895508,-0.0005481839179992676,-0.0004673600196838379,-0.0005551576614379883,0.009667855687439442,2.5504613565281034,False,False
315,6.3,-0.09708775579929352,0.14965879917144775,4.769854545593262,0.2848350703716278,-0.00017712669796310365,0.0003518761950545013,-0.005642666015774012,0.003120883833616972,0.020582860335707664,-0.00027795459027402103,0.001086471602320671,0.0019075735472142696,0.0,0.0,5.0,0.29118845904270835,-0.0004901289939880371,-0.0005393624305725098,-0.00047266483306884766,-0.0005491375923156738,0.009668110869824886,2.5601294673979282,False,False
316,6.32,-0.09720073640346527,0.1497204601764679,4.770264148712158,0.28487327694892883,-0.00015532333054579794,0.00034601500374265015,-0.0056549496948719025,0.0030459375120699406,0.02038157545030117,-0.0003075225686188787,0.001095193438231945,0.0019192886538803577,0.0,0.0,5.0,0.29093428935032495,-0.0004884600639343262,-0.0005319714546203613,-0.0004820823669433594,-0.000544130802154541,0.009668361395597458,2.5697978287935257,False,False
317,6.34,-0.09731393307447433,0.14978066086769104,4.770669937133789,0.28491175174713135,-0.00013349599612411112,0.0003396552929189056,-0.0056634582579135895,0.0029733399860560894,0.020180797204375267,-0.0003278926888015121,0.0010888529941439629,0.0019291038624942303,0.0,0.0,5.0,0.29068286099219165,-0.00047391653060913086,-0.000527799129486084,-0.0005196332931518555,-0.0005518794059753418,0.009668605402112007,2.5794664341956377,False,False
318,6.36,-0.09742725640535355,0.14983943104743958,4.771071434020996,0.2849504053592682,-0.00011249151430092752,0.00033332736347801983,-0.005668258760124445,0.002903139218688011,0.019977455958724022,-0.0003044207696802914,0.0010128915309906006,0.0019371374510228634,0.0,0.0,5.0,0.2904345256826365,-0.000490725040435791,-0.0004987120628356934,-0.0005417466163635254,-0.0005335807800292969,0.009668849408626556,2.5891352836042643,False,False
319,6.38,-0.09754062443971634,0.1498968005180359,4.7714691162109375,0.2849891483783722,-9.317891817772761e-05,0.00032741361064836383,-0.0056695775128901005,0.0028352101799100637,0.019774815067648888,-0.0002865543938241899,0.0009196450118906796,0.001937143038958311,0.0,0.0,5.0,0.2901888851542106,-0.0005030632019042969,-0.0004904270172119141,-0.0005515217781066895,-0.0005159378051757812,0.009669088758528233,2.5988043723627925,False,False
320,6.4,-0.09765399247407913,0.14995284378528595,4.771862506866455,0.2850279211997986,-7.560642552562058e-05,0.00032192489015869796,-0.00566772511228919,0.002769381972029805,0.01957262121140957,-0.00026198994601145387,0.0008388588903471828,0.0019326605834066868,0.0,0.0,5.0,0.289946328444904,-0.0005123019218444824,-0.00047904253005981445,-0.0005522966384887695,-0.0005075335502624512,0.009669325314462185,2.6084736976772547,False,False
321,6.42,-0.09776730835437775,0.15000760555267334,4.772252082824707,0.2850663959980011,-5.958931433269754e-05,0.00031680698157288134,-0.005662986543029547,0.002705482067540288,0.019371336326003075,-0.0002495350199751556,0.0007640812546014786,0.0019254297949373722,0.0,0.0,5.0,0.28970647573741,-0.000513911247253418,-0.0004788041114807129,-0.0005481839179992676,-0.0005007386207580566,0.009669558145105839,2.6181432558223605,False,False
322,6.44,-0.09788050502538681,0.15006108582019806,4.772637367248535,0.28510481119155884,-4.492785228649154e-05,0.0003119466418866068,-0.005655624903738499,0.0026433728635311127,0.01917102001607418,-0.00023629514907952398,0.0007032719440758228,0.0019177352078258991,0.0,0.0,5.0,0.28946966941847135,-0.0005150437355041504,-0.00047218799591064453,-0.0005406737327575684,-0.0004966259002685547,0.009669789113104343,2.627813044935465,False,False
323,6.46,-0.09799353033304214,0.15011334419250488,4.773018836975098,0.28514307737350464,-3.1426789064425975e-05,0.0003072342951782048,-0.005645863711833954,0.0025829412043094635,0.018972372636198997,-0.00023478915682062507,0.0006480184383690357,0.0019096327014267445,0.0,0.0,5.0,0.289235538030733,-0.0005139708518981934,-0.00047135353088378906,-0.0005319118499755859,-0.0004894137382507324,0.00967001635581255,2.6374830612912774,False,False
324,6.48,-0.09810633212327957,0.1501644104719162,4.7733964920043945,0.2851811349391937,-1.8869417544919997e-05,0.00030253289151005447,-0.005633902736008167,0.002524114679545164,0.0187754537910223,-0.00023524858988821507,0.0006088800728321075,0.0019017322920262814,0.0,0.0,5.0,0.28900406988652566,-0.0005109906196594238,-0.0004677772521972656,-0.0005229711532592773,-0.00048595666885375977,0.009670240804553032,2.6471533020958304,False,False
325,6.5,-0.0982188731431961,0.1502143144607544,4.773769855499268,0.28521907329559326,-7.033625024632784e-06,0.000297760620014742,-0.005619899369776249,0.0024668509140610695,0.018580427393317223,-0.00024192810815293342,0.0005758389597758651,0.0018942668102681637,0.0,0.0,5.0,0.2887756319207975,-0.0005072951316833496,-0.0004646778106689453,-0.000514686107635498,-0.0004798769950866699,0.00967046245932579,2.6568237645551562,False,False
326,6.5200000000000005,-0.09833110868930817,0.15026308596134186,4.774139404296875,0.28525683283805847,4.229256319376873e-06,0.00029283700860105455,-0.00560398306697607,0.002411134308204055,0.01838751696050167,-0.0002504229196347296,0.0005515668308362365,0.0018870686180889606,0.0,0.0,5.0,0.2885498408075538,-0.0005039572715759277,-0.0004608631134033203,-0.0005071163177490234,-0.0004743337631225586,0.00967068038880825,2.6664944449439645,False,False
327,6.54,-0.09844301640987396,0.15031076967716217,4.774505138397217,0.28529441356658936,1.5069720575411338e-05,0.00028771860525012016,-0.0055862595327198505,0.0023569695185869932,0.01819651387631893,-0.0002614519908092916,0.0005335747264325619,0.0018799887038767338,0.0,0.0,5.0,0.2883267028391126,-0.0004996061325073242,-0.00045794248580932617,-0.0005006790161132812,-0.0004691481590270996,0.009670894593000412,2.676165339536965,False,False
328,6.5600000000000005,-0.09855454415082932,0.15035738050937653,4.774867057800293,0.28533196449279785,2.5598452339181677e-05,0.0002823770046234131,-0.005566809792071581,0.002304375870153308,0.018007388338446617,-0.00027277838671579957,0.0005203702603466809,0.0018731546588242054,0.0,0.0,5.0,0.2881061986662485,-0.0004960894584655762,-0.0004520416259765625,-0.0004954934120178223,-0.0004628300666809082,0.009671106934547424,2.6858364464715123,False,False
329,6.58,-0.09866566956043243,0.1504029780626297,4.7752251625061035,0.28536924719810486,3.588472827686928e-05,0.00027679934282787144,-0.00554569810628891,0.0022533817682415247,0.01782030425965786,-0.00028509172261692584,0.0005093048675917089,0.001866025384515524,0.0,0.0,5.0,0.28788834247034717,-0.000492095947265625,-0.0004487037658691406,-0.0004913806915283203,-0.00045680999755859375,0.009671315550804138,2.6955077620223165,False,False
330,6.6000000000000005,-0.09877637028694153,0.1504475176334381,4.775579929351807,0.2854064702987671,4.598076702677645e-05,0.0002710062835831195,-0.005522979889065027,0.0022040177136659622,0.01763499341905117,-0.00029435844044201076,0.0005013234331272542,0.001858795527368784,0.0,0.0,5.0,0.2876727220277702,-0.000489652156829834,-0.0004418492317199707,-0.00048792362213134766,-0.0004513263702392578,0.009671521373093128,2.7051792833954096,False,False
331,6.62,-0.09888660907745361,0.15049108862876892,4.775930881500244,0.2854435443878174,5.591286753769964e-05,0.0002650003298185766,-0.0054986984468996525,0.002156314207240939,0.017451418563723564,-0.0003064175834879279,0.0004928847192786634,0.001850960310548544,0.0,0.0,5.0,0.28745973470517006,-0.00048601627349853516,-0.0004380941390991211,-0.0004855990409851074,-0.00044423341751098633,0.009671724401414394,2.714851007796824,False,False
332,6.640000000000001,-0.09899631887674332,0.15053372085094452,4.776278018951416,0.2854803800582886,6.569673132617027e-05,0.00025880252360366285,-0.005472896620631218,0.0021103026811033487,0.017269520089030266,-0.0003135870792903006,0.00048647241783328354,0.0018426342867314816,0.0,0.0,5.0,0.28724936391344524,-0.00048297643661499023,-0.00043135881423950195,-0.0004837512969970703,-0.0004391670227050781,0.009671923704445362,2.7245229315012693,False,False
333,6.66,-0.09910550713539124,0.15057550370693207,4.776621341705322,0.28551721572875977,7.53267013351433e-05,0.00025245652068406343,-0.005445609334856272,0.002066005952656269,0.017089245840907097,-0.0003212801238987595,0.00047746425843797624,0.0018336796201765537,0.0,0.0,5.0,0.28704165001387827,-0.0004800558090209961,-0.00042444467544555664,-0.0004826188087463379,-0.000431060791015625,0.00967212114483118,2.7341950526461005,False,False
334,6.68,-0.09921412914991379,0.15061639249324799,4.776961326599121,0.28555387258529663,8.477147639496252e-05,0.00024598746676929295,-0.005416878033429384,0.002023441484197974,0.016910819336771965,-0.0003259262884967029,0.00046792402281425893,0.0018237358890473843,0.0,0.0,5.0,0.2868361743976513,-0.00047719478607177734,-0.00041753053665161133,-0.00048148632049560547,-0.00042444467544555664,0.0096723148599267,2.743867367506027,False,False
335,6.7,-0.09932216256856918,0.15065644681453705,4.777297496795654,0.285590261220932,9.399690316058695e-05,0.000239441025769338,-0.005386745557188988,0.0019826178904622793,0.01673412136733532,-0.00032904703402891755,0.0004555013438221067,0.0018129064701497555,0.0,0.0,5.0,0.28663332304105943,-0.0004748702049255371,-0.00041097402572631836,-0.00048065185546875,-0.0004169344902038574,0.009672506712377071,2.7535398742184043,False,False
336,6.72,-0.09942959249019623,0.15069569647312164,4.77763032913208,0.28562647104263306,0.00010297199332853779,0.00023286005307454616,-0.005355258472263813,0.0019435337744653225,0.016559137031435966,-0.000329410657286644,0.0004428595711942762,0.0018010460771620274,0.0,0.0,5.0,0.28643272739020714,-0.00047200918197631836,-0.00040435791015625,-0.0004793405532836914,-0.0004107952117919922,0.009672695770859718,2.763212569989264,False,False
337,6.74,-0.09953637421131134,0.15073420107364655,4.777959823608398,0.2856624126434326,0.00011166934564244002,0.00022628495935350657,-0.005322468467056751,0.0019061770290136337,0.016385776922106743,-0.000328489433741197,0.0004276977851986885,0.0017883912660181522,0.0,0.0,5.0,0.2862343953763388,-0.00046938657760620117,-0.0003979206085205078,-0.00047832727432250977,-0.00040400028228759766,0.009672882035374641,2.7728854520246387,False,False
338,6.76,-0.09964248538017273,0.15077196061611176,4.778285980224609,0.2856980562210083,0.00012005055032204837,0.0002197473804699257,-0.005288428161293268,0.001870528212748468,0.016214115545153618,-0.00032568618189543486,0.0004112157039344311,0.0017748069949448109,0.0,0.0,5.0,0.2860383113600809,-0.00046634674072265625,-0.0003921389579772949,-0.00047665834426879883,-0.00039780139923095703,0.009673066437244415,2.782558518461883,False,False
339,6.78,-0.09974789619445801,0.15080901980400085,4.778608798980713,0.2857334613800049,0.0001281004660995677,0.00021328599541448057,-0.005253197159618139,0.0018365593859925866,0.016044048592448235,-0.0003208937996532768,0.0003945375792682171,0.0017605465836822987,0.0,0.0,5.0,0.2858444806852605,-0.0004622340202331543,-0.0003814697265625,-0.00048083066940307617,-0.00039505958557128906,0.00967324711382389,2.792231765575707,False,False
340,6.8,-0.09985259175300598,0.15084542334079742,4.778928279876709,0.2857685089111328,0.00013563247921410948,0.00020692142425104976,-0.0052168420515954494,0.0018042328301817179,0.015875322744250298,-0.0003160251653753221,0.00035940157249569893,0.0017450149171054363,0.0,0.0,5.0,0.2856529139724074,-0.000457763671875,-0.00037169456481933594,-0.0004915595054626465,-0.00038933753967285156,0.009673425927758217,2.801905191503465,False,False
341,6.82,-0.09995655715465546,0.15088118612766266,4.779244422912598,0.28580328822135925,0.00014225317863747478,0.00020078610396012664,-0.005179485306143761,0.001773485797457397,0.01570749096572399,-0.00029799333424307406,0.0003033742250408977,0.0017275395803153515,0.0,0.0,5.0,0.28546360619296873,-0.0004627108573913574,-0.0003597736358642578,-0.0004957318305969238,-0.000376284122467041,0.00967360194772482,2.81157879345119,False,False
342,6.84,-0.10005977004766464,0.15091636776924133,4.779557228088379,0.2858376204967499,0.00014777017349842936,0.00019501076894812286,-0.005141302943229675,0.0017442030366510153,0.01554122380912304,-0.00028003676561638713,0.0002490037295501679,0.0017068334855139256,0.0,0.0,5.0,0.28527657339979995,-0.00046330690383911133,-0.0003552436828613281,-0.0004955530166625977,-0.0003680586814880371,0.009673776105046272,2.8212525695562363,False,False
343,6.86,-0.10016220808029175,0.15095096826553345,4.7798662185668945,0.28587156534194946,0.00015224995149765164,0.00018962468311656266,-0.0051024784334003925,0.0017162561416625977,0.015376171097159386,-0.0002590817748568952,0.00019962762598879635,0.0016849194653332233,0.0,0.0,5.0,0.28509216838745327,-0.00046241283416748047,-0.00034821033477783203,-0.000492393970489502,-0.00036138296127319336,0.009673948399722576,2.830926517955959,False,False
344,6.88,-0.10026386380195618,0.15098503232002258,4.780171871185303,0.28590506315231323,0.0001557667856104672,0.0001846278173616156,-0.005063178949058056,0.0016895144945010543,0.01521279476583004,-0.0002411211171420291,0.00015268113929778337,0.001662104856222868,0.0,0.0,5.0,0.284910035954065,-0.00046002864837646484,-0.0003440380096435547,-0.00048726797103881836,-0.00035500526428222656,0.009674117900431156,2.84060063585639,False,False
345,6.9,-0.10036472231149673,0.15101855993270874,4.7804741859436035,0.285938024520874,0.00015839296975173056,0.00017998734256252646,-0.0050235590897500515,0.0016638567904010415,0.015051273629069328,-0.00022344262106344104,0.00011053748312406242,0.0016390061937272549,0.0,0.0,5.0,0.2847301634283529,-0.00045692920684814453,-0.0003408193588256836,-0.0004805326461791992,-0.0003497600555419922,0.009674286469817162,2.850274922326207,False,False
346,6.92,-0.10046479105949402,0.1510515809059143,4.780773639678955,0.2859705686569214,0.00016024537035264075,0.00017567739996593446,-0.004983758088201284,0.00163917092140764,0.014891562983393669,-0.00020806631073355675,7.528280548285693e-05,0.0016160416416823864,0.0,0.0,5.0,0.28455219450290026,-0.0004527568817138672,-0.00033789873123168945,-0.00047338008880615234,-0.00034564733505249023,0.009674453176558018,2.859949375502765,False,False
347,6.94,-0.10056406259536743,0.15108412504196167,4.781070232391357,0.28600263595581055,0.00016143775428645313,0.00017166034376714379,-0.004943894688040018,0.0016153581673279405,0.014733655378222466,-0.0001941550144692883,4.451470886124298e-05,0.0015934607945382595,0.0,0.0,5.0,0.2843761359020027,-0.00044786930084228516,-0.0003356337547302246,-0.00046581029891967773,-0.00034171342849731445,0.00967461708933115,2.8696239925920963,False,False
348,6.96,-0.10066253691911697,0.15111619234085083,4.781363487243652,0.2860342860221863,0.00016206085274461657,0.00016790817608125508,-0.004904069937765598,0.0015923315659165382,0.014577535912394524,-0.00018157273007091135,1.8331604223931208e-05,0.0015714648179709911,0.0,0.0,5.0,0.2842023480494948,-0.00044333934783935547,-0.0003314018249511719,-0.00045794248580932617,-0.0003370046615600586,0.009674780070781708,2.879298772662878,False,False
349,6.98,-0.10076022148132324,0.15114781260490417,4.78165340423584,0.28606539964675903,0.00016219806275330484,0.00016437435988336802,-0.004864369053393602,0.0015700152143836021,0.014423495158553123,-0.00017231013043783605,-4.089400590601144e-06,0.001549817156046629,0.0,0.0,5.0,0.2840308422865554,-0.0004372596740722656,-0.00032979249954223633,-0.00045037269592285156,-0.0003319382667541504,0.009674940258264542,2.8889737129211426,False,False
350,7.0,-0.10085710883140564,0.1511789858341217,4.78193998336792,0.28609612584114075,0.0001619415415916592,0.0001610535109648481,-0.004824866075068712,0.001548345317132771,0.01427149586379528,-0.00016027041419874877,-2.1058805941720493e-05,0.0015287776477634907,0.0,0.0,5.0,0.28386160891048057,-0.00043267011642456055,-0.00032460689544677734,-0.00044274330139160156,-0.00032782554626464844,0.009675098583102226,2.898648811504245,False,False
351,7.0200000000000005,-0.10095321387052536,0.1512097418308258,4.782223701477051,0.2861264646053314,0.00016136857448145747,0.00015792984049767256,-0.0047856164164841175,0.0015272615710273385,0.014121545478701591,-0.00015258222992997617,-3.574984293663874e-05,0.0015080473385751247,0.0,0.0,5.0,0.2836942960542029,-0.00042700767517089844,-0.0003216862678527832,-0.0004355311393737793,-0.000322878360748291,0.009675255045294762,2.9083240665495396,False,False
352,7.04,-0.1010485365986824,0.15124008059501648,4.782505035400391,0.28615647554397583,0.0001605412398930639,0.00015496640116907656,-0.004746664315462112,0.0015067148488014936,0.01397365890443325,-0.0001442498032702133,-4.651937342714518e-05,0.0014877445064485073,0.0,0.0,5.0,0.28352853181524373,-0.0004226565361022949,-0.00031816959381103516,-0.0004286766052246094,-0.0003190040588378906,0.009675409644842148,2.9179994761943817,False,False
353,7.0600000000000005,-0.10114308446645737,0.15127001702785492,4.782783508300781,0.2861860394477844,0.0001595324429217726,0.00015214116137940437,-0.004708043299615383,0.001486663706600666,0.013827590271830559,-0.00013875355944037437,-5.390949081629515e-05,0.0014678300358355045,0.0,0.0,5.0,0.28336468702559464,-0.00041675567626953125,-0.00031691789627075195,-0.0004221200942993164,-0.0003161430358886719,0.00967556145042181,2.9276750376448035,False,False
354,7.08,-0.10123686492443085,0.15129955112934113,4.783058166503906,0.28621524572372437,0.0001583950943313539,0.0001494380267104134,-0.004669775255024433,0.0014670758973807096,0.013683183118700981,-0.000132025292259641,-5.93894837948028e-05,0.0014487025327980518,0.0,0.0,5.0,0.2832034888773696,-0.0004114508628845215,-0.0003120303153991699,-0.00041604042053222656,-0.00031119585037231445,0.009675712324678898,2.9373507499694824,False,False
355,7.1000000000000005,-0.10132988542318344,0.15132871270179749,4.78333044052124,0.28624409437179565,0.00015716531197540462,0.00014685704081784934,-0.004631875082850456,0.0014479218516498804,0.013540824875235558,-0.00012653067824430764,-6.316477811196819e-05,0.00142969423905015,0.0,0.0,5.0,0.2830438534442648,-0.0004062056541442871,-0.0003091096878051758,-0.00041049718856811523,-0.0003070831298828125,0.009675861336290836,2.9470266113057733,False,False
356,7.12,-0.10142214596271515,0.1513574868440628,4.783599853515625,0.2862725257873535,0.00015587334928568453,0.00014440473751164973,-0.004594350699335337,0.0014291745610535145,0.013400239869952202,-0.00011914901551790535,-6.561798363691196e-05,0.0014110584743320942,0.0,0.0,5.0,0.2828861324170768,-0.00040149688720703125,-0.0003045797348022461,-0.00040459632873535156,-0.000303804874420166,0.009676008485257626,2.956702619791031,False,False
357,7.140000000000001,-0.10151366144418716,0.15138588845729828,4.783866882324219,0.2863005995750427,0.00015453295782208443,0.00014206315972842276,-0.004557205364108086,0.0014108064351603389,0.013261457905173302,-0.00011544695007614791,-6.802134885219857e-05,0.0013926276005804539,0.0,0.0,5.0,0.28272996876890094,-0.00039631128311157227,-0.00030416250228881836,-0.0003992319107055664,-0.0003000497817993164,0.009676152840256691,2.9663787726312876,False,False
358,7.16,-0.10160443931818008,0.1514139324426651,4.784130096435547,0.2863282859325409,0.00015317632642108947,0.0001398362364852801,-0.004520440474152565,0.001392796286381781,0.013124039396643639,-0.00010767023195512593,-6.725404091412202e-05,0.0013748672790825367,0.0,0.0,5.0,0.2825764609655942,-0.00039124488830566406,-0.00029772520065307617,-0.00039380788803100586,-0.00029647350311279297,0.009676296263933182,2.9760550688952208,False,False
359,7.18,-0.10169447958469391,0.15144160389900208,4.784390926361084,0.2863556146621704,0.00015181678463704884,0.00013772986130788922,-0.00448404997587204,0.001375120016746223,0.01298869214951992,-0.00010338469292037189,-6.83202815707773e-05,0.0013571190647780895,0.0,0.0,5.0,0.2824245017786797,-0.00038570165634155273,-0.00029581785202026367,-0.0003886222839355469,-0.0002925992012023926,0.009676437824964523,2.9857315067201853,False,False
360,7.2,-0.10178379714488983,0.1514689326286316,4.784649848937988,0.28638261556625366,0.00015044650353956968,0.0001357342698611319,-0.0044480301439762115,0.0013577567879110575,0.012854969128966331,-9.658341878093779e-05,-6.8339824792929e-05,0.0013398476876318455,0.0,0.0,5.0,0.282273743864569,-0.0003822445869445801,-0.0002925395965576172,-0.0003834366798400879,-0.0002898573875427246,0.009676576592028141,2.9954080833122134,False,False
361,7.22,-0.10187239944934845,0.15149591863155365,4.784905433654785,0.2864092290401459,0.0001490920112701133,0.00013384588237386197,-0.004412374459207058,0.0013406842481344938,0.012722654268145561,-9.265337575925514e-05,-6.674774340353906e-05,0.0013227607123553753,0.0,0.0,5.0,0.28212527643375374,-0.0003764629364013672,-0.00029009580612182617,-0.00037848949432373047,-0.0002867579460144043,0.009676714427769184,3.0050847977399826,False,False
362,7.24,-0.10196028649806976,0.15152256190776825,4.785158157348633,0.2864355444908142,0.00014776948955841362,0.00013205636059865355,-0.004377071745693684,0.0013238859828561544,0.012592023238539696,-8.668868395034224e-05,-6.515507266158238e-05,0.0013061570934951305,0.0,0.0,5.0,0.281978729949081,-0.0003719925880432129,-0.00028520822525024414,-0.0003737211227416992,-0.00028318166732788086,0.009676851332187653,3.0147616490721703,False,False
363,7.26,-0.10204748064279556,0.15154889225959778,4.785408973693848,0.2864614725112915,0.00014646364434156567,0.000130363623611629,-0.004342112224549055,0.0013073437148705125,0.012463068589568138,-8.296642045024782e-05,-6.508897058665752e-05,0.0012896736152470112,0.0,0.0,5.0,0.28183339692410597,-0.0003674626350402832,-0.00028449296951293945,-0.00036901235580444336,-0.000279843807220459,0.009676985442638397,3.0244386345148087,False,False
364,7.28,-0.10213397443294525,0.15157486498355865,4.785656929016113,0.2864871025085449,0.00014519234537146986,0.00012877424887847155,-0.004307487513870001,0.0012910411460325122,0.012335395440459251,-7.634307257831097e-05,-6.170730193844065e-05,0.0012736483477056026,0.0,0.0,5.0,0.2816899723225111,-0.0003631711006164551,-0.00027948617935180664,-0.00036406517028808594,-0.0002779364585876465,0.009677118621766567,3.034115753136575,False,False
365,7.3,-0.10221978276968002,0.15160050988197327,4.78590202331543,0.2865124046802521,0.00014396040933206677,0.00012727575085591525,-0.00427318224683404,0.0012749602319672704,0.012209301814436913,-7.387192454189062e-05,-6.115923315519467e-05,0.0012578158639371395,0.0,0.0,5.0,0.28154847221461116,-0.0003579854965209961,-0.00027763843536376953,-0.00035941600799560547,-0.00027376413345336914,0.009677249938249588,3.043793003074825,False,False
366,7.32,-0.10230490565299988,0.1516258418560028,4.786145210266113,0.28653737902641296,0.0001427581300958991,0.00012585723015945405,-0.004239187575876713,0.0012590886326506734,0.01208476535975933,-6.83344405842945e-05,-5.87501963309478e-05,0.0012423922307789326,0.0,0.0,5.0,0.2814081745993454,-0.00035446882247924805,-0.00027382373809814453,-0.0003548264503479004,-0.00027179718017578125,0.00967737939208746,3.0534703824669123,False,False
367,7.34,-0.10238935053348541,0.15165086090564728,4.786385536193848,0.2865619957447052,0.0001415996957803145,0.00012452357623260468,-0.004205490928143263,0.001243411097675562,0.01196160726249218,-6.538142770295963e-05,-5.677831723005511e-05,0.0012271846644580364,0.0,0.0,5.0,0.2812698026153588,-0.00034946203231811523,-0.00027191638946533203,-0.0003503561019897461,-0.0002689361572265625,0.009677507914602757,3.063147890381515,False,False
368,7.36,-0.10247312486171722,0.15167555212974548,4.786623477935791,0.28658637404441833,0.00014047857257537544,0.00012325718125794083,-0.00417208019644022,0.0012279165675863624,0.011839834973216057,-6.159643817227334e-05,-5.502914063981734e-05,0.0012123924680054188,0.0,0.0,5.0,0.28113298383684204,-0.00034564733505249023,-0.000268399715423584,-0.0003458857536315918,-0.0002657175064086914,0.009677634574472904,3.072825524955988,False,False
369,7.38,-0.10255622863769531,0.1516999751329422,4.786859512329102,0.2866104543209076,0.0001394004502799362,0.00012206385872559622,-0.00413894560188055,0.0012125937500968575,0.011719530448317528,-5.807180059491657e-05,-5.248544766800478e-05,0.0011977688409388065,0.0,0.0,5.0,0.28099738428019383,-0.00034183263778686523,-0.00026607513427734375,-0.0003414750099182129,-0.00026363134384155273,0.009677759371697903,3.082503284327686,False,False
370,7.4,-0.10263867676258087,0.15172407031059265,4.787092208862305,0.2866341769695282,0.00013838168524671346,0.00012092865654267371,-0.004106073174625635,0.0011974326334893703,0.011600447818636894,-5.5775512009859085e-05,-4.909815106657334e-05,0.001183436717838049,0.0,0.0,5.0,0.28086405787554897,-0.00033664703369140625,-0.0002630949020385742,-0.00033736228942871094,-0.00026106834411621094,0.009677883237600327,3.092181167565286,False,False
371,7.42,-0.1027204766869545,0.15174786746501923,4.787322998046875,0.2866576313972473,0.0001374119019601494,0.00011984459706582129,-0.004073448944836855,0.001182426349259913,0.01148287020623684,-5.29515091329813e-05,-4.7593945055268705e-05,0.0011694557033479214,0.0,0.0,5.0,0.28073193400599394,-0.0003331899642944336,-0.0002601742744445801,-0.000333249568939209,-0.00025790929794311523,0.009678005240857601,3.1018591728061438,False,False
372,7.44,-0.1028016209602356,0.15177136659622192,4.7875518798828125,0.2866809368133545,0.00013648276217281818,0.00011881389218615368,-0.004041062202304602,0.001167567097581923,0.011366574093699455,-5.0440081395208836e-05,-4.504611570155248e-05,0.0011556711979210377,0.0,0.0,5.0,0.2806010062916091,-0.0003299117088317871,-0.00025731325149536133,-0.00032907724380493164,-0.00025588274002075195,0.009678124450147152,3.111537297256291,False,False
373,7.46,-0.10288212448358536,0.15179456770420074,4.787777423858643,0.2867039442062378,0.00013560477236751467,0.00011781467765104026,-0.004008901305496693,0.0011528490576893091,0.011251559481024742,-4.9797392421169207e-05,-4.248343611834571e-05,0.001142099965363741,0.0,0.0,5.0,0.28047235897113887,-0.0003253817558288574,-0.0002543330192565918,-0.0003253817558288574,-0.0002522468566894531,0.009678244590759277,3.12121554184705,False,False
374,7.48,-0.10296197235584259,0.1518174707889557,4.788002014160156,0.286726713180542,0.00013477726315613836,0.00011684626224450767,-0.0039769550785422325,0.0011382702505216002,0.011137982830405235,-4.7354737034766003e-05,-4.000424451078288e-05,0.001128684263676405,0.0,0.0,5.0,0.28034417808884726,-0.0003231167793273926,-0.0002524256706237793,-0.00032126903533935547,-0.00025093555450439453,0.009678361937403679,3.130893903784454,False,False
375,7.5,-0.10304118692874908,0.15184010565280914,4.7882232666015625,0.2867492139339447,0.00013400796160567552,0.0001158990417025052,-0.003945212811231613,0.001123826950788498,0.011025307700037956,-4.767058999277651e-05,-3.666717020678334e-05,0.0011155656538903713,0.0,0.0,5.0,0.2802182875853297,-0.00031822919845581055,-0.00024968385696411133,-0.0003177523612976074,-0.0002478957176208496,0.009678477421402931,3.140572381205857,False,False
376,7.5200000000000005,-0.10311977565288544,0.15186242759227753,4.788442611694336,0.2867714762687683,0.00013330216461326927,0.00011496178922243416,-0.003913661930710077,0.0011095209047198296,0.010914070531725883,-4.635462028090842e-05,-3.365705197211355e-05,0.0011027310974895954,0.0,0.0,5.0,0.2800935800614407,-0.0003153681755065918,-0.0002467036247253418,-0.00031435489654541016,-0.00024586915969848633,0.009678592905402184,3.150250974111259,False,False
377,7.54,-0.10319773852825165,0.15188448131084442,4.788660049438477,0.28679341077804565,0.00013264223525766283,0.00011403450480429456,-0.003882290795445442,0.0010953526943922043,0.01080395095050335,-4.66669189336244e-05,-3.2086813007481396e-05,0.0010899831540882587,0.0,0.0,5.0,0.27997007626486947,-0.0003115534782409668,-0.00024640560150146484,-0.00031059980392456055,-0.0002434849739074707,0.009678705595433712,3.1599296797066927,False,False
378,7.5600000000000005,-0.10327506810426712,0.15190625190734863,4.788874626159668,0.2868151366710663,0.0001320412557106465,0.00011312992864986882,-0.0038510903250426054,0.0010813231347128749,0.01069476269185543,-4.407827873365022e-05,-2.7766249331762083e-05,0.0010776347480714321,0.0,0.0,5.0,0.27984848139609375,-0.0003076791763305664,-0.00024110078811645508,-0.00030690431594848633,-0.00024169683456420898,0.00967881828546524,3.169608497992158,False,False
379,7.58,-0.10335177928209305,0.15192773938179016,4.789088249206543,0.2868365943431854,0.0001314853288931772,0.00011223606270505115,-0.0038200472481548786,0.0010674302466213703,0.010587049648165703,-4.5592580136144534e-05,-2.7586258511291817e-05,0.001065355259925127,0.0,0.0,5.0,0.2797273581493182,-0.00030499696731567383,-0.00024253129959106445,-0.00030356645584106445,-0.00023943185806274414,0.009678928181529045,3.179287426173687,False,False
380,7.6000000000000005,-0.10342787206172943,0.151948943734169,4.789298057556152,0.28685781359672546,0.00013097662304062396,0.0001113422549678944,-0.0037891557440161705,0.0010536768240854144,0.010479962453246117,-4.406693551572971e-05,-2.3047823560773395e-05,0.0010535591281950474,0.0,0.0,5.0,0.2796088603223396,-0.0003006458282470703,-0.0002372264862060547,-0.00030028820037841797,-0.00023728609085083008,0.00967903807759285,3.18896646425128,False,False
381,7.62,-0.10350334644317627,0.15196987986564636,4.789506912231445,0.2868787944316864,0.00013051630230620503,0.00011046099098166451,-0.0037584027741104364,0.0010400639148429036,0.010374350473284721,-4.433469075593166e-05,-2.2751299184164964e-05,0.0010418067686259747,0.0,0.0,5.0,0.2794908354663094,-0.00029796361923217773,-0.00023621320724487305,-0.0002968907356262207,-0.00023448467254638672,0.00967914517968893,3.1986456094309688,False,False
382,7.640000000000001,-0.10357820242643356,0.15199054777622223,4.789712905883789,0.28689953684806824,0.00013009300164412707,0.00010958501661662012,-0.0037277827505022287,0.001026592100970447,0.01026974432170391,-4.35327528975904e-05,-1.9350867660250515e-05,0.0010302080772817135,0.0,0.0,5.0,0.2793747171507248,-0.0002942681312561035,-0.00023317337036132812,-0.0002936720848083496,-0.00023299455642700195,0.009679252281785011,3.2083248617127538,False,False
383,7.66,-0.1036524549126625,0.1520109474658966,4.789917469024658,0.28692004084587097,0.00012971265823580325,0.00010871992708416656,-0.0036972856614738703,0.001013262546621263,0.010166248306632042,-4.324354449636303e-05,-1.845963743107859e-05,0.0010188757441937923,0.0,0.0,5.0,0.27925943024346833,-0.00029152631759643555,-0.00023132562637329102,-0.0002903938293457031,-0.0002308487892150879,0.009679357521235943,3.2180042192339897,False,False
384,7.68,-0.1037260964512825,0.1520310789346695,4.790119647979736,0.2869402766227722,0.00012936572602484375,0.00010785766062326729,-0.0036669056862592697,0.0010000754846259952,0.01006375066936016,-4.3243788240943104e-05,-1.6011998013709672e-05,0.0010077287442982197,0.0,0.0,5.0,0.2791456863560859,-0.0002880692481994629,-0.00022929906845092773,-0.0002872943878173828,-0.00022929906845092773,0.0096794618293643,3.227683681063354,False,False
385,7.7,-0.10379913449287415,0.1520509570837021,4.790319919586182,0.28696027398109436,0.00012905224866699427,0.00010698658297769725,-0.0036366356071084738,0.0009870331268757582,0.009962214156985283,-4.412189809954725e-05,-1.5120268471946474e-05,0.0009968667291104794,0.0,0.0,5.0,0.27903313422223697,-0.0002846717834472656,-0.00022780895233154297,-0.0002842545509338379,-0.00022673606872558594,0.009679564274847507,3.2373632453382015,False,False
386,7.72,-0.10387156903743744,0.1520705670118332,4.790518283843994,0.2869800925254822,0.00012876409164164215,0.0001061155489878729,-0.0036064705345779657,0.000974138907622546,0.009861787781119347,-4.323781104176305e-05,-1.3483418115356471e-05,0.0009862291626632214,0.0,0.0,5.0,0.2789217625235883,-0.0002823472023010254,-0.0002251267433166504,-0.0002810955047607422,-0.00022482872009277344,0.00967966578900814,3.2470429111272097,False,False
387,7.74,-0.10394339263439178,0.1520899087190628,4.790714263916016,0.2869997024536133,0.00012850432540290058,0.00010524154640734196,-0.0035764051135629416,0.0009613934671506286,0.009762292727828026,-4.441380951902829e-05,-1.228680594067555e-05,0.0009757154039107263,0.0,0.0,5.0,0.2788119232291463,-0.0002792477607727051,-0.00022333860397338867,-0.00027823448181152344,-0.0002225041389465332,0.009679766371846199,3.256722677499056,False,False
388,7.76,-0.10401462018489838,0.15210901200771332,4.7909088134765625,0.28701910376548767,0.00012827762111555785,0.00010435195872560143,-0.003546434687450528,0.0009488007053732872,0.009663751348853111,-4.479259587242268e-05,-1.0179965101997368e-05,0.0009653441957198083,0.0,0.0,5.0,0.2787029189440797,-0.0002760887145996094,-0.00022137165069580078,-0.0002754330635070801,-0.00022137165069580078,0.009679866023361683,3.2664025435224175,False,False
389,7.78,-0.10408525168895721,0.15212786197662354,4.791100978851318,0.28703832626342773,0.00012807485472876579,0.0001034553861245513,-0.003516553435474634,0.0009363645222038031,0.009566111490130424,-4.5110380597179756e-05,-9.895606126519851e-06,0.0009552277042530477,0.0,0.0,5.0,0.27859545410076153,-0.00027358531951904297,-0.0002186894416809082,-0.00027251243591308594,-0.00021857023239135742,0.009679964743554592,3.276082508265972,False,False
390,7.8,-0.1041552871465683,0.15214645862579346,4.7912917137146,0.2870573401451111,0.00012788853200618178,0.00010255185043206438,-0.0034867587964981794,0.0009240871295332909,0.00946958176791668,-4.548568176687695e-05,-8.53865458338987e-06,0.0009451168007217348,0.0,0.0,5.0,0.27848881032663236,-0.00027108192443847656,-0.00021654367446899414,-0.0002697110176086426,-0.00021708011627197266,0.009680060669779778,3.285762568935752,False,False
391,7.82,-0.10422472655773163,0.15216481685638428,4.791479587554932,0.28707608580589294,0.00012772985792253166,0.0001016303212963976,-0.003457047278061509,0.0009119716705754399,0.009373901411890984,-4.6906850911909714e-05,-7.135125997592695e-06,0.0009351479238830507,0.0,0.0,5.0,0.2783840647760434,-0.00026726722717285156,-0.00021463632583618164,-0.0002671480178833008,-0.0002149343490600586,0.009680157527327538,3.2954427264630795,False,False
392,7.84,-0.1042935699224472,0.152182936668396,4.791666507720947,0.2870946228504181,0.00012757860531564802,0.00010068790288642049,-0.003427415620535612,0.0009000235586427152,0.009279189631342888,-4.757149508805014e-05,-7.800328603480011e-06,0.000925371830817312,0.0,0.0,5.0,0.27827978536963754,-0.00023245811462402344,-0.00020700693130493164,-0.00026804208755493164,-0.00022101402282714844,0.009680254384875298,3.3051229808479548,False,False
393,7.86,-0.10436181724071503,0.1522008180618286,4.791851043701172,0.2871130704879761,0.0001268813939532265,9.997130837291479e-05,-0.0033978894352912903,0.0008882249239832163,0.009188016876578331,-2.4321911041624844e-05,-6.173775182105601e-05,0.0009186327806673944,0.0,0.0,5.0,0.2781770406140049,-0.0001933574676513672,-0.00017654895782470703,-0.00026744604110717773,-0.0002079606056213379,0.009680354967713356,3.314803335815668,False,False
394,7.88,-0.10442948341369629,0.15221846103668213,4.792034149169922,0.28713133931159973,0.00012449728092178702,9.995685104513541e-05,-0.0033686377573758364,0.0008764364756643772,0.009105047211050987,2.2648184312856756e-05,-0.0001764871267369017,0.0009115528664551675,0.0,0.0,5.0,0.27807511934350704,-0.00019317865371704102,-0.00014734268188476562,-0.00025731325149536133,-0.0001698136329650879,0.009680453687906265,3.3244837895035744,False,False
395,7.9,-0.10449656844139099,0.15223586559295654,4.792215824127197,0.2871493995189667,0.00012002071889583021,0.0001008627368719317,-0.0033399895764887333,0.0008643894107080996,0.009029639884829521,6.772093911422417e-05,-0.00027098433929495513,0.0008991904905997217,0.0,0.0,5.0,0.2779740191672647,-0.0001958012580871582,-0.00013452768325805664,-0.00024193525314331055,-0.00014913082122802734,0.009680548682808876,3.3341643381863832,False,False
396,7.92,-0.10456308722496033,0.15225303173065186,4.792395114898682,0.2871672213077545,0.00011393745808163658,0.00010256479436066002,-0.0033122531604021788,0.0008518131216987967,0.008958792313933372,0.00010227877646684647,-0.00033715885365381837,0.0008848783909343183,0.0,0.0,5.0,0.27787445582334686,-0.00019496679306030273,-0.00013005733489990234,-0.0002250075340270996,-0.00014060735702514648,0.009680642746388912,3.343844980932772,False,False
397,7.94,-0.10462906211614609,0.15226994454860687,4.792574405670166,0.2871847450733185,0.00010674449731595814,0.00010481946810614318,-0.0032856487669050694,0.0008385003311559558,0.008890924975275993,0.00012299591617193073,-0.0003819526464212686,0.000870977935846895,0.0,0.0,5.0,0.27777464577463695,-0.00019186735153198242,-0.00013560056686401367,-0.00020819902420043945,-0.00013947486877441406,0.0096807349473238,3.353525715880096,False,False
398,7.96,-0.10469453781843185,0.1522865742444992,4.792751312255859,0.28720197081565857,9.888304339256138e-05,0.0001074169558705762,-0.0032603249419480562,0.0008243155316449702,0.008824532851576805,0.00013657934323418885,-0.00040400776197202504,0.0008593545644544065,0.0,0.0,5.0,0.277676368306359,-0.00018703937530517578,-0.00013744831085205078,-0.00019252300262451172,-0.00014144182205200195,0.009680826216936111,3.363206542097032,False,False
399,7.98,-0.10475947707891464,0.15230292081832886,4.792926788330078,0.2872190475463867,9.0699119027704e-05,0.00011016542703146115,-0.0032363603822886944,0.0008091805502772331,0.008759839460253716,0.00013810815289616585,-0.0004141968965996057,0.0008499747491441667,0.0,0.0,5.0,0.2775788945848334,-0.0001818537712097168,-0.00014328956604003906,-0.00017851591110229492,-0.00014269351959228516,0.00968091655522585,3.372887458652258,False,False
400,8.0,-0.10482398420572281,0.15231895446777344,4.793102264404297,0.28723588585853577,8.245881326729432e-05,0.00011289508256595582,-0.0032137916423380375,0.0007930715219117701,0.008696375414729118,0.00013471359852701426,-0.0004096456104889512,0.000843037327285856,0.0,0.0,5.0,0.27748117873028205,-0.00017714500427246094,-0.0001493692398071289,-0.00016647577285766602,-0.00014710426330566406,0.009681005030870438,3.3825684636831284,False,False
401,8.02,-0.10488804429769516,0.15233464539051056,4.793274879455566,0.28725266456604004,7.441092748194933e-05,0.00011549727787496522,-0.0031926101073622704,0.0007760038715787232,0.008633485063910484,0.00012537796283140779,-0.00039495027158409357,0.0008387038833461702,0.0,0.0,5.0,0.2773853303384273,-0.0001722574234008789,-0.0001518726348876953,-0.00015670061111450195,-0.00014847517013549805,0.009681093506515026,3.3922495571896434,False,False
402,8.040000000000001,-0.10495169460773468,0.15234999358654022,4.7934465408325195,0.28726938366889954,6.671289884252474e-05,0.00011787556286435574,-0.003172775963321328,0.0007580250385217369,0.008571652695536613,0.00011233577242819592,-0.0003746567526832223,0.0008360626525245607,0.0,0.0,5.0,0.2772899389464141,-0.0001685619354248047,-0.0001558065414428711,-0.00014847517013549805,-0.0001494288444519043,0.00968118105083704,3.4019307382404804,False,False
403,8.06,-0.10501496493816376,0.15236496925354004,4.793618202209473,0.2872859537601471,5.950217382633127e-05,0.000119976386486087,-0.0031542263459414244,0.0007392047555185854,0.008510475978255272,9.764439892023802e-05,-0.0003462181193754077,0.000835000944789499,0.0,0.0,5.0,0.2771942877763647,-0.00016498565673828125,-0.00016158819198608398,-0.0001417994499206543,-0.00015395879745483398,0.009681266732513905,3.4116120049729943,False,False
404,8.08,-0.10507787764072418,0.15237955749034882,4.793787479400635,0.28730249404907227,5.2919265726814047e-05,0.00012176210293546319,-0.003136873245239258,0.0007196289370767772,0.00844929926097393,8.083679858827963e-05,-0.00031187181593850255,0.0008358191116712987,0.0,0.0,5.0,0.2771001507801415,-0.00016069412231445312,-0.00016427040100097656,-0.00013685226440429688,-0.00015693902969360352,0.009681351482868195,3.4212933564558625,False,False
405,8.1,-0.10514044761657715,0.15239375829696655,4.793955326080322,0.287319153547287,4.701712532551028e-05,0.00012320428504608572,-0.0031206111889332533,0.0006993961869738996,0.008388495072722435,6.330111500574276e-05,-0.00027814044733531773,0.0008380761719308794,0.0,0.0,5.0,0.2770068211137675,-0.0001582503318786621,-0.00016510486602783203,-0.00013321638107299805,-0.00015723705291748047,0.009681436233222485,3.430974792689085,False,False
406,8.120000000000001,-0.10520270466804504,0.15240754187107086,4.79412317276001,0.28733593225479126,4.180853284196928e-05,0.00012428563786670566,-0.0031053307466208935,0.0006786103476770222,0.00832817517220974,4.476245885598473e-05,-0.00024251127615571022,0.0008409907459281385,0.0,0.0,5.0,0.2769132280752563,-0.00015676021575927734,-0.00016868114471435547,-0.0001308917999267578,-0.0001589655876159668,0.009681519120931625,3.4406563118100166,False,False
407,8.14,-0.10526466369628906,0.15242090821266174,4.7942891120910645,0.2873527705669403,3.734524943865836e-05,0.00012500252341851592,-0.0030909180641174316,0.0006573798600584269,0.008267691358923912,2.686071820789948e-05,-0.0002036080986727029,0.0008446899591945112,0.0,0.0,5.0,0.2768207941751272,-0.00015431642532348633,-0.00016957521438598633,-0.0001296401023864746,-0.00016111135482788086,0.009681602008640766,3.4503379138186574,False,False
408,8.16,-0.105326347053051,0.152433842420578,4.794453144073486,0.2873695492744446,3.363462019478902e-05,0.00012535511632449925,-0.0030772509053349495,0.0006358149694278836,0.008207311853766441,8.34109687275486e-06,-0.00016724377928767353,0.0008490662439726293,0.0,0.0,5.0,0.2767295171822412,-0.00015157461166381836,-0.00017154216766357422,-0.0001290440559387207,-0.00016111135482788086,0.009681683965027332,3.4600195977836847,False,False
409,8.18,-0.10538776218891144,0.15244634449481964,4.794617176055908,0.28738659620285034,3.0642211640952155e-05,0.00012539640010800213,-0.0030642105266451836,0.0006140226614661515,0.00814700685441494,-4.264631115802331e-06,-0.00013178371591493487,0.0008539510308764875,0.0,0.0,5.0,0.2766379813768702,-0.00015217065811157227,-0.00016880035400390625,-0.00012868642807006836,-0.00016260147094726562,0.009681764990091324,3.469701362773776,False,False
410,8.2,-0.10544891655445099,0.15245839953422546,4.7947797775268555,0.2874036133289337,2.8322690923232585e-05,0.0001251239882549271,-0.0030516807455569506,0.0005920971743762493,0.008086873218417168,-2.3025604605209082e-05,-9.995481377700344e-05,0.0008586812182329595,0.0,0.0,5.0,0.27654724244326145,-0.00015032291412353516,-0.0001735091209411621,-0.0001291036605834961,-0.00016266107559204102,0.009681843221187592,3.4793832059949636,False,False
411,8.22,-0.10550983250141144,0.15247002243995667,4.794939994812012,0.28742077946662903,2.666685941221658e-05,0.00012455316027626395,-0.0030395560897886753,0.0005701369955204427,0.008026374503970146,-3.4102165955118835e-05,-6.541380571434274e-05,0.0008639562292955816,0.0,0.0,5.0,0.27645802253690266,-0.0001493692398071289,-0.00016874074935913086,-0.0001296401023864746,-0.00016325712203979492,0.009681923314929008,3.4890651293098927,False,False
412,8.24,-0.10557051002979279,0.15248121321201324,4.795100212097168,0.2874380946159363,2.5633657060097903e-05,0.00012370578770060092,-0.003027727361768484,0.0005482290871441364,0.007966330274939537,-5.067899473942816e-05,-3.7691363104386255e-05,0.000868921575602144,0.0,0.0,5.0,0.276368551129074,-0.00014835596084594727,-0.00017148256301879883,-0.0001308917999267578,-0.0001621246337890625,0.00968200247734785,3.4987471317872405,False,False
413,8.26,-0.10563094913959503,0.152491956949234,4.795259952545166,0.2874554395675659,2.5174633265123703e-05,0.000122605764772743,-0.0030161000322550535,0.0005264602950774133,0.007906055077910423,-5.9368336223997176e-05,-7.995506166480482e-06,0.0008739898330532014,0.0,0.0,5.0,0.2762791729069465,-0.00014859437942504883,-0.00016957521438598633,-0.00013190507888793945,-0.00016498565673828125,0.009682077914476395,3.508429209701717,False,False
414,8.28,-0.10569114983081818,0.15250226855278015,4.795416355133057,0.2874729633331299,2.524342926335521e-05,0.00012128052185289562,-0.0030045791063457727,0.0005049034953117371,0.007845578715205193,-7.319891301449388e-05,1.509012327005621e-05,0.0008790161809884012,0.0,0.0,5.0,0.27619201439098184,-0.00014722347259521484,-0.0001679062843322754,-0.00013327598571777344,-0.00016111135482788086,0.009682155214250088,3.518111364915967,False,False
415,8.3,-0.10575112700462341,0.15251214802265167,4.795572757720947,0.28749051690101624,2.576622318883892e-05,0.00011973574146395549,-0.0029930868186056614,0.0004836308944504708,0.007785690948367119,-8.13235601526685e-05,3.74025221390184e-05,0.0008835526532493532,0.0,0.0,5.0,0.2761046061605089,-0.00014781951904296875,-0.00016647577285766602,-0.00013440847396850586,-0.00016111135482788086,0.00968223251402378,3.5277935974299908,False,False
416,8.32,-0.10581088066101074,0.15252161026000977,4.795729160308838,0.28750818967819214,2.671304901014082e-05,0.00011801492655649781,-0.002981550060212612,0.00046270276652649045,0.007725777104496956,-9.080453310161829e-05,5.749228148488328e-05,0.0008877501240931451,0.0,0.0,5.0,0.2760169560202732,-0.0001735091209411621,-0.00017940998077392578,-0.0001443624496459961,-0.00014889240264892578,0.009682302363216877,3.5374758997932076,False,False
417,8.34,-0.10587039589881897,0.15253065526485443,4.795881748199463,0.28752601146698,2.8503167413873598e-05,0.00011621222802205011,-0.0029698784928768873,0.0004421781050041318,0.007662272080779076,-8.951339987106621e-05,0.00012173035793239251,0.0008887061267159879,0.0,0.0,5.0,0.27593187971201516,-0.00020200014114379883,-0.00018471479415893555,-0.00016075372695922852,-0.00015300512313842773,0.009682370349764824,3.5471582701429725,False,False
418,8.36,-0.1059296727180481,0.15253929793834686,4.796034336090088,0.28754377365112305,3.173198638251051e-05,0.0001143173358286731,-0.0029578576795756817,0.0004221303388476372,0.0075934771448373795,-0.0001000288175418973,0.00020136043895035982,0.0008864444098435342,0.0,0.0,5.0,0.27584656066713564,-0.00020420551300048828,-0.0001957416534423828,-0.0001754164695739746,-0.00017452239990234375,0.009682439267635345,3.556840709410608,False,False
419,8.38,-0.10598871111869812,0.15254755318164825,4.7961859703063965,0.2875615358352661,3.629970160545781e-05,0.00011223722685826942,-0.002945221960544586,0.000402670179028064,0.007519861683249474,-0.0001080414149328135,0.00025561792426742613,0.0008855424239300191,0.0,0.0,5.0,0.2757617115668086,-0.0002060532569885254,-0.00019913911819458008,-0.00018835067749023438,-0.00018477439880371094,0.009682508185505867,3.5665232175961137,False,False
420,8.4,-0.10604748129844666,0.1525554209947586,4.796334743499756,0.28757914900779724,4.1758281440706924e-05,0.00011003727559000254,-0.002931766677647829,0.0003838903794530779,0.0074434224516153336,-0.0001120194501709193,0.0002904417924582958,0.0008845696575008333,0.0,0.0,5.0,0.27567872872229854,-0.0002065896987915039,-0.00019681453704833984,-0.00019884109497070312,-0.00018739700317382812,0.009682578966021538,3.576205796562135,False,False
421,8.42,-0.10610596835613251,0.1525629162788391,4.796483516693115,0.2875966727733612,4.774682383867912e-05,0.00010782000026665628,-0.002917358884587884,0.0003658460918813944,0.007365873083472252,-0.00010978541104122996,0.00030861212871968746,0.00088259152835235,0.0,0.0,5.0,0.275595498733013,-0.00020927190780639648,-0.00019371509552001953,-0.00020635128021240234,-0.00018846988677978516,0.00968264788389206,3.5858884444460273,False,False
422,8.44,-0.10616416484117508,0.15257005393505096,4.796629428863525,0.28761425614356995,5.400576628744602e-05,0.00010565203410806134,-0.0029019219800829887,0.0003485558263491839,0.007287541404366493,-0.00010709957859944552,0.0003174778539687395,0.0008794497116468847,0.0,0.0,5.0,0.27551413840045386,-0.00021058320999145508,-0.00018787384033203125,-0.00021207332611083984,-0.00018644332885742188,0.009682716801762581,3.59557116124779,False,False
423,8.46,-0.10622204095125198,0.15257686376571655,4.796774387359619,0.2876317799091339,6.0353533626766875e-05,0.00010353714606026188,-0.0028854168485850096,0.00033202028134837747,0.007209287956357002,-0.00010448884859215468,0.00031749135814607143,0.0008749630651436746,0.0,0.0,5.0,0.27543324231742544,-0.0002116560935974121,-0.00018483400344848633,-0.00021588802337646484,-0.00018423795700073242,0.009682785719633102,3.605253946967423,False,False
424,8.48,-0.10627957433462143,0.15258336067199707,4.7969183921813965,0.28764912486076355,6.666596163995564e-05,0.00010149840818485245,-0.0028678355738520622,0.00031622988171875477,0.007131045684218407,-9.949295781552792e-05,0.00031393812969326973,0.0008695148280821741,0.0,0.0,5.0,0.27535280879064616,-0.0002123713493347168,-0.0001817941665649414,-0.0002181529998779297,-0.00018405914306640625,0.009682852774858475,3.6149367997422814,False,False
425,8.5,-0.10633674263954163,0.15258954465389252,4.797059535980225,0.2876664102077484,7.285416359081864e-05,9.955320274457335e-05,-0.0028491865377873182,0.000301163992844522,0.007052803412079811,-9.514603880234063e-05,0.00030506483744829893,0.0008634910336695611,0.0,0.0,5.0,0.27527423400934586,-0.00021278858184814453,-0.00017595291137695312,-0.00021898746490478516,-0.00018078088760375977,0.009682920761406422,3.624619720503688,False,False
426,8.52,-0.10639353841543198,0.1525954157114029,4.797200679779053,0.2876835763454437,7.883607759140432e-05,9.766317816684023e-05,-0.0028294960502535105,0.0002867982257157564,0.006975347176194191,-9.398603287991136e-05,0.0002933059586212039,0.0008565219468437135,0.0,0.0,5.0,0.27519540365850986,-0.00021266937255859375,-0.00017637014389038086,-0.00021922588348388672,-0.0001793503761291504,0.009682985953986645,3.6343027064576745,False,False
427,8.540000000000001,-0.1064499244093895,0.15260101854801178,4.797338485717773,0.2877005934715271,8.460097888018936e-05,9.582772327121347e-05,-0.002808802993968129,0.00027311212033964694,0.0068979281932115555,-8.969614282250404e-05,0.00028335832757875323,0.0008493977948091924,0.0,0.0,5.0,0.27511878641746823,-0.00021207332611083984,-0.00016951560974121094,-0.00021845102310180664,-0.00017780065536499023,0.009683051146566868,3.6439857576042414,False,False
428,8.56,-0.10650588572025299,0.15260635316371918,4.797475814819336,0.28771743178367615,9.010568464873359e-05,9.401649731444195e-05,-0.002787146018818021,0.00026008268469013274,0.006821567192673683,-9.157221938949078e-05,0.00026728230295702815,0.0008416743366979063,0.0,0.0,5.0,0.2750422663920534,-0.00021141767501831055,-0.00017088651657104492,-0.00021773576736450195,-0.0001742243766784668,0.009683116339147091,3.6536688739433885,False,False
429,8.58,-0.10656140744686127,0.15261143445968628,4.797611713409424,0.28773409128189087,9.53382914303802e-05,9.221795335179195e-05,-0.002764577977359295,0.0002476939407642931,0.006745545193552971,-8.843462273944169e-05,0.0002561444416642189,0.0008338558836840093,0.0,0.0,5.0,0.2749665471179509,-0.0002111196517944336,-0.0001672506332397461,-0.0002161860466003418,-0.00017446279525756836,0.009683179669082165,3.6633520536124706,False,False
430,8.6,-0.10661645233631134,0.15261626243591309,4.797745227813721,0.287750780582428,0.00010032863792730495,9.04261542018503e-05,-0.0027411445043981075,0.00023592701472807676,0.0066700223833322525,-9.0909750724677e-05,0.00024304773251060396,0.0008258707239292562,0.0,0.0,5.0,0.27489231408100917,-0.0002098679542541504,-0.0001646280288696289,-0.00021505355834960938,-0.00017118453979492188,0.009683242999017239,3.673035296611488,False,False
431,8.620000000000001,-0.10667102038860321,0.15262086689472198,4.797878742218018,0.2877672612667084,0.00010506133548915386,8.859441004460678e-05,-0.0027168942615389824,0.00022477244783658534,0.0065953079611063,-9.243671229341999e-05,0.00023037173377815634,0.0008175181574188173,0.0,0.0,5.0,0.27481782775106284,-0.0002091526985168457,-0.0001646280288696289,-0.000213623046875,-0.0001704692840576172,0.009683304466307163,3.682718601077795,False,False
432,8.64,-0.10672511160373688,0.15262524783611298,4.798009395599365,0.28778356313705444,0.00010955683683278039,8.673038973938674e-05,-0.002691876608878374,0.00021422286226879805,0.006520895287394524,-9.414310625288635e-05,0.0002193242689827457,0.0008093364886008203,0.0,0.0,5.0,0.2747451910225159,-0.00020772218704223633,-0.0001615285873413086,-0.00021225214004516602,-0.0001684427261352539,0.009683366864919662,3.6924019679427147,False,False
433,8.66,-0.10677868872880936,0.15262943506240845,4.7981390953063965,0.28779977560043335,0.00011382116645108908,8.482769771944731e-05,-0.002666136948391795,0.00020427192794159055,0.006447227671742439,-9.630983549868688e-05,0.0002072513016173616,0.0008010174497030675,0.0,0.0,5.0,0.27467300132673034,-0.0002073049545288086,-0.0001589059829711914,-0.00021117925643920898,-0.00016617774963378906,0.009683427400887012,3.7020853953436017,False,False
434,8.68,-0.10683175176382065,0.1526334285736084,4.798267841339111,0.28781574964523315,0.0001178442471427843,8.286904630949721e-05,-0.0026397218462079763,0.0001949149154825136,0.006374174728989601,-9.97424140223302e-05,0.00019519311899784952,0.0007923305383883417,0.0,0.0,5.0,0.2746012573551756,-0.00020575523376464844,-0.00015991926193237305,-0.00020998716354370117,-0.00016504526138305664,0.009683487005531788,3.7117688823491335,False,False
435,8.700000000000001,-0.10688427835702896,0.15263722836971283,4.798393726348877,0.28783151507377625,0.00012164013605797663,8.086661546258256e-05,-0.0026126792654395103,0.00018614933651406318,0.006301408633589745,-0.00010069140262203291,0.0001845259830588475,0.0007839048630557954,0.0,0.0,5.0,0.27453134979412136,-0.0002046823501586914,-0.0001558065414428711,-0.00020873546600341797,-0.00016254186630249023,0.009683546610176563,3.72145242895931,False,False
436,8.72,-0.1069362536072731,0.15264086425304413,4.798519611358643,0.2878471612930298,0.0001252137153642252,7.882419595262036e-05,-0.0025850532110780478,0.00017796938482206315,0.006229503080248833,-0.00010374654812039807,0.00017295802535954863,0.0007750889635644853,0.0,0.0,5.0,0.27446118629516214,-0.0002033710479736328,-0.0001557469367980957,-0.00020754337310791016,-0.0001614093780517578,0.009683605283498764,3.731136034242809,False,False
437,8.74,-0.10698767751455307,0.1526443511247635,4.798643112182617,0.287862628698349,0.00012856628745794296,7.673403160879388e-05,-0.0025568888522684574,0.00017037175712175667,0.006157988682389259,-0.00010546843259362504,0.0001624218566576019,0.0007663247524760664,0.0,0.0,5.0,0.27439252420895177,-0.00020188093185424805,-0.00015401840209960938,-0.00020641088485717773,-0.0001595616340637207,0.00968366302549839,3.740819697268307,False,False
438,8.76,-0.10703852772712708,0.1526476889848709,4.798765182495117,0.2878778576850891,0.00013170146849006414,7.46128789614886e-05,-0.0025282285641878843,0.00016335173859260976,0.006087088957428932,-0.00010684804146876559,0.0001512107119197026,0.0007575023337267339,0.0,0.0,5.0,0.2743246528233223,-0.00020074844360351562,-0.0001518726348876953,-0.0002053976058959961,-0.00015723705291748047,0.009683720767498016,3.7505034180358052,False,False
439,8.78,-0.10708880424499512,0.1526508927345276,4.798887252807617,0.2878929674625397,0.00013461484923027456,7.246845052577555e-05,-0.002499114954844117,0.00015690222789999098,0.006016815081238747,-0.00010779835429275408,0.00014024043048266321,0.0007484964444302022,0.0,0.0,5.0,0.2742565297865092,-0.00019979476928710938,-0.0001519322395324707,-0.00020438432693481445,-0.00015676021575927734,0.009683776646852493,3.7601871946826577,False,False
440,8.8,-0.107138492166996,0.15265397727489471,4.79900598526001,0.2879078686237335,0.00013730685168411583,7.031430141068995e-05,-0.002469591563567519,0.00015101437747944146,0.005946753546595573,-0.00010782125173136592,0.00012906735355500132,0.0007396200089715421,0.0,0.0,5.0,0.27419060385607846,-0.00019872188568115234,-0.00014740228652954102,-0.00020331144332885742,-0.00015312433242797852,0.009683833457529545,3.7698710281401873,False,False
441,8.82,-0.10718759149312973,0.1526569426059723,4.799124240875244,0.28792262077331543,0.00013977824710309505,6.814368680352345e-05,-0.0024397000670433044,0.00014567741891369224,0.005877761170268059,-0.00010944591485895216,0.00011817597987828776,0.0007301838486455381,0.0,0.0,5.0,0.2741247754214276,-0.0001971125602722168,-0.0001475811004638672,-0.00020265579223632812,-0.00015151500701904297,0.009683889336884022,3.7795549174770713,False,False
442,8.84,-0.10723607987165451,0.1526598036289215,4.79924201965332,0.28793713450431824,0.00014203488535713404,6.597563333343714e-05,-0.0024094826076179743,0.00014088234456721693,0.005809148773550987,-0.00010756689152913168,0.00010758620192063972,0.0007207863382063806,0.0,0.0,5.0,0.2740590431697859,-0.00019609928131103516,-0.00014603137969970703,-0.00020110607147216797,-0.00015169382095336914,0.009683942422270775,3.789238859899342,False,False
443,8.86,-0.10728396475315094,0.15266256034374237,4.799356460571289,0.2879514694213867,0.00014406033733393997,6.381967978086323e-05,-0.002378979232162237,0.000136613889480941,0.005740916356444359,-0.00010823490447364748,9.50519970501773e-05,0.0007114805630408227,0.0,0.0,5.0,0.2739955042301658,-0.00019419193267822266,-0.00014400482177734375,-0.00019985437393188477,-0.0001474618911743164,0.009683997370302677,3.7989228572696447,False,False
444,8.88,-0.10733123868703842,0.15266525745391846,4.799470901489258,0.2879656255245209,0.00014586564793717116,6.167788524180651e-05,-0.0023482334800064564,0.00013285812747199088,0.005673596635460854,-0.00010615227074595168,8.556973625672981e-05,0.0007019410259090364,0.0,0.0,5.0,0.27393173416217437,-0.00019299983978271484,-0.00014162063598632812,-0.00019878149032592773,-0.0001469254493713379,0.009684051387012005,3.8086069086566567,False,False
445,8.9,-0.10737789422273636,0.15266788005828857,4.79958438873291,0.2879796326160431,0.00014744888176210225,5.955994492978789e-05,-0.002317284233868122,0.00012959848390892148,0.005606720224022865,-0.00010584870324237272,7.283919694600627e-05,0.0006923041655682027,0.0,0.0,5.0,0.27386841915190296,-0.0001919865608215332,-0.00014162063598632812,-0.0001977682113647461,-0.00014448165893554688,0.009684103541076183,3.818291012197733,False,False
446,8.92,-0.10742393136024475,0.15267044305801392,4.799695014953613,0.2879933714866638,0.00014881259994581342,5.746878377976827e-05,-0.0022861738689243793,0.0001268185442313552,0.005540316924452782,-0.00010347281204303727,6.361238047247753e-05,0.0006826407625339925,0.0,0.0,5.0,0.273806961647899,-0.0001894831657409668,-0.00013774633407592773,-0.0001963973045349121,-0.00014251470565795898,0.009684156626462936,3.827975168824196,False,False
447,8.94,-0.107469342648983,0.15267294645309448,4.799805641174316,0.2880069315433502,0.00014995365927461535,5.54201214981731e-05,-0.0022549396380782127,0.0001244995219167322,0.005474867299199104,-0.0001015978486975655,5.0569600716698915e-05,0.0006727580330334604,0.0,0.0,5.0,0.27374526387446513,-0.00018858909606933594,-0.00013750791549682617,-0.00019484758377075195,-0.00014030933380126953,0.009684208780527115,3.837659377604723,False,False
448,8.96,-0.10751412808895111,0.15267544984817505,4.799914836883545,0.2880202829837799,0.0001508645509602502,5.342791700968519e-05,-0.0022236232180148363,0.0001226197782671079,0.005409924313426018,-9.782446431927383e-05,4.059294587932527e-05,0.000662940030451864,0.0,0.0,5.0,0.2736844044230662,-0.0001868605613708496,-0.0001347661018371582,-0.0001933574676513672,-0.00013941526412963867,0.009684259071946144,3.847343636676669,False,False
449,8.98,-0.10755828768014908,0.15267786383628845,4.800021648406982,0.2880334258079529,0.00015155458822846413,5.148868149262853e-05,-0.002192262327298522,0.00012115560821257532,0.0053456369787454605,-9.62995327427052e-05,2.8480802939157e-05,0.0006531387916766107,0.0,0.0,5.0,0.27362502893587515,-0.0001849532127380371,-0.00013303756713867188,-0.00019180774688720703,-0.00013566017150878906,0.009684310294687748,3.857027946971357,False,False
450,9.0,-0.1076018214225769,0.15268024802207947,4.80012845993042,0.2880464196205139,0.00015201843052636832,4.96136344736442e-05,-0.0021608977112919092,0.00012008506746497005,0.005282184109091759,-9.14039192139171e-05,1.7968786778510548e-05,0.0006430958746932447,0.0,0.0,5.0,0.27356542661550926,-0.0001843571662902832,-0.0001302957534790039,-0.0001900792121887207,-0.0001347064971923828,0.009684360586106777,3.8667123075574636,False,False
451,9.02,-0.10764472186565399,0.15268263220787048,4.800233840942383,0.28805914521217346,0.00015226185496430844,4.780441668117419e-05,-0.0021295659244060516,0.00011938170791836455,0.005219331011176109,-8.971295756055042e-05,6.436945568566443e-06,0.0006329239695332944,0.0,0.0,5.0,0.2735066555462427,-0.0001817941665649414,-0.00013130903244018555,-0.0001881122589111328,-0.00013309717178344727,0.009684409946203232,3.876396717503667,False,False
452,9.040000000000001,-0.10768700391054153,0.1526850163936615,4.800336837768555,0.2880716919898987,0.00015229993732646108,4.605991125572473e-05,-0.002098305616527796,0.00011902293044840917,0.005156977102160454,-8.492983033647761e-05,-2.5678205020085443e-06,0.0006230780272744596,0.0,0.0,5.0,0.2734494165190742,-0.0001799464225769043,-0.0001264810562133789,-0.00018614530563354492,-0.0001309514045715332,0.009684459306299686,3.8860811768099666,False,False
453,9.06,-0.10772865265607834,0.15268740057945251,4.800439834594727,0.2880840003490448,0.00015213665028568357,4.4382170017343014e-05,-0.0020671493839472532,0.00011898362572537735,0.005095707252621651,-8.303242066176608e-05,-1.3704942830372602e-05,0.0006129852845333517,0.0,0.0,5.0,0.2733919613218067,-0.00017750263214111328,-0.0001271963119506836,-0.00018423795700073242,-0.0001290440559387207,0.009684507735073566,3.89576568454504,False,False
454,9.08,-0.1077696830034256,0.15268978476524353,4.800541400909424,0.288096159696579,0.00015177027671597898,4.277177868061699e-05,-0.0020361330825835466,0.00011924134742002934,0.005034932866692543,-7.819353777449578e-05,-2.2880045435158536e-05,0.0006031700759194791,0.0,0.0,5.0,0.2733353392766666,-0.00017625093460083008,-0.00012439489364624023,-0.00018233060836791992,-0.00012749433517456055,0.009684555232524872,3.905450239777565,False,False
455,9.1,-0.10781010240316391,0.15269216895103455,4.80064058303833,0.28810814023017883,0.0001512095332145691,4.1243085433961824e-05,-0.002005288377404213,0.00011977004032814875,0.004974966868758202,-7.485826063202694e-05,-3.3144413464469835e-05,0.0005932757048867643,0.0,0.0,5.0,0.27328024767708503,-0.00017440319061279297,-0.00012129545211791992,-0.00018036365509033203,-0.00012362003326416016,0.009684603661298752,3.9151348434388638,False,False
456,9.120000000000001,-0.10784990340471268,0.15269455313682556,4.800739765167236,0.2881198227405548,0.00015045684995129704,3.9787224523024634e-05,-0.001974649028852582,0.00012054474063916132,0.004916058853268623,-7.09051382727921e-05,-4.207522943033837e-05,0.0005830670124851167,0.0,0.0,5.0,0.27322494287247795,-0.00017213821411132812,-0.00012165307998657227,-0.0001779794692993164,-0.0001233816146850586,0.009684651158750057,3.924819494597614,False,False
457,9.14,-0.1078890934586525,0.15269693732261658,4.800838470458984,0.28813135623931885,0.00014953338541090488,3.841291618300602e-05,-0.001944244373589754,0.00012154076102888212,0.00485762394964695,-6.669982394669205e-05,-5.022648838348687e-05,0.0005732965073548257,0.0,0.0,5.0,0.2731697750560149,-0.00017082691192626953,-0.00012117624282836914,-0.00017601251602172852,-0.00012284517288208008,0.009684696793556213,3.93450419139117,False,False
458,9.16,-0.10792767256498337,0.15269936621189117,4.800933837890625,0.28814268112182617,0.00014845191617496312,3.712052421178669e-05,-0.0019141011871397495,0.000122733399621211,0.00479959137737751,-6.270881567616016e-05,-5.7876324717653915e-05,0.0005637183203361928,0.0,0.0,5.0,0.27311685382591,-0.0001678466796875,-0.0001169443130493164,-0.0001736283302307129,-0.00011968612670898438,0.009684743359684944,3.944188934750855,False,False
459,9.18,-0.10796565562486649,0.15270186960697174,4.801029205322266,0.28815382719039917,0.00014720541366841644,3.590866981539875e-05,-0.0018842443823814392,0.00012409864575602114,0.004742803052067757,-5.8641926443669945e-05,-6.673106690868735e-05,0.0005539240664802492,0.0,0.0,5.0,0.27306376711431524,-0.00016629695892333984,-0.00011557340621948242,-0.00017130374908447266,-0.00011789798736572266,0.0096847889944911,3.953873723745346,False,False
460,9.200000000000001,-0.10800304263830185,0.1527043730020523,4.801124572753906,0.28816476464271545,0.00014578764967154711,3.477072459645569e-05,-0.0018547017825767398,0.0001256121031474322,0.0046866778284311295,-5.5313703342108056e-05,-7.500604260712862e-05,0.0005442294641397893,0.0,0.0,5.0,0.27301047290424063,-0.00016450881958007812,-0.00011676549911499023,-0.00016885995864868164,-0.00011730194091796875,0.009684833697974682,3.9635585574433208,False,False
461,9.22,-0.10803984105587006,0.15270687639713287,4.801217079162598,0.2881755232810974,0.00014423394168261439,3.370884223841131e-05,-0.0018254996975883842,0.00012725127453450114,0.004630906507372856,-5.103201328893192e-05,-8.033105405047536e-05,0.0005349846906028688,0.0,0.0,5.0,0.2729590573162866,-0.00016200542449951172,-0.00011289119720458984,-0.0001665949821472168,-0.00011527538299560547,0.009684878401458263,3.973243435844779,False,False
462,9.24,-0.1080760583281517,0.15270943939685822,4.801308631896973,0.28818607330322266,0.0001425531372660771,3.271573586971499e-05,-0.0017966567538678646,0.00012899476860184222,0.004576193168759346,-4.843064016313292e-05,-8.771306602284312e-05,0.000525574607308954,0.0,0.0,5.0,0.2729081659153963,-0.0001596212387084961,-0.00011247396469116211,-0.00016433000564575195,-0.00011301040649414062,0.009684923104941845,3.982928358949721,False,False
463,9.26,-0.10811170190572739,0.15271206200122833,4.801400184631348,0.2881964147090912,0.00014073918282520026,3.179474879289046e-05,-0.0017681950703263283,0.0001308229548158124,0.004522224888205528,-4.381501639727503e-05,-9.364588186144829e-05,0.000516350322868675,0.0,0.0,5.0,0.2728571066219142,-0.00015795230865478516,-0.00011169910430908203,-0.00016182661056518555,-0.00011241436004638672,0.009684966877102852,3.9926133258268237,False,False
464,9.28,-0.1081467866897583,0.15271468460559845,4.801490783691406,0.2882065773010254,0.00013882029452361166,3.0959366995375603e-05,-0.0017401326913386583,0.00013271355419419706,0.004468752071261406,-3.986575757153332e-05,-9.821087587624788e-05,0.0005074426881037652,0.0,0.0,5.0,0.27280654560504874,-0.0001556873321533203,-0.00011038780212402344,-0.00015944242477416992,-0.00011205673217773438,0.009685009717941284,4.002298335544765,False,False
465,9.3,-0.10818130522966385,0.15271733701229095,4.801578521728516,0.28821659088134766,0.00013679392577614635,3.0188995879143476e-05,-0.001712484285235405,0.0001346463104709983,0.004415867850184441,-3.731027391040698e-05,-0.00010439567267894745,0.0004988316795788705,0.0,0.0,5.0,0.2727578832311919,-0.00015342235565185547,-0.00010758638381958008,-0.0001570582389831543,-0.0001081228256225586,0.009685052558779716,4.011983388103545,False,False
466,9.32,-0.10821527987718582,0.15272007882595062,4.801666259765625,0.28822654485702515,0.00013465917436406016,2.9477436328306794e-05,-0.0016852678963914514,0.00013660387776326388,0.0043641347438097,-3.398341505089775e-05,-0.00010905567614827305,0.0004900395288132131,0.0,0.0,5.0,0.2727090790400253,-0.00015205144882202148,-0.00010585784912109375,-0.00015473365783691406,-0.0001062154769897461,0.009685095399618149,4.021668483503163,False,False
467,9.34,-0.10824871808290482,0.1527228206396103,4.801753997802734,0.2882363200187683,0.0001324394397670403,2.8823247703257948e-05,-0.0016584980767220259,0.00013856934674549848,0.004313146695494652,-3.156904858769849e-05,-0.00011289534450042993,0.0004812310799024999,0.0,0.0,5.0,0.2726600856339428,-0.00015044212341308594,-0.00010657310485839844,-0.00015240907669067383,-0.00010609626770019531,0.009685136377811432,4.031353619880974,False,False
468,9.36,-0.10828162729740143,0.15272559225559235,4.801839351654053,0.28824591636657715,0.00013016138109378517,2.8215785278007388e-05,-0.0016321864677593112,0.00014052883489057422,0.004262497648596764,-2.9305352654773742e-05,-0.00011488913150969893,0.00047289178473874927,0.0,0.0,5.0,0.27261265541585,-0.00014775991439819336,-0.00010436773300170898,-0.00015014410018920898,-0.00010442733764648438,0.009685177356004715,4.041038797236979,False,False
469,9.38,-0.10831402242183685,0.15272845327854156,4.8019232749938965,0.28825536370277405,0.00012783515558112413,2.7659183615469374e-05,-0.0016063395887613297,0.0001424707006663084,0.0042126718908548355,-2.6479245207156055e-05,-0.00011771429853979498,0.0004646272282116115,0.0,0.0,5.0,0.27256613304517013,-0.00014573335647583008,-0.00010150671005249023,-0.0001481771469116211,-0.0001017451286315918,0.009685219265520573,4.0507240165025,False,False
470,9.4,-0.1083458811044693,0.15273131430149078,4.80200719833374,0.28826457262039185,0.0001254456874448806,2.7152329494128935e-05,-0.001580965006724,0.0001443819928681478,0.004163773730397224,-2.4325052436324768e-05,-0.00012121135659981519,0.0004562211106531322,0.0,0.0,5.0,0.27251941918369676,-0.00014334917068481445,-0.0001024007797241211,-0.0001455545425415039,-0.00010073184967041016,0.009685260243713856,4.060409276746213,False,False
471,9.42,-0.10837726294994354,0.1527341902256012,4.802091121673584,0.2882736623287201,0.00012301161768846214,2.671233960427344e-05,-0.00155607087071985,0.00014624949835706502,0.00411546416580677,-1.9788720237556845e-05,-0.00012217561015859246,0.0004482173244468868,0.0,0.0,5.0,0.27247254560562884,-0.00014251470565795898,-0.00010192394256591797,-0.00014317035675048828,-0.00010228157043457031,0.00968529935926199,4.070094576105475,False,False
472,9.44,-0.10840814560651779,0.15273717045783997,4.8021721839904785,0.2882826328277588,0.00012056012928951532,2.632194446050562e-05,-0.0015316589269787073,0.00014805846149101853,0.004067296162247658,-1.93615815078374e-05,-0.0001229546614922583,0.0004406407824717462,0.0,0.0,5.0,0.2724276308681047,-0.00013887882232666016,-0.00010013580322265625,-0.00014138221740722656,-9.965896606445312e-05,0.009685338474810123,4.0797799145802855,False,False
473,9.46,-0.10843851417303085,0.15274015069007874,4.802252292633057,0.2882913649082184,0.0001180784311145544,2.596271224319935e-05,-0.0015077313873916864,0.00014980186824686825,0.0040200818330049515,-1.666808020672761e-05,-0.00012519670417532325,0.0004331073141656816,0.0,0.0,5.0,0.2723832240755015,-0.00013655424118041992,-9.828805923461914e-05,-0.00013887882232666016,-9.739398956298828e-05,0.009685377590358257,4.089465292170644,False,False
474,9.48,-0.1084684208035469,0.1527431309223175,4.802332401275635,0.2883000373840332,0.00011555468518054113,2.5667253794381395e-05,-0.0014842922100797296,0.00015146865916904062,0.003973731771111488,-1.298034840147011e-05,-0.00012716016499325633,0.0004256627871654928,0.0,0.0,5.0,0.2723386530425386,-0.00013589859008789062,-9.715557098388672e-05,-0.00013637542724609375,-9.649991989135742e-05,0.009685417637228966,4.099150709807873,False,False
475,9.5,-0.10849789530038834,0.15274618566036224,4.802412509918213,0.2883084714412689,0.00011301263293717057,2.542765832913574e-05,-0.0014613450039178133,0.00015304467524401844,0.003927929326891899,-1.107743719330756e-05,-0.00012702838284894824,0.00041832466376945376,0.0,0.0,5.0,0.2722939712061657,-0.0001335740089416504,-9.810924530029297e-05,-0.0001341700553894043,-9.79304313659668e-05,0.00968545489013195,4.108836164698005,False,False
476,9.52,-0.10852689296007156,0.15274928510189056,4.802490234375,0.2883168160915375,0.00011046227882616222,2.5216288122464903e-05,-0.001438888837583363,0.00015452146180905402,0.003882321761921048,-1.0154207302548457e-05,-0.00012798927491530776,0.0004116349737159908,0.0,0.0,5.0,0.2722508734824333,-0.00013113021850585938,-9.673833847045898e-05,-0.00013202428817749023,-9.512901306152344e-05,0.00968549307435751,4.118521657772362,False,False
477,9.540000000000001,-0.10855545103549957,0.15275238454341888,4.8025665283203125,0.2883250117301941,0.00010790143278427422,2.503847463231068e-05,-0.0014169245259836316,0.00015589329996146262,0.0038375642616301775,-7.718027518421877e-06,-0.0001280776341445744,0.00040503678610548377,0.0,0.0,5.0,0.27220865649849424,-0.0001291036605834961,-9.375810623168945e-05,-0.0001297593116760254,-9.28640365600586e-05,0.009685530327260494,4.128207188099623,False,False
478,9.56,-0.10858356952667236,0.1527554839849472,4.802642822265625,0.28833305835723877,0.00010534574539633468,2.490381484676618e-05,-0.001395449973642826,0.00015715227345936,0.0037936430890113115,-5.834986495756311e-06,-0.0001274759997613728,0.0003983761998824775,0.0,0.0,5.0,0.27216628200772197,-0.00012725591659545898,-9.310245513916016e-05,-0.00012731552124023438,-9.250640869140625e-05,0.009685568511486053,4.137892756611109,False,False
479,9.58,-0.10861127078533173,0.1527586132287979,4.8027191162109375,0.28834104537963867,0.00010280444257659838,2.4796729121590033e-05,-0.0013744618045166135,0.00015829192125238478,0.003750321688130498,-4.957376859238138e-06,-0.0001266366452910006,0.0003920047893188894,0.0,0.0,5.0,0.2721237754511423,-0.0001258254051208496,-9.381771087646484e-05,-0.00012540817260742188,-9.268522262573242e-05,0.009685605764389038,4.147578362375498,False,False
480,9.6,-0.10863855481147766,0.15276183187961578,4.802794456481934,0.2883487939834595,0.00010029576515080407,2.4712056983844377e-05,-0.0013539546635001898,0.0001593090855749324,0.0037072368431836367,-3.590070264181122e-06,-0.00012421509018167853,0.0003860359429381788,0.0,0.0,5.0,0.2720818613303695,-0.0001233816146850586,-9.363889694213867e-05,-0.00012356042861938477,-9.322166442871094e-05,0.009685640223324299,4.157264002598822,False,False
481,9.620000000000001,-0.10866543650627136,0.15276505053043365,4.8028669357299805,0.2883565425872803,9.781176777323708e-05,2.464751378283836e-05,-0.0013339207507669926,0.0001602013362571597,0.003664543153718114,-2.941523462141049e-06,-0.00012416980462148786,0.00038047455018386245,0.0,0.0,5.0,0.27204187689242276,-0.00012129545211791992,-9.006261825561523e-05,-0.00012171268463134766,-8.89897346496582e-05,0.009685676544904709,4.166949679143727,False,False
482,9.64,-0.10869191586971283,0.15276826918125153,4.802939414978027,0.288364052772522,9.533661068417132e-05,2.4607243176433258e-05,-0.001314356573857367,0.00016096582112368196,0.0036229726392775774,-1.1593709814405884e-06,-0.00012332998448982835,0.00037455273559316993,0.0,0.0,5.0,0.27200174781288844,-0.0001195669174194336,-8.952617645263672e-05,-0.00011962652206420898,-8.845329284667969e-05,0.009685712866485119,4.176635392010212,False,False
483,9.66,-0.10871801525354385,0.1527714878320694,4.803011894226074,0.2883715331554413,9.288133151130751e-05,2.4596243747510016e-05,-0.0012952577089890838,0.0001615977962501347,0.003582016797736287,-1.1723820136921859e-08,-0.00012218282790854573,0.00036891381023451686,0.0,0.0,5.0,0.271961482845445,-0.00011843442916870117,-8.970499038696289e-05,-0.00011748075485229492,-8.797645568847656e-05,0.009685748256742954,4.186321140266955,False,False
484,9.68,-0.10874373465776443,0.15277470648288727,4.803084373474121,0.28837883472442627,9.046541526913643e-05,2.4606133592897095e-05,-0.0012766177533194423,0.00016209404566325247,0.0035412956494838,9.331160413239559e-07,-0.00011939264368265867,0.00036350119626149535,0.0,0.0,5.0,0.27192108182031427,-0.00011628866195678711,-9.09566879272461e-05,-0.00011545419692993164,-8.952617645263672e-05,0.009685782715678215,4.196006922982633,False,False
485,9.700000000000001,-0.10876908153295517,0.15277792513370514,4.803154468536377,0.2883860468864441,8.810930012259632e-05,2.46328636421822e-05,-0.0012584264623001218,0.00016245375445578247,0.0035007179249078035,1.674896680015081e-06,-0.00011620274744927883,0.0003587544779293239,0.0,0.0,5.0,0.27188227371948853,-0.00011420249938964844,-8.851289749145508e-05,-0.00011354684829711914,-8.845329284667969e-05,0.009685816243290901,4.205692739225924,False,False
486,9.72,-0.10879407078027725,0.152781143784523,4.803223133087158,0.2883932292461395,8.578866254538298e-05,2.4663399017299525e-05,-0.0012406727764755487,0.00016267762111965567,0.0034609504509717226,1.315687654823705e-06,-0.00011584669118747115,0.00035403569927439094,0.0,0.0,5.0,0.2718443729141461,-0.00011301040649414062,-8.64863395690918e-05,-0.00011181831359863281,-8.487701416015625e-05,0.009685850702226162,4.21537858992815,False,False
487,9.74,-0.10881870985031128,0.15278436243534088,4.8032917976379395,0.28840023279190063,8.349662675755098e-05,2.469689934514463e-05,-0.0012233519228175282,0.00016276692622341216,0.003421993227675557,1.9740591596928425e-06,-0.00011334294686093926,0.0003490703529678285,0.0,0.0,5.0,0.2718063463107019,-0.00011098384857177734,-8.612871170043945e-05,-0.00010979175567626953,-8.428096771240234e-05,0.009685884229838848,4.225064474157989,False,False
488,9.76,-0.10884300619363785,0.15278758108615875,4.803360462188721,0.28840720653533936,8.126899047056213e-05,2.4746586859691888e-05,-0.0012064549373462796,0.00016272241191472858,0.003383505390956998,2.9367861316131894e-06,-0.00010940467473119497,0.0003444027970544994,0.0,0.0,5.0,0.2717681967450595,-0.0001099705696105957,-8.64267349243164e-05,-0.00010794401168823242,-8.541345596313477e-05,0.009685918688774109,4.234750392846763,False,False
489,9.78,-0.10886696726083755,0.15279079973697662,4.803429126739502,0.28841403126716614,7.911094144219533e-05,2.479426075296942e-05,-0.0011899680830538273,0.00016254567890428007,0.0033451479393988848,1.775273176463088e-06,-0.00010638521052896976,0.00034012290416285396,0.0,0.0,5.0,0.27172992705852617,-0.00010782480239868164,-8.845329284667969e-05,-0.00010633468627929688,-8.618831634521484e-05,0.009685950353741646,4.244436343200505,False,False
490,9.8,-0.1088906079530716,0.1527940183877945,4.803494930267334,0.28842079639434814,7.7022697951179e-05,2.4833752831909806e-05,-0.0011738792527467012,0.0001622424169909209,0.0033068705815821886,2.120426870533265e-06,-0.0001024241209961474,0.0003364472067914903,0.0,0.0,5.0,0.2716936123395601,-0.00010609626770019531,-8.410215377807617e-05,-0.00010478496551513672,-8.386373519897461e-05,0.009685982950031757,4.2541223261505365,False,False
491,9.82,-0.10891393572092056,0.15279723703861237,4.80355978012085,0.28842753171920776,7.499687490053475e-05,2.4859935365384445e-05,-0.001158175291493535,0.00016181747196242213,0.0032695468980818987,4.4618573724619637e-07,-0.000100143370218575,0.0003325123689137399,0.0,0.0,5.0,0.2716578749586024,-0.00010418891906738281,-8.279085159301758e-05,-0.0001036524772644043,-8.082389831542969e-05,0.009686014614999294,4.263808340765536,False,False
492,9.84,-0.10893694311380386,0.15280045568943024,4.803624629974365,0.28843411803245544,7.301203004317358e-05,2.4881497665774077e-05,-0.0011428475845605135,0.0001612770138308406,0.003232966409996152,1.6613594198133796e-06,-9.832583600655198e-05,0.00032844109227880836,0.0,0.0,5.0,0.27162202191019535,-0.00010347366333007812,-8.213520050048828e-05,-0.00010192394256591797,-7.969141006469727e-05,0.009686046279966831,4.273494387045503,False,False
493,9.86,-0.10895965248346329,0.1528036743402481,4.803689479827881,0.28844061493873596,7.108780118869618e-05,2.4921848307712935e-05,-0.001127887051552534,0.0001606213627383113,0.003196778940036893,2.3261534352059243e-06,-9.408273035660386e-05,0.0003243698156438768,0.0,0.0,5.0,0.2715860620345707,-0.00010186433792114258,-8.273124694824219e-05,-0.0001004338264465332,-8.118152618408203e-05,0.009686078876256943,4.28318046592176,False,False
494,9.88,-0.10898206382989883,0.15280689299106598,4.8037543296813965,0.2884471118450165,6.92348403390497e-05,2.4964519980130717e-05,-0.0011132798390462995,0.0001598521921550855,0.003160682739689946,1.8953576272906503e-06,-9.119889000430703e-05,0.00032079865923151374,0.0,0.0,5.0,0.27154999521451895,-0.00010097026824951172,-8.285045623779297e-05,-9.894371032714844e-05,-8.112192153930664e-05,0.00968610867857933,4.292866574600339,False,False
495,9.9,-0.1090041846036911,0.15281011164188385,4.803816795349121,0.28845348954200745,6.744370330125093e-05,2.5006471332744695e-05,-0.0010990138398483396,0.0001589734310982749,0.003124808194115758,2.2556221210834337e-06,-8.790066931396723e-05,0.0003175422898493707,0.0,0.0,5.0,0.2715155470101283,-9.953975677490234e-05,-8.004903793334961e-05,-9.763240814208984e-05,-7.969141006469727e-05,0.009686138480901718,4.302552713081241,False,False
496,9.92,-0.10902602225542068,0.15281333029270172,4.803877830505371,0.28845974802970886,6.57117780065164e-05,2.5033037672983482e-05,-0.0010850774124264717,0.00015798902313690633,0.0030896265525370836,3.5879600090993335e-07,-8.527736645191908e-05,0.0003140703192912042,0.0,0.0,5.0,0.2714820303653002,-9.691715240478516e-05,-7.891654968261719e-05,-9.649991989135742e-05,-7.712841033935547e-05,0.00968616921454668,4.312238882295787,False,False
497,9.94,-0.10904759168624878,0.15281642973423004,4.803938865661621,0.28846603631973267,6.403786392183974e-05,2.5058083338080905e-05,-0.0010714608943089843,0.00015690564760006964,0.0030552290845662355,2.1047878817626042e-06,-8.210021769627929e-05,0.00031063746428117156,0.0,0.0,5.0,0.27144835023875086,-9.655952453613281e-05,-7.671117782592773e-05,-9.465217590332031e-05,-7.659196853637695e-05,0.009686199016869068,4.321925081312656,False,False
498,9.96,-0.10906888544559479,0.15281952917575836,4.803999900817871,0.2884722650051117,6.241415394470096e-05,2.5089631890296005e-05,-0.0010581525275483727,0.00015572417760267854,0.003021287964656949,1.0110603625435033e-06,-8.025596616789699e-05,0.00030714640161022544,0.0,0.0,5.0,0.27141457062812435,-9.60230827331543e-05,-7.76052474975586e-05,-9.322166442871094e-05,-7.599592208862305e-05,0.009686228819191456,4.331611310131848,False,False
499,9.98,-0.1090899258852005,0.15282262861728668,4.804060935974121,0.2884782552719116,6.085573113523424e-05,2.509491787350271e-05,-0.0010451441630721092,0.00015444960445165634,0.0029874902684241533,-5.201588919589994e-07,-7.557187927886844e-05,0.00030380551470443606,0.0,0.0,5.0,0.27138070041635814,-9.369850158691406e-05,-8.016824722290039e-05,-9.196996688842773e-05,-7.766485214233398e-05,0.009686258621513844,4.341297568753362,False,False
500,10.0,-0.10911069810390472,0.152825728058815,4.804121494293213,0.2884843051433563,5.939275797572918e-05,2.50973243964836e-05,-0.0010324211325496435,0.00015309055743273348,0.0029536534566432238,7.243984896376787e-07,-7.071124855428934e-05,0.0003012215602211654,0.0,0.0,5.0,0.2713470777350516,-9.292364120483398e-05,-7.802248001098633e-05,-9.09566879272461e-05,-7.873773574829102e-05,0.009686285629868507,4.35098385438323,False,False
501,10.02,-0.10913123190402985,0.15282879769802094,4.804178714752197,0.28849029541015625,5.798729762318544e-05,2.507888711988926e-05,-0.0010199671378359199,0.00015165154763963073,0.0029200513381510973,-2.603841039672261e-06,-6.982067134231329e-05,0.0002986527397297323,0.0,0.0,5.0,0.27131576242233896,-9.071826934814453e-05,-7.635354995727539e-05,-9.006261825561523e-05,-7.37309455871582e-05,0.00968631450086832,4.3606701688840985,False,False
502,10.040000000000001,-0.10915149748325348,0.1528317779302597,4.804235935211182,0.2884962856769562,5.662480543833226e-05,2.5048033421626315e-05,-0.0010077764745801687,0.00015014116070233285,0.0028874699492007494,-5.154981295163452e-07,-6.641412619501352e-05,0.00029572093626484275,0.0,0.0,5.0,0.271284298865234,-9.065866470336914e-05,-7.253885269165039e-05,-8.851289749145508e-05,-7.277727127075195e-05,0.009686342440545559,4.370356511324644,False,False
503,10.06,-0.10917152464389801,0.15283475816249847,4.804293155670166,0.28850212693214417,5.5317032092716545e-05,2.500973641872406e-05,-0.0009958385489881039,0.00014856114285066724,0.002855488331988454,-3.347400252096122e-06,-6.434910756070167e-05,0.00029262754833325744,0.0,0.0,5.0,0.27125274931916266,-8.893013000488281e-05,-7.468461990356445e-05,-8.744001388549805e-05,-7.170438766479492e-05,0.009686370380222797,4.380042881704867,False,False
504,10.08,-0.10919131338596344,0.15283773839473724,4.80435037612915,0.288507878780365,5.408122160588391e-05,2.49582535616355e-05,-0.0009841442806646228,0.0001469192939111963,0.0028236762154847383,-1.8325521295992075e-06,-5.921811316511594e-05,0.00028981867944821715,0.0,0.0,5.0,0.2712211137013023,-8.791685104370117e-05,-7.37309455871582e-05,-8.636713027954102e-05,-7.367134094238281e-05,0.009686398319900036,4.389729280024767,False,False
505,10.1,-0.10921088606119156,0.15284065902233124,4.804407596588135,0.2885136604309082,5.291097113513388e-05,2.4899998606997542e-05,-0.0009726787102408707,0.00014521960110869259,0.0027919684071093798,-4.024210738862166e-06,-5.7793626183411106e-05,0.0002873145858757198,0.0,0.0,5.0,0.27118936733780863,-8.726119995117188e-05,-7.545948028564453e-05,-8.541345596313477e-05,-7.30752944946289e-05,0.009686426259577274,4.399415706284344,False,False
506,10.120000000000001,-0.10923022776842117,0.15284352004528046,4.804464340209961,0.28851941227912903,5.1800849178107455e-05,2.4823137209750712e-05,-0.0009614330483600497,0.00014346906391438097,0.0027603276539593935,-3.691851588882855e-06,-5.3204708819976076e-05,0.0002850295859389007,0.0,0.0,5.0,0.2711578479920858,-8.678436279296875e-05,-7.385015487670898e-05,-8.445978164672852e-05,-7.396936416625977e-05,0.009686451405286789,4.409102157689631,False,False
507,10.14,-0.10924934595823288,0.15284638106822968,4.80451774597168,0.28852516412734985,5.075772787677124e-05,2.4716837287996896e-05,-0.0009503946057520807,0.00014167428889777511,0.0027288564015179873,-6.9673055804742035e-06,-5.1093502406729385e-05,0.0002827802090905607,0.0,0.0,5.0,0.27112865477103093,-8.45789909362793e-05,-7.134675979614258e-05,-8.374452590942383e-05,-6.99162483215332e-05,0.009686477482318878,4.41878863517195,False,False
508,10.16,-0.10926824063062668,0.1528492271900177,4.804571151733398,0.28853070735931396,4.9762144044507295e-05,2.458347807987593e-05,-0.0009395554079674184,0.00013984585530124605,0.002698351861909032,-6.396896424121223e-06,-4.8451398470206186e-05,0.00028023699996992946,0.0,0.0,5.0,0.271099371813932,-8.350610733032227e-05,-6.979703903198242e-05,-8.285045623779297e-05,-6.878376007080078e-05,0.009686503559350967,4.428475138731301,False,False
509,10.18,-0.10928692668676376,0.15285196900367737,4.804624557495117,0.2885361909866333,4.8808018618728966e-05,2.4463690351694822e-05,-0.0009289068402722478,0.00013798703730572015,0.002668277593329549,-5.609014351648511e-06,-4.6947952796472237e-05,0.0002776248729787767,0.0,0.0,5.0,0.27106995463702355,-8.285045623779297e-05,-6.943941116333008e-05,-8.14199447631836e-05,-6.854534149169922e-05,0.009686529636383057,4.438161668367684,False,False
510,10.200000000000001,-0.10930539667606354,0.15285471081733704,4.804677963256836,0.2885417342185974,4.7892746806610376e-05,2.433867848594673e-05,-0.00091844133567065,0.00013609816960524768,0.002638398902490735,-6.919119186932221e-06,-4.456653186935e-05,0.00027519481955096126,0.0,0.0,5.0,0.271040458970725,-8.219480514526367e-05,-6.99162483215332e-05,-8.058547973632812e-05,-6.812810897827148e-05,0.009686555713415146,4.447848224081099,False,False
511,10.22,-0.1093236654996872,0.1528574526309967,4.804731369018555,0.28854724764823914,4.703263402916491e-05,2.4205541194532998e-05,-0.0009081510943360627,0.00013418430171441287,0.0026087306905537844,-6.420939371309942e-06,-4.1431583667872474e-05,0.0002728688414208591,0.0,0.0,5.0,0.2710108907562439,-8.207559585571289e-05,-6.890296936035156e-05,-7.981061935424805e-05,-6.878376007080078e-05,0.009686581790447235,4.457534805871546,False,False
512,10.24,-0.10934173315763474,0.15286007523536682,4.804784774780273,0.2885527014732361,4.622531196218915e-05,2.4056247639236972e-05,-0.0008980253478512168,0.00013224940630607307,0.00257919286377728,-8.533690561307594e-06,-3.9287737308768556e-05,0.00027056847466155887,0.0,0.0,5.0,0.2709811826833479,-8.112192153930664e-05,-7.11679458618164e-05,-7.88569450378418e-05,-6.943941116333008e-05,0.0096866050735116,4.467221410945058,False,False
513,10.26,-0.10935959219932556,0.15286269783973694,4.804834842681885,0.2885579466819763,4.5483411668101326e-05,2.3880826120148413e-05,-0.0008880558889359236,0.00013030161790084094,0.0025494724977761507,-9.032533853314817e-06,-3.4889595553977415e-05,0.00026871467707678676,0.0,0.0,5.0,0.27095380312490575,-7.814168930053711e-05,-6.771087646484375e-05,-7.796287536621094e-05,-6.80685043334961e-05,0.00968662928789854,4.476908040232956,False,False
514,10.28,-0.10937725752592087,0.15286532044410706,4.804884433746338,0.28856322169303894,4.478519986150786e-05,2.3693341063335538e-05,-0.0008782309596426785,0.00012834784865844995,0.002520692767575383,-9.739829692989588e-06,-3.491896131890826e-05,0.00026685482589527965,0.0,0.0,5.0,0.2709266964565477,-7.766485214233398e-05,-6.508827209472656e-05,-7.736682891845703e-05,-6.437301635742188e-05,0.00968665350228548,4.486594693735242,False,False
515,10.3,-0.10939472168684006,0.15286783874034882,4.804934024810791,0.28856852650642395,4.4095362682128325e-05,2.3507453079218976e-05,-0.000868547591380775,0.00012639089254662395,0.0024926040787249804,-8.873146725818515e-06,-3.405239476705901e-05,0.00026449974393472075,0.0,0.0,5.0,0.2708994572357124,-7.784366607666016e-05,-6.365776062011719e-05,-7.62939453125e-05,-6.324052810668945e-05,0.00968667771667242,4.496281371451914,False,False
516,10.32,-0.10941199213266373,0.15287034213542938,4.804983615875244,0.2885737717151642,4.3438827560748905e-05,2.3317184968618676e-05,-0.0008590018260292709,0.00012443076411727816,0.0024649344850331545,-1.0176650903304107e-05,-3.158898834954016e-05,0.00026196910766884685,0.0,0.0,5.0,0.27087213884808387,-7.68899917602539e-05,-6.449222564697266e-05,-7.545948028564453e-05,-6.371736526489258e-05,0.009686700999736786,4.505968072451651,False,False
517,10.34,-0.10942907631397247,0.15287284553050995,4.805033206939697,0.2885790765285492,4.283443195163272e-05,2.310521995241288e-05,-0.0008495865622535348,0.0001224730076501146,0.002437290968373418,-1.1042685400752816e-05,-2.883880188164767e-05,0.00025972415460273623,0.0,0.0,5.0,0.27084475265314495,-7.68899917602539e-05,-6.413459777832031e-05,-7.522106170654297e-05,-6.365776062011719e-05,0.009686725214123726,4.515654797665775,False,False
518,10.36,-0.1094459742307663,0.15287524461746216,4.80508279800415,0.2885841727256775,4.227825775160454e-05,2.2869144231663086e-05,-0.0008402931271120906,0.0001205244188895449,0.0024096996057778597,-1.2586791854118928e-05,-2.676668191270437e-05,0.0002574247191660106,0.0,0.0,5.0,0.27081723971354055,-7.510185241699219e-05,-6.645917892456055e-05,-7.432699203491211e-05,-6.490945816040039e-05,0.009686748497188091,4.525341546162963,False,False
519,10.38,-0.1094626858830452,0.15287762880325317,4.805131912231445,0.288589209318161,4.177131631877273e-05,2.2625417841481976e-05,-0.0008311141282320023,0.00011859170626848936,0.0023819387424737215,-1.1807153896370437e-05,-2.39152923313668e-05,0.0002557702246122062,0.0,0.0,5.0,0.2707899935740031,-7.456541061401367e-05,-6.502866744995117e-05,-7.37905502319336e-05,-6.574392318725586e-05,0.009686769917607307,4.53502831608057,False,False
520,10.4,-0.10947921872138977,0.1528800129890442,4.805177688598633,0.2885942757129669,4.129576700506732e-05,2.236184627690818e-05,-0.0008220407762564719,0.00011667809303617105,0.0023544125724583864,-1.4571530300599989e-05,-2.3628488634130917e-05,0.0002541082794778049,0.0,0.0,5.0,0.27076508401776533,-7.241964340209961e-05,-6.23464584350586e-05,-7.343292236328125e-05,-6.103515625e-05,0.009686792269349098,4.544715108349919,False,False
521,10.42,-0.10949557274580002,0.15288230776786804,4.80522346496582,0.28859925270080566,4.082986924913712e-05,2.2095866370364092e-05,-0.000813071324955672,0.00011478956730570644,0.0023278139997273684,-1.2046896699757781e-05,-2.2949800040805712e-05,0.00025199371157214046,0.0,0.0,5.0,0.27074005813562374,-7.271766662597656e-05,-5.888938903808594e-05,-7.241964340209961e-05,-5.9545040130615234e-05,0.009686814621090889,4.55440192297101,False,False
522,10.44,-0.10951174795627594,0.1528845727443695,4.805269241333008,0.2886042892932892,4.036463360534981e-05,2.184221739298664e-05,-0.0008042032714001834,0.00011292303679510951,0.0023017108906060457,-1.3338382814254146e-05,-2.3563323338748887e-05,0.00024950149236246943,0.0,0.0,5.0,0.2707149495219828,-7.206201553344727e-05,-5.924701690673828e-05,-7.158517837524414e-05,-5.7697296142578125e-05,0.009686836041510105,4.56408875901252,False,False
523,10.46,-0.10952774435281754,0.15288683772087097,4.805315017700195,0.2886093258857727,3.991439371020533e-05,2.1592268240056e-05,-0.0007954365573823452,0.00011107901082141325,0.0022760138381272554,-1.1676781468850095e-05,-2.144977406715043e-05,0.0002470407052896917,0.0,0.0,5.0,0.2706897749535053,-7.271766662597656e-05,-5.7578086853027344e-05,-7.092952728271484e-05,-5.817413330078125e-05,0.009686858393251896,4.573775617405772,False,False
524,10.48,-0.1095435693860054,0.15288904309272766,4.805360794067383,0.2886141240596771,3.950356040149927e-05,2.1333493350539356e-05,-0.0007867650128901005,0.00010925729293376207,0.0022504080552607775,-1.4219808690540958e-05,-1.962314490810968e-05,0.0002443929552100599,0.0,0.0,5.0,0.2706645037268764,-7.015466690063477e-05,-6.109476089477539e-05,-7.021427154541016e-05,-5.942583084106445e-05,0.009686879813671112,4.583462497219443,False,False
525,10.5,-0.10955921560525894,0.15289118885993958,4.80540657043457,0.28861889243125916,3.912873944500461e-05,2.1067406123620458e-05,-0.0007781828171573579,0.00010746417683549225,0.0022246327716857195,-1.2407786925905384e-05,-1.7848877178039402e-05,0.00024248979752883315,0.0,0.0,5.0,0.270639132767383,-6.99162483215332e-05,-6.020069122314453e-05,-6.920099258422852e-05,-6.091594696044922e-05,0.009686902165412903,4.593149399384856,False,False
526,10.52,-0.10957469791173935,0.1528933346271515,4.805452346801758,0.2886236906051636,3.8771664549130946e-05,2.0807769033126533e-05,-0.0007696835673414171,0.00010569937148829922,0.0021989226806908846,-1.3574850527220406e-05,-1.7848251445684582e-05,0.00024085358018055558,0.0,0.0,5.0,0.2706137017240675,-6.967782974243164e-05,-6.085634231567383e-05,-6.878376007080078e-05,-6.0617923736572266e-05,0.00968692172318697,4.602836321108043,False,False
527,10.540000000000001,-0.10959000885486603,0.15289545059204102,4.805495262145996,0.2886284589767456,3.842846126644872e-05,2.052696254395414e-05,-0.0007612657500430942,0.00010396551078883931,0.0021732256282120943,-1.4524559446726926e-05,-1.6462487110402435e-05,0.00023929571034386754,0.0,0.0,5.0,0.27059024723778874,-6.824731826782227e-05,-5.7220458984375e-05,-6.842613220214844e-05,-5.7756900787353516e-05,0.009686942212283611,4.612523263320327,False,False
528,10.56,-0.10960515588521957,0.15289747714996338,4.805537223815918,0.28863322734832764,3.809350528172217e-05,2.0236693671904504e-05,-0.0007529270951636136,0.00010226677841274068,0.0021484040189534426,-1.452046308259014e-05,-1.702353620203212e-05,0.0002372857998125255,0.0,0.0,5.0,0.27056736691010475,-6.794929504394531e-05,-5.3942203521728516e-05,-6.771087646484375e-05,-5.441904067993164e-05,0.009686961770057678,4.6222102250903845,False,False
529,10.58,-0.1096201241016388,0.15289950370788574,4.80557918548584,0.28863802552223206,3.7741072446806356e-05,1.994100966840051e-05,-0.0007446689414791763,0.00010060386557597667,0.002124364720657468,-1.5066481864778325e-05,-1.821004116209224e-05,0.00023475749185308814,0.0,0.0,5.0,0.27054441956641045,-6.824731826782227e-05,-5.334615707397461e-05,-6.705522537231445e-05,-5.1975250244140625e-05,0.00968698225915432,4.631897207349539,False,False
530,10.6,-0.10963493585586548,0.1529015302658081,4.805621147155762,0.288642555475235,3.740339889191091e-05,1.9641986000351608e-05,-0.0007364937919192016,9.897743439069018e-05,0.002100614132359624,-1.4852951608190779e-05,-1.5548030205536634e-05,0.0002319847117178142,0.0,0.0,5.0,0.27052141421851916,-6.61015510559082e-05,-5.4776668548583984e-05,-6.622076034545898e-05,-5.3822994232177734e-05,0.009687001816928387,4.641584209166467,False,False
531,10.620000000000001,-0.10964959114789963,0.1529034823179245,4.805663108825684,0.2886470556259155,3.7107256503077224e-05,1.936038643179927e-05,-0.0007283947197720408,9.738851804286242e-05,0.0020768765825778246,-1.3324105566425715e-05,-1.4056928193895146e-05,0.0002298452309332788,0.0,0.0,5.0,0.27049830871032726,-6.568431854248047e-05,-5.418062210083008e-05,-6.556510925292969e-05,-5.501508712768555e-05,0.009687021374702454,4.65127123054117,False,False
532,10.64,-0.10966408252716064,0.1529053896665573,4.8057050704956055,0.28865161538124084,3.682082751765847e-05,1.9081717255176045e-05,-0.0007203652057796717,9.583537757862359e-05,0.0020530999172478914,-1.455987603549147e-05,-1.457703547202982e-05,0.0002277935273014009,0.0,0.0,5.0,0.27047511681617453,-6.520748138427734e-05,-5.4895877838134766e-05,-6.490945816040039e-05,-5.418062210083008e-05,0.009687041863799095,4.660958272404969,False,False
533,10.66,-0.10967841744422913,0.15290729701519012,4.805747032165527,0.2886561453342438,3.653646126622334e-05,1.8793431081576273e-05,-0.0007124056573957205,9.431987564312294e-05,0.002029466675594449,-1.4285827091953252e-05,-1.3851016774424352e-05,0.0002258096938021481,0.0,0.0,5.0,0.27045186678235894,-6.520748138427734e-05,-5.4836273193359375e-05,-6.443262100219727e-05,-5.4836273193359375e-05,0.009687061421573162,4.670645333826542,False,False
534,10.68,-0.10969259589910507,0.15290920436382294,4.805788993835449,0.2886607050895691,3.626795296440832e-05,1.8499144061934203e-05,-0.0007045145612210035,9.28432637010701e-05,0.0020058464724570513,-1.515934036433464e-05,-1.2991769835934974e-05,0.00022392376558855176,0.0,0.0,5.0,0.27042855856900344,-6.467103958129883e-05,-5.4955482482910156e-05,-6.401538848876953e-05,-5.501508712768555e-05,0.00968707911670208,4.680332412943244,False,False
535,10.700000000000001,-0.10970661044120789,0.15291103720664978,4.805827617645264,0.28866514563560486,3.6017143429489806e-05,1.818639793782495e-05,-0.0006966893561184406,9.140894690062851e-05,0.0019822653848677874,-1.6131423762999475e-05,-1.2080412489012815e-05,0.0002222080365754664,0.0,0.0,5.0,0.27040754379903365,-6.318092346191406e-05,-5.125999450683594e-05,-6.383657455444336e-05,-5.173683166503906e-05,0.009687097743153572,4.6900195106863976,False,False
536,10.72,-0.10972046852111816,0.15291282534599304,4.80586576461792,0.2886694371700287,3.576200469979085e-05,1.786403481673915e-05,-0.0006889287615194917,9.002067963592708e-05,0.001959559740498662,-1.612069900147617e-05,-1.3425882571027614e-05,0.00021994003327563405,0.0,0.0,5.0,0.27038678724222587,-6.181001663208008e-05,-5.02467155456543e-05,-6.29425048828125e-05,-4.929304122924805e-05,0.009687116369605064,4.699706627056003,False,False
537,10.74,-0.10973417013883591,0.1529146134853363,4.805903911590576,0.2886737287044525,3.549351458786987e-05,1.7566375390742905e-05,-0.0006812352803535759,8.867708675097674e-05,0.0019374680705368519,-1.3661032426171005e-05,-1.3414852219284512e-05,0.00021760881645604968,0.0,0.0,5.0,0.27036597169257015,-6.175041198730469e-05,-4.792213439941406e-05,-6.210803985595703e-05,-4.875659942626953e-05,0.009687134064733982,4.709393761120737,False,False
538,10.76,-0.10974771529436111,0.15291640162467957,4.805942058563232,0.28867799043655396,3.520894824760035e-05,1.7290663890889846e-05,-0.0006736090290360153,8.737159078009427e-05,0.001915676984935999,-1.3925175153417513e-05,-1.5035193428047933e-05,0.00021509238285943866,0.0,0.0,5.0,0.27034509711265037,-6.127357482910156e-05,-4.8995018005371094e-05,-6.133317947387695e-05,-4.762411117553711e-05,0.0096871517598629,4.7190809128805995,False,False
539,10.78,-0.10976111888885498,0.15291815996170044,4.805980205535889,0.2886822819709778,3.4923756174976006e-05,1.7027525245794095e-05,-0.0006660523940809071,8.610131044406444e-05,0.0018940032459795475,-1.2404128938214853e-05,-1.347654324490577e-05,0.00021258200285956264,0.0,0.0,5.0,0.2703241526569566,-6.097555160522461e-05,-4.774332046508789e-05,-6.073713302612305e-05,-4.851818084716797e-05,0.009687169454991817,4.728768082335591,False,False
540,10.8,-0.10977435857057571,0.15291982889175415,4.806018352508545,0.2886865437030792,3.4651624446269125e-05,1.6772170056356117e-05,-0.0006585621158592403,8.486377191729844e-05,0.0018724859692156315,-1.3146312994649634e-05,-1.3729071724810638e-05,0.00021017930703237653,0.0,0.0,5.0,0.2703030954897924,-6.0617923736572266e-05,-4.863739013671875e-05,-5.996227264404297e-05,-4.875659942626953e-05,0.00968718808144331,4.738455270417035,False,False
541,10.82,-0.1097874641418457,0.15292149782180786,4.806056499481201,0.28869059681892395,3.4380354918539524e-05,1.6492806025780737e-05,-0.0006511378451250494,8.366073598153889e-05,0.0018509686924517155,-1.4804256352363154e-05,-1.3390557796810754e-05,0.00020798080367967486,0.0,0.0,5.0,0.2702819882497677,-5.906820297241211e-05,-5.155801773071289e-05,-5.9485435485839844e-05,-4.941225051879883e-05,0.009687205776572227,4.748142476193607,False,False
542,10.84,-0.10980040580034256,0.15292316675186157,4.806094646453857,0.2886946499347687,3.413307058508508e-05,1.6225372746703215e-05,-0.0006437788251787424,8.249595703091472e-05,0.001829294953495264,-1.1953454304602928e-05,-1.1330888810334727e-05,0.00020637380657717586,0.0,0.0,5.0,0.27026081879767944,-5.888938903808594e-05,-4.89354133605957e-05,-5.882978439331055e-05,-5.125999450683594e-05,0.009687223471701145,4.757829699665308,False,False
543,10.86,-0.10981321334838867,0.15292483568191528,4.806131839752197,0.288698673248291,3.388174809515476e-05,1.596180118212942e-05,-0.0006364795845001936,8.136605902109295e-05,0.0018077646382153034,-1.4417288184631616e-05,-1.379478180751903e-05,0.00020468869479373097,0.0,0.0,5.0,0.2702402833629865,-5.793571472167969e-05,-5.0127506256103516e-05,-5.841255187988281e-05,-4.887580871582031e-05,0.009687239304184914,4.767516938969493,False,False
544,10.88,-0.10982587188482285,0.1529264897108078,4.806166172027588,0.28870272636413574,3.361519702593796e-05,1.5694311514380388e-05,-0.0006292451871559024,8.027274452615529e-05,0.0017864699475467205,-1.2345881259534508e-05,-1.285354210267542e-05,0.00020307133672758937,0.0,0.0,5.0,0.27022173535259886,-5.704164505004883e-05,-4.374980926513672e-05,-5.793571472167969e-05,-4.583597183227539e-05,0.009687256067991257,4.777204195037484,False,False
545,10.9,-0.10983838140964508,0.15292803943157196,4.8062005043029785,0.2887067496776581,3.332001142553054e-05,1.542982499813661e-05,-0.0006220763316377997,7.921318319858983e-05,0.0017662202008068562,-1.4116460988589097e-05,-1.665837407927029e-05,0.00020074000349268317,0.0,0.0,5.0,0.2702030714249839,-5.698204040527344e-05,-4.410743713378906e-05,-5.7220458984375e-05,-4.166364669799805e-05,0.009687271900475025,4.786891466937959,False,False
546,10.92,-0.10985075682401657,0.15292958915233612,4.806234836578369,0.28871074318885803,3.301674951217137e-05,1.518437966296915e-05,-0.0006149804685264826,7.818618905730546e-05,0.0017464016564190388,-1.0441567610541824e-05,-1.3661606317327823e-05,0.00019810470985248685,0.0,0.0,5.0,0.2701843566325091,-5.6862831115722656e-05,-4.088878631591797e-05,-5.638599395751953e-05,-4.3272972106933594e-05,0.009687288664281368,4.796578755602241,False,False
547,10.94,-0.10986298322677612,0.15293113887310028,4.80626916885376,0.28871455788612366,3.2721058232709765e-05,1.4947254385333508e-05,-0.0006079523591324687,7.718641427345574e-05,0.001726830843836069,-1.328386952081928e-05,-1.590124338690657e-05,0.00019534601597115397,0.0,0.0,5.0,0.2701655848866088,-5.4776668548583984e-05,-4.458427429199219e-05,-5.543231964111328e-05,-4.220008850097656e-05,0.009687304496765137,4.806266060099006,False,False
548,10.96,-0.10987507551908493,0.15293268859386444,4.80630350112915,0.2887183427810669,3.242199090891518e-05,1.471201812819345e-05,-0.0006009950884617865,7.621593249496073e-05,0.0017072991468012333,-1.0252382708131336e-05,-1.3999919246998616e-05,0.0001931271399371326,0.0,0.0,5.0,0.27014676221583256,-5.4717063903808594e-05,-4.291534423828125e-05,-5.4717063903808594e-05,-4.369020462036133e-05,0.009687320329248905,4.815953380428255,False,False
549,10.98,-0.1098870262503624,0.1529342383146286,4.806337833404541,0.28872212767601013,3.2133299100678414e-05,1.4498462405754253e-05,-0.0005941045819781721,7.52705309423618e-05,0.0016878466121852398,-1.1115616871393286e-05,-1.4863211617921479e-05,0.00019093247829005122,0.0,0.0,5.0,0.2701278855606558,-5.4001808166503906e-05,-4.392862319946289e-05,-5.424022674560547e-05,-4.3392181396484375e-05,0.009687337093055248,4.82564071752131,False,False
550,11.0,-0.10989883542060852,0.15293577313423157,4.806372165679932,0.28872594237327576,3.183542867191136e-05,1.429305393685354e-05,-0.0005872814217582345,7.434901635861024e-05,0.0016685244627296925,-9.437497283215635e-06,-1.4917971384420525e-05,0.00018897902918979526,0.0,0.0,5.0,0.2701089464539281,-5.4955482482910156e-05,-4.2319297790527344e-05,-5.3763389587402344e-05,-4.363059997558594e-05,0.009687352925539017,4.835328070446849,False,False
551,11.02,-0.1099105104804039,0.15293720364570618,4.806406497955322,0.28872978687286377,3.153620855300687e-05,1.407913259754423e-05,-0.0005805255495943129,7.344887853832915e-05,0.0016492544673383236,-1.1966889360337518e-05,-1.4998850929259788e-05,0.0001868173130787909,0.0,0.0,5.0,0.2700898972693237,-5.4001808166503906e-05,-4.470348358154297e-05,-5.322694778442383e-05,-4.369020462036133e-05,0.00968736968934536,4.845015440136194,False,False
552,11.040000000000001,-0.10992205888032913,0.1529386341571808,4.806440830230713,0.2887333035469055,3.1255414796760306e-05,1.3846719411958475e-05,-0.0005738378968089819,7.25750724086538e-05,0.0016299453563988209,-1.1285648724879138e-05,-1.3074547496216837e-05,0.0001851252163760364,0.0,0.0,5.0,0.27007080006570544,-5.269050598144531e-05,-4.547834396362305e-05,-5.251169204711914e-05,-4.595518112182617e-05,0.009687384590506554,4.854702824726701,False,False
553,11.06,-0.10993346571922302,0.1529400646686554,4.806473255157471,0.28873687982559204,3.0985582270659506e-05,1.3613210285257082e-05,-0.0005672141560353339,7.172944606281817e-05,0.0016104397363960743,-1.2076807252014987e-05,-1.3903431863582227e-05,0.00018382916459813714,0.0,0.0,5.0,0.2700530156010807,-5.14984130859375e-05,-4.3511390686035156e-05,-5.221366882324219e-05,-4.3332576751708984e-05,0.009687398560345173,4.864390223287046,False,False
554,11.08,-0.10994474589824677,0.15294149518013,4.806503772735596,0.2887404263019562,3.0701266950927675e-05,1.3384049452724867e-05,-0.0005606554914265871,7.091258885338902e-05,0.0015916009433567524,-1.0850728358491324e-05,-1.4523248864861671e-05,0.0001822480116970837,0.0,0.0,5.0,0.2700365494967705,-5.0902366638183594e-05,-3.921985626220703e-05,-5.173683166503906e-05,-3.999471664428711e-05,0.009687413461506367,4.874077636748552,False,False
555,11.1,-0.10995589196681976,0.15294292569160461,4.806534290313721,0.2887439727783203,3.0392246117116883e-05,1.3162200957594905e-05,-0.0005541642312891781,7.012133573880419e-05,0.0015736115165054798,-1.1345428902131971e-05,-1.6374133338104002e-05,0.0001800363534130156,0.0,0.0,5.0,0.2700200317045799,-5.030632019042969e-05,-3.892183303833008e-05,-5.120038986206055e-05,-3.743171691894531e-05,0.009687427431344986,4.883765064179897,False,False
556,11.120000000000001,-0.10996691137552261,0.15294435620307922,4.806564807891846,0.28874751925468445,3.007510349561926e-05,1.2964624147571158e-05,-0.0005477448576129973,6.935316196177155e-05,0.0015560532920062542,-8.423321560258046e-06,-1.5335590433096513e-05,0.00017769128317013383,0.0,0.0,5.0,0.2700034652328836,-5.060434341430664e-05,-3.618001937866211e-05,-5.060434341430664e-05,-3.74913215637207e-05,0.009687441401183605,4.893452505581081,False,False
557,11.14,-0.10997780412435532,0.15294578671455383,4.806595325469971,0.2887510657310486,2.9759514291072264e-05,1.2787437299266458e-05,-0.0005413945764303207,6.860181747470051e-05,0.0015387819148600101,-9.305905223300215e-06,-1.6218222299357876e-05,0.00017513736383989453,0.0,0.0,5.0,0.2699868500572119,-4.9948692321777344e-05,-3.707408905029297e-05,-5.02467155456543e-05,-3.6656856536865234e-05,0.009687456302344799,4.903139961883426,False,False
558,11.16,-0.10998857021331787,0.15294711291790009,4.806625843048096,0.2887544333934784,2.9436598197207786e-05,1.2607057215063833e-05,-0.0005351147265173495,6.786661106161773e-05,0.0015215757302939892,-8.74245506565785e-06,-1.606919613550417e-05,0.00017265492351725698,0.0,0.0,5.0,0.2699701270591814,-4.8995018005371094e-05,-3.844499588012695e-05,-4.9173831939697266e-05,-3.7729740142822266e-05,0.009687470272183418,4.912827432155609,False,False
559,11.18,-0.10999920964241028,0.15294842422008514,4.806656360626221,0.2887577414512634,2.9115271900082007e-05,1.2445213542378042e-05,-0.0005289050750434399,6.714606570312753e-05,0.0015043173916637897,-7.451845704053994e-06,-1.605941724847071e-05,0.00017059565288946033,0.0,0.0,5.0,0.2699533468576748,-4.863739013671875e-05,-3.8743019104003906e-05,-4.8220157623291016e-05,-3.8743019104003906e-05,0.009687484242022038,4.922514916397631,False,False
560,11.200000000000001,-0.11000972986221313,0.1529497355222702,4.806686878204346,0.2887610197067261,2.879376188502647e-05,1.2295996384636965e-05,-0.0005227644578553736,6.643657252425328e-05,0.0014871242456138134,-7.4798181231017224e-06,-1.6087429685285315e-05,0.00016881077317520976,0.0,0.0,5.0,0.26993652090643644,-4.8220157623291016e-05,-3.916025161743164e-05,-4.750490188598633e-05,-3.886222839355469e-05,0.009687499143183231,4.932202415540814,False,False
561,11.22,-0.11002012342214584,0.15295104682445526,4.806717395782471,0.2887643277645111,2.8484124413807876e-05,1.2141318620706443e-05,-0.0005166921182535589,6.573766586370766e-05,0.0014699832536280155,-7.997502507350873e-06,-1.4872330211801454e-05,0.0001671318314038217,0.0,0.0,5.0,0.269919646146091,-4.762411117553711e-05,-3.933906555175781e-05,-4.7266483306884766e-05,-3.9696693420410156e-05,0.00968751311302185,4.941889928653836,False,False
562,11.24,-0.1100303903222084,0.15295235812664032,4.806747913360596,0.28876763582229614,2.818644315993879e-05,1.1975619599979836e-05,-0.0005106855533085763,6.505187775474042e-05,0.0014527901075780392,-8.581987458455842e-06,-1.4891807950334623e-05,0.00016569130821153522,0.0,0.0,5.0,0.26990272255285125,-4.76837158203125e-05,-3.933906555175781e-05,-4.7087669372558594e-05,-3.9458274841308594e-05,0.009687528014183044,4.951577456668019,False,False
563,11.26,-0.11004053801298141,0.15295366942882538,4.806778430938721,0.2887710630893707,2.789505379041657e-05,1.1797748811659403e-05,-0.0005047442973591387,6.438171112677082e-05,0.0014355969615280628,-9.215697900799569e-06,-1.424477159162052e-05,0.00016419572057202458,0.0,0.0,5.0,0.2698857531409013,-4.792213439941406e-05,-3.8623809814453125e-05,-4.696846008300781e-05,-3.933906555175781e-05,0.009687540121376514,4.961264996789396,False,False
564,11.28,-0.11005057394504547,0.15295498073101044,4.8068060874938965,0.2887745201587677,2.7609823519014753e-05,1.1596277545322664e-05,-0.0004988674772903323,6.373054930008948e-05,0.001418455969542265,-1.0941846085188445e-05,-1.4275803550845012e-05,0.00016260932898148894,0.0,0.0,5.0,0.2698707890555658,-4.690885543823242e-05,-3.4868717193603516e-05,-4.696846008300781e-05,-3.534555435180664e-05,0.009687553159892559,4.970952549949288,False,False
565,11.3,-0.11006049811840057,0.1529562920331955,4.806832790374756,0.2887777090072632,2.731534550548531e-05,1.1381786862330046e-05,-0.000493056490086019,6.310295430012047e-05,0.0014022295363247395,-1.0517279406485613e-05,-1.5169742255238816e-05,0.0001604143180884421,0.0,0.0,5.0,0.26985646442695727,-4.565715789794922e-05,-3.325939178466797e-05,-4.64320182800293e-05,-3.2901763916015625e-05,0.009687565267086029,4.980640115216374,False,False
566,11.32,-0.11007030308246613,0.15295758843421936,4.806859493255615,0.28878089785575867,2.7009078621631488e-05,1.1186015399289317e-05,-0.00048731366405263543,6.24976892140694e-05,0.0013865516521036625,-9.069472980627324e-06,-1.5454805179615505e-05,0.00015795958461239934,0.0,0.0,5.0,0.2698420849788923,-4.5299530029296875e-05,-3.153085708618164e-05,-4.583597183227539e-05,-3.170967102050781e-05,0.009687577374279499,4.990327692590654,False,False
567,11.34,-0.11007998883724213,0.15295878052711487,4.806886196136475,0.28878411650657654,2.668844535946846e-05,1.1009031368303113e-05,-0.00048163975588977337,6.191001739352942e-05,0.001371187623590231,-8.638634426461067e-06,-1.660615271248389e-05,0.00015531835379078984,0.0,0.0,5.0,0.2698276000067258,-4.51207160949707e-05,-3.224611282348633e-05,-4.494190216064453e-05,-3.0875205993652344e-05,0.009687589481472969,5.000015282072127,False,False
568,11.36,-0.11008956283330917,0.15295997262001038,4.806912899017334,0.288787305355072,2.6372521460871212e-05,1.0857844245037995e-05,-0.0004760360170621425,6.133600982138887e-05,0.0013560201041400433,-6.4892824411799666e-06,-1.4984225344960578e-05,0.00015280168736353517,0.0,0.0,5.0,0.26981307165264196,-4.51207160949707e-05,-3.0934810638427734e-05,-4.404783248901367e-05,-3.230571746826172e-05,0.009687601588666439,5.009702883660793,False,False
569,11.38,-0.11009902507066727,0.15296116471290588,4.806939601898193,0.2887904942035675,2.607094938866794e-05,1.070556572813075e-05,-0.00047049796557985246,6.077203215681948e-05,0.0013409177772700787,-8.747596439206973e-06,-1.5170715414569713e-05,0.00015045219333842397,0.0,0.0,5.0,0.2697984998977352,-4.4345855712890625e-05,-3.230571746826172e-05,-4.38690185546875e-05,-3.0994415283203125e-05,0.009687614627182484,5.019390498287976,False,False
570,11.4,-0.110108382999897,0.1529623568058014,4.806966304779053,0.2887934446334839,2.5786255719140172e-05,1.053663254424464e-05,-0.00046502507757395506,6.022233719704673e-05,0.0013258936814963818,-8.154403076332528e-06,-1.329677070316393e-05,0.0001481850049458444,0.0,0.0,5.0,0.26978388776405987,-4.285573959350586e-05,-3.325939178466797e-05,-4.3451786041259766e-05,-3.3020973205566406e-05,0.009687626734375954,5.029078125022352,False,False
571,11.42,-0.11011762917041779,0.1529635488986969,4.806993007659912,0.28879639506340027,2.5520173949189484e-05,1.0380659659858793e-05,-0.0004596127837430686,5.968811456114054e-05,0.0013108043931424618,-7.451340479747159e-06,-1.3309474525158294e-05,0.00014632713282480836,0.0,0.0,5.0,0.2697692321929327,-4.2378902435302734e-05,-3.355741500854492e-05,-4.291534423828125e-05,-3.337860107421875e-05,0.009687638841569424,5.038765763863921,False,False
572,11.44,-0.11012677103281021,0.1529647409915924,4.8070197105407715,0.28879937529563904,2.5253722924389876e-05,1.0237499736831523e-05,-0.00045425890129990876,5.916727241128683e-05,0.0012956629507243633,-6.872963695059298e-06,-1.3333856259123422e-05,0.00014462793478742242,0.0,0.0,5.0,0.2697545362074669,-4.2319297790527344e-05,-3.2782554626464844e-05,-4.26173210144043e-05,-3.331899642944336e-05,0.009687651880085468,5.048453415744007,False,False
573,11.46,-0.11013580113649368,0.15296593308448792,4.807046413421631,0.28880229592323303,2.4979888621601276e-05,1.009976040222682e-05,-0.0004489633138291538,5.865773346158676e-05,0.001280691009014845,-6.908863269927679e-06,-1.4047853255760856e-05,0.00014287972589954734,0.0,0.0,5.0,0.26973979674835064,-4.202127456665039e-05,-3.325939178466797e-05,-4.214048385620117e-05,-3.361701965332031e-05,0.009687663987278938,5.058141079731286,False,False
574,11.48,-0.1101447269320488,0.15296712517738342,4.80707311630249,0.2888052463531494,2.469313403707929e-05,9.95550726656802e-06,-0.000443728145910427,5.8158842875855044e-05,0.001265666913241148,-7.52438018025714e-06,-1.4625731637352146e-05,0.00014124164590612054,0.0,0.0,5.0,0.26972501683974615,-4.1961669921875e-05,-3.427267074584961e-05,-4.184246063232422e-05,-3.355741500854492e-05,0.009687677025794983,5.0678287567570806,False,False
575,11.5,-0.11015354841947556,0.15296831727027893,4.80709981918335,0.2888081669807434,2.441065043967683e-05,9.801957276067697e-06,-0.0004385553766041994,5.7671888498589396e-05,0.0012506167404353619,-7.838534656912088e-06,-1.3621460311696865e-05,0.00013974279863759875,0.0,0.0,5.0,0.2697101964646477,-4.106760025024414e-05,-3.427267074584961e-05,-4.172325134277344e-05,-3.3974647521972656e-05,0.009687689132988453,5.077516445890069,False,False
576,11.52,-0.11016227304935455,0.15296950936317444,4.807125568389893,0.2888111174106598,2.4135584681062028e-05,9.647918886912521e-06,-0.00043344334699213505,5.719855835195631e-05,0.001235657837241888,-7.573195034638047e-06,-1.3883540304959752e-05,0.00013839296298101544,0.0,0.0,5.0,0.2696960206735221,-4.112720489501953e-05,-3.212690353393555e-05,-4.172325134277344e-05,-3.248453140258789e-05,0.009687699377536774,5.087204145267606,False,False
577,11.540000000000001,-0.1101708859205246,0.15297070145606995,4.807148456573486,0.2888137996196747,2.3852264348533936e-05,9.496544407738838e-06,-0.00042839214438572526,5.673836130881682e-05,0.0012210649438202381,-7.5712996476795524e-06,-1.4446728528128006e-05,0.00013669434702023864,0.0,0.0,5.0,0.2696838471441399,-3.921985626220703e-05,-2.9861927032470703e-05,-4.124641418457031e-05,-3.0040740966796875e-05,0.009687709622085094,5.096891854889691,False,False
578,11.56,-0.11017940193414688,0.1529718041419983,4.80717134475708,0.28881651163101196,2.35382449318422e-05,9.369842700834852e-06,-0.00042340418440289795,5.628896542475559e-05,0.0012071379460394382,-5.106024673295906e-06,-1.6953952581388876e-05,0.00013483333168551326,0.0,0.0,5.0,0.2696715849988965,-3.927946090698242e-05,-2.7060508728027344e-05,-4.011392593383789e-05,-2.7179718017578125e-05,0.00968772079795599,5.106579575687647,False,False
579,11.58,-0.110187828540802,0.15297287702560425,4.807194232940674,0.28881922364234924,2.3186776161310263e-05,9.268601388612296e-06,-0.0004184849967714399,5.584200698649511e-05,0.0011938908137381077,-5.025152404414257e-06,-1.819156386773102e-05,0.00013245752779766917,0.0,0.0,5.0,0.26965927107252025,-3.886222839355469e-05,-2.7954578399658203e-05,-3.933906555175781e-05,-2.5987625122070312e-05,0.00968773104250431,5.116267306730151,False,False
580,11.6,-0.11019615083932877,0.1529739499092102,4.807217121124268,0.28882190585136414,2.28323187911883e-05,9.194880476570688e-06,-0.0004136380448471755,5.5392723879776895e-05,0.0011807740665972233,-2.3535744730907027e-06,-1.725284892017953e-05,0.00013022165512666106,0.0,0.0,5.0,0.26964691616676234,-3.886222839355469e-05,-2.580881118774414e-05,-3.826618194580078e-05,-2.664327621459961e-05,0.009687741287052631,5.125955048017204,False,False
581,11.620000000000001,-0.11020436882972717,0.15297502279281616,4.807240009307861,0.2888246178627014,2.24812793021556e-05,9.136253538599703e-06,-0.00040886038914322853,5.493531352840364e-05,0.0011679711751639843,-3.51569588019629e-06,-1.784994310582988e-05,0.00012789241736754775,0.0,0.0,5.0,0.26963452026633117,-3.820657730102539e-05,-2.759695053100586e-05,-3.74913215637207e-05,-2.6464462280273438e-05,0.009687752462923527,5.135642800480127,False,False
582,11.64,-0.11021249741315842,0.15297609567642212,4.807262897491455,0.28882724046707153,2.215030872321222e-05,9.066058737516869e-06,-0.00040415176772512496,5.44708309462294e-05,0.0011551151983439922,-3.5100420063827187e-06,-1.524507661088137e-05,0.00012588402023538947,0.0,0.0,5.0,0.2696220894471309,-3.707408905029297e-05,-2.7239322662353516e-05,-3.719329833984375e-05,-2.7477741241455078e-05,0.009687762707471848,5.145330563187599,False,False
583,11.66,-0.1102205365896225,0.15297716856002808,4.807285785675049,0.2888297140598297,2.1841451598447748e-05,8.992350558401085e-06,-0.0003995066217612475,5.4002059187041596e-05,0.0011423383839428425,-3.866774932248518e-06,-1.5639507182640955e-05,0.00012410531053319573,0.0,0.0,5.0,0.26960962369624486,-3.635883331298828e-05,-2.9087066650390625e-05,-3.6716461181640625e-05,-2.753734588623047e-05,0.009687772952020168,5.155018336139619,False,False
584,11.68,-0.11022848635911942,0.15297824144363403,4.807308673858643,0.2888321578502655,2.153826608264353e-05,8.935991900216322e-06,-0.00039492343785241246,5.352924927137792e-05,0.0011295084841549397,-1.7749443941283971e-06,-1.4677810213470366e-05,0.00012259598588570952,0.0,0.0,5.0,0.2695971230008294,-3.635883331298828e-05,-2.765655517578125e-05,-3.612041473388672e-05,-2.855062484741211e-05,0.009687784127891064,5.16470612026751,False,False
585,11.700000000000001,-0.11023633182048798,0.15297931432724,4.807331562042236,0.2888346314430237,2.123669401044026e-05,8.89819875737885e-06,-0.00039039907278493047,5.3048061090521514e-05,0.0011166785843670368,-2.0101274458284024e-06,-1.5478068235097453e-05,0.00012113741831853986,0.0,0.0,5.0,0.2695845812548519,-3.600120544433594e-05,-2.7954578399658203e-05,-3.546476364135742e-05,-2.8133392333984375e-05,0.009687795303761959,5.174393915571272,False,False
586,11.72,-0.11024410277605057,0.15298038721084595,4.80735445022583,0.2888370752334595,2.093398325087037e-05,8.844195690471679e-06,-0.0003859343705698848,5.255794894765131e-05,0.0011040321551263332,-3.3956348488572985e-06,-1.479173715779325e-05,0.00011971720959991217,0.0,0.0,5.0,0.26957201063142466,-3.504753112792969e-05,-2.962350845336914e-05,-3.540515899658203e-05,-2.8789043426513672e-05,0.00968780554831028,5.184081721119583,False,False
587,11.74,-0.1102517694234848,0.1529814600944519,4.807377338409424,0.28883954882621765,2.0641580704250373e-05,8.784301826381125e-06,-0.00038152895285747945,5.206252899370156e-05,0.0010912553407251835,-2.599283106974326e-06,-1.4447453395405319e-05,0.00011863169493153691,0.0,0.0,5.0,0.2695593989306944,-3.552436828613281e-05,-2.8312206268310547e-05,-3.510713577270508e-05,-2.8908252716064453e-05,0.009687816724181175,5.193769537843764,False,False
588,11.76,-0.11025936156511307,0.15298253297805786,4.807400226593018,0.28884199261665344,2.0350034901639447e-05,8.723006430955138e-06,-0.0003771815390791744,5.156169936526567e-05,0.0010785306803882122,-3.5357606975594535e-06,-1.47058881339035e-05,0.00011739786714315414,0.0,0.0,5.0,0.26954675832877284,-3.49879264831543e-05,-2.9325485229492188e-05,-3.4809112548828125e-05,-2.86102294921875e-05,0.009687826968729496,5.203457364812493,False,False
589,11.78,-0.11026685684919357,0.15298360586166382,4.807423114776611,0.28884443640708923,2.0062216208316386e-05,8.659031664137729e-06,-0.000372892536688596,5.105684249429032e-05,0.0010658451355993748,-2.8668605409620795e-06,-1.4074684258957859e-05,0.00011627527419477701,0.0,0.0,5.0,0.26953407967116083,-3.522634506225586e-05,-2.8312206268310547e-05,-3.451108932495117e-05,-2.9265880584716797e-05,0.009687838144600391,5.213145202957094,False,False
590,11.8,-0.11027427017688751,0.1529846489429474,4.807446002960205,0.2888469398021698,1.9777489796979353e-05,8.58797830005642e-06,-0.00036866063601337373,5.0548060244182125e-05,0.001053172629326582,-4.243829607730731e-06,-1.4396907317859586e-05,0.00011513888603076339,0.0,0.0,5.0,0.2695213521249168,-3.552436828613281e-05,-2.8848648071289062e-05,-3.4332275390625e-05,-2.9087066650390625e-05,0.009687847457826138,5.22283305041492,False,False
591,11.82,-0.11028160154819489,0.1529856026172638,4.807466506958008,0.2888492941856384,1.950465957634151e-05,8.488136700179894e-06,-0.00036448659375309944,5.003918704460375e-05,0.0010405001230537891,-5.745362159359502e-06,-1.2884846910310443e-05,0.00011405337136238813,0.0,0.0,5.0,0.2695102450578698,-3.349781036376953e-05,-2.771615982055664e-05,-3.3915042877197266e-05,-2.765655517578125e-05,0.009687856771051884,5.232520907185972,False,False
592,11.84,-0.11028885096311569,0.1529865562915802,4.807485580444336,0.2888514995574951,1.9244396753492765e-05,8.375997822440695e-06,-0.00036036831443198025,4.9535879952600226e-05,0.0010282197035849094,-5.473383225762518e-06,-1.3140276678313967e-05,0.00011303572682663798,0.0,0.0,5.0,0.269500127624414,-3.224611282348633e-05,-2.47955322265625e-05,-3.337860107421875e-05,-2.467632293701172e-05,0.009687865152955055,5.242208772338927,False,False
593,11.86,-0.11029601842164993,0.1529875099658966,4.807504653930664,0.2888537049293518,1.8968859876622446e-05,8.278718269139063e-06,-0.000356305914465338,4.903791341348551e-05,0.0010167486034333706,-4.2591532292135525e-06,-1.4412303244171198e-05,0.00011150503996759653,0.0,0.0,5.0,0.2694899778165928,-3.1948089599609375e-05,-2.3424625396728516e-05,-3.2782554626464844e-05,-2.2649765014648438e-05,0.009687874466180801,5.251896646805108,False,False
594,11.88,-0.11030309647321701,0.152988463640213,4.807523727416992,0.2888559401035309,1.868498293333687e-05,8.215290108637419e-06,-0.00035230114008300006,4.854000508203171e-05,0.001005695667117834,-2.0883528577542165e-06,-1.3974356079415884e-05,0.000109742337372154,0.0,0.0,5.0,0.2694797925745471,-3.1948089599609375e-05,-2.187490463256836e-05,-3.1828880310058594e-05,-2.2649765014648438e-05,0.009687882848083973,5.261584529653192,False,False
595,11.9,-0.11031010001897812,0.15298941731452942,4.80754280090332,0.2888581156730652,1.8399692635284737e-05,8.167775376932696e-06,-0.0003483524778857827,4.8036061343736947e-05,0.00099489139392972,-2.6674790660763392e-06,-1.4553500477632042e-05,0.00010789488442242146,0.0,0.0,5.0,0.2694695779871546,-3.1113624572753906e-05,-2.2649765014648438e-05,-3.129243850708008e-05,-2.187490463256836e-05,0.009687891229987144,5.271272420883179,False,False
596,11.92,-0.11031702905893326,0.15299037098884583,4.807561874389648,0.2888603210449219,1.8111253666575067e-05,8.12389134807745e-06,-0.0003444607136771083,4.7525143600068986e-05,0.000984282698482275,-1.7252315274163266e-06,-1.4289339560491499e-05,0.00010624004062265158,0.0,0.0,5.0,0.2694593340452686,-3.135204315185547e-05,-2.2351741790771484e-05,-3.075599670410156e-05,-2.1636486053466797e-05,0.00968790054321289,5.280960321426392,False,False
597,11.94,-0.11032388359308243,0.15299132466316223,4.807580947875977,0.28886252641677856,1.783664629328996e-05,8.088189133559354e-06,-0.0003406244795769453,4.700561839854345e-05,0.0009737654472701252,-1.8493036577638122e-06,-1.3170311831345316e-05,0.00010455434676259756,0.0,0.0,5.0,0.2694490607397932,-3.11732292175293e-05,-2.2292137145996094e-05,-3.0517578125e-05,-2.199411392211914e-05,0.009687908925116062,5.290648230351508,False,False
598,11.96,-0.11033065617084503,0.15299227833747864,4.807600021362305,0.28886479139328003,1.75822751771193e-05,8.053886631387286e-06,-0.0003368401376064867,4.64779841422569e-05,0.0009632224100641906,-1.5851223906793166e-06,-1.2265750228834804e-05,0.00010295398533344269,0.0,0.0,5.0,0.2694387550107953,-3.11732292175293e-05,-2.1636486053466797e-05,-3.0100345611572266e-05,-2.193450927734375e-05,0.009687917307019234,5.300336147658527,False,False
599,11.98,-0.11033735424280167,0.15299323201179504,4.807619094848633,0.2888668477535248,1.7342603314318694e-05,8.01055102783721e-06,-0.0003331043408252299,4.594328856910579e-05,0.0009528097580187023,-2.752410182438325e-06,-1.1700226423272397e-05,0.00010132940951734781,0.0,0.0,5.0,0.269428419899564,-3.0040740966796875e-05,-2.390146255493164e-05,-2.9861927032470703e-05,-2.276897430419922e-05,0.00968792662024498,5.310024074278772,False,False
600,12.0,-0.11034398525953293,0.15299418568611145,4.807638168334961,0.28886878490448,1.712438461254351e-05,7.971334525791463e-06,-0.0003294147318229079,4.5404292905004695e-05,0.0009421489085070789,-1.1727858009180636e-06,-1.0120616025233176e-05,0.00010009098332375288,0.0,0.0,5.0,0.26941805844865185,-2.9027462005615234e-05,-2.3543834686279297e-05,-2.9265880584716797e-05,-2.4557113647460938e-05,0.009687935933470726,5.319712010212243,False,False
601,12.02,-0.11035053431987762,0.15299513936042786,4.807657241821289,0.28887075185775757,1.6910982594708912e-05,7.942961019580252e-06,-0.0003257666830904782,4.485932004172355e-05,0.0009315793286077678,-1.6681605075063999e-06,-1.121872537623858e-05,9.914377005770802e-05,0.0,0.0,5.0,0.26940766454648857,-2.8848648071289062e-05,-2.4199485778808594e-05,-2.9027462005615234e-05,-2.396106719970703e-05,0.009687944315373898,5.3293999545276165,False,False
602,12.040000000000001,-0.11035700887441635,0.1529960036277771,4.807676315307617,0.28887271881103516,1.6683816284057684e-05,7.906854079919867e-06,-0.00032216194085776806,4.4308053475106135e-05,0.0009210227872245014,-1.9461776901152916e-06,-1.1496754268591758e-05,9.822641732171178e-05,0.0,0.0,5.0,0.269397190459429,-2.8848648071289062e-05,-2.47955322265625e-05,-2.86102294921875e-05,-2.4020671844482422e-05,0.009687953628599644,5.339087908156216,False,False
603,12.06,-0.1103634163737297,0.15299683809280396,4.807695388793945,0.28887468576431274,1.646314558456652e-05,7.870083209127188e-06,-0.00031860184390097857,4.3751140765380114e-05,0.0009104140917770565,-1.7344825664622476e-06,-1.0569338883215096e-05,9.741500252857804e-05,0.0,0.0,5.0,0.26938667307643255,-2.86102294921875e-05,-2.4557113647460938e-05,-2.8073787689208984e-05,-2.47955322265625e-05,0.00968796294182539,5.3487758710980415,False,False
604,12.08,-0.11036975681781769,0.1529976725578308,4.807714462280273,0.2888766825199127,1.6253341527772136e-05,7.826854016457219e-06,-0.0003150842385366559,4.318935316405259e-05,0.0008998710545711219,-2.5921194719558116e-06,-1.040989354805788e-05,9.669555583968759e-05,0.0,0.0,5.0,0.26937612931420224,-2.855062484741211e-05,-2.485513687133789e-05,-2.765655517578125e-05,-2.485513687133789e-05,0.009687972255051136,5.358463843353093,False,False
605,12.1,-0.1103760302066803,0.15299850702285767,4.807733535766602,0.2888786196708679,1.604974204383325e-05,7.77023615228245e-06,-0.0003116084262728691,4.2625317291822284e-05,0.0008892884361557662,-3.0730548132851254e-06,-9.949085324478801e-06,9.600940393283963e-05,0.0,0.0,5.0,0.26936555916490534,-2.8252601623535156e-05,-2.5570392608642578e-05,-2.7358531951904297e-05,-2.5331974029541016e-05,0.009687980636954308,5.368151823990047,False,False
606,12.120000000000001,-0.11038222163915634,0.15299934148788452,4.80775260925293,0.2888805568218231,1.587393126101233e-05,7.705998541496228e-06,-0.00030817254446446896,4.206175799481571e-05,0.0008786797407083213,-3.354087539264583e-06,-7.630885193066206e-06,9.556295117363334e-05,0.0,0.0,5.0,0.2693549565142228,-2.7835369110107422e-05,-2.473592758178711e-05,-2.7298927307128906e-05,-2.664327621459961e-05,0.009687989950180054,5.377839813940227,False,False
607,12.14,-0.11038834601640701,0.15300017595291138,4.807771682739258,0.2888825535774231,1.5709685612819158e-05,7.614522473886609e-06,-0.0003047717618755996,4.150263703195378e-05,0.0008681101608090103,-5.797012818220537e-06,-8.793037522991654e-06,9.518919978290796e-05,0.0,0.0,5.0,0.2693443274597711,-2.8073787689208984e-05,-2.6047229766845703e-05,-2.7477741241455078e-05,-2.5272369384765625e-05,0.0096879992634058,5.387527813203633,False,False
608,12.16,-0.11039440333843231,0.15300101041793823,4.807790279388428,0.2888845205307007,1.5553607227047905e-05,7.505222583858995e-06,-0.00030140799935907125,4.095388067071326e-05,0.0008574623498134315,-5.1362903832341544e-06,-6.8138733695377596e-06,9.476090781390667e-05,0.0,0.0,5.0,0.26933401228760023,-2.777576446533203e-05,-2.4139881134033203e-05,-2.753734588623047e-05,-2.6047229766845703e-05,0.009688005782663822,5.397215818986297,False,False
609,12.18,-0.11040040105581284,0.1530018448829651,4.80780553817749,0.2888864576816559,1.5399207768496126e-05,7.371233095909702e-06,-0.00029807863757014275,4.041821739519946e-05,0.000846919312607497,-8.265944416052662e-06,-8.625084774394054e-06,9.423232404515147e-05,0.0,0.0,5.0,0.26932605563910705,-2.6285648345947266e-05,-2.193450927734375e-05,-2.771615982055664e-05,-2.0265579223632812e-05,0.009688012301921844,5.4069038312882185,False,False
610,12.200000000000001,-0.11040633171796799,0.15300267934799194,4.807820796966553,0.28888845443725586,1.5224038179439958e-05,7.247363100759685e-06,-0.0002947883913293481,3.9899878174765036e-05,0.0008373164455406368,-4.1243742998631205e-06,-8.890948265616316e-06,9.308510925620794e-05,0.0,0.0,5.0,0.2693180722670749,-2.753734588623047e-05,-1.633167266845703e-05,-2.7060508728027344e-05,-1.811981201171875e-05,0.009688019752502441,5.416591851040721,False,False
611,12.22,-0.11041219532489777,0.1530035138130188,4.807836055755615,0.28889042139053345,1.5041438928165007e-05,7.141302376112435e-06,-0.0002915375225711614,3.939141606679186e-05,0.0008284716750495136,-6.484938694484299e-06,-9.368018254463095e-06,9.123369818553329e-05,0.0,0.0,5.0,0.2693100621646971,-2.6345252990722656e-05,-1.7881393432617188e-05,-2.7060508728027344e-05,-1.6450881958007812e-05,0.009688026271760464,5.426279877312481,False,False
612,12.24,-0.11041799187660217,0.15300434827804565,4.807851314544678,0.2888922393321991,1.4868915968690999e-05,7.033262590994127e-06,-0.00028832713724114,3.889432628056966e-05,0.0008197703282348812,-4.32194201493985e-06,-7.883099897298962e-06,8.94604017958045e-05,0.0,0.0,5.0,0.2693020253252085,-2.574920654296875e-05,-1.722574234008789e-05,-2.664327621459961e-05,-1.7344951629638672e-05,0.009688032791018486,5.4359679101035,False,False
613,12.26,-0.1104237288236618,0.15300509333610535,4.80786657333374,0.2888939678668976,1.470288225391414e-05,6.94903610565234e-06,-0.0002851532190106809,3.8405727536883205e-05,0.000811095058452338,-4.103481387573993e-06,-8.719420293346047e-06,8.780474308878183e-05,0.0,0.0,5.0,0.2692939139984989,-2.5093555450439453e-05,-1.8715858459472656e-05,-2.5928020477294922e-05,-1.728534698486328e-05,0.009688040241599083,5.445655950345099,False,False
614,12.280000000000001,-0.11042939871549606,0.15300580859184265,4.807881832122803,0.28889569640159607,1.4533567991747987e-05,6.8984459176135715e-06,-0.00028201538952998817,3.7921628972981125e-05,0.0008023937116377056,-9.582956863596337e-07,-8.211160093196668e-06,8.638459257781506e-05,0.0,0.0,5.0,0.26928575898476426,-2.5331974029541016e-05,-1.6987323760986328e-05,-2.4974346160888672e-05,-1.823902130126953e-05,0.009688046760857105,5.455343997105956,False,False
615,12.3,-0.11043500900268555,0.15300652384757996,4.807897090911865,0.28889742493629456,1.4360421118908562e-05,6.865118848509155e-06,-0.0002789112622849643,3.7434791011037305e-05,0.0007939666393212974,-2.377107648499077e-06,-9.102595868171193e-06,8.498120587319136e-05,0.0,0.0,5.0,0.26927758026517445,-2.4557113647460938e-05,-1.901388168334961e-05,-2.4497509002685547e-05,-1.7940998077392578e-05,0.009688054211437702,5.465032051317394,False,False
616,12.32,-0.11044055968523026,0.15300723910331726,4.807912349700928,0.28889912366867065,1.418465944880154e-05,6.824277534178691e-06,-0.0002758425835054368,3.694561019074172e-05,0.0007853961433283985,-1.7096166402552626e-06,-8.472783520119265e-06,8.388428250327706e-05,0.0,0.0,5.0,0.2692693778338437,-2.4616718292236328e-05,-1.8656253814697266e-05,-2.4080276489257812e-05,-1.7762184143066406e-05,0.009688060730695724,5.4747201120480895,False,False
617,12.34,-0.11044604331254959,0.15300795435905457,4.80792760848999,0.28890085220336914,1.4033779734745622e-05,6.7913679231423885e-06,-0.0002728073741309345,3.645396282081492e-05,0.000776877801399678,-1.58395062044292e-06,-6.614295216422761e-06,8.276844164356589e-05,0.0,0.0,5.0,0.2692611486288257,-2.396106719970703e-05,-1.7821788787841797e-05,-2.372264862060547e-05,-1.8596649169921875e-05,0.009688067249953747,5.484408179298043,False,False
618,12.36,-0.11045146733522415,0.15300866961479187,4.807942867279053,0.2889025807380676,1.3900740668759681e-05,6.7476698859536555e-06,-0.00026980042457580566,3.5961165849585086e-05,0.0007684637675993145,-2.7884198061656207e-06,-6.688666417176137e-06,8.169631473720074e-05,0.0,0.0,5.0,0.26925289569990546,-2.372264862060547e-05,-1.8596649169921875e-05,-2.3543834686279297e-05,-1.8596649169921875e-05,0.009688074700534344,5.494096253998578,False,False
619,12.38,-0.11045683175325394,0.15300938487052917,4.807958126068115,0.2889042794704437,1.3766968550044112e-05,6.6919360506290104e-06,-0.00026682144380174577,3.5470489819999784e-05,0.0007600497337989509,-2.7874430088559166e-06,-6.68769871481345e-06,8.072709897533059e-05,0.0,0.0,5.0,0.2692446190412991,-2.378225326538086e-05,-1.8656253814697266e-05,-2.3305416107177734e-05,-1.8477439880371094e-05,0.009688081219792366,5.50378433521837,False,False
620,12.4,-0.11046213656663895,0.15301010012626648,4.807973384857178,0.2889060378074646,1.3640750694321468e-05,6.636220859945752e-06,-0.00026387034449726343,3.498294245218858e-05,0.0007516356999985874,-2.7864662115462124e-06,-5.933323791396106e-06,7.982144597917795e-05,0.0,0.0,5.0,0.26923631864725545,-2.4020671844482422e-05,-1.817941665649414e-05,-2.3305416107177734e-05,-1.8656253814697266e-05,0.009688088670372963,5.513472423888743,False,False
621,12.42,-0.11046738177537918,0.15301081538200378,4.80798864364624,0.2889077365398407,1.3521476830646861e-05,6.5610820456640795e-06,-0.0002609456132631749,3.450006988714449e-05,0.0007432351121678948,-4.729899956146255e-06,-5.9932558542641345e-06,7.881055353209376e-05,0.0,0.0,5.0,0.2692279945120558,-2.3424625396728516e-05,-1.9550323486328125e-05,-2.3365020751953125e-05,-1.8358230590820312e-05,0.00968809612095356,5.5231605200096965,False,False
622,12.44,-0.11047256737947464,0.1530115306377411,4.808003902435303,0.28890934586524963,1.3418187336355913e-05,6.475935606431449e-06,-0.0002580471627879888,3.402660513529554e-05,0.000734729808755219,-3.787168679991737e-06,-4.334799541538814e-06,7.798359729349613e-05,0.0,0.0,5.0,0.2692196466300142,-2.3066997528076172e-05,-1.9073486328125e-05,-2.3126602172851562e-05,-1.9788742065429688e-05,0.009688102640211582,5.532848622649908,False,False
623,12.46,-0.11047770082950592,0.1530122458934784,4.808019161224365,0.288910835981369,1.3322684026206844e-05,6.3914126258168835e-06,-0.00025517132598906755,3.356319575686939e-05,0.0007263027364388108,-4.667297616833821e-06,-5.214935754338512e-06,7.737462874501944e-05,0.0,0.0,5.0,0.2692112780530124,-2.2232532501220703e-05,-2.0682811737060547e-05,-2.3186206817626953e-05,-2.002716064453125e-05,0.009688110090792179,5.5425367327407,False,False
624,12.48,-0.11048277467489243,0.1530129611492157,4.808034420013428,0.288912296295166,1.3221630979387555e-05,6.307746389211388e-06,-0.00025231915060430765,3.3110602089436725e-05,0.0007177713559940457,-3.7015852285549045e-06,-4.889624051429564e-06,7.692002691328526e-05,0.0,0.0,5.0,0.2692028857183658,-2.187490463256836e-05,-2.0503997802734375e-05,-2.300739288330078e-05,-2.0742416381835938e-05,0.009688117541372776,5.552224850282073,False,False
625,12.5,-0.11048778891563416,0.15301364660263062,4.80804967880249,0.2889137864112854,1.3115291039866861e-05,6.248173122003209e-06,-0.0002494902000762522,3.2666244806023315e-05,0.0007091747829690576,-2.257836740682251e-06,-5.743766450905241e-06,7.65727018006146e-05,0.0,0.0,5.0,0.2691944526804511,-2.2351741790771484e-05,-1.9729137420654297e-05,-2.2649765014648438e-05,-2.09808349609375e-05,0.009688124991953373,5.561912975274026,False,False
626,12.52,-0.1104927510023117,0.15301424264907837,4.808064937591553,0.2889152467250824,1.2987462469027378e-05,6.197248239914188e-06,-0.0002466857840772718,3.2225325412582606e-05,0.0007006694795563817,-2.8367264803819126e-06,-7.038397598080337e-06,7.620174437761307e-05,0.0,0.0,5.0,0.2691859481088573,-2.2292137145996094e-05,-2.092123031616211e-05,-2.205371856689453e-05,-2.09808349609375e-05,0.00968813244253397,5.57160110771656,False,False
627,12.540000000000001,-0.11049765348434448,0.15301483869552612,4.808080196380615,0.2889167368412018,1.2852200597990304e-05,6.134745945018949e-06,-0.00024390971520915627,3.1787436455488205e-05,0.0006920989835634828,-3.4156162200815743e-06,-6.487189239123836e-06,7.592764450237155e-05,0.0,0.0,5.0,0.2691774197585439,-2.1755695343017578e-05,-2.1517276763916016e-05,-2.1755695343017578e-05,-2.1576881408691406e-05,0.009688139893114567,5.581289247609675,False,False
628,12.56,-0.11050250381231308,0.15301543474197388,4.808095455169678,0.2889181971549988,1.2722338396997657e-05,6.066343303245958e-06,-0.00024116218264680356,3.135460428893566e-05,0.0006833976367488503,-3.426688408580958e-06,-6.4982705225702375e-06,7.587956497445703e-05,0.0,0.0,5.0,0.26916887068269746,-2.205371856689453e-05,-2.1219253540039062e-05,-2.1398067474365234e-05,-2.1636486053466797e-05,0.009688147343695164,5.59097739495337,False,False
629,12.58,-0.1105073019862175,0.15301603078842163,4.80811071395874,0.28891968727111816,1.2591503036674112e-05,5.991315447317902e-06,-0.00023844304087106138,3.092770202783868e-05,0.0006747484439983964,-4.078154688613722e-06,-6.584690709132701e-06,7.58254318498075e-05,0.0,0.0,5.0,0.26916030087652354,-2.2113323211669922e-05,-2.1219253540039062e-05,-2.1278858184814453e-05,-2.1696090698242188e-05,0.00968815479427576,5.600665549747646,False,False
630,12.6,-0.11051204055547714,0.15301662683486938,4.8081254959106445,0.28892114758491516,1.2465457075450104e-05,5.890941793040838e-06,-0.00023575301747769117,3.0509363568853587e-05,0.0006660601356998086,-5.961183887848165e-06,-6.019166903570294e-06,7.577490760013461e-05,0.0,0.0,5.0,0.2691520472060229,-2.110004425048828e-05,-2.1338462829589844e-05,-2.1338462829589844e-05,-2.1159648895263672e-05,0.009688159450888634,5.6103537091985345,False,False
631,12.620000000000001,-0.11051672697067261,0.15301722288131714,4.808136940002441,0.28892260789871216,1.2342175068624783e-05,5.774496457888745e-06,-0.00023309238895308226,3.0104996767477132e-05,0.0006575678708031774,-5.685334144800436e-06,-6.3083825807552785e-06,7.579877274110913e-05,0.0,0.0,5.0,0.2691461521743301,-2.0205974578857422e-05,-1.615285873413086e-05,-2.1219253540039062e-05,-1.6808509826660156e-05,0.009688165038824081,5.620041874237359,False,False
632,12.64,-0.1105213612318039,0.1530178189277649,4.808148384094238,0.28892409801483154,1.2196076568216085e-05,5.6672552091185935e-06,-0.0002304626104887575,2.9714592528762296e-05,0.000650121015496552,-5.040826181357261e-06,-8.300801709992811e-06,7.501058280467987e-05,0.0,0.0,5.0,0.269140236166191,-2.0742416381835938e-05,-1.3649463653564453e-05,-2.092123031616211e-05,-1.33514404296875e-05,0.009688170626759529,5.629730044864118,False,False
633,12.66,-0.1105259507894516,0.15301841497421265,4.808159828186035,0.2889255881309509,1.2025318028463516e-05,5.566996151173953e-06,-0.00022786855697631836,2.9334691134863533e-05,0.0006432879017665982,-4.986991370969918e-06,-8.774364687269554e-06,7.369171362370253e-05,0.0,0.0,5.0,0.2691343022372737,-2.0503997802734375e-05,-1.3530254364013672e-05,-2.0623207092285156e-05,-1.1622905731201172e-05,0.009688175283372402,5.6394182201474905,False,False
634,12.68,-0.11053048074245453,0.1530190110206604,4.808171272277832,0.28892701864242554,1.1870360140164848e-05,5.48253592569381e-06,-0.00022531146532855928,2.8963411750737578e-05,0.0006365856388583779,-3.460882226136164e-06,-6.72088390274439e-06,7.223599823191762e-05,0.0,0.0,5.0,0.2691283442642279,-1.990795135498047e-05,-1.233816146850586e-05,-2.0205974578857422e-05,-1.245737075805664e-05,0.009688179939985275,5.649106400087476,False,False
635,12.700000000000001,-0.11053495854139328,0.15301960706710815,4.808182716369629,0.2889285385608673,1.1730362530215643e-05,5.413413418864366e-06,-0.00022278568940237164,2.8598233257071115e-05,0.0006300789536908269,-3.4532595236669295e-06,-7.278324119397439e-06,7.082096999511123e-05,0.0,0.0,5.0,0.26912236530257744,-1.990795135498047e-05,-1.2040138244628906e-05,-1.9788742065429688e-05,-1.1086463928222656e-05,0.009688185527920723,5.6587945856153965,False,False
636,12.72,-0.11053938418626785,0.1530202031135559,4.808194160461426,0.2889299988746643,1.1593677299970295e-05,5.353253072826192e-06,-0.00022029010870028287,2.8237713195267133e-05,0.0006237683119252324,-2.5645333607826615e-06,-6.389605914591812e-06,6.926967762410641e-05,0.0,0.0,5.0,0.2691163653483201,-2.014636993408203e-05,-1.1920928955078125e-05,-1.9669532775878906e-05,-1.1682510375976562e-05,0.009688190184533596,5.66848277579993,False,False
637,12.74,-0.11054376512765884,0.15302079916000366,4.808205604553223,0.2889314889907837,1.1466072464827448e-05,5.2961463552492205e-06,-0.00021782240946777165,2.788046549540013e-05,0.0006173794390633702,-3.147957841065363e-06,-6.370313712977804e-06,6.7744345869869e-05,0.0,0.0,5.0,0.2691103474579898,-1.9669532775878906e-05,-1.2695789337158203e-05,-1.9431114196777344e-05,-1.1324882507324219e-05,0.009688194841146469,5.678170970641077,False,False
638,12.76,-0.11054810136556625,0.15302139520645142,4.8082170486450195,0.2889329493045807,1.135102502303198e-05,5.241424787527649e-06,-0.0002153812674805522,2.7527263227966614e-05,0.0006110427202656865,-2.325908553757472e-06,-5.133899321663193e-06,6.626313552260399e-05,0.0,0.0,5.0,0.26910431162819987,-1.9550323486328125e-05,-1.2099742889404297e-05,-1.919269561767578e-05,-1.233816146850586e-05,0.009688199497759342,5.687859170138836,False,False
639,12.780000000000001,-0.11055239289999008,0.15302199125289917,4.808228492736816,0.2889341711997986,1.1251316209381912e-05,5.184710971661843e-06,-0.00021296316117513925,2.717797724471893e-05,0.0006047190399840474,-3.346936409798218e-06,-4.83647636428941e-06,6.491108797490597e-05,0.0,0.0,5.0,0.2690982578555822,-1.7881393432617188e-05,-1.4603137969970703e-05,-1.9073486328125e-05,-1.2874603271484375e-05,0.00968820508569479,5.697547375224531,False,False
640,12.8,-0.11055662482976913,0.15302258729934692,4.808239936828613,0.2889353930950165,1.1163089766341727e-05,5.1515344239305705e-06,-0.00021056605328340083,2.6833438823814504e-05,0.0005982258589938283,2.777412255738909e-08,-3.985675448348047e-06,6.4050720538944e-05,0.0,0.0,5.0,0.26909218001463886,-1.7881393432617188e-05,-1.2218952178955078e-05,-1.8537044525146484e-05,-1.4126300811767578e-05,0.009688209742307663,5.707235584966838,False,False
641,12.82,-0.1105608120560646,0.15302306413650513,4.80825138092041,0.28893664479255676,1.1055191862396896e-05,5.13673421664862e-06,-0.00020818696066271514,2.6487037757760845e-05,0.0005919152172282338,-1.5093322645043372e-06,-6.803574251534883e-06,6.314198253676295e-05,0.0,0.0,5.0,0.26908601643182994,-1.806020736694336e-05,-1.4424324035644531e-05,-1.800060272216797e-05,-1.3053417205810547e-05,0.00968821533024311,5.7169238002970815,False,False
642,12.84,-0.1105649545788765,0.15302354097366333,4.808262825012207,0.28893786668777466,1.0934027159237303e-05,5.1218507906014565e-06,-0.00020583168952725828,2.6137624445254914e-05,0.0005855263443663716,1.953843309365766e-08,-5.312377652444411e-06,6.227858830243349e-05,0.0,0.0,5.0,0.26907983489189036,-1.7821788787841797e-05,-1.3589859008789062e-05,-1.7404556274414062e-05,-1.4483928680419922e-05,0.009688220918178558,5.72661202121526,False,False
643,12.86,-0.1105690523982048,0.15302401781082153,4.808274269104004,0.28893908858299255,1.0817531801876612e-05,5.101842361909803e-06,-0.00020349868282210082,2.5783903765841387e-05,0.0005791505100205541,-2.0218456029397203e-06,-6.336670594464522e-06,6.162223871797323e-05,0.0,0.0,5.0,0.26907363539151785,-1.728534698486328e-05,-1.519918441772461e-05,-1.71661376953125e-05,-1.3768672943115234e-05,0.009688225574791431,5.7363002467900515,False,False
644,12.88,-0.11057310551404953,0.15302449464797974,4.808285713195801,0.28894031047821045,1.070753023668658e-05,5.077779405837646e-06,-0.00020118943939451128,2.5428815206396393e-05,0.000572826829738915,-3.858650643451256e-07,-4.6630257202195935e-06,6.110855611041188e-05,0.0,0.0,5.0,0.2690674179274285,-1.7702579498291016e-05,-1.3470649719238281e-05,-1.6808509826660156e-05,-1.4722347259521484e-05,0.009688231162726879,5.745988477952778,False,False
645,12.9,-0.11057709902524948,0.15302497148513794,4.808297157287598,0.28894156217575073,1.0615584869810846e-05,5.048039838584373e-06,-0.000198900030227378,2.507197314116638e-05,0.0005665161879733205,-2.5894835289363982e-06,-4.5310944187804125e-06,6.0503080021589994e-05,0.0,0.0,5.0,0.2690611763723692,-1.704692840576172e-05,-1.4603137969970703e-05,-1.6808509826660156e-05,-1.4603137969970703e-05,0.009688236750662327,5.755676714703441,False,False
646,12.92,-0.11058105528354645,0.15302544832229614,4.8083086013793945,0.28894278407096863,1.0528653547225986e-05,4.99242514706566e-06,-0.00019663006241898984,2.47183779720217e-05,0.0005601403536275029,-2.9733794235653477e-06,-4.16159127780702e-06,6.010101060383022e-05,0.0,0.0,5.0,0.2690549199085316,-1.6987323760986328e-05,-1.4722347259521484e-05,-1.6748905181884766e-05,-1.4781951904296875e-05,0.009688242338597775,5.765364957042038,False,False
647,12.94,-0.11058496683835983,0.15302592515945435,4.808320045471191,0.2889440357685089,1.044522832671646e-05,4.932783213007497e-06,-0.00019437925948295742,2.4370949176955037e-05,0.000553842750377953,-2.9921259283582913e-06,-4.18034142057877e-06,5.9677171520888805e-05,0.0,0.0,5.0,0.269048645470878,-1.7404556274414062e-05,-1.424551010131836e-05,-1.6748905181884766e-05,-1.4483928680419922e-05,0.009688246995210648,5.775053204037249,False,False
648,12.96,-0.11058884114027023,0.15302640199661255,4.808331489562988,0.28894519805908203,1.03622978713247e-05,4.86082763018203e-06,-0.00019214766507502645,2.403072539891582e-05,0.0005474929930642247,-4.204766355542233e-06,-4.1121984395431355e-06,5.919943214394152e-05,0.0,0.0,5.0,0.26904235611873395,-1.6808509826660156e-05,-1.5616416931152344e-05,-1.6689300537109375e-05,-1.4662742614746094e-05,0.009688252583146095,5.784741456620395,False,False
649,12.98,-0.11059265583753586,0.15302687883377075,4.808342933654785,0.2889464795589447,1.0294174899172504e-05,4.791249921254348e-06,-0.00018993504636455327,2.370026231801603e-05,0.0005410650046542287,-2.7543744636204792e-06,-2.699481228773948e-06,5.889969179406762e-05,0.0,0.0,5.0,0.269036042661312,-1.7583370208740234e-05,-1.329183578491211e-05,-1.6689300537109375e-05,-1.537799835205078e-05,0.009688258171081543,5.794429714791477,False,False
650,13.0,-0.1105964332818985,0.15302735567092896,4.808354377746582,0.2889476716518402,1.0225299774901941e-05,4.702082605945179e-06,-0.00018773837655317038,2.337944351893384e-05,0.000534728285856545,-6.163565103634028e-06,-4.187495505902916e-06,5.8347563026472926e-05,0.0,0.0,5.0,0.2690297142830401,-1.6570091247558594e-05,-1.633167266845703e-05,-1.6808509826660156e-05,-1.4722347259521484e-05,0.00968826375901699,5.804117978550494,False,False
651,13.02,-0.11060016602277756,0.15302783250808716,4.808365821838379,0.2889489233493805,1.0157179531233851e-05,4.606890342984116e-06,-0.00018556119175627828,2.307369686604943e-05,0.0005283002974465489,-3.3570461255294504e-06,-2.6240982151648495e-06,5.8168923715129495e-05,0.0,0.0,5.0,0.2690233679182332,-1.7940998077392578e-05,-1.33514404296875e-05,-1.6748905181884766e-05,-1.52587890625e-05,0.009688268415629864,5.813806246966124,False,False
652,13.040000000000001,-0.11060386151075363,0.15302830934524536,4.808377265930176,0.2889501750469208,1.010325831884984e-05,4.507814537646482e-06,-0.00018339999951422215,2.278101419506129e-05,0.0005218983860686421,-6.551767455675872e-06,-2.7675378078129143e-06,5.758594488725066e-05,0.0,0.0,5.0,0.26901700662699496,-1.6808509826660156e-05,-1.5795230865478516e-05,-1.710653305053711e-05,-1.5079975128173828e-05,0.009688274003565311,5.823494520969689,False,False
653,13.06,-0.11060749739408493,0.15302878618240356,4.808388710021973,0.2889513671398163,1.0049482625618111e-05,4.385528427519603e-06,-0.00018125551287084818,2.2507094399770722e-05,0.000515405205078423,-5.678106845152797e-06,-2.60961678577587e-06,5.7287514209747314e-05,0.0,0.0,5.0,0.26901062121649766,-1.704692840576172e-05,-1.5079975128173828e-05,-1.704692840576172e-05,-1.5556812286376953e-05,0.009688279591500759,5.83318280056119,False,False
654,13.08,-0.11061110347509384,0.15302926301956177,4.8084001541137695,0.2889525890350342,9.989388672693167e-06,4.263705250195926e-06,-0.00017912802286446095,2.22525377466809e-05,0.0005088594043627381,-6.505506917164894e-06,-3.3993510442087427e-06,5.698463064618409e-05,0.0,0.0,5.0,0.26900422393694007,-1.6927719116210938e-05,-1.5676021575927734e-05,-1.722574234008789e-05,-1.5020370483398438e-05,0.009688285179436207,5.842871085740626,False,False
655,13.1,-0.11061467230319977,0.15302973985671997,4.808411598205566,0.28895384073257446,9.926602615450975e-06,4.1459670683252625e-06,-0.00017701937758829445,2.2017648007022217e-05,0.0005024053389206529,-5.26958365298924e-06,-2.879167823266471e-06,5.665520438924432e-05,0.0,0.0,5.0,0.26899781172252124,-1.7583370208740234e-05,-1.430511474609375e-05,-1.722574234008789e-05,-1.5556812286376953e-05,0.009688290767371655,5.8525593765079975,False,False
656,13.120000000000001,-0.11061818897724152,0.15303021669387817,4.808423042297363,0.28895506262779236,9.857350050879177e-06,4.017245373688638e-06,-0.0001749290677253157,2.180119372496847e-05,0.0004958856152370572,-7.603790891153039e-06,-4.045604782731971e-06,5.622216849587858e-05,0.0,0.0,5.0,0.2689913784428376,-1.704692840576172e-05,-1.6391277313232422e-05,-1.7464160919189453e-05,-1.4722347259521484e-05,0.009688296355307102,5.862247672863305,False,False
657,13.14,-0.11062166094779968,0.15303069353103638,4.80843448638916,0.28895628452301025,9.791690899874084e-06,3.886089416482719e-06,-0.00017285998910665512,2.1606481823255308e-05,0.0004893398145213723,-5.513004452950554e-06,-2.5198785351676634e-06,5.586794577538967e-05,0.0,0.0,5.0,0.268984927158428,-1.728534698486328e-05,-1.4543533325195312e-05,-1.7404556274414062e-05,-1.609325408935547e-05,0.00968830194324255,5.871935974806547,False,False
658,13.16,-0.11062510311603546,0.15303117036819458,4.808445930480957,0.28895753622055054,9.723365110403392e-06,3.7631916711688973e-06,-0.00017080926045309752,2.1431291315821e-05,0.0004827548982575536,-6.778005626983941e-06,-4.312267265049741e-06,5.553854862228036e-05,0.0,0.0,5.0,0.26897846399479497,-1.7702579498291016e-05,-1.5437602996826172e-05,-1.7642974853515625e-05,-1.4960765838623047e-05,0.009688306599855423,5.881624281406403,False,False
659,13.18,-0.11062850058078766,0.15303164720535278,4.808456897735596,0.28895875811576843,9.650982065068092e-06,3.636988822108833e-06,-0.00016877987945917994,2.1275956896715797e-05,0.00047611782792955637,-5.8434452512301505e-06,-2.9256696052470943e-06,5.508805043064058e-05,0.0,0.0,5.0,0.2689723223906299,-1.6927719116210938e-05,-1.4007091522216797e-05,-1.7523765563964844e-05,-1.5676021575927734e-05,0.009688309393823147,5.891312590800226,False,False
660,13.200000000000001,-0.11063185334205627,0.153032124042511,4.808464527130127,0.28895998001098633,9.568253517500125e-06,3.5083517104794737e-06,-0.00016677069652359933,2.1139956515980884e-05,0.00046971591655164957,-7.021427791187307e-06,-5.346776561054867e-06,5.46544324606657e-05,0.0,0.0,5.0,0.2689685396665316,-1.615285873413086e-05,-1.0073184967041016e-05,-1.7762184143066406e-05,-1.0013580322265625e-05,0.009688313119113445,5.901000903919339,False,False
661,13.22,-0.1106351763010025,0.1530326008796692,4.808472156524658,0.2889610230922699,9.442966074857395e-06,3.3857475045806495e-06,-0.00016478805628139526,2.1022842702222988e-05,0.000464267679490149,-5.240047357801814e-06,-7.18174396752147e-06,5.33458951395005e-05,0.0,0.0,5.0,0.26896474488948374,-1.5139579772949219e-05,-8.821487426757812e-06,-1.704692840576172e-05,-7.867813110351562e-06,0.009688316844403744,5.910689220763743,False,False
662,13.24,-0.11063845455646515,0.1530330777168274,4.8084797859191895,0.2889620363712311,9.284255611419212e-06,3.3092051126004662e-06,-0.0001628376339795068,2.091747046506498e-05,0.00045932887587696314,-2.4152038804459153e-06,-8.688981324667111e-06,5.1890703616663814e-05,0.0,0.0,5.0,0.26896093192820225,-1.52587890625e-05,-7.867813110351562e-06,-1.633167266845703e-05,-6.9141387939453125e-06,0.009688319638371468,5.920377540402114,False,False
663,13.26,-0.11064168810844421,0.15303349494934082,4.808487415313721,0.2889630198478699,9.107717232836876e-06,3.2882910545595223e-06,-0.00016092181613203138,2.0812467482755892e-05,0.00045461219269782305,3.228720117931516e-07,-8.964529115473852e-06,5.0330127123743296e-05,0.0,0.0,5.0,0.26895706686591353,-1.4603137969970703e-05,-6.735324859619141e-06,-1.52587890625e-05,-7.152557373046875e-06,0.009688323363661766,5.930065863765776,False,False
664,13.280000000000001,-0.11064489185810089,0.15303385257720947,4.808495044708252,0.28896400332450867,8.91900526767131e-06,3.292494284323766e-06,-0.000159040282596834,2.0698314983746968e-05,0.0004501697840169072,9.655323651713843e-08,-9.90658372757025e-06,4.882461507804692e-05,0.0,0.0,5.0,0.26895315582868395,-1.4066696166992188e-05,-8.52346420288086e-06,-1.4543533325195312e-05,-6.9141387939453125e-06,0.00968832615762949,5.939754189923406,False,False
665,13.3,-0.11064805090427399,0.15303421020507812,4.808502674102783,0.28896501660346985,8.730169611226302e-06,3.3229457585548516e-06,-0.00015719422663096339,2.0571436834870838e-05,0.0004456752212718129,2.9476395866367966e-06,-8.976679964689538e-06,4.759096191264689e-05,0.0,0.0,5.0,0.2689492265982405,-1.4722347259521484e-05,-5.841255187988281e-06,-1.3589859008789062e-05,-7.152557373046875e-06,0.009688329882919788,5.949442519806325,False,False
666,13.32,-0.1106511726975441,0.15303456783294678,4.8085103034973145,0.28896594047546387,8.55025245982688e-06,3.357417426741449e-06,-0.00015538035950157791,2.042661617451813e-05,0.0004414940485730767,4.987775810150197e-07,-9.014653187477961e-06,4.621563130058348e-05,0.0,0.0,5.0,0.26894528223757547,-1.3113021850585938e-05,-9.059906005859375e-06,-1.3053417205810547e-05,-7.331371307373047e-06,0.009688332676887512,5.959130852483213,False,False
667,13.34,-0.11065427213907242,0.15303492546081543,4.808517932891846,0.28896695375442505,8.387774869333953e-06,3.3855960737128044e-06,-0.000153598070028238,2.0267350919311866e-05,0.00043719529639929533,2.3182021777756745e-06,-7.2329021350014955e-06,4.535244079306722e-05,0.0,0.0,5.0,0.2689413288757177,-1.3709068298339844e-05,-6.318092346191406e-06,-1.2695789337158203e-05,-7.62939453125e-06,0.00968833640217781,5.968819188885391,False,False
668,13.36,-0.11065731942653656,0.15303528308868408,4.808525562286377,0.28896793723106384,8.245487151725683e-06,3.404958761166199e-06,-0.00015184243966359645,2.0093668354093097e-05,0.00043315801303833723,-3.827998966698942e-07,-6.995629519224167e-06,4.421983612701297e-05,0.0,0.0,5.0,0.26893735424899295,-1.2516975402832031e-05,-8.463859558105469e-06,-1.2576580047607422e-05,-7.271766662597656e-06,0.009688339196145535,5.978507528081536,False,False
669,13.38,-0.11066034436225891,0.15303564071655273,4.808533191680908,0.28896889090538025,8.11472455097828e-06,3.4068395962094655e-06,-0.0001501125079812482,1.9911176423192956e-05,0.00042900315020233393,5.702087264580769e-07,-6.0802958614658564e-06,4.33445384260267e-05,0.0,0.0,5.0,0.26893337061770406,-1.3113021850585938e-05,-7.748603820800781e-06,-1.245737075805664e-05,-7.62939453125e-06,0.009688342921435833,5.988195871002972,False,False
670,13.4,-0.11066332459449768,0.1530359983444214,4.8085408210754395,0.28896990418434143,7.996241947694216e-06,3.414597358641913e-06,-0.00014840559742879122,1.972048994502984e-05,0.0004249004414305091,2.0475923179219535e-07,-5.7676843425724655e-06,4.2357249185442924e-05,0.0,0.0,5.0,0.2689293687830464,-1.329183578491211e-05,-7.748603820800781e-06,-1.233816146850586e-05,-7.271766662597656e-06,0.009688345715403557,5.997884216718376,False,False
671,13.42,-0.11066627502441406,0.15303635597229004,4.808548450469971,0.2889707088470459,7.890040251368191e-06,3.409394594200421e-06,-0.00014671996177639812,1.9522856746334583e-05,0.00042079773265868425,-7.257438596752763e-07,-4.852350684814155e-06,4.136995994485915e-05,0.0,0.0,5.0,0.2689253548747421,-1.1861324310302734e-05,-9.834766387939453e-06,-1.1920928955078125e-05,-8.463859558105469e-06,0.009688349440693855,6.0075725661590695,False,False
672,13.44,-0.11066919565200806,0.1530367136001587,4.808556079864502,0.2889714241027832,7.808169357303996e-06,3.4100648917956278e-06,-0.00014505289436783642,1.9321079889778048e-05,0.00041660352144390345,7.921926226117648e-07,-3.3344151688652346e-06,4.086887929588556e-05,0.0,0.0,5.0,0.2689213288912696,-1.1324882507324219e-05,-9.059906005859375e-06,-1.1682510375976562e-05,-9.655952453613281e-06,0.009688353165984154,6.017260919325054,False,False
673,13.46,-0.11067207157611847,0.15303707122802734,4.808563709259033,0.2889721691608429,7.728257514827419e-06,3.425879413043731e-06,-0.0001433996221749112,1.9113194866804406e-05,0.00041233107913285494,7.886312118898786e-07,-4.656435066863196e-06,4.0446524508297443e-05,0.0,0.0,5.0,0.2689172846985886,-1.138448715209961e-05,-9.47713851928711e-06,-1.1444091796875e-05,-9.179115295410156e-06,0.009688356891274452,6.026949276216328,False,False
674,13.48,-0.11067493259906769,0.153037428855896,4.8085713386535645,0.2889729142189026,7.631208063685335e-06,3.43811643688241e-06,-0.00014176222612150013,1.8897548216045834e-05,0.00040813686791807413,4.3448545739011024e-07,-5.048252660344588e-06,4.005385562777519e-05,0.0,0.0,5.0,0.2689132345599969,-1.0848045349121094e-05,-1.0013580322265625e-05,-1.1265277862548828e-05,-8.821487426757812e-06,0.009688359685242176,6.03663763590157,False,False
675,13.5,-0.11067774146795273,0.15303778648376465,4.808578968048096,0.2889736592769623,7.542550974903861e-06,3.4647730444703484e-06,-0.00014014204498380423,1.867370883701369e-05,0.00040399504359811544,2.2305541733658174e-06,-3.817237484327052e-06,3.9738166378811e-05,0.0,0.0,5.0,0.26890916314218316,-1.1086463928222656e-05,-8.225440979003906e-06,-1.1026859283447266e-05,-9.834766387939453e-06,0.009688363410532475,6.046325999312103,False,False
676,13.52,-0.11068054288625717,0.1530381441116333,4.808586597442627,0.2889743745326996,7.4575045800884254e-06,3.4878828500950476e-06,-0.000138535862788558,1.8439252016833052e-05,0.00039995776023715734,7.979008387337672e-08,-4.68721646029735e-06,3.9388483855873346e-05,0.0,0.0,5.0,0.26890508884236575,-1.0251998901367188e-05,-1.049041748046875e-05,-1.1086463928222656e-05,-9.357929229736328e-06,0.009688367135822773,6.056014366447926,False,False
677,13.540000000000001,-0.11068328469991684,0.15303850173950195,4.808594226837158,0.2889751195907593,7.370243110926822e-06,3.515181333568762e-06,-0.00013694532390218228,1.819662247726228e-05,0.0003957898588851094,2.6494803933019284e-06,-4.0387089939031284e-06,3.9222126360982656e-05,0.0,0.0,5.0,0.26890099019285824,-1.1026859283447266e-05,-7.808208465576172e-06,-1.0728836059570312e-05,-1.0073184967041016e-05,0.009688370861113071,6.065702737309039,False,False
678,13.56,-0.11068601906299591,0.1530388593673706,4.8086018562316895,0.2889758348464966,7.2643360908841714e-06,3.5502039281709585e-06,-0.00013536965707316995,1.794182935555e-05,0.00039177865255624056,8.52189884881227e-07,-6.551734713866608e-06,3.890646621584892e-05,0.0,0.0,5.0,0.2688968886588958,-1.1205673217773438e-05,-9.953975677490234e-06,-1.043081283569336e-05,-9.000301361083984e-06,0.00968837458640337,6.075391111895442,False,False
679,13.58,-0.1106887012720108,0.15303921699523926,4.808609485626221,0.2889765799045563,7.152968919399427e-06,3.568088004612946e-06,-0.00013381437747739255,1.7675974959274754e-05,0.0003876629052683711,9.356462555842882e-07,-4.584770522342296e-06,3.868865314871073e-05,0.0,0.0,5.0,0.26889276583809424,-1.0728836059570312e-05,-9.59634780883789e-06,-1.049041748046875e-05,-1.0192394256591797e-05,0.009688378311693668,6.085079490207136,False,False
680,13.6,-0.1106913685798645,0.1530395746231079,4.808617115020752,0.28897732496261597,7.061756150505971e-06,3.5793816550722113e-06,-0.000132276865770109,1.7401489458279684e-05,0.0003834817325696349,1.9312150811856554e-07,-4.536221695161657e-06,3.852735972031951e-05,0.0,0.0,5.0,0.2688886370635348,-1.0728836059570312e-05,-9.357929229736328e-06,-1.049041748046875e-05,-9.894371032714844e-06,0.009688381105661392,6.094767871312797,False,False
681,13.620000000000001,-0.11069399118423462,0.15303993225097656,4.808624744415283,0.28897807002067566,6.9647339842049405e-06,3.569420186977368e-06,-0.00013075661263428628,1.7121252312790602e-05,0.00037936598528176546,-1.1897971035068622e-06,-5.165737547940807e-06,3.8311583921313286e-05,0.0,0.0,5.0,0.26888449006551973,-1.049041748046875e-05,-1.055002212524414e-05,-1.043081283569336e-05,-9.5367431640625e-06,0.00968838483095169,6.104456256143749,False,False
682,13.64,-0.11069659888744354,0.15304028987884521,4.8086323738098145,0.28897881507873535,6.880332875880413e-06,3.5588955142884515e-06,-0.00012925516057293862,1.683842492639087e-05,0.000375250237993896,1.3677571075731976e-07,-3.2741124869062332e-06,3.81997087970376e-05,0.0,0.0,5.0,0.26888033711135356,-1.0609626770019531e-05,-9.119510650634766e-06,-1.0371208190917969e-05,-1.0728836059570312e-05,0.00968838855624199,6.114144644699991,False,False
683,13.66,-0.11069916188716888,0.15304064750671387,4.808640003204346,0.28897956013679504,6.798380582040409e-06,3.5391417441132944e-06,-0.00012776878429576755,1.655289815971628e-05,0.0003710953751578927,-2.1126822957739932e-06,-4.920849278278183e-06,3.811900387518108e-05,0.0,0.0,5.0,0.2688761659303939,-1.0669231414794922e-05,-1.0788440704345703e-05,-1.055002212524414e-05,-9.47713851928711e-06,0.009688392281532288,6.123833036981523,False,False
684,13.68,-0.11070170998573303,0.15304100513458252,4.808647632598877,0.28898027539253235,6.7233977461000904e-06,3.512795956339687e-06,-0.00012630008859559894,1.6268037143163383e-05,0.0003668881254270673,-5.224180767982034e-07,-2.5771830678422702e-06,3.798291436396539e-05,0.0,0.0,5.0,0.26887198879091706,-1.055002212524414e-05,-9.238719940185547e-06,-1.0371208190917969e-05,-1.1146068572998047e-05,0.009688396006822586,6.133521432988346,False,False
685,13.700000000000001,-0.1107042133808136,0.15304136276245117,4.808655261993408,0.28898102045059204,6.656253844994353e-06,3.480727400528849e-06,-0.00012484491162467748,1.5983800039975904e-05,0.00036268087569624186,-2.6849838832276873e-06,-4.137026735406835e-06,3.795727388933301e-05,0.0,0.0,5.0,0.26886779342134703,-1.0609626770019531e-05,-1.0788440704345703e-05,-1.0728836059570312e-05,-9.894371032714844e-06,0.009688399732112885,6.1432098327204585,False,False
686,13.72,-0.11070670187473297,0.15304172039031982,4.8086628913879395,0.28898173570632935,6.579269665962784e-06,3.439948841332807e-06,-0.0001234061346622184,1.5703188182669692e-05,0.00035838212352246046,-1.3933175750935334e-06,-3.5610974009614438e-06,3.79079720005393e-05,0.0,0.0,5.0,0.26886359209092126,-1.0848045349121094e-05,-9.894371032714844e-06,-1.049041748046875e-05,-1.0371208190917969e-05,0.009688403457403183,6.152898236177862,False,False
687,13.74,-0.11070914566516876,0.15304207801818848,4.808670520782471,0.2889825105667114,6.50864467388601e-06,3.405530605959939e-06,-0.00012198312469990924,1.542502286611125e-05,0.0003541487967595458,-2.0489496819209307e-06,-3.5009979910682887e-06,3.7804769817739725e-05,0.0,0.0,5.0,0.2688593725271407,-1.0788440704345703e-05,-9.655952453613281e-06,-1.049041748046875e-05,-1.043081283569336e-05,0.009688407182693481,6.162586643360555,False,False
688,13.76,-0.11071158200502396,0.15304243564605713,4.808678150177002,0.28898322582244873,6.436209332605358e-06,3.354233285790542e-06,-0.00012057574349455535,1.515063559054397e-05,0.0003499415470287204,-3.0812843760941178e-06,-3.7422601053549442e-06,3.7668272852897644e-05,0.0,0.0,5.0,0.26885515006825983,-1.0669231414794922e-05,-1.0907649993896484e-05,-1.0609626770019531e-05,-1.055002212524414e-05,0.00968841090798378,6.172275054268539,False,False
689,13.780000000000001,-0.11071396619081497,0.1530427783727646,4.808685779571533,0.28898394107818604,6.365092758642277e-06,3.2888083296711557e-06,-0.00011918534437427297,1.488318775955122e-05,0.00034562975633889437,-3.461673259153031e-06,-3.3692472243274096e-06,3.763829590752721e-05,0.0,0.0,5.0,0.2688508978223953,-1.0311603546142578e-05,-1.1205673217773438e-05,-1.055002212524414e-05,-1.0788440704345703e-05,0.009688414633274078,6.181963468901813,False,False
690,13.8,-0.11071635037660599,0.1530430167913437,4.8086934089660645,0.2889846861362457,6.297813342825975e-06,3.2257141810987378e-06,-0.00011781157809309661,1.4624310097133275e-05,0.0003412788501009345,-2.8481954359449446e-06,-3.35849517796305e-06,3.774830838665366e-05,0.0,0.0,5.0,0.2688465863691342,-1.0848045349121094e-05,-1.043081283569336e-05,-1.0132789611816406e-05,-1.0848045349121094e-05,0.009688418358564377,6.191651887260377,False,False
691,13.82,-0.11071868240833282,0.1530432552099228,4.808701038360596,0.2889854609966278,6.233385647647083e-06,3.152664476147038e-06,-0.00011645388440228999,1.4373716112459078e-05,0.000337006407789886,-4.457259819901083e-06,-3.084051513724262e-06,3.7773570511490107e-05,0.0,0.0,5.0,0.26884225360571784,-1.0788440704345703e-05,-1.1444091796875e-05,-1.0251998901367188e-05,-1.0728836059570312e-05,0.009688422083854675,6.201340309344232,False,False
692,13.84,-0.11072100698947906,0.1530434936285019,4.808708667755127,0.2889861762523651,6.183864570630249e-06,3.0621240512118675e-06,-0.00011511202319525182,1.4135428500594571e-05,0.00033260334748774767,-4.597187398758251e-06,-1.867853256953822e-06,3.787450259551406e-05,0.0,0.0,5.0,0.2688379179409035,-1.043081283569336e-05,-1.150369644165039e-05,-1.0013580322265625e-05,-1.1324882507324219e-05,0.009688425809144974,6.211028735153377,False,False
693,13.86,-0.11072328686714172,0.153043732047081,4.808716297149658,0.2889869213104248,6.149452019599266e-06,2.967480668303324e-06,-0.00011378308408893645,1.3912153008277528e-05,0.0003282394027337432,-4.867576535616536e-06,-1.5731933444840251e-06,3.809752524830401e-05,0.0,0.0,5.0,0.2688335640311677,-1.0907649993896484e-05,-1.1324882507324219e-05,-1.0311603546142578e-05,-1.1324882507324219e-05,0.009688429534435272,6.220717164687812,False,False
694,13.88,-0.11072555184364319,0.1530439704656601,4.8087239265441895,0.2889876365661621,6.121309525042307e-06,2.8674294298980385e-06,-0.00011246553913224488,1.3705346646020189e-05,0.0003238230710849166,-5.13796567247482e-06,-1.2408630709614954e-06,3.8272119127213955e-05,0.0,0.0,5.0,0.2688292041494856,-1.0728836059570312e-05,-1.1801719665527344e-05,-1.0311603546142578e-05,-1.1622905731201172e-05,0.00968843325972557,6.230405597947538,False,False
695,13.9,-0.11072778701782227,0.1530442088842392,4.808731555938721,0.2889884114265442,6.103087343944935e-06,2.7580872483667918e-06,-0.00011115836241515353,1.3516641956812236e-05,0.00031925004441291094,-5.796734512841795e-06,-5.811779715259036e-07,3.852671943604946e-05,0.0,0.0,5.0,0.26882483215746567,-1.0848045349121094e-05,-1.0967254638671875e-05,-1.0609626770019531e-05,-1.1324882507324219e-05,0.00968843698501587,6.240094034932554,False,False
696,13.92,-0.11072999238967896,0.1530444473028183,4.808739185333252,0.2889890968799591,6.086497705837246e-06,2.6296579562767874e-06,-0.00010986065171891823,1.3349015716812573e-05,0.0003148600226268172,-7.046551218081731e-06,-1.0775933105833246e-06,3.8571160985156894e-05,0.0,0.0,5.0,0.2688204480537737,-9.953975677490234e-06,-1.3053417205810547e-05,-1.049041748046875e-05,-1.1265277862548828e-05,0.009688440710306168,6.24978247564286,False,False
697,13.94,-0.11073219031095505,0.1530446857213974,4.808746814727783,0.2889898419380188,6.077974830986932e-06,2.5134399948001374e-06,-0.00010857317829504609,1.3204790775489528e-05,0.0003103393828496337,-4.575679213303374e-06,2.2549771472313296e-07,3.88936314266175e-05,0.0,0.0,5.0,0.2688160610443352,-1.0848045349121094e-05,-1.0192394256591797e-05,-1.0609626770019531e-05,-1.2099742889404297e-05,0.00968844536691904,6.259470921009779,False,False
698,13.96,-0.11073433607816696,0.1530449241399765,4.8087544441223145,0.2889906167984009,6.0649713304883335e-06,2.3972615963430144e-06,-0.0001072927625500597,1.3080589269520715e-05,0.00030593632254749537,-7.042619017738616e-06,-1.5257113545885659e-06,3.894543624483049e-05,0.0,0.0,5.0,0.2688116527136585,-1.055002212524414e-05,-1.2576580047607422e-05,-1.0669231414794922e-05,-1.1086463928222656e-05,0.00968844909220934,6.269159370101988,False,False
699,13.98,-0.11073648184537888,0.1530451625585556,4.808762073516846,0.28899136185646057,6.045979716873262e-06,2.275471388202277e-06,-0.0001060232098097913,1.2978907761862502e-05,0.0003013632958754897,-5.136801974003902e-06,-3.733013613782532e-07,3.915591514669359e-05,0.0,0.0,5.0,0.2688072445445676,-1.0967254638671875e-05,-1.043081283569336e-05,-1.0728836059570312e-05,-1.1861324310302734e-05,0.009688452817499638,6.278847822919488,False,False
700,14.0,-0.11073857545852661,0.1530454009771347,4.808769702911377,0.2889920473098755,6.0193788158358075e-06,2.1611390366160776e-06,-0.00010476326860953122,1.2897606211481616e-05,0.0002969602355733514,-6.296837000263622e-06,-2.286743892909726e-06,3.920713788829744e-05,0.0,0.0,5.0,0.2688028150511798,-1.0788440704345703e-05,-1.233816146850586e-05,-1.0609626770019531e-05,-1.1324882507324219e-05,0.009688456542789936,6.288536279462278,False,False
701,14.02,-0.11074066162109375,0.1530456393957138,4.808777332305908,0.2889927923679352,5.987515123706544e-06,2.041543666564394e-06,-0.00010351645323680714,1.2836873793276027e-05,0.00029240024741739035,-5.663141109835124e-06,-8.996479436973459e-07,3.941199975088239e-05,0.0,0.0,5.0,0.2687983826483439,-1.0669231414794922e-05,-1.1324882507324219e-05,-1.0848045349121094e-05,-1.1801719665527344e-05,0.009688460268080235,6.298224739730358,False,False
702,14.040000000000001,-0.1107427254319191,0.1530458778142929,4.8087849617004395,0.28899356722831726,5.963309831713559e-06,1.921697503348696e-06,-0.00010228097380604595,1.2796846021956299e-05,0.0002878272207453847,-6.321909950202098e-06,-1.5207507431114209e-06,3.955460852012038e-05,0.0,0.0,5.0,0.26879394119648475,-1.0728836059570312e-05,-1.1563301086425781e-05,-1.0967254638671875e-05,-1.1324882507324219e-05,0.009688463062047958,6.307913202792406,False,False
703,14.06,-0.11074475198984146,0.153046116232872,4.80879020690918,0.28899428248405457,5.936970865150215e-06,1.7914293266585446e-06,-0.000101057521533221,1.2778798918589018e-05,0.00028335873503237963,-6.705312898702687e-06,-1.113080656978127e-06,3.967472002841532e-05,0.0,0.0,5.0,0.26879118058651325,-9.298324584960938e-06,-8.463859558105469e-06,-1.1146068572998047e-05,-8.821487426757812e-06,0.009688463993370533,6.317601666785777,False,False
704,14.08,-0.11074677854776382,0.1530463546514511,4.808794021606445,0.28899502754211426,5.892360150028253e-06,1.6726506828490528e-06,-9.984688222175464e-05,1.2783219062839635e-05,0.00027953030075877905,-5.172938017494744e-06,-3.3477297165518394e-06,3.933481639251113e-05,0.0,0.0,5.0,0.2687894376723938,-9.715557098388672e-06,-4.708766937255859e-06,-1.1026859283447266e-05,-4.649162292480469e-06,0.009688465856015682,6.327290132641792,False,False
705,14.1,-0.11074874550104141,0.1530465930700302,4.808797836303711,0.28899574279785156,5.816015800519381e-06,1.5786429230502108e-06,-9.865361062111333e-05,1.2804370271624066e-05,0.00027648580726236105,-4.228224042890361e-06,-4.286529019736918e-06,3.8314174162223935e-05,0.0,0.0,5.0,0.26878767025765965,-9.417533874511719e-06,-3.2186508178710938e-06,-1.0907649993896484e-05,-2.4437904357910156e-06,0.009688467718660831,6.336978600360453,False,False
706,14.120000000000001,-0.110750712454319,0.15304683148860931,4.808801651000977,0.28899648785591125,5.7230718084611e-06,1.5185133861450595e-06,-9.74806971498765e-05,1.283618257730268e-05,0.0002738070907071233,-1.7851160691861878e-06,-5.007721938454779e-06,3.706230199895799e-05,0.0,0.0,5.0,0.26878590290004867,-9.775161743164062e-06,-1.1324882507324219e-06,-1.0251998901367188e-05,-1.430511474609375e-06,0.009688468649983406,6.3466670690104365,False,False
707,14.14,-0.1107526496052742,0.15304706990718842,4.808805465698242,0.28899723291397095,5.609910203929758e-06,1.4829939800620195e-06,-9.632928413338959e-05,1.287089162360644e-05,0.0002714680740609765,-1.7672184640105115e-06,-6.308284810074838e-06,3.542640479281545e-05,0.0,0.0,5.0,0.26878412331949686,-9.357929229736328e-06,-2.3245811462402344e-06,-9.775161743164062e-06,-5.364418029785156e-07,0.00968846958130598,6.3563555385917425,False,False
708,14.16,-0.11075455695390701,0.15304730832576752,4.808809280395508,0.28899794816970825,5.5001214604999404e-06,1.4764630122954259e-06,-9.520131425233558e-05,1.2904264622193296e-05,0.00026915513444691896,1.113739813263237e-06,-4.670445377996657e-06,3.3988384529948235e-05,0.0,0.0,5.0,0.26878233151511716,-9.59634780883789e-06,-2.980232238769531e-07,-9.47713851928711e-06,-1.2516975402832031e-06,0.009688470512628555,6.366044009104371,False,False
709,14.18,-0.11075646430253983,0.15304754674434662,4.808813095092773,0.28899872303009033,5.401239377533784e-06,1.4808390460530063e-06,-9.409209451405331e-05,1.293085551878903e-05,0.00026698585133999586,-6.765336024727731e-07,-5.217604666540865e-06,3.24221036862582e-05,0.0,0.0,5.0,0.2687805397666796,-8.702278137207031e-06,-1.7881393432617188e-06,-9.119510650634766e-06,-3.5762786865234375e-07,0.009688472375273705,6.375732481479645,False,False
710,14.200000000000001,-0.11075832694768906,0.15304778516292572,4.808816909790039,0.28899943828582764,5.30964280187618e-06,1.4906167962180916e-06,-9.300143574364483e-05,1.295193396799732e-05,0.00026492110919207335,1.6539358966838336e-06,-3.941903742088471e-06,3.094659768976271e-05,0.0,0.0,5.0,0.2687787296527728,-9.000301361083984e-06,-4.76837158203125e-07,-8.881092071533203e-06,-1.2516975402832031e-06,0.00968847330659628,6.385420954786241,False,False
711,14.22,-0.1107601746916771,0.15304802358150482,4.808820724487305,0.2890000641345978,5.220811544859316e-06,1.5031589555292157e-06,-9.192604920826852e-05,1.29647487483453e-05,0.00026288244407624006,-4.0002942114369944e-07,-4.941103725286666e-06,2.944690641015768e-05,0.0,0.0,5.0,0.2687769134533224,-7.748603820800781e-06,-3.337860107421875e-06,-8.64267349243164e-06,-8.344650268554688e-07,0.009688475169241428,6.3951094299554825,False,False
712,14.24,-0.11076202243566513,0.15304826200008392,4.80882453918457,0.28900057077407837,5.140250323165674e-06,1.5394158481285558e-06,-9.086688078241423e-05,1.2970229363418184e-05,0.00026075250934809446,4.025406724394998e-06,-3.114913624813198e-06,2.8335824026726186e-05,0.0,0.0,5.0,0.26877509730865506,-7.808208465576172e-06,-7.748603820800781e-07,-7.867813110351562e-06,-2.86102294921875e-06,0.009688476100564003,6.4047979060560465,False,False
713,14.26,-0.11076381057500839,0.15304850041866302,4.808828353881836,0.2890010476112366,5.053120730735827e-06,1.595473463567032e-06,-8.981893915915862e-05,1.2960872481926344e-05,0.00025868776720017195,1.5800500250406913e-06,-5.597940344159724e-06,2.7172165573574603e-05,0.0,0.0,5.0,0.26877325665517093,-6.556510925292969e-06,-4.0531158447265625e-06,-7.450580596923828e-06,-1.7881393432617188e-06,0.009688477963209152,6.414486384019256,False,False
714,14.280000000000001,-0.11076559871435165,0.15304873883724213,4.808832168579102,0.2890015244483948,4.958030785928713e-06,1.66692552738823e-06,-8.8786386186257e-05,1.293624154641293e-05,0.0002565445611253381,5.564872026297962e-06,-3.911002295353683e-06,2.6411667931824923e-05,0.0,0.0,5.0,0.2687714160553316,-6.9141387939453125e-06,-1.1324882507324219e-06,-6.9141387939453125e-06,-3.3974647521972656e-06,0.009688478894531727,6.424174862913787,False,False
715,14.3,-0.11076737940311432,0.15304897725582123,4.808835983276367,0.28900203108787537,4.8518486437387764e-06,1.7502652553957887e-06,-8.776634058449417e-05,1.2889928257209249e-05,0.00025462347548455,2.7688074624165893e-06,-6.707068678224459e-06,2.553990634623915e-05,0.0,0.0,5.0,0.26876957243854765,-6.67572021484375e-06,-3.516674041748047e-06,-6.735324859619141e-06,-1.3709068298339844e-06,0.009688480757176876,6.433863343670964,False,False
716,14.32,-0.1107691079378128,0.15304921567440033,4.808839797973633,0.28900250792503357,4.739733867609175e-06,1.8272951365361223e-06,-8.676424477016553e-05,1.2823449651477858e-05,0.0002526893513277173,4.933906893711537e-06,-4.504300704866182e-06,2.4772773031145334e-05,0.0,0.0,5.0,0.26876770738064765,-6.556510925292969e-06,-1.7881393432617188e-06,-6.4373016357421875e-06,-2.9206275939941406e-06,0.009688482619822025,6.443551826290786,False,False
717,14.34,-0.11077083647251129,0.15304945409297943,4.808843612670898,0.28900301456451416,4.64139111500117e-06,1.909809952849173e-06,-8.577637345297262e-05,1.2735214113490656e-05,0.00025082065258175135,3.31729438585171e-06,-5.329838131729048e-06,2.4005654267966747e-05,0.0,0.0,5.0,0.26876584237527723,-6.020069122314453e-06,-3.159046173095703e-06,-6.318092346191406e-06,-2.3245811462402344e-06,0.0096884835511446,6.453240309841931,False,False
718,14.36,-0.11077255755662918,0.15304969251155853,4.808847427368164,0.28900349140167236,4.533984792942647e-06,1.987028326766449e-06,-8.480374526698142e-05,1.2626940588233992e-05,0.00024892587680369616,4.404274477565195e-06,-5.410635822045151e-06,2.3428801796399057e-05,0.0,0.0,5.0,0.26876397435163935,-6.735324859619141e-06,-1.8477439880371094e-06,-6.079673767089844e-06,-2.1457672119140625e-06,0.00968848541378975,6.462928795255721,False,False
719,14.38,-0.11077422648668289,0.15304993093013763,4.80885124206543,0.28900399804115295,4.429194177646423e-06,2.071382823487511e-06,-8.384659304283559e-05,1.2497128409449942e-05,0.0002471223706379533,4.030905074614566e-06,-5.068272912467364e-06,2.2605308913625777e-05,0.0,0.0,5.0,0.26876208488432995,-6.616115570068359e-06,-2.4437904357910156e-06,-5.7220458984375e-06,-2.8014183044433594e-06,0.009688487276434898,6.4726172825321555,False,False
720,14.4,-0.1107758954167366,0.15305016934871674,4.808855056762695,0.28900447487831116,4.332379830884747e-06,2.142994162568357e-06,-8.29040800454095e-05,1.2346665243967436e-05,0.0002451882464811206,3.1300271530199097e-06,-4.6130235205055214e-06,2.195019624195993e-05,0.0,0.0,5.0,0.26876019546845675,-6.198883056640625e-06,-2.8014183044433594e-06,-5.662441253662109e-06,-2.8014183044433594e-06,0.009688488207757473,6.482305770739913,False,False
721,14.42,-0.11077756434679031,0.15305040776729584,4.808858871459961,0.28900495171546936,4.245800482749473e-06,2.1999790078552905e-06,-8.197535498766229e-05,1.2178869837953243e-05,0.00024329341249540448,2.5681813440314727e-06,-4.044763954880182e-06,2.136772673111409e-05,0.0,0.0,5.0,0.2687583061040208,-5.841255187988281e-06,-3.039836883544922e-06,-5.4836273193359375e-06,-2.86102294921875e-06,0.009688490070402622,6.491994260810316,False,False
722,14.44,-0.11077917367219925,0.15305064618587494,4.808862686157227,0.28900548815727234,4.170586180407554e-06,2.2513770545629086e-06,-8.105896995402873e-05,1.19964279292617e-05,0.00024139852030202746,2.571388222349924e-06,-3.476504389254842e-06,2.0833700546063483e-05,0.0,0.0,5.0,0.26875639222247355,-6.318092346191406e-06,-2.4437904357910156e-06,-5.543231964111328e-06,-2.9802322387695312e-06,0.009688491001725197,6.501682751812041,False,False
723,14.46,-0.11078078299760818,0.15305088460445404,4.808866500854492,0.28900596499443054,4.104477284272434e-06,2.2949284357309807e-06,-8.015315688680857e-05,1.1800759239122272e-05,0.00023951666662469506,1.7835201333582518e-06,-3.134265170956496e-06,2.023307024501264e-05,0.0,0.0,5.0,0.268754478391291,-6.139278411865234e-06,-2.9206275939941406e-06,-5.424022674560547e-06,-3.0994415283203125e-06,0.009688492864370346,6.511371244676411,False,False
724,14.48,-0.11078239232301712,0.15305112302303314,4.808870315551758,0.28900647163391113,4.0483414522896055e-06,2.318316774108098e-06,-7.925706449896097e-05,1.1594942407100461e-05,0.00023762177443131804,5.55162671389553e-07,-2.479112481523771e-06,1.970567973330617e-05,0.0,0.0,5.0,0.26875256461047425,-5.662441253662109e-06,-3.516674041748047e-06,-5.4836273193359375e-06,-3.2186508178710938e-06,0.009688494727015495,6.521059739403427,False,False
725,14.5,-0.11078396439552307,0.15305136144161224,4.808874130249023,0.28900691866874695,3.998673037131084e-06,2.329337348783156e-06,-7.836990698706359e-05,1.1383202036086004e-05,0.00023566157324239612,5.466925472319417e-07,-2.487583515176084e-06,1.9281927961856127e-05,0.0,0.0,5.0,0.26875063552368916,-5.781650543212891e-06,-3.635883331298828e-06,-5.424022674560547e-06,-3.159046173095703e-06,0.00968849565833807,6.530748235061765,False,False
726,14.52,-0.11078551411628723,0.15305159986019135,4.808877944946289,0.28900742530822754,3.961499260185519e-06,2.3404206785926362e-06,-7.749083306407556e-05,1.1166804142703768e-05,0.0002337144105695188,5.614518272523128e-07,-1.2297067542021978e-06,1.8860475393012166e-05,0.0,0.0,5.0,0.26874869727261547,-5.841255187988281e-06,-2.7418136596679688e-06,-5.662441253662109e-06,-3.5762786865234375e-06,0.00968849752098322,6.540436732582748,False,False
727,14.540000000000001,-0.11078706383705139,0.15305183827877045,4.808881759643555,0.28900790214538574,3.930791535822209e-06,2.340265154998633e-06,-7.661720883334056e-05,1.094714298233157e-05,0.00023180647986009717,-5.771250357611279e-07,-1.8409009499009699e-06,1.8339866073802114e-05,0.0,0.0,5.0,0.268746759070858,-5.7220458984375e-06,-3.6954879760742188e-06,-5.7220458984375e-06,-3.039836883544922e-06,0.009688499383628368,6.550125231966376,False,False
728,14.56,-0.11078859865665436,0.15305207669734955,4.80888557434082,0.28900831937789917,3.900147476088023e-06,2.3352761218120577e-06,-7.575001654913649e-05,1.0726633263402618e-05,0.00022979400819167495,7.802773893672565e-08,-1.2234185078341397e-06,1.7860904335975647e-05,0.0,0.0,5.0,0.2687448147754943,-5.4836273193359375e-06,-3.6954879760742188e-06,-5.543231964111328e-06,-3.933906555175781e-06,0.009688500314950943,6.559813732281327,False,False
729,14.58,-0.11079008877277374,0.15305231511592865,4.808889389038086,0.28900855779647827,3.875709353451384e-06,2.336868192287511e-06,-7.488794653909281e-05,1.0504813872103114e-05,0.00022778153652325273,8.111001648103411e-08,-1.2203362302898313e-06,1.7489190213382244e-05,0.0,0.0,5.0,0.26874285210003385,-4.291534423828125e-06,-5.185604095458984e-06,-5.245208740234375e-06,-5.066394805908203e-06,0.009688502177596092,6.569502234458923,False,False
730,14.6,-0.11079157888889313,0.15305255353450775,4.808893203735352,0.28900882601737976,3.8449275052698795e-06,2.356602863073931e-06,-7.403043127851561e-05,1.0280298738507554e-05,0.0002257690648548305,1.8922387425845955e-06,-1.8577720766188577e-06,1.7546190065331757e-05,0.0,0.0,5.0,0.268740889472862,-5.125999450683594e-06,-4.112720489501953e-06,-5.125999450683594e-06,-5.185604095458984e-06,0.009688504040241241,6.579190738499165,False,False
731,14.620000000000001,-0.11079306900501251,0.15305279195308685,4.808897018432617,0.28900906443595886,3.7952238471916644e-06,2.382278580626007e-06,-7.317854033317417e-05,1.0048521289718337e-05,0.00022380886366590858,6.75185560794489e-07,-3.1124966426432366e-06,1.7540776752866805e-05,0.0,0.0,5.0,0.26873892689397977,-4.649162292480469e-06,-5.900859832763672e-06,-5.185604095458984e-06,-4.589557647705078e-06,0.00968850590288639,6.588879244402051,False,False
732,14.64,-0.11079451441764832,0.15305303037166595,4.808900833129883,0.28900930285453796,3.7394065657281317e-06,2.413895117570064e-06,-7.233578071463853e-05,9.809256880544126e-06,0.00022167881252244115,2.4863147700671107e-06,-2.4691453290870413e-06,1.7594749806448817e-05,0.0,0.0,5.0,0.2687369459330917,-4.708766937255859e-06,-4.351139068603516e-06,-4.887580871582031e-06,-5.4836273193359375e-06,0.00968850776553154,6.5985677521675825,False,False
733,14.66,-0.11079594492912292,0.15305326879024506,4.808904647827148,0.28900954127311707,3.6724611618410563e-06,2.4505818601028295e-06,-7.150151941459626e-05,9.559495083522052e-06,0.00021961407037451863,1.1822443184428266e-06,-4.225259090162581e-06,1.7657250282354653e-05,0.0,0.0,5.0,0.2687349588761805,-4.410743713378906e-06,-5.841255187988281e-06,-4.649162292480469e-06,-4.708766937255859e-06,0.00968850962817669,6.608256261795759,False,False
734,14.68,-0.11079737544059753,0.15305350720882416,4.808908462524414,0.28900977969169617,3.6000399177282816e-06,2.49233949034533e-06,-7.067932892823592e-05,9.299229532189202e-06,0.0002175362897105515,2.9933737550891237e-06,-3.016853497683769e-06,1.7811122233979404e-05,0.0,0.0,5.0,0.26873297186655304,-4.5299530029296875e-06,-4.112720489501953e-06,-4.410743713378906e-06,-5.602836608886719e-06,0.009688511490821838,6.617944773286581,False,False
735,14.700000000000001,-0.11079879105091095,0.15305374562740326,4.80891227722168,0.28901001811027527,3.5236473650002154e-06,2.5305030249000993e-06,-6.986758671700954e-05,9.026289262692444e-06,0.00021555001148954034,8.228880687966011e-07,-4.622286269295728e-06,1.788572990335524e-05,0.0,0.0,5.0,0.26873097876040547,-4.112720489501953e-06,-6.139278411865234e-06,-4.410743713378906e-06,-4.76837158203125e-06,0.009688513353466988,6.627633286640048,False,False
736,14.72,-0.11080016195774078,0.1530538946390152,4.808916091918945,0.28901031613349915,3.4441243315086467e-06,2.5662905045464868e-06,-6.906967610120773e-05,8.743019861867651e-06,0.00021349842427298427,2.755692321443348e-06,-3.329875880808686e-06,1.8139922758564353e-05,0.0,0.0,5.0,0.2687289163479831,-5.0067901611328125e-06,-4.112720489501953e-06,-4.112720489501953e-06,-5.543231964111328e-06,0.009688515216112137,6.63732180185616,False,False
737,14.74,-0.11080153286457062,0.15305401384830475,4.808919906616211,0.2890108525753021,3.364861413501785e-06,2.5959341201087227e-06,-6.828364712418988e-05,8.447937943856232e-06,0.00021155126160010695,2.085048294020453e-07,-4.596277449309127e-06,1.8244798411615193e-05,0.0,0.0,5.0,0.2687268370069747,-6.020069122314453e-06,-4.291534423828125e-06,-3.993511199951172e-06,-3.5762786865234375e-06,0.009688517078757286,6.6470103189349174,False,False
738,14.76,-0.11080290377140045,0.1530541330575943,4.808923721313477,0.28901126980781555,3.2943219139269786e-06,2.5906035716616316e-06,-6.751219916623086e-05,8.146121217578184e-06,0.000209682562854141,-7.417205551973893e-07,-2.457545861034305e-06,1.8002669094130397e-05,0.0,0.0,5.0,0.268724757711075,-5.781650543212891e-06,-5.0067901611328125e-06,-3.814697265625e-06,-4.947185516357422e-06,0.009688518941402435,6.65669883787632,False,False
739,14.780000000000001,-0.1108042523264885,0.15305425226688385,4.808927536010742,0.28901153802871704,3.269685294071678e-06,2.5513136279187165e-06,-6.675133045064285e-05,7.84478925197618e-06,0.00020767009118571877,-3.187326683473657e-06,-6.024150955852292e-09,1.795371645130217e-05,0.0,0.0,5.0,0.2687226692438382,-3.993511199951172e-06,-7.331371307373047e-06,-3.933906555175781e-06,-6.377696990966797e-06,0.009688520804047585,6.6663873586803675,False,False
740,14.8,-0.11080556362867355,0.1530543714761734,4.808931350708008,0.28901195526123047,3.288020479885745e-06,2.493593683539075e-06,-6.599430344067514e-05,7.553033810836496e-06,0.0002053833450190723,-2.5847825781966094e-06,1.8396374343865318e-06,1.847445673774928e-05,0.0,0.0,5.0,0.2687205654602952,-4.649162292480469e-06,-5.0067901611328125e-06,-4.172325134277344e-06,-6.496906280517578e-06,0.009688522666692734,6.67607588134706,False,False
741,14.82,-0.11080687493085861,0.15305449068546295,4.808935165405273,0.2890124022960663,3.3095104754465865e-06,2.4137887066899566e-06,-6.523596675833687e-05,7.274310064531164e-06,0.00020327948732301593,-5.395787411544006e-06,3.094197325026471e-07,1.8714417819865048e-05,0.0,0.0,5.0,0.26871846172088665,-5.125999450683594e-06,-6.258487701416016e-06,-4.887580871582031e-06,-4.410743713378906e-06,0.009688523598015308,6.6857644049450755,False,False
742,14.84,-0.11080818623304367,0.1530546098947525,4.808938980102539,0.28901293873786926,3.334447228553472e-06,2.329143399038003e-06,-6.44794199615717e-05,7.013551112322602e-06,0.00020116247469559312,-3.068827481911285e-06,2.1843352442374453e-06,1.8825317965820432e-05,0.0,0.0,5.0,0.26871635802561356,-6.616115570068359e-06,-2.9206275939941406e-06,-4.887580871582031e-06,-5.125999450683594e-06,0.009688525460660458,6.695452930405736,False,False
743,14.86,-0.11080946773290634,0.15305472910404205,4.808942794799805,0.28901341557502747,3.3789165172493085e-06,2.229373649242916e-06,-6.372055213432759e-05,6.770089385099709e-06,0.0001991500030271709,-6.908232080604648e-06,2.262632278871024e-06,1.8461549188941717e-05,0.0,0.0,5.0,0.26871424208491673,-5.424022674560547e-06,-6.318092346191406e-06,-5.185604095458984e-06,-4.827976226806641e-06,0.009688527323305607,6.705141457729042,False,False
744,14.88,-0.11081071943044662,0.1530548483133316,4.80894660949707,0.28901392221450806,3.4434967801644234e-06,2.104134182445705e-06,-6.29589194431901e-05,6.551878414029488e-06,0.00019687629537656903,-5.615821919491282e-06,4.195434485154692e-06,1.851293200161308e-05,0.0,0.0,5.0,0.26871211389808064,-5.841255187988281e-06,-4.470348358154297e-06,-5.4836273193359375e-06,-5.662441253662109e-06,0.009688529185950756,6.714829986914992,False,False
745,14.9,-0.11081197112798691,0.15305496752262115,4.808950424194336,0.28901439905166626,3.5147413655067794e-06,1.9738802166102687e-06,-6.219044735189527e-05,6.360749011946609e-06,0.00019458954920992255,-7.409607405861607e-06,2.929032007159549e-06,1.8357473891228437e-05,0.0,0.0,5.0,0.26870998575442745,-5.7220458984375e-06,-5.781650543212891e-06,-5.7220458984375e-06,-4.827976226806641e-06,0.009688531048595905,6.724518517963588,False,False
746,14.92,-0.11081322282552719,0.1530550867319107,4.808954238891602,0.28901490569114685,3.5862460663338425e-06,1.838989646785194e-06,-6.141702033346519e-05,6.199215931701474e-06,0.00019219826208427548,-6.079529612179613e-06,4.221441031404538e-06,1.8245395040139556e-05,0.0,0.0,5.0,0.26870785765395827,-5.9604644775390625e-06,-4.172325134277344e-06,-5.841255187988281e-06,-5.185604095458984e-06,0.009688532911241055,6.734207050874829,False,False
747,14.94,-0.11081443727016449,0.15305520594120026,4.808958053588867,0.2890153229236603,3.6558674310072092e-06,1.7078663177017006e-06,-6.063669206923805e-05,6.066243713576114e-06,0.00018998986342921853,-7.032891517155804e-06,2.740693844316411e-06,1.800387690309435e-05,0.0,0.0,5.0,0.26870571423354694,-5.781650543212891e-06,-5.9604644775390625e-06,-5.900859832763672e-06,-4.947185516357422e-06,0.009688534773886204,6.7438955856487155,False,False
748,14.96,-0.11081562936306,0.1530553251504898,4.808961868286133,0.2890155613422394,3.725402621057583e-06,1.5766559045005124e-06,-5.9851696278201416e-05,5.962143404758535e-06,0.00018766388529911637,-6.088177542551421e-06,4.212788553559221e-06,1.7873200704343617e-05,0.0,0.0,5.0,0.2687035616376867,-4.291534423828125e-06,-6.973743438720703e-06,-6.020069122314453e-06,-6.9141387939453125e-06,0.009688536636531353,6.753584122285247,False,False
749,14.98,-0.1108168214559555,0.15305544435977936,4.808965682983398,0.2890159487724304,3.7907050227659056e-06,1.4736097000422888e-06,-5.905966827413067e-05,5.88478178542573e-06,0.0001852072891779244,-4.216521574562648e-06,2.317421149200527e-06,1.8246922991238534e-05,0.0,0.0,5.0,0.2687014090840799,-5.7220458984375e-06,-4.947185516357422e-06,-6.079673767089844e-06,-5.7220458984375e-06,0.009688538499176502,6.763272660784423,False,False
750,15.0,-0.11081801354885101,0.1530555635690689,4.808969497680664,0.2890164256095886,3.818854111159453e-06,1.3771084468316985e-06,-5.826375854667276e-05,5.828043413202977e-06,0.00018281600205227733,-5.433698333945358e-06,4.975184424438339e-07,1.8092046957463026e-05,0.0,0.0,5.0,0.2686992565727275,-5.662441253662109e-06,-5.602836608886719e-06,-6.198883056640625e-06,-4.827976226806641e-06,0.009688540361821651,6.772961201146245,False,False
751,15.02,-0.11081916093826294,0.15305568277835846,4.80897331237793,0.2890166938304901,3.833440587186487e-06,1.284372615373286e-06,-5.746993701905012e-05,5.7910433497454505e-06,0.0001804507919587195,-3.839927558146883e-06,9.611825362298987e-07,1.7955753719434142e-05,0.0,0.0,5.0,0.26869708566649947,-5.245208740234375e-06,-5.662441253662109e-06,-5.841255187988281e-06,-6.198883056640625e-06,0.0096885422244668,6.782649743370712,False,False
752,15.040000000000001,-0.11082029342651367,0.153055801987648,4.808977127075195,0.2890169620513916,3.837594249489484e-06,1.211340077134082e-06,-5.667821460519917e-05,5.7702277445059735e-06,0.00017803331138566136,-3.4634040275705047e-06,-5.458052783069434e-07,1.803757913876325e-05,0.0,0.0,5.0,0.26869490865601975,-4.947185516357422e-06,-6.198883056640625e-06,-5.7220458984375e-06,-5.662441253662109e-06,0.00968854408711195,6.792338287457824,False,False
753,15.06,-0.1108214259147644,0.15305592119693756,4.808980941772461,0.28901737928390503,3.817403921857476e-06,1.162935518550512e-06,-5.589152715401724e-05,5.761231477663387e-06,0.00017566810129210353,-1.3771557405561907e-06,-1.4731748478880036e-06,1.816666917875409e-05,0.0,0.0,5.0,0.2686927316868857,-6.258487701416016e-06,-4.172325134277344e-06,-5.602836608886719e-06,-5.304813385009766e-06,0.0096885459497571,6.802026833407581,False,False
754,15.08,-0.11082255840301514,0.1530560404062271,4.808984756469727,0.2890177071094513,3.7810432331752963e-06,1.117195552069461e-06,-5.5112323025241494e-05,5.7583683883422054e-06,0.00017343350918963552,-3.196932993887458e-06,-2.162846385544981e-06,1.7900936654768884e-05,0.0,0.0,5.0,0.2686905547590983,-5.066394805908203e-06,-6.198883056640625e-06,-5.424022674560547e-06,-5.364418029785156e-06,0.009688547812402248,6.811715381219983,False,False
755,15.1,-0.1108236312866211,0.15305615961551666,4.808988571166992,0.2890179753303528,3.7385384530352894e-06,1.0713389428929077e-06,-5.434359991340898e-05,5.76298270971165e-06,0.00017114676302298903,-1.3888159173802705e-06,-2.0875602331216214e-06,1.805654028430581e-05,0.0,0.0,5.0,0.26868835328802526,-5.304813385009766e-06,-5.543231964111328e-06,-5.066394805908203e-06,-6.377696990966797e-06,0.009688549675047398,6.8214039308950305,False,False
756,15.120000000000001,-0.11082470417022705,0.1530562788248062,4.808992385864258,0.289018452167511,3.6967855976399733e-06,1.0322610251023434e-06,-5.3584910347126424e-05,5.772405074822018e-06,0.00016886001685634255,-2.5191009171976475e-06,-2.087738494083169e-06,1.826851803343743e-05,0.0,0.0,5.0,0.268686151857411,-5.543231964111328e-06,-4.708766937255859e-06,-5.4836273193359375e-06,-5.304813385009766e-06,0.009688551537692547,6.831092482432723,False,False
757,15.14,-0.11082577705383301,0.15305639803409576,4.808996200561523,0.2890189588069916,3.6488868317974266e-06,9.761134833752294e-07,-5.283704376779497e-05,5.788323051092448e-06,0.00016662542475387454,-3.095760575888562e-06,-2.702069423321518e-06,1.8105696653947234e-05,0.0,0.0,5.0,0.2686839504672567,-6.079673767089844e-06,-4.231929779052734e-06,-5.7220458984375e-06,-4.470348358154297e-06,0.00968855433166027,6.840781036764383,False,False
758,15.16,-0.11082684248685837,0.15305651724338531,4.809000015258789,0.28901922702789307,3.594005420382018e-06,9.07708965769416e-07,-5.21023575856816e-05,5.8128885029873345e-06,0.00016444310313090682,-3.7447487102326704e-06,-2.786004870358738e-06,1.7741345800459385e-05,0.0,0.0,5.0,0.26868174604431994,-4.947185516357422e-06,-6.67572021484375e-06,-5.4836273193359375e-06,-5.602836608886719e-06,0.00968855619430542,6.850469592958689,False,False
759,15.18,-0.11082785576581955,0.15305663645267487,4.809003829956055,0.28901946544647217,3.53541508957278e-06,8.544303113922069e-07,-5.1381946832407266e-05,5.84679992243764e-06,0.00016206485452130437,-1.5831597011128906e-06,-3.0729813715879573e-06,1.7927945009432733e-05,0.0,0.0,5.0,0.26867952014865454,-5.245208740234375e-06,-5.841255187988281e-06,-5.185604095458984e-06,-6.139278411865234e-06,0.00968855805695057,6.860158151015639,False,False
760,15.200000000000001,-0.11082886904478073,0.15305675566196442,4.80900764465332,0.28901976346969604,3.471315949354903e-06,8.201292303056107e-07,-5.067529855296016e-05,5.885009613848524e-06,0.00015969964442774653,-1.8470287841410027e-06,-3.3368512504239334e-06,1.811570837162435e-05,0.0,0.0,5.0,0.268677294292584,-4.947185516357422e-06,-6.4373016357421875e-06,-5.066394805908203e-06,-6.079673767089844e-06,0.009688559919595718,6.869846710935235,False,False
761,15.22,-0.11082988232374191,0.15305687487125397,4.809011459350586,0.28902027010917664,3.4045763186441036e-06,7.831878860997676e-07,-4.9983016651822254e-05,5.9262952163408045e-06,0.00015741289826110005,-1.8472070451025502e-06,-3.337029511385481e-06,1.842455822043121e-05,0.0,0.0,5.0,0.2686750684761094,-6.079673767089844e-06,-4.291534423828125e-06,-5.304813385009766e-06,-4.887580871582031e-06,0.009688561782240868,6.879535272717476,False,False
762,15.24,-0.1108308956027031,0.15305699408054352,4.809015274047852,0.28902074694633484,3.3413414257665863e-06,7.252655223055626e-07,-4.930549403070472e-05,5.971929113002261e-06,0.00015528284711763263,-3.9451165321224835e-06,-2.986375648106332e-06,1.8182312487624586e-05,0.0,0.0,5.0,0.2686728426992316,-5.602836608886719e-06,-5.7220458984375e-06,-5.662441253662109e-06,-4.649162292480469e-06,0.009688563644886017,6.889223836362362,False,False
763,15.26,-0.1108318641781807,0.15305711328983307,4.809019088745117,0.28902125358581543,3.2970879146887455e-06,6.614617973355053e-07,-4.864237780566327e-05,6.026870778441662e-06,0.00015295686898753047,-2.4353496428375365e-06,-1.4389394209501916e-06,1.8100065062753856e-05,0.0,0.0,5.0,0.26867059852088937,-6.020069122314453e-06,-3.3974647521972656e-06,-5.7220458984375e-06,-5.304813385009766e-06,0.009688565507531166,6.898912401869893,False,False
764,15.280000000000001,-0.1108328178524971,0.15305723249912262,4.809022903442383,0.2890215218067169,3.247473841838655e-06,5.975709882477531e-07,-4.799019734491594e-05,6.090612714615418e-06,0.0001508007408119738,-3.953765371988993e-06,-3.5224090879637515e-06,1.7807091353461146e-05,0.0,0.0,5.0,0.2686683482343849,-5.245208740234375e-06,-6.735324859619141e-06,-5.543231964111328e-06,-5.066394805908203e-06,0.009688567370176315,6.908600969240069,False,False
765,15.3,-0.11083377152681351,0.15305735170841217,4.809026718139648,0.289021760225296,3.1917459182295715e-06,5.46778210264165e-07,-4.735260154120624e-05,6.163382295198971e-06,0.00014847476268187165,-1.125540393331903e-06,-2.0503134692262392e-06,1.7839876818470657e-05,0.0,0.0,5.0,0.26866609798663427,-4.947185516357422e-06,-5.602836608886719e-06,-5.066394805908203e-06,-7.152557373046875e-06,0.009688569232821465,6.918289538472891,False,False
766,15.32,-0.11083472520112991,0.15305747091770172,4.809030532836914,0.2890221178531647,3.135291080980096e-06,5.091970933790435e-07,-4.6726734581170604e-05,6.240421953407349e-06,0.0001461487845517695,-2.632651558087673e-06,-3.595095904529444e-06,1.8180886399932206e-05,0.0,0.0,5.0,0.2686638477776384,-5.245208740234375e-06,-6.258487701416016e-06,-5.424022674560547e-06,-5.543231964111328e-06,0.009688571095466614,6.9279781095683575,False,False
767,15.34,-0.11083567142486572,0.15305759012699127,4.80903434753418,0.2890225946903229,3.0665460144518875e-06,4.653527412301628e-07,-4.6115543227642775e-05,6.322153694782173e-06,0.00014378357445821166,-1.7518494814794394e-06,-3.27934844790434e-06,1.831905683502555e-05,0.0,0.0,5.0,0.2686615945336797,-5.781650543212891e-06,-4.231929779052734e-06,-5.424022674560547e-06,-5.066394805908203e-06,0.009688573889434338,6.937666683457792,False,False
768,15.36,-0.11083656549453735,0.15305770933628082,4.809038162231445,0.2890230715274811,3.000611059178482e-06,4.1753807522582065e-07,-4.551929305307567e-05,6.408048648154363e-06,0.00014166656183078885,-3.02967873722082e-06,-3.3140618143079337e-06,1.8058213754557073e-05,0.0,0.0,5.0,0.2686593198119844,-5.9604644775390625e-06,-5.125999450683594e-06,-5.543231964111328e-06,-5.0067901611328125e-06,0.009688575752079487,6.947355259209871,False,False
769,15.38,-0.11083745956420898,0.15305782854557037,4.809041976928711,0.28902333974838257,2.9339821594476234e-06,3.5697445355253876e-07,-4.49386025138665e-05,6.500676136056427e-06,0.00013948424020782113,-3.0267210604506545e-06,-3.348775408085203e-06,1.7845799447968602e-05,0.0,0.0,5.0,0.26865704512822264,-5.185604095458984e-06,-6.854534149169922e-06,-5.4836273193359375e-06,-6.020069122314453e-06,0.009688577614724636,6.957043836824596,False,False
770,15.4,-0.11083835363388062,0.15305794775485992,4.809045791625977,0.28902360796928406,2.869409399863798e-06,3.1240571729540534e-07,-4.437350435182452e-05,6.600168035220122e-06,0.00013705372111871839,-1.4301848523246008e-06,-3.1083686735655647e-06,1.7983969883061945e-05,0.0,0.0,5.0,0.26865477048239544,-5.125999450683594e-06,-6.318092346191406e-06,-5.185604095458984e-06,-6.556510925292969e-06,0.009688579477369785,6.966732416301966,False,False
771,15.42,-0.11083924770355225,0.15305806696414948,4.809049606323242,0.2890240550041199,2.7979665446764557e-06,2.8582894628925715e-07,-4.3822677980642766e-05,6.702459813823225e-06,0.00013467547250911593,-1.2275706922082463e-06,-4.035861820739228e-06,1.827538653742522e-05,0.0,0.0,5.0,0.2686524958745038,-6.020069122314453e-06,-4.827976226806641e-06,-5.245208740234375e-06,-5.245208740234375e-06,0.009688581340014935,6.976420997641981,False,False
772,15.44,-0.11084014177322388,0.15305818617343903,4.809053421020508,0.2890245020389557,2.720146085266606e-06,2.5099106437664886e-07,-4.3287756852805614e-05,6.805786597396946e-06,0.0001324801123701036,-2.2562728645425523e-06,-3.7461077226907946e-06,1.818824966903776e-05,0.0,0.0,5.0,0.2686502213045486,-5.781650543212891e-06,-5.125999450683594e-06,-5.424022674560547e-06,-5.066394805908203e-06,0.009688583202660084,6.986109580844641,False,False
773,15.46,-0.11084098368883133,0.15305830538272858,4.809057235717773,0.28902488946914673,2.651656814123271e-06,1.9949162322063785e-07,-4.2769206629600376e-05,6.9130010160733946e-06,0.00013029779074713588,-2.893708597184741e-06,-3.102756636508275e-06,1.798188895918429e-05,0.0,0.0,5.0,0.26864792525437137,-5.304813385009766e-06,-6.258487701416016e-06,-5.543231964111328e-06,-5.543231964111328e-06,0.009688585996627808,6.9957981668412685,False,False
774,15.48,-0.11084181815385818,0.15305842459201813,4.809061050415039,0.2890251576900482,2.5889908101817127e-06,1.5419263377225434e-07,-4.226574310450815e-05,7.026352704997407e-06,0.0001279065036214888,-1.6362047290385817e-06,-3.1637109714210965e-06,1.808676461223513e-05,0.0,0.0,5.0,0.2686456261673577,-5.185604095458984e-06,-6.020069122314453e-06,-5.304813385009766e-06,-6.139278411865234e-06,0.009688587859272957,7.0054867547005415,False,False
775,15.5,-0.11084265261888504,0.15305854380130768,4.809064865112305,0.2890256643295288,2.520063617339474e-06,1.158168458914588e-07,-4.1776616853894666e-05,7.14348016117583e-06,0.00012556748697534204,-2.2014357909938553e-06,-3.728943738678936e-06,1.8247286789119244e-05,0.0,0.0,5.0,0.2686433271174813,-5.900859832763672e-06,-5.245208740234375e-06,-5.4836273193359375e-06,-5.066394805908203e-06,0.009688589721918106,7.01517534442246,False,False
776,15.52,-0.1108434870839119,0.15305866301059723,4.80906867980957,0.2890261709690094,2.451164391459315e-06,7.746884733705883e-08,-4.130305387661792e-05,7.264214673341485e-06,0.00012333289487287402,-1.6334236079273978e-06,-3.160933374601882e-06,1.8086342606693506e-05,0.0,0.0,5.0,0.26864102810474294,-6.258487701416016e-06,-4.0531158447265625e-06,-5.4836273193359375e-06,-5.066394805908203e-06,0.009688591584563255,7.024863936007023,False,False
777,15.540000000000001,-0.11084432154893875,0.15305878221988678,4.809072494506836,0.2890264093875885,2.3906118258310016e-06,3.616600352529531e-08,-4.084374813828617e-05,7.388341145997401e-06,0.00012112449621781707,-2.4968796878965804e-06,-2.8942840799572878e-06,1.7801285139285028e-05,0.0,0.0,5.0,0.2686387291291437,-4.649162292480469e-06,-6.794929504394531e-06,-5.185604095458984e-06,-6.318092346191406e-06,0.009688593447208405,7.034552529454231,False,False
778,15.56,-0.1108451560139656,0.15305890142917633,4.809076309204102,0.2890267074108124,2.330840516151511e-06,-4.355500404784607e-09,-4.0398088458459824e-05,7.517402536905138e-06,0.00011875934433192015,-1.5553018783975858e-06,-3.082813691435149e-06,1.8091974197886884e-05,0.0,0.0,5.0,0.26863643019068456,-5.0067901611328125e-06,-6.079673767089844e-06,-5.304813385009766e-06,-6.079673767089844e-06,0.009688595309853554,7.044241124764085,False,False
779,15.58,-0.11084595322608948,0.15305902063846588,4.809080123901367,0.2890271544456482,2.2635308596363757e-06,-2.9812330382128494e-08,-3.9966034819372e-05,7.649236067663878e-06,0.00011642026947811246,-9.904265425575431e-07,-3.6480464586929884e-06,1.8352395272813737e-05,0.0,0.0,5.0,0.26863411591777403,-5.9604644775390625e-06,-4.410743713378906e-06,-5.424022674560547e-06,-5.0067901611328125e-06,0.009688598103821278,7.053929722867906,False,False
780,15.6,-0.11084672808647156,0.15305913984775543,4.809083938598633,0.2890276610851288,2.1917289814155083e-06,-5.637143729586569e-08,-3.954855492338538e-05,7.78162939241156e-06,0.00011429021833464503,-1.6655318404446007e-06,-3.532078608259326e-06,1.8146034562960267e-05,0.0,0.0,5.0,0.26863179245841606,-6.079673767089844e-06,-4.708766937255859e-06,-5.424022674560547e-06,-4.887580871582031e-06,0.009688599966466427,7.0636183228343725,False,False
781,15.620000000000001,-0.11084750294685364,0.15305925905704498,4.809087753295898,0.28902798891067505,2.1283603928168304e-06,-1.012434367453352e-07,-3.9145961636677384e-05,7.916512004157994e-06,0.00011206872295588255,-2.821685257003992e-06,-2.8047229534422513e-06,1.7934056813828647e-05,0.0,0.0,5.0,0.26862946903542073,-4.887580871582031e-06,-6.377696990966797e-06,-5.424022674560547e-06,-5.781650543212891e-06,0.009688601829111576,7.073306924663484,False,False
782,15.64,-0.11084827780723572,0.15305937826633453,4.809091567993164,0.2890283167362213,2.0687582491518697e-06,-1.4837675621492963e-07,-3.875740003422834e-05,8.05730996944476e-06,0.00010971660958603024,-1.8916600765805924e-06,-3.155485956085613e-06,1.812729169614613e-05,0.0,0.0,5.0,0.268627145648789,-5.125999450683594e-06,-6.139278411865234e-06,-5.364418029785156e-06,-5.841255187988281e-06,0.009688603691756725,7.082995528355241,False,False
783,15.66,-0.1108490526676178,0.15305949747562408,4.80909538269043,0.2890287935733795,1.999880169023527e-06,-1.7464901702624047e-07,-3.8382884667953476e-05,8.201785021810792e-06,0.00010737753473222256,-7.356139803960104e-07,-3.732271125045372e-06,1.8338701920583844e-05,0.0,0.0,5.0,0.26862482229852175,-6.4373016357421875e-06,-3.993511199951172e-06,-5.364418029785156e-06,-4.649162292480469e-06,0.009688605554401875,7.092684133909643,False,False
784,15.68,-0.11084982752799988,0.15305961668491364,4.809099197387695,0.2890293002128601,1.9316676116432063e-06,-2.0176253201498184e-07,-3.802291757892817e-05,8.346584763785359e-06,0.00010519527131691575,-1.975772875084658e-06,-3.0889200388628524e-06,1.808391243685037e-05,0.0,0.0,5.0,0.26862249898461993,-6.079673767089844e-06,-4.649162292480469e-06,-5.543231964111328e-06,-4.827976226806641e-06,0.009688608348369598,7.102372742258012,False,False
785,15.700000000000001,-0.11085060238838196,0.15305973589420319,4.809103012084961,0.2890295684337616,1.8733952629190753e-06,-2.490724000381306e-07,-3.76769203285221e-05,8.494741450704169e-06,0.00010294764069840312,-2.755224386419286e-06,-2.7382661755837034e-06,1.7841666704043746e-05,0.0,0.0,5.0,0.2686201757070845,-4.5299530029296875e-06,-7.331371307373047e-06,-5.304813385009766e-06,-5.9604644775390625e-06,0.009688610211014748,7.112061352469027,False,False
786,15.72,-0.11085137724876404,0.15305985510349274,4.809106826782227,0.2890298664569855,1.8308278413314838e-06,-2.8030061116623983e-07,-3.734339770744555e-05,8.648496077512391e-06,0.00010055635357275605,-3.6761332466994645e-07,-1.5184332369244657e-06,1.8158432794734836e-05,0.0,0.0,5.0,0.2686178524659164,-4.589557647705078e-06,-5.245208740234375e-06,-5.245208740234375e-06,-6.556510925292969e-06,0.009688612073659897,7.121749964542687,False,False
787,15.74,-0.11085210740566254,0.1530599743127823,4.809110641479492,0.2890303432941437,1.7791294339986052e-06,-2.976808559651545e-07,-3.701869354699738e-05,8.803641321719624e-06,9.82956844381988e-05,-1.3704462844543741e-06,-3.6513731629383983e-06,1.834389695432037e-05,0.0,0.0,5.0,0.2686155108129035,-5.7220458984375e-06,-4.76837158203125e-06,-5.4836273193359375e-06,-4.5299530029296875e-06,0.009688613936305046,7.131438578478992,False,False
788,15.76,-0.11085282266139984,0.15306010842323303,4.809114456176758,0.2890308201313019,1.7110281760324142e-06,-3.2581331765868526e-07,-3.6707191611640155e-05,8.959694241639227e-06,9.60611505433917e-05,-1.4428284202949726e-06,-3.15870352096681e-06,1.81254290509969e-05,0.0,0.0,5.0,0.26861317153711306,-5.602836608886719e-06,-5.066394805908203e-06,-5.424022674560547e-06,-4.947185516357422e-06,0.00968861486762762,7.14112719334662,False,False
789,15.780000000000001,-0.11085353791713715,0.15306034684181213,4.809115886688232,0.28903114795684814,1.651273464631231e-06,-3.5840713508150657e-07,-3.64094230462797e-05,9.11772258405108e-06,9.390502236783504e-05,-1.8165717392548686e-06,-2.81671350421675e-06,1.7943282728083432e-05,0.0,0.0,5.0,0.2686125860024093,-3.814697265625e-06,-2.8014183044433594e-06,-5.781650543212891e-06,-2.5033950805664062e-06,0.009688613936305046,7.150815807282925,False,False
790,15.8,-0.11085425317287445,0.15306058526039124,4.809115886688232,0.28903138637542725,1.5759044345031725e-06,-3.6442443729356455e-07,-3.612496584537439e-05,9.277227945858613e-06,9.228452108800411e-05,1.2148176438131486e-06,-4.720123342849547e-06,1.7523110727779567e-05,0.0,0.0,5.0,0.2686130170367567,-3.3974647521972656e-06,1.7881393432617188e-06,-5.4836273193359375e-06,9.5367431640625e-07,0.009688613936305046,7.16050442121923,False,False
791,15.82,-0.11085496842861176,0.15306082367897034,4.809115886688232,0.28903162479400635,1.444157533114776e-06,-3.277462212736282e-07,-3.585788363125175e-05,9.428372322872747e-06,9.150011464953423e-05,2.452974740663194e-06,-8.4544362835004e-06,1.6411999240517616e-05,0.0,0.0,5.0,0.26861344807252874,-3.337860107421875e-06,2.384185791015625e-06,-4.708766937255859e-06,4.172325134277344e-06,0.009688613004982471,7.170193034224212,False,False
792,15.84,-0.11085568368434906,0.15306106209754944,4.809115886688232,0.28903189301490784,1.2810787666239776e-06,-2.4818888277877704e-07,-3.5616558307083324e-05,9.561118531564716e-06,9.121210314333439e-05,5.50268623555894e-06,-7.85328938945895e-06,1.5036173863336444e-05,0.0,0.0,5.0,0.2686138791097252,-3.159046173095703e-06,4.0531158447265625e-06,-4.172325134277344e-06,4.291534423828125e-06,0.009688612073659897,7.179881646297872,False,False
793,15.860000000000001,-0.11085639894008636,0.15306130051612854,4.809115886688232,0.2890321612358093,1.114577798944083e-06,-1.2873228172338713e-07,-3.5400087654124945e-05,9.665906873124186e-06,9.117234731093049e-05,6.442867288569687e-06,-8.796617294137832e-06,1.359072484774515e-05,0.0,0.0,5.0,0.2686143101483462,-2.86102294921875e-06,4.172325134277344e-06,-3.6954879760742188e-06,5.245208740234375e-06,0.009688611142337322,7.189570257440209,False,False
794,15.88,-0.11085711419582367,0.15306153893470764,4.809115886688232,0.2890323996543884,9.422516313861706e-07,2.2569524915638794e-08,-3.5208464396419004e-05,9.73644000623608e-06,9.130238322541118e-05,8.687187801115215e-06,-8.43580983200809e-06,1.2082120520062745e-05,0.0,0.0,5.0,0.2686147411883917,-2.7418136596679688e-06,5.245208740234375e-06,-3.0994415283203125e-06,5.0067901611328125e-06,0.009688610211014748,7.199258867651224,False,False
795,15.9,-0.11085782945156097,0.15306177735328674,4.809115886688232,0.28903263807296753,7.648549171790364e-07,1.978070542918431e-07,-3.5040055081481114e-05,9.766256880539004e-06,9.160226909443736e-05,8.836417691782117e-06,-9.303678780270275e-06,1.0571216989774257e-05,0.0,0.0,5.0,0.26861517222986164,-2.6226043701171875e-06,4.291534423828125e-06,-2.5033950805664062e-06,5.602836608886719e-06,0.009688609279692173,7.208947476930916,False,False
796,15.92,-0.11085854470729828,0.15306201577186584,4.809115886688232,0.28903287649154663,6.0099165466454e-07,3.899685623309779e-07,-3.4894761483883485e-05,9.752282494446263e-06,9.194132871925831e-05,1.0379568266216666e-05,-7.082463525875937e-06,9.16437420528382e-06,0.0,0.0,5.0,0.2686156032727561,-2.0265579223632812e-06,5.245208740234375e-06,-1.8477439880371094e-06,4.410743713378906e-06,0.009688609279692173,7.2186360862106085,False,False
797,15.94,-0.11085925996303558,0.15306225419044495,4.809115886688232,0.28903308510780334,4.461403193545266e-07,5.843612598255277e-07,-3.476738493191078e-05,9.692485036794096e-06,9.233265882357955e-05,9.059534932021052e-06,-8.402496860071551e-06,7.900554919615388e-06,0.0,0.0,5.0,0.268616034317075,-1.7285346984863281e-06,3.933906555175781e-06,-1.4901161193847656e-06,5.4836273193359375e-06,0.009688608348369598,7.228324694558978,False,False
798,15.96,-0.11085997521877289,0.15306249260902405,4.809115886688232,0.28903332352638245,3.0030088282728684e-07,7.881424721745134e-07,-3.465870759100653e-05,9.587695785739925e-06,9.27892979234457e-05,1.1318421456962824e-05,-6.181282515171915e-06,6.666254193987697e-06,0.0,0.0,5.0,0.26861646536281836,-1.9669532775878906e-06,5.9604644775390625e-06,-8.940696716308594e-07,4.0531158447265625e-06,0.009688607417047024,7.238013301976025,False,False
799,15.98,-0.11086069047451019,0.15306273102760315,4.809115886688232,0.2890334725379944,1.732676935262134e-07,9.805935405893251e-07,-3.4563487133709714e-05,9.436311302124523e-06,9.336351649835706e-05,7.926522812340409e-06,-6.521891918964684e-06,5.48113530385308e-06,0.0,0.0,5.0,0.2686168964099862,-5.364418029785156e-07,2.86102294921875e-06,-8.940696716308594e-07,4.76837158203125e-06,0.009688607417047024,7.247701909393072,False,False
800,16.0,-0.1108614057302475,0.15306296944618225,4.809115886688232,0.2890334725379944,5.7388660934520885e-08,1.1533089718795964e-06,-3.4481952752685174e-05,9.24484629649669e-06,9.383325232192874e-05,9.344861609861255e-06,-5.065881850896403e-06,4.661713319364935e-06,0.0,0.0,5.0,0.2686173274585785,0.0,3.0994415283203125e-06,-4.172325134277344e-07,3.6954879760742188e-06,0.009688607417047024,7.257390516810119,False,False
801,16.02,-0.1108621209859848,0.15306320786476135,4.809115886688232,0.2890334725379944,-3.589066110976091e-08,1.3554046063291025e-06,-3.4409786167088896e-05,9.012645932671148e-06,9.43552004173398e-05,1.0864532669074833e-05,-4.261943104211241e-06,4.061545041622594e-06,0.0,0.0,5.0,0.26861775850859526,-1.7881393432617188e-07,3.933906555175781e-06,-5.960464477539063e-08,2.9802322387695312e-06,0.00968860648572445,7.267079123295844,False,False
802,16.04,-0.1108628362417221,0.1530633568763733,4.809115886688232,0.2890334725379944,-1.2581364217112423e-07,1.553699348733062e-06,-3.434296741033904e-05,8.736679774301592e-06,9.48379747569561e-05,8.964758308138698e-06,-4.730252840090543e-06,3.4273787150596036e-06,0.0,0.0,5.0,0.26861813861435835,4.76837158203125e-07,2.1457672119140625e-06,3.5762786865234375e-07,3.4570693969726562e-06,0.00968860648572445,7.276767729781568,False,False
803,16.06,-0.11086355149745941,0.15306347608566284,4.809115886688232,0.2890334725379944,-2.0438281467249908e-07,1.7490331174485618e-06,-3.4282071283087134e-05,8.419805453740992e-06,9.535992285236716e-05,1.0568437573965639e-05,-3.126574256384629e-06,2.9820282634318573e-06,0.0,0.0,5.0,0.26861850173969,1.1920928955078125e-07,3.5762786865234375e-06,9.5367431640625e-07,2.2649765014648438e-06,0.009688609279692173,7.28645633906126,False,False
804,16.080000000000002,-0.11086421459913254,0.1530635952949524,4.809119701385498,0.2890334725379944,-2.7661209855978086e-07,1.938652303579147e-06,-3.422349982429296e-05,8.061497283051722e-06,9.588187094777822e-05,8.393290045205504e-06,-4.096272732567741e-06,2.536846977818641e-06,0.0,0.0,5.0,0.2686161325804184,-7.152557373046875e-07,-3.635883331298828e-06,1.430511474609375e-06,-1.3709068298339844e-06,0.009688611142337322,7.2961449502035975,False,False
805,16.1,-0.11086487025022507,0.15306371450424194,4.8091230392456055,0.2890334725379944,-3.120246390153625e-07,2.1093351278977934e-06,-3.4167300327681005e-05,7.666194505873136e-06,9.529339149594307e-05,8.674876880832016e-06,5.550596711145772e-07,3.095564125032979e-06,0.0,0.0,5.0,0.26861409922092694,-6.556510925292969e-07,-4.112720489501953e-06,1.6689300537109375e-06,-5.9604644775390625e-06,0.009688610211014748,7.305833560414612,False,False
806,16.12,-0.1108655259013176,0.1530638337135315,4.8091230392456055,0.2890334725379944,-2.9173858706599276e-07,2.236266709587653e-06,-3.4103104553651065e-05,7.240593731694389e-06,9.431299986317754e-05,4.01815441364306e-06,1.473531597184774e-06,4.123695816815598e-06,0.0,0.0,5.0,0.2686144377565994,1.3113021850585938e-06,-2.2649765014648438e-06,1.0728836059570312e-06,-2.562999725341797e-06,0.009688611142337322,7.31552217155695,False,False
807,16.14,-0.11086618155241013,0.15306395292282104,4.8091230392456055,0.2890334725379944,-2.620899977046065e-07,2.323965873074485e-06,-3.4028402296826243e-05,6.797457444918109e-06,9.397271787747741e-05,4.75165825264412e-06,1.491303123657417e-06,4.881061158812372e-06,0.0,0.0,5.0,0.26861477629349845,4.76837158203125e-07,1.430511474609375e-06,9.5367431640625e-07,-5.960464477539062e-07,0.009688611142337322,7.325210782699287,False,False
808,16.16,-0.11086683720350266,0.1530640721321106,4.8091230392456055,0.2890334725379944,-2.512955461497768e-07,2.394317789367051e-06,-3.394430677872151e-05,6.3396400946658105e-06,9.402440628036857e-05,2.283442199768615e-06,-4.1185833765666757e-07,4.9323675739287864e-06,0.0,0.0,5.0,0.2686151148316241,4.76837158203125e-07,0.0,1.0728836059570312e-06,1.5497207641601562e-06,0.009688610211014748,7.334899392910302,False,False
809,16.18,-0.11086749285459518,0.15306419134140015,4.8091230392456055,0.2890334725379944,-2.3761674583511194e-07,2.4426906293228967e-06,-3.3856063964776695e-05,5.871543635294074e-06,9.421975119039416e-05,2.553849526520935e-06,1.7797294731281e-06,4.958128101861803e-06,0.0,0.0,5.0,0.2686154533709763,4.76837158203125e-07,8.344650268554688e-07,8.344650268554688e-07,1.1920928955078125e-06,0.009688610211014748,7.344588003121316,False,False
810,16.2,-0.11086814850568771,0.1530643105506897,4.8091230392456055,0.2890334725379944,-1.9253704408583872e-07,2.4972255232569296e-06,-3.375943560968153e-05,5.3955141083861236e-06,9.440205758437514e-05,2.899595756389317e-06,2.7281996608508052e-06,4.877939772995887e-06,0.0,0.0,5.0,0.2686157919115551,8.344650268554688e-07,1.6689300537109375e-06,1.0728836059570312e-06,1.0728836059570312e-06,0.009688609279692173,7.354276612401009,False,False
811,16.22,-0.11086880415678024,0.15306442975997925,4.8091230392456055,0.2890334725379944,-1.3715204261188774e-07,2.542854190323851e-06,-3.365023076185025e-05,4.912325039185816e-06,9.478034917265177e-05,1.6631939843136934e-06,2.8102560918341624e-06,4.773533419211162e-06,0.0,0.0,5.0,0.26861613045336047,7.152557373046875e-07,4.76837158203125e-07,9.5367431640625e-07,1.430511474609375e-06,0.009688609279692173,7.363965221680701,False,False
812,16.240000000000002,-0.11086945980787277,0.1530645489692688,4.8091230392456055,0.2890334725379944,-7.146166325355807e-08,2.5856033971649595e-06,-3.35277545673307e-05,4.424736744113034e-06,9.496265556663275e-05,2.6116642857232364e-06,3.7587262795568677e-06,4.741777502204059e-06,0.0,0.0,5.0,0.26861646899639247,7.152557373046875e-07,1.6689300537109375e-06,9.5367431640625e-07,1.0728836059570312e-06,0.009688609279692173,7.373653830960393,False,False
813,16.26,-0.1108701154589653,0.15306466817855835,4.8091230392456055,0.2890334725379944,-1.8698771420133653e-09,2.632253881529323e-06,-3.338951137266122e-05,3.932229446945712e-06,9.528867667540908e-05,2.0533254883048357e-06,3.200387482138467e-06,4.579858341458021e-06,0.0,0.0,5.0,0.268616807540651,3.5762786865234375e-07,1.1920928955078125e-06,1.1920928955078125e-06,1.430511474609375e-06,0.009688610211014748,7.383342441171408,False,False
814,16.28,-0.11087077111005783,0.1530647873878479,4.809125900268555,0.2890334725379944,7.124648249146048e-08,2.663971145011601e-06,-3.3236068702535704e-05,3.435904773141374e-06,9.558856254443526e-05,1.1182847856616718e-06,4.111187990929466e-06,4.499670012592105e-06,0.0,0.0,5.0,0.2686151130761552,0.0,-3.159046173095703e-06,9.5367431640625e-07,-2.0265579223632812e-06,0.009688611142337322,7.393031052313745,False,False
815,16.3,-0.11087142676115036,0.15306489169597626,4.809127330780029,0.2890334725379944,1.7196292390053713e-07,2.692774387469399e-06,-3.306533471914008e-05,2.939022124337498e-06,9.503925684839487e-05,1.7620088783587562e-06,5.960358066658955e-06,5.0777121032297146e-06,0.0,0.0,5.0,0.2686144266362297,-1.7881393432617188e-07,-1.9073486328125e-06,7.152557373046875e-07,-3.337860107421875e-06,0.009688611142337322,7.402719663456082,False,False
816,16.32,-0.11087208241224289,0.15306489169597626,4.809127330780029,0.2890334725379944,2.8844957000728755e-07,2.698924163269112e-06,-3.2872329029487446e-05,2.4437035790469963e-06,9.43854684010148e-05,-1.1470687013570569e-06,5.688197234121617e-06,5.622626758849947e-06,0.0,0.0,5.0,0.26861469725888876,1.0728836059570312e-06,-1.9073486328125e-06,7.152557373046875e-07,-1.5497207641601562e-06,0.009688611142337322,7.41240827459842,False,False
817,16.34,-0.11087273806333542,0.15306489169597626,4.809127330780029,0.2890335023403168,3.987418040196644e-07,2.6853183499042643e-06,-3.265839404775761e-05,1.9564081412681844e-06,9.408441837877035e-05,-2.1353595514028711e-07,5.340941243048292e-06,6.172845587570919e-06,0.0,0.0,5.0,0.2686149678828756,-2.384185791015625e-07,7.152557373046875e-07,7.152557373046875e-07,1.1920928955078125e-07,0.009688610211014748,7.422096884809434,False,False
818,16.36,-0.11087339371442795,0.15306489169597626,4.809127330780029,0.28903377056121826,5.132769160809403e-07,2.662017095644842e-06,-3.2424446544609964e-05,1.4777622254769085e-06,9.407073957845569e-05,-2.116573796229204e-06,6.112487426435109e-06,6.11026143815252e-06,0.0,0.0,5.0,0.2686152385081901,-4.172325134277344e-07,1.6689300537109375e-06,5.960464477539062e-07,1.1920928955078125e-06,0.009688610211014748,7.431785495020449,False,False
819,16.38,-0.11087404936552048,0.15306489169597626,4.809127330780029,0.2890338599681854,6.389852273969154e-07,2.6046845960081555e-06,-3.2170086342375726e-05,1.0131394674317562e-06,9.430531645193696e-05,-3.6166672998660943e-06,6.4582336563034914e-06,5.86661144552636e-06,0.0,0.0,5.0,0.2686155091348323,-1.1920928955078125e-07,2.384185791015625e-07,3.5762786865234375e-07,1.1920928955078125e-06,0.009688609279692173,7.441474104300141,False,False
820,16.4,-0.110874705016613,0.15306489169597626,4.809127330780029,0.2890338599681854,7.904439485173498e-07,2.5343019842694048e-06,-3.189422204741277e-05,5.683832569047809e-07,9.431777289137244e-05,-3.4216018320876174e-06,8.687492481840309e-06,5.7228530749853235e-06,0.0,0.0,5.0,0.26861577976280215,8.344650268554688e-07,1.1920928955078125e-07,3.5762786865234375e-07,-1.7881393432617188e-07,0.009688609279692173,7.4511627135798335,False,False
821,16.42,-0.11087536066770554,0.15306489169597626,4.809127330780029,0.2890338599681854,9.541179224470397e-07,2.4614428184577264e-06,-3.159181505907327e-05,1.459361413935767e-07,9.427801705896854e-05,-3.8642892832285725e-06,7.679750524403062e-06,5.858484200871317e-06,0.0,0.0,5.0,0.26861605039209974,5.960464477539062e-07,-1.7881393432617188e-07,0.0,7.152557373046875e-07,0.009688609279692173,7.460851322859526,False,False
822,16.44,-0.11087600886821747,0.15306489169597626,4.809127330780029,0.2890338599681854,1.1144455811518128e-06,2.402942300250288e-06,-3.126334922853857e-05,-2.543573032198765e-07,9.426433825865388e-05,-1.9857404822687386e-06,8.35284936329117e-06,5.9188491832173895e-06,0.0,0.0,5.0,0.26861631794736957,3.5762786865234375e-07,1.3113021850585938e-06,2.384185791015625e-07,1.1920928955078125e-07,0.009688609279692173,7.470539932139218,False,False
823,16.46,-0.11087660491466522,0.15306489169597626,4.809127330780029,0.2890338599681854,1.2628503327505314e-06,2.350224349356722e-06,-3.090776954195462e-05,-6.361988766911963e-07,9.438133565708995e-05,-3.2860543797141872e-06,6.487483005912509e-06,5.807832621940179e-06,0.0,0.0,5.0,0.2686165639763491,2.384185791015625e-07,-3.5762786865234375e-07,1.1920928955078125e-07,8.344650268554688e-07,0.009688608348369598,7.4802285404875875,False,False
824,16.48,-0.11087720096111298,0.15306489169597626,4.809127330780029,0.2890338599681854,1.4023461289980332e-06,2.293871375513845e-06,-3.052913962164894e-05,-9.993159437726717e-07,9.435461834073067e-05,-2.3492602849728428e-06,7.461948371201288e-06,5.7894935707736295e-06,0.0,0.0,5.0,0.26861681000642595,4.76837158203125e-07,4.76837158203125e-07,2.384185791015625e-07,1.1920928955078125e-07,0.009688608348369598,7.489917148835957,False,False
825,16.5,-0.11087779700756073,0.15306489169597626,4.809127330780029,0.2890338599681854,1.5457407016583602e-06,2.246691110485699e-06,-3.0126308047329076e-05,-1.3448456002151943e-06,9.435403626412153e-05,-2.3687871362199076e-06,6.877368832647335e-06,5.790479463030351e-06,0.0,0.0,5.0,0.2686170560376,3.5762786865234375e-07,5.960464477539062e-07,1.1920928955078125e-07,2.384185791015625e-07,0.009688608348369598,7.499605757184327,False,False
826,16.52,-0.11087839305400848,0.15306489169597626,4.809127330780029,0.2890338599681854,1.674429540798883e-06,2.1964829102216754e-06,-2.9700317099923268e-05,-1.6736479437895468e-06,9.437958942726254e-05,-2.652005605341401e-06,5.991426405671518e-06,5.767247330368264e-06,0.0,0.0,5.0,0.26861730206987133,3.5762786865234375e-07,2.384185791015625e-07,0.0,8.344650268554688e-07,0.009688607417047024,7.509294364601374,False,False
827,16.54,-0.11087898910045624,0.15306489169597626,4.809127330780029,0.2890338599681854,1.7972233763430268e-06,2.152057277271524e-06,-2.9253742468426935e-05,-1.986187044167309e-06,9.440514259040356e-05,-1.7905521190186846e-06,6.2878270910005085e-06,5.742854682466714e-06,0.0,0.0,5.0,0.26861754810323984,2.384185791015625e-07,1.0728836059570312e-06,0.0,4.76837158203125e-07,0.009688607417047024,7.518982972018421,False,False
828,16.56,-0.11087958514690399,0.15306489169597626,4.809127330780029,0.2890338599681854,1.9132528450427344e-06,2.1065179680590518e-06,-2.8786584152840078e-05,-2.2840276869828813e-06,9.449600474908948e-05,-2.763387556115049e-06,5.3149915402173065e-06,5.6130952543753665e-06,0.0,0.0,5.0,0.2686177941377057,3.5762786865234375e-07,-2.980232238769531e-07,-5.960464477539063e-08,7.152557373046875e-07,0.009688607417047024,7.528671579435468,False,False
829,16.580000000000002,-0.11088018119335175,0.15306489169597626,4.809127330780029,0.2890338599681854,2.029298684647074e-06,2.0670222511398606e-06,-2.830083940352779e-05,-2.566704097262118e-06,9.445624891668558e-05,-1.1861999382745125e-06,6.289456905506086e-06,5.64924221180263e-06,0.0,0.0,5.0,0.26861804017326874,1.1920928955078125e-07,1.5497207641601562e-06,-1.7881393432617188e-07,0.0,0.009688607417047024,7.538360186852515,False,False
830,16.6,-0.11088071763515472,0.15306489169597626,4.809127330780029,0.2890338599681854,2.1353052943595685e-06,2.0382060483825626e-06,-2.779494025162421e-05,-2.836960675267619e-06,9.445566684007645e-05,-1.6954396642177016e-06,4.311080374463927e-06,5.4837396419316065e-06,0.0,0.0,5.0,0.2686182616062136,2.384185791015625e-07,8.344650268554688e-07,0.0,4.76837158203125e-07,0.00968860648572445,7.548048793338239,False,False
831,16.62,-0.1108812540769577,0.15306483209133148,4.809127330780029,0.2890338599681854,2.218579766122275e-06,2.0013496850879164e-06,-2.7273326850263402e-05,-3.0958531169744674e-06,9.448122000321746e-05,-1.9902106487279525e-06,4.016309503640514e-06,5.411493020801572e-06,0.0,0.0,5.0,0.268618449075976,2.384185791015625e-07,5.960464477539062e-07,2.384185791015625e-07,3.5762786865234375e-07,0.00968860648572445,7.557737399823964,False,False
832,16.64,-0.11088179051876068,0.15306471288204193,4.809127330780029,0.2890338599681854,2.295959120601765e-06,1.9585975223890273e-06,-2.67387385974871e-05,-3.342816171425511e-06,9.450677316635847e-05,-2.2849815195513656e-06,3.7215386328171007e-06,5.339246399671538e-06,0.0,0.0,5.0,0.2686186025826667,1.1920928955078125e-07,1.1920928955078125e-07,5.960464477539062e-07,2.384185791015625e-07,0.00968860648572445,7.567426006309688,False,False
833,16.66,-0.11088232696056366,0.15306459367275238,4.809127330780029,0.2890338599681854,2.376599240960786e-06,1.9070520238528843e-06,-2.6192190489382483e-05,-3.576782091840869e-06,9.450619108974934e-05,-2.869561058105319e-06,4.342406555224443e-06,5.388664703787072e-06,0.0,0.0,5.0,0.2686187560903938,1.1920928955078125e-07,-1.7881393432617188e-07,5.960464477539062e-07,-3.5762786865234375e-07,0.00968860648572445,7.5771146127954125,False,False
834,16.68,-0.11088286340236664,0.15306447446346283,4.809127330780029,0.2890338599681854,2.4728149128350196e-06,1.8473494947102154e-06,-2.5632407414377667e-05,-3.7954121125949314e-06,9.440106805413961e-05,-3.1006691187940305e-06,5.279076958686346e-06,5.5326486290141474e-06,0.0,0.0,5.0,0.26861890959915746,4.76837158203125e-07,1.1920928955078125e-07,4.76837158203125e-07,-5.960464477539062e-07,0.00968860648572445,7.586803219281137,False,False
835,16.7,-0.11088337004184723,0.15306435525417328,4.809127330780029,0.2890338599681854,2.5691599603305804e-06,1.7757218984115752e-06,-2.5057512175408192e-05,-3.996503892267356e-06,9.430904174223542e-05,-4.062075277033728e-06,4.355339569883654e-06,5.662659077643184e-06,0.0,0.0,5.0,0.26861905080684306,4.76837158203125e-07,-2.384185791015625e-07,4.76837158203125e-07,0.0,0.00968860648572445,7.596491825766861,False,False
836,16.72,-0.11088384687900543,0.15306423604488373,4.809127330780029,0.2890338599681854,2.663229906829656e-06,1.701818860055937e-06,-2.4469401978421956e-05,-4.178231847618008e-06,9.424315067008138e-05,-3.3281980904575903e-06,5.051546850154409e-06,5.775647423433838e-06,0.0,0.0,5.0,0.26861917971330146,1.1920928955078125e-07,5.960464477539062e-07,4.76837158203125e-07,-8.344650268554688e-07,0.009688605554401875,7.606180431321263,False,False
837,16.740000000000002,-0.11088432371616364,0.15306411683559418,4.809127330780029,0.2890338599681854,2.7520113690115977e-06,1.6169765331142116e-06,-2.3867607524152845e-05,-4.340643954492407e-06,9.417725959792733e-05,-5.1560205065470655e-06,3.826450210908661e-06,5.8330074352852535e-06,0.0,0.0,5.0,0.2686193086205974,3.5762786865234375e-07,-9.5367431640625e-07,3.5762786865234375e-07,-1.1920928955078125e-07,0.009688605554401875,7.615869036875665,False,False
838,16.76,-0.11088480055332184,0.15306399762630463,4.809127330780029,0.2890338897705078,2.833531880241935e-06,1.5188459201453952e-06,-2.325553032278549e-05,-4.480660209082998e-06,9.40068275667727e-05,-4.656951659853803e-06,4.325519057601923e-06,6.050369393051369e-06,0.0,0.0,5.0,0.2686194375287308,-1.7881393432617188e-07,2.384185791015625e-07,2.384185791015625e-07,-5.960464477539063e-08,0.009688605554401875,7.625557642430067,False,False
839,16.78,-0.11088527739048004,0.15306387841701508,4.809127330780029,0.289033979177475,2.9270049708429724e-06,1.4183538041834254e-06,-2.2632630134467036e-05,-4.5975748435012065e-06,9.388866601511836e-05,-5.392212642618688e-06,5.021726337872678e-06,5.98778524363297e-06,0.0,0.0,5.0,0.2686195664377017,1.1920928955078125e-07,-5.960464477539063e-08,0.0,-1.7881393432617188e-07,0.009688605554401875,7.635246247984469,False,False
840,16.8,-0.11088572442531586,0.15306375920772552,4.809127330780029,0.2890341281890869,3.0203768801584374e-06,1.3030686432102812e-06,-2.199771006416995e-05,-4.689023626269773e-06,9.377050446346402e-05,-6.136262982181506e-06,4.315347268857295e-06,6.050765932741342e-06,0.0,0.0,5.0,0.26861968304516337,-7.152557373046875e-07,3.5762786865234375e-07,-3.5762786865234375e-07,1.0728836059570312e-06,0.0096886046230793,7.644934852607548,False,False
841,16.82,-0.11088614165782928,0.15306363999843597,4.809127330780029,0.2890341579914093,3.121819872831111e-06,1.1838000091302092e-06,-2.135189606633503e-05,-4.752911991090514e-06,9.373074863106012e-05,-5.790516752313124e-06,5.828870143886888e-06,5.810142738482682e-06,0.0,0.0,5.0,0.268619787350983,-5.960464477539063e-08,1.1920928955078125e-07,-4.76837158203125e-07,-5.364418029785156e-07,0.0096886046230793,7.6546234572306275,False,False
842,16.84,-0.11088655889034271,0.15306352078914642,4.809127330780029,0.2890341579914093,3.2257705697702477e-06,1.062142018781742e-06,-2.069258152914699e-05,-4.788471414940432e-06,9.356031659990549e-05,-6.375219982146518e-06,4.566102234093705e-06,5.8614491535990965e-06,0.0,0.0,5.0,0.2686198916574632,1.1920928955078125e-07,-4.172325134277344e-07,-5.960464477539062e-07,2.384185791015625e-07,0.0096886046230793,7.664312061853707,False,False
843,16.86,-0.11088697612285614,0.15306340157985687,4.809127330780029,0.2890341579914093,3.3116243685071822e-06,9.476261197960412e-07,-2.0022229364258237e-05,-4.7958542381820735e-06,9.338988456875086e-05,-5.0762905630108435e-06,4.019193511339836e-06,5.814002633997006e-06,0.0,0.0,5.0,0.2686199959646038,-4.172325134277344e-07,-5.960464477539063e-08,-5.960464477539062e-07,-2.384185791015625e-07,0.0096886046230793,7.674000666476786,False,False
844,16.88,-0.11088739335536957,0.15306328237056732,4.809127330780029,0.2890341579914093,3.3785411233111518e-06,8.446864399047627e-07,-1.934303145390004e-05,-4.778686161444057e-06,9.315414354205132e-05,-5.217615125729935e-06,2.6724208055384224e-06,5.761954071203945e-06,0.0,0.0,5.0,0.26862010027240485,-4.172325134277344e-07,-2.980232238769531e-07,-7.152557373046875e-07,4.76837158203125e-07,0.0096886046230793,7.683689271099865,False,False
845,16.9,-0.11088775098323822,0.15306316316127777,4.809127330780029,0.2890341579914093,3.4361996767984238e-06,7.562209134448494e-07,-1.86581182788359e-05,-4.739462838188047e-06,9.294453775510192e-05,-3.6288765841163695e-06,3.0933840662328294e-06,5.6866806517064106e-06,0.0,0.0,5.0,0.26862017997576604,-5.364418029785156e-07,7.152557373046875e-07,-4.76837158203125e-07,-1.1920928955078125e-07,0.0096886046230793,7.693377875722945,False,False
846,16.92,-0.11088810861110687,0.15306304395198822,4.809127330780029,0.2890341579914093,3.4913807667180663e-06,6.645244639003067e-07,-1.7966933228308335e-05,-4.6811537686153315e-06,9.276106720790267e-05,-5.540703568840399e-06,2.4246744487754768e-06,5.5861996770545375e-06,0.0,0.0,5.0,0.2686202596796326,2.384185791015625e-07,-8.344650268554688e-07,-7.152557373046875e-07,0.0,0.0096886046230793,7.703066480346024,False,False
847,16.94,-0.11088846623897552,0.15306292474269867,4.809127330780029,0.2890341579914093,3.5396794828557177e-06,5.723496201426315e-07,-1.727162452880293e-05,-4.601537511916831e-06,9.253836469724774e-05,-3.676719416034757e-06,2.405147597528412e-06,5.587185569311259e-06,0.0,0.0,5.0,0.2686203393840046,-4.172325134277344e-07,4.76837158203125e-07,-7.152557373046875e-07,-4.76837158203125e-07,0.0096886046230793,7.712755084969103,False,False
848,16.96,-0.11088882386684418,0.15306280553340912,4.809127330780029,0.2890341579914093,3.5749237667914713e-06,4.980105359209119e-07,-1.65724541147938e-05,-4.5041560952086e-06,9.23548941500485e-05,-3.757146032512537e-06,1.119274202210363e-06,5.479923402162967e-06,0.0,0.0,5.0,0.2686204190888819,-2.384185791015625e-07,-5.960464477539063e-08,-7.152557373046875e-07,-5.960464477539063e-08,0.0096886046230793,7.722443689592183,False,False
849,16.98,-0.11088913679122925,0.15306268632411957,4.809127330780029,0.2890341579914093,3.594853751565097e-06,4.2493198293414025e-07,-1.587239239597693e-05,-4.3913087210967205e-06,9.215832687914371e-05,-3.5506507174432045e-06,8.737260941416025e-07,5.335608420864446e-06,0.0,0.0,5.0,0.26862048034023045,-1.1920928955078125e-07,-2.384185791015625e-07,-7.748603820800781e-07,-4.172325134277344e-07,0.0096886046230793,7.732132294215262,False,False
850,17.0,-0.11088943481445312,0.15306256711483002,4.809127330780029,0.2890341579914093,3.6137844290351495e-06,3.595181681248505e-07,-1.5172715393418912e-05,-4.264185463398462e-06,9.185727685689926e-05,-2.9906839245086303e-06,1.0193207344855182e-06,5.285859060677467e-06,0.0,0.0,5.0,0.2686205354406231,2.384185791015625e-07,7.152557373046875e-07,-5.364418029785156e-07,-6.556510925292969e-07,0.0096886046230793,7.741820898838341,False,False
851,17.02,-0.110889732837677,0.15306244790554047,4.809127330780029,0.2890341579914093,3.6094886581850005e-06,2.9385694233496906e-07,-1.4474141607934143e-05,-4.1243624764319975e-06,9.168684482574463e-05,-3.5753871543420246e-06,-1.4488944088952849e-06,5.237273853708757e-06,0.0,0.0,5.0,0.268620590541388,-1.7881393432617188e-07,-3.5762786865234375e-07,-4.76837158203125e-07,4.76837158203125e-07,0.0096886046230793,7.7515095034614205,False,False
852,17.04,-0.11089003086090088,0.15306232869625092,4.809127330780029,0.2890341579914093,3.5907471556129167e-06,2.2505143704165675e-07,-1.3782469068246428e-05,-3.972583272116026e-06,9.152950951829553e-05,-3.3051053378585493e-06,-4.252079008892906e-07,5.149893240741221e-06,0.0,0.0,5.0,0.26862064564252514,0.0,1.1920928955078125e-07,-5.960464477539062e-07,-1.7881393432617188e-07,0.0096886046230793,7.7611981080845,False,False
853,17.06,-0.11089029908180237,0.15306220948696136,4.809127330780029,0.2890341579914093,3.565761517165811e-06,1.6092573673631705e-07,-1.3097736882627942e-05,-3.809227337114862e-06,9.133294224739075e-05,-3.10739937958715e-06,-2.073343011943507e-06,5.1311430979694705e-06,0.0,0.0,5.0,0.26862068844122633,-3.5762786865234375e-07,1.1920928955078125e-07,-5.364418029785156e-07,5.960464477539062e-07,0.009688603691756725,7.770886711776257,False,False
854,17.080000000000002,-0.11089053750038147,0.15306209027767181,4.809127330780029,0.2890341579914093,3.5238679174653953e-06,1.104055158407391e-07,-1.2422931831679307e-05,-3.636591600297834e-06,9.121478069573641e-05,-1.9445849375188118e-06,-2.1159746665944112e-06,4.967503173247678e-06,0.0,0.0,5.0,0.26862071893740813,-7.152557373046875e-07,4.76837158203125e-07,-3.5762786865234375e-07,1.1920928955078125e-07,0.009688603691756725,7.780575315468013,False,False
855,17.1,-0.11089077591896057,0.15306197106838226,4.809127330780029,0.2890341579914093,3.484366970951669e-06,6.265398155846924e-08,-1.175847773993155e-05,-3.4576291909615975e-06,9.107048390433192e-05,-2.830527137120953e-06,-1.834140107348503e-06,4.832272225030465e-06,0.0,0.0,5.0,0.268620749433851,-2.384185791015625e-07,-1.7881393432617188e-07,-2.980232238769531e-07,-2.384185791015625e-07,0.0096886046230793,7.790263920091093,False,False
856,17.12,-0.11089101433753967,0.1530618518590927,4.809127330780029,0.2890341579914093,3.4477773169783177e-06,6.136513075460925e-09,-1.110409721150063e-05,-3.2708016988181043e-06,9.075633715838194e-05,-2.8211720746185165e-06,-1.8247850448460667e-06,4.831682872463716e-06,0.0,0.0,5.0,0.26862077993055494,0.0,2.384185791015625e-07,-2.384185791015625e-07,0.0,0.0096886046230793,7.799952524714172,False,False
857,17.14,-0.11089125275611877,0.15306173264980316,4.809127330780029,0.2890341579914093,3.404305743970326e-06,-4.3325236731561745e-08,-1.0459993063705042e-05,-3.0758635602978757e-06,9.06381756067276e-05,-2.124964794347761e-06,-2.5223748707503546e-06,4.772125521412818e-06,0.0,0.0,5.0,0.2686208104275199,-4.76837158203125e-07,4.76837158203125e-07,-2.384185791015625e-07,2.384185791015625e-07,0.009688603691756725,7.809641128405929,False,False
858,17.16,-0.1108914315700531,0.1530616730451584,4.809127330780029,0.2890341579914093,3.3468813853687607e-06,-8.489018910040613e-08,-9.827732355915941e-06,-2.8752319849445485e-06,9.052001405507326e-05,-2.031481471931329e-06,-3.2199645829678047e-06,4.652028565033106e-06,0.0,0.0,5.0,0.26862085028194493,-7.152557373046875e-07,5.960464477539062e-07,-2.980232238769531e-07,4.76837158203125e-07,0.009688603691756725,7.819329732097685,False,False
859,17.18,-0.11089161038398743,0.1530616730451584,4.809127330780029,0.2890341579914093,3.282170837337617e-06,-1.3072830995497497e-07,-9.209448762703687e-06,-2.670072035471094e-06,9.040185250341892e-05,-2.552272690081736e-06,-3.2510438359167892e-06,4.434484708326636e-06,0.0,0.0,5.0,0.26862092409954474,-1.1920928955078125e-07,1.1920928955078125e-07,-5.960464477539062e-07,3.5762786865234375e-07,0.009688603691756725,7.829018335789442,False,False
860,17.2,-0.11089178919792175,0.1530616730451584,4.809127330780029,0.2890341579914093,3.2175919386645546e-06,-1.7681101383004716e-07,-8.60600994201377e-06,-2.459580400682171e-06,9.023142047226429e-05,-2.0559687072818633e-06,-3.206782366760308e-06,4.265373263478978e-06,0.0,0.0,5.0,0.2686209979172433,0.0,4.76837158203125e-07,-7.152557373046875e-07,4.76837158203125e-07,0.009688603691756725,7.838706939481199,False,False
861,17.22,-0.11089196801185608,0.1530616730451584,4.809127330780029,0.2890341579914093,3.1441038572666002e-06,-2.0882418994006002e-07,-8.017416803340893e-06,-2.245191581096151e-06,9.015243267640471e-05,-1.1452923445176566e-06,-4.141946646996075e-06,4.13561383538763e-06,0.0,0.0,5.0,0.26862107173504063,-3.5762786865234375e-07,9.5367431640625e-07,-7.748603820800781e-07,8.344650268554688e-07,0.009688603691756725,7.8483955431729555,False,False
862,17.240000000000002,-0.1108921468257904,0.1530616730451584,4.809127330780029,0.2890341579914093,3.0555638659279794e-06,-2.2575271430014254e-07,-7.445387836924056e-06,-2.0306313217588468e-06,9.008654160425067e-05,-5.475305329127877e-07,-4.71196335638524e-06,3.923541498807026e-06,0.0,0.0,5.0,0.26862114555293665,-6.556510925292969e-07,1.3113021850585938e-06,-9.5367431640625e-07,1.0728836059570312e-06,0.009688603691756725,7.858084146864712,False,False
863,17.26,-0.11089226603507996,0.1530616730451584,4.809127330780029,0.2890341579914093,2.9549864848377183e-06,-2.377666419306479e-07,-6.8917411226721015e-06,-1.818749069570913e-06,9.008595952764153e-05,-6.538259071930952e-07,-5.345641056919703e-06,3.4952399801113643e-06,0.0,0.0,5.0,0.2686211947649222,-3.5762786865234375e-07,3.5762786865234375e-07,-6.556510925292969e-07,7.152557373046875e-07,0.009688603691756725,7.867772750556469,False,False
864,17.28,-0.1108923852443695,0.1530616730451584,4.809127330780029,0.2890341579914093,2.844632490450749e-06,-2.422289924197685e-07,-6.358480277413037e-06,-1.6108202771647484e-06,8.999393321573734e-05,2.076276217621853e-07,-5.689633781003067e-06,3.307383849460166e-06,0.0,0.0,5.0,0.26862124397695164,-7.152557373046875e-07,1.0728836059570312e-06,-7.152557373046875e-07,8.344650268554688e-07,0.009688603691756725,7.877461354248226,False,False
865,17.3,-0.11089250445365906,0.1530616730451584,4.809127330780029,0.2890341579914093,2.7243845579505432e-06,-2.449070564125577e-07,-5.846757176186657e-06,-1.4090614968154114e-06,8.994108065962791e-05,-4.7539788283756934e-07,-6.334989393508295e-06,2.9923912734375335e-06,0.0,0.0,5.0,0.26862129318902495,-5.364418029785156e-07,1.1920928955078125e-07,-7.748603820800781e-07,1.0728836059570312e-06,0.009688603691756725,7.887149957939982,False,False
866,17.32,-0.11089262366294861,0.1530616730451584,4.809127330780029,0.2890341579914093,2.6098048238054616e-06,-2.422935949653038e-07,-5.357949703466147e-06,-1.2134058806623216e-06,8.982291910797358e-05,7.367644911937532e-07,-5.122825768921757e-06,2.724525074881967e-06,0.0,0.0,5.0,0.26862134240114216,-5.960464477539063e-08,9.5367431640625e-07,-4.76837158203125e-07,0.0,0.009688603691756725,7.896838561631739,False,False
867,17.34,-0.11089274287223816,0.1530616730451584,4.809127330780029,0.2890341579914093,2.4981109163491055e-06,-2.3001392435162415e-07,-4.889277079200838e-06,-1.025627852868638e-06,8.97962017916143e-05,4.912168378723436e-07,-6.046435828466201e-06,2.6437801352585666e-06,0.0,0.0,5.0,0.2686213916133033,-4.172325134277344e-07,1.0728836059570312e-06,-5.364418029785156e-07,7.152557373046875e-07,0.009688603691756725,7.906527165323496,False,False
868,17.36,-0.11089285463094711,0.1530616730451584,4.809127330780029,0.2890341579914093,2.3647000944038155e-06,-2.2099287377841392e-07,-4.4427051761886105e-06,-8.465876248919812e-07,8.979561971500516e-05,4.1091482216870645e-07,-7.294513579836348e-06,2.3772217900841497e-06,0.0,0.0,5.0,0.2686214377497442,-6.556510925292969e-07,5.960464477539062e-07,-2.384185791015625e-07,1.3113021850585938e-06,0.00968860276043415,7.91621576808393,False,False
869,17.38,-0.11089291423559189,0.1530616730451584,4.809127330780029,0.2890341579914093,2.231539383501513e-06,-2.049412017868235e-07,-4.021382210339652e-06,-6.772417009415221e-07,8.979503763839602e-05,1.1942638593609445e-06,-6.0214533732505515e-06,2.0480865714489482e-06,0.0,0.0,5.0,0.26862146235586176,-3.5762786865234375e-07,9.5367431640625e-07,-1.7881393432617188e-07,2.384185791015625e-07,0.009688603691756725,7.925904371775687,False,False
870,17.400000000000002,-0.11089297384023666,0.1530616730451584,4.809127330780029,0.2890341579914093,2.1018727238697466e-06,-1.831348015457479e-07,-3.6230073874321533e-06,-5.18853482844861e-07,8.970301132649183e-05,9.86386112344917e-07,-6.945063432794996e-06,1.903773295452993e-06,0.0,0.0,5.0,0.2686214869619903,-7.748603820800781e-07,9.5367431640625e-07,1.1920928955078125e-07,8.344650268554688e-07,0.00968860276043415,7.935592974536121,False,False
871,17.42,-0.11089303344488144,0.1530616730451584,4.809127330780029,0.2890341579914093,1.972714926523622e-06,-1.728745218088079e-07,-3.2485565952811157e-06,-3.7125715834918083e-07,8.967629401013255e-05,3.966917105913126e-08,-5.9705980675062165e-06,1.724999378893699e-06,0.0,0.0,5.0,0.26862151156812986,-1.1920928955078125e-07,0.0,0.0,3.5762786865234375e-07,0.009688603691756725,7.945281578227878,False,False
872,17.44,-0.11089309304952621,0.1530616730451584,4.809127330780029,0.2890341579914093,1.8631618559084018e-06,-1.7653599115874385e-07,-2.8965989713469753e-06,-2.310344768829964e-07,8.958426769822836e-05,-4.057824583014735e-07,-4.984582119504921e-06,1.6376187659261632e-06,0.0,0.0,5.0,0.2686215361742803,3.5762786865234375e-07,3.5762786865234375e-07,-5.960464477539063e-08,3.5762786865234375e-07,0.009688603691756725,7.954970181919634,False,False
873,17.46,-0.11089315265417099,0.1530616730451584,4.809127330780029,0.2890341579914093,1.7605213997740066e-06,-1.8194917572600389e-07,-2.564593614806654e-06,-9.559801128489198e-08,8.960982086136937e-05,-1.354999312752625e-07,-5.279352990328334e-06,1.6138063756443444e-06,0.0,0.0,5.0,0.2686215607804418,-1.1920928955078125e-07,7.152557373046875e-07,-1.7881393432617188e-07,5.960464477539062e-07,0.00968860276043415,7.9646587846800685,False,False
874,17.48,-0.11089321225881577,0.1530616730451584,4.809127330780029,0.2890341579914093,1.6552604620301281e-06,-1.847090942419527e-07,-2.2524200176121667e-06,3.4719136010608054e-08,8.95308330655098e-05,-1.4046156593394699e-07,-5.246643922873773e-06,1.389625936099037e-06,0.0,0.0,5.0,0.26862158538661424,1.1920928955078125e-07,2.384185791015625e-07,-5.960464477539063e-08,5.960464477539062e-07,0.00968860276043415,7.974347387440503,False,False
875,17.5,-0.11089327186346054,0.1530616730451584,4.809127330780029,0.2890341579914093,1.5563041415589396e-06,-1.8191765605024557e-07,-1.9597678146965336e-06,1.5948894827033655e-07,8.953025098890066e-05,4.196301119918644e-07,-4.648880349122919e-06,1.3410161727733794e-06,0.0,0.0,5.0,0.26862160999279766,-2.384185791015625e-07,7.152557373046875e-07,-5.960464477539063e-08,3.5762786865234375e-07,0.00968860276043415,7.984035990200937,False,False
876,17.52,-0.11089333146810532,0.1530616730451584,4.809127330780029,0.2890341579914093,1.467911829422519e-06,-1.8363037668223114e-07,-1.684623498476867e-06,2.783571062536794e-07,8.949049515649676e-05,-5.908748335059499e-07,-4.190247636870481e-06,1.2052022384523298e-06,0.0,0.0,5.0,0.268621634598992,2.384185791015625e-07,-5.960464477539063e-08,-2.980232238769531e-07,4.76837158203125e-07,0.00968860276043415,7.993724592961371,False,False
877,17.54,-0.1108933761715889,0.1530616730451584,4.809127330780029,0.2890341579914093,1.3800280385112274e-06,-1.855879929735238e-07,-1.4260780289987451e-06,3.933323000637756e-07,8.939846884459257e-05,3.951418818815e-07,-4.598028681357391e-06,1.1208484238522942e-06,0.0,0.0,5.0,0.268621653053645,-1.7881393432617188e-07,5.960464477539062e-07,-5.960464477539063e-08,5.960464477539062e-07,0.00968860276043415,8.003413195721805,False,False
878,17.56,-0.1108933761715889,0.1530616730451584,4.809127330780029,0.2890341579914093,1.2955509873791016e-06,-1.848923147917958e-07,-1.1840245406347094e-06,5.029934868616692e-07,8.93847900442779e-05,-3.255538558732951e-07,-3.849587301374413e-06,9.602371164874057e-07,0.0,0.0,5.0,0.268621653053645,2.384185791015625e-07,0.0,-1.1920928955078125e-07,2.384185791015625e-07,0.009688603691756725,8.013101799413562,False,False
879,17.580000000000002,-0.1108933761715889,0.1530616730451584,4.809127330780029,0.2890341579914093,1.2115824574721046e-06,-1.8444157490193902e-07,-9.574671366863186e-07,6.084021038077481e-07,8.926662849262357e-05,3.706537086145545e-07,-4.547177013591863e-06,9.0068112967856e-07,0.0,0.0,5.0,0.268621653053645,-2.384185791015625e-07,4.76837158203125e-07,1.1920928955078125e-07,4.76837158203125e-07,0.00968860276043415,8.022790402173996,False,False
880,17.6,-0.1108933761715889,0.1530616730451584,4.809127330780029,0.2890341579914093,1.1274846656306181e-06,-1.8449686933763587e-07,-7.469927822967293e-07,7.084966568982054e-07,8.920073742046952e-05,-3.761596190088312e-07,-3.862523954012431e-06,7.890838560342672e-07,0.0,0.0,5.0,0.268621653053645,3.5762786865234375e-07,0.0,0.0,2.384185791015625e-07,0.00968860276043415,8.03247900493443,False,False
881,17.62,-0.1108933761715889,0.1530616730451584,4.809127330780029,0.2890341579914093,1.047401156029082e-06,-1.8920195543614682e-07,-5.519162300515745e-07,8.047856567827694e-07,8.917402010411024e-05,-9.432446290702501e-08,-4.145740604144521e-06,8.142859542203951e-07,0.0,0.0,5.0,0.268621653053645,-5.960464477539063e-08,3.5762786865234375e-07,0.0,8.344650268554688e-07,0.00968860276043415,8.042167607694864,False,False
882,17.64,-0.1108933761715889,0.1530616730451584,4.809127330780029,0.2890341579914093,9.67449409472465e-07,-1.8850137450954207e-07,-3.7219695059320657e-07,8.969792020252498e-07,8.919957326725125e-05,1.6440542083273613e-07,-3.849339918815531e-06,7.414595302179805e-07,0.0,0.0,5.0,0.268621653053645,-1.7881393432617188e-07,4.76837158203125e-07,1.1920928955078125e-07,5.960464477539062e-07,0.00968860276043415,8.051856210455298,False,False
883,17.66,-0.1108933761715889,0.1530616730451584,4.809127330780029,0.2890341579914093,9.002065439744911e-07,-1.8978352045451174e-07,-2.066209248141604e-07,9.847610726865241e-07,8.915981743484735e-05,-2.9259885536703223e-07,-2.8748763725161552e-06,6.05064428782498e-07,0.0,0.0,5.0,0.268621653053645,4.76837158203125e-07,3.5762786865234375e-07,0.0,1.1920928955078125e-07,0.00968860276043415,8.061544813215733,False,False
884,17.68,-0.1108933761715889,0.1530616730451584,4.809127330780029,0.2890341579914093,8.368625685761799e-07,-1.9583102073283953e-07,-5.31172403839264e-08,1.0697890502342489e-06,8.915923535823822e-05,-3.1212547924042156e-07,-3.4594559110701084e-06,6.06049866291869e-07,0.0,0.0,5.0,0.268621653053645,0.0,1.1920928955078125e-07,0.0,7.152557373046875e-07,0.00968860276043415,8.071233415976167,False,False
885,17.7,-0.1108933761715889,0.1530616730451584,4.809127330780029,0.2890341579914093,7.73650413066207e-07,-1.9647281135348749e-07,8.786081195921724e-08,1.152040681517974e-06,8.915865328162909e-05,2.4796614184197097e-07,-2.8616941563086584e-06,5.574396482188604e-07,0.0,0.0,5.0,0.268621653053645,-5.960464477539063e-08,5.960464477539062e-07,-5.960464477539063e-08,3.5762786865234375e-07,0.00968860276043415,8.0809220187366,False,False
886,17.72,-0.1108933761715889,0.1530616730451584,4.809127330780029,0.2890341579914093,7.134682959986094e-07,-1.9446126486855064e-07,2.1758327761745022e-07,1.230552015840658e-06,8.91842064447701e-05,-4.680465437445491e-08,-3.1564650271320716e-06,4.851943913308787e-07,0.0,0.0,5.0,0.268621653053645,-1.1920928955078125e-07,0.0,-5.960464477539063e-08,4.76837158203125e-07,0.00968860276043415,8.090610621497035,False,False
887,17.740000000000002,-0.1108933761715889,0.1530616730451584,4.809127330780029,0.2890341579914093,6.601986228815804e-07,-1.998521241830531e-07,3.361064671025815e-07,1.3059337788945413e-06,8.90921801328659e-05,-4.922563903164701e-07,-2.1704490791307762e-06,3.978135509896674e-07,0.0,0.0,5.0,0.268621653053645,4.76837158203125e-07,-5.960464477539063e-08,0.0,2.384185791015625e-07,0.00968860276043415,8.10029922425747,False,False
888,17.76,-0.1108933761715889,0.1530616730451584,4.809127330780029,0.2890341579914093,6.139569563856639e-07,-2.068790223574979e-07,4.451733843779948e-07,1.3799977978123934e-06,8.906546281650662e-05,-2.1042123421466385e-07,-2.4536675482522696e-06,4.2301564917579526e-07,0.0,0.0,5.0,0.268621653053645,1.1920928955078125e-07,1.1920928955078125e-07,-1.1920928955078125e-07,7.152557373046875e-07,0.00968860276043415,8.109987827017903,False,False
889,17.78,-0.1108933761715889,0.1530616730451584,4.809127330780029,0.2890341579914093,5.637033382299705e-07,-1.9832928899177205e-07,5.450598337120027e-07,1.4517091813104344e-06,8.899957174435258e-05,1.0654044899638393e-06,-2.5716399250086397e-06,3.138642341582454e-07,0.0,0.0,5.0,0.268621653053645,-1.7881393432617188e-07,1.0728836059570312e-06,3.5762786865234375e-07,3.5762786865234375e-07,0.00968860276043415,8.119676429778337,False,False
890,17.8,-0.1108933761715889,0.1530616730451584,4.809127330780029,0.2890341579914093,5.130893896421185e-07,-1.9654392247048236e-07,6.360130555549404e-07,1.5185358961389284e-06,8.905126014724374e-05,-8.868559575603285e-07,-2.4897090042941272e-06,1.4475254772605695e-07,0.0,0.0,5.0,0.268621653053645,4.76837158203125e-07,-8.344650268554688e-07,0.0,4.76837158203125e-07,0.00968860276043415,8.129365032538772,False,False
891,17.82,-0.1108933761715889,0.1530616730451584,4.809127330780029,0.2890341579914093,4.7240149569915957e-07,-1.9914716631319607e-07,7.176831786637194e-07,1.5837936189200263e-06,8.897227235138416e-05,6.265437946240127e-07,-1.5790321867825696e-06,2.2688777789880987e-07,0.0,0.0,5.0,0.268621653053645,1.1920928955078125e-07,8.344650268554688e-07,0.0,2.384185791015625e-07,0.00968860276043415,8.139053635299206,False,False
892,17.84,-0.1108933761715889,0.1530616730451584,4.809127330780029,0.2890341579914093,4.3497465185282636e-07,-1.924621528814896e-07,7.927053502498893e-07,1.646070700189739e-06,8.897169027477503e-05,4.196379066456757e-08,-2.163611725336523e-06,1.7944012142834254e-07,0.0,0.0,5.0,0.268621653053645,1.1920928955078125e-07,2.384185791015625e-07,0.0,4.76837158203125e-07,0.00968860276043415,8.14874223805964,False,False
893,17.86,-0.1108933761715889,0.1530616730451584,4.809127330780029,0.2890341579914093,3.947814946059225e-07,-1.8892016839799908e-07,8.604044410276401e-07,1.7053704368663603e-06,8.894497295841575e-05,3.122462999272102e-07,-1.8556586383056128e-06,1.5562784483336145e-07,0.0,0.0,5.0,0.268621653053645,2.384185791015625e-07,2.384185791015625e-07,1.1920928955078125e-07,3.5762786865234375e-07,0.00968860276043415,8.158430840820074,False,False
894,17.88,-0.1108933761715889,0.1530616730451584,4.809127330780029,0.2890341579914093,3.6074749232284375e-07,-1.7997241741340986e-07,9.213817975251004e-07,1.7614623857298284e-06,8.891825564205647e-05,5.825286848448741e-07,-1.5477055512747029e-06,1.3181556823838037e-07,0.0,0.0,5.0,0.268621653053645,2.384185791015625e-07,7.152557373046875e-07,1.1920928955078125e-07,4.76837158203125e-07,0.00968860276043415,8.168119443580508,False,False
895,17.900000000000002,-0.1108933761715889,0.1530616730451584,4.809127330780029,0.2890341579914093,3.2684530992810323e-07,-1.7126953366641828e-07,9.76701699073601e-07,1.813872586353682e-06,8.894380880519748e-05,2.877577855997515e-07,-1.842476422098116e-06,5.957012305657372e-08,0.0,0.0,5.0,0.268621653053645,2.384185791015625e-07,3.5762786865234375e-07,2.384185791015625e-07,3.5762786865234375e-07,0.00968860276043415,8.177808046340942,False,False
896,17.92,-0.1108933761715889,0.1530616730451584,4.809127330780029,0.2890341579914093,2.9006136514908576e-07,-1.6582521311647724e-07,1.0256987934553763e-06,1.863001671154052e-06,8.894322672858834e-05,2.56678532650767e-07,-1.8358853139943676e-06,1.1541238187362524e-08,0.0,0.0,5.0,0.268621653053645,2.384185791015625e-07,2.384185791015625e-07,1.1920928955078125e-07,4.76837158203125e-07,0.00968860276043415,8.187496649101377,False,False
897,17.94,-0.1108933761715889,0.1530616730451584,4.809127330780029,0.2890341579914093,2.5642282253102167e-07,-1.5798885044659983e-07,1.0682792890293058e-06,1.90899527297006e-06,8.891650941222906e-05,5.269610028335592e-07,-1.5279322269634577e-06,-1.227107571111219e-08,0.0,0.0,5.0,0.268621653053645,2.384185791015625e-07,4.76837158203125e-07,2.384185791015625e-07,4.76837158203125e-07,0.00968860276043415,8.19718525186181,False,False
898,17.96,-0.1108933761715889,0.1530616730451584,4.809127330780029,0.2890341579914093,2.2592975312818453e-07,-1.4776038881336717e-07,1.1054098649765365e-06,1.9514486666594166e-06,8.891592733561993e-05,4.958817498845747e-07,-1.5213411188597092e-06,-6.029996058032339e-08,0.0,0.0,5.0,0.268621653053645,2.384185791015625e-07,3.5762786865234375e-07,2.384185791015625e-07,4.76837158203125e-07,0.00968860276043415,8.206873854622245,False,False
899,17.98,-0.1108933761715889,0.1530616730451584,4.809127330780029,0.2890341579914093,1.955685036136856e-07,-1.381535525979416e-07,1.1373733741493197e-06,1.9903277461708058e-06,8.891534525901079e-05,4.6480249693559017e-07,-1.5147500107559608e-06,-1.0832884811406984e-07,0.0,0.0,5.0,0.268621653053645,2.384185791015625e-07,2.384185791015625e-07,3.5762786865234375e-07,4.76837158203125e-07,0.00968860276043415,8.216562457382679,False,False
900,18.0,-0.1108933761715889,0.1530616730451584,4.809127330780029,0.2890341579914093,1.7136640906301182e-07,-1.2916825653519481e-07,1.1644699497992406e-06,2.0258489712432493e-06,8.891476318240166e-05,4.3372324398660567e-07,-9.054357974491722e-07,-1.0792457771913178e-07,0.0,0.0,5.0,0.268621653053645,3.5762786865234375e-07,4.76837158203125e-07,2.384185791015625e-07,2.384185791015625e-07,0.00968860276043415,8.226251060143113,False,False
901,18.02,-0.1108933761715889,0.1530616730451584,4.809127330780029,0.2890341579914093,1.4741165443865611e-07,-1.206890232197111e-07,1.1878927352881874e-06,2.058487780232099e-06,8.891418110579252e-05,4.1419662011321634e-07,-1.4900153928465443e-06,-1.0693914020976081e-07,0.0,0.0,5.0,0.268621653053645,1.1920928955078125e-07,3.5762786865234375e-07,3.5762786865234375e-07,5.960464477539062e-07,0.00968860276043415,8.235939662903547,False,False
902,18.04,-0.1108933761715889,0.1530616730451584,4.809127330780029,0.2890341579914093,1.2358871970263863e-07,-1.1245472819609859e-07,1.2069232298017596e-06,2.0881118416582467e-06,8.896586950868368e-05,4.0923487176769413e-07,-8.922535812416754e-07,-1.5554924459593167e-07,0.0,0.0,5.0,0.268621653053645,3.5762786865234375e-07,3.5762786865234375e-07,3.5762786865234375e-07,2.384185791015625e-07,0.00968860276043415,8.245628265663981,False,False
903,18.06,-0.1108933761715889,0.1530616730451584,4.809127330780029,0.2890341579914093,1.0291122976013867e-07,-1.0710223108389982e-07,1.2224199963384308e-06,2.115164079441456e-06,8.89914226718247e-05,1.260166584415856e-07,-1.17547199351975e-06,-1.3034726009664155e-07,0.0,0.0,5.0,0.268621653053645,3.5762786865234375e-07,1.1920928955078125e-07,2.384185791015625e-07,5.960464477539062e-07,0.00968860276043415,8.255316868424416,False,False
904,18.080000000000002,-0.1108933761715889,0.1530616730451584,4.809127330780029,0.2890341579914093,8.236557391683164e-08,-9.596730876637594e-08,1.2341957926764735e-06,2.1398807348305127e-06,8.90169758349657e-05,9.874701163425925e-07,-8.790722176854615e-07,-1.5474081749289326e-07,0.0,0.0,5.0,0.268621653053645,-5.960464477539063e-08,1.0728836059570312e-06,3.5762786865234375e-07,2.384185791015625e-07,0.00968860276043415,8.26500547118485,False,False
905,18.1,-0.1108933761715889,0.1530616730451584,4.809127330780029,0.2890341579914093,5.517100376550843e-08,-9.148129009872719e-08,1.242627831743448e-06,2.1611174361169105e-06,8.910783799365163e-05,-5.38865378985065e-07,-1.8403545709588798e-06,-2.3548633976133715e-07,0.0,0.0,5.0,0.268621653053645,1.1920928955078125e-07,-4.76837158203125e-07,2.384185791015625e-07,1.0728836059570312e-06,0.00968860276043415,8.274694073945284,False,False
906,18.12,-0.1108933761715889,0.1530616730451584,4.809127330780029,0.2890341579914093,3.4629032086286315e-08,-8.636995829647276e-08,1.2456748663680628e-06,2.1808243673149263e-06,8.913339115679264e-05,1.0499987865841831e-06,-2.1381977433065913e-07,-3.096206171449012e-07,0.0,0.0,5.0,0.268621653053645,0.0,4.76837158203125e-07,4.76837158203125e-07,-1.7881393432617188e-07,0.00968860276043415,8.284382676705718,False,False
907,18.14,-0.1108933761715889,0.1530616730451584,4.809127330780029,0.2890341579914093,2.3288723838277292e-08,-7.84609710535733e-08,1.2469557759686722e-06,2.197736421294394e-06,8.90675000846386e-05,-2.591039560684294e-07,-9.201989428220259e-07,-2.4664083753123123e-07,0.0,0.0,5.0,0.268621653053645,4.76837158203125e-07,-5.960464477539063e-08,3.5762786865234375e-07,5.960464477539062e-07,0.00968860276043415,8.294071279466152,False,False
908,18.16,-0.1108933761715889,0.1530616730451584,4.809127330780029,0.2890341579914093,1.0862227561858617e-08,-7.80421771651163e-08,1.2456997637855238e-06,2.213573907283717e-06,8.911918848752975e-05,3.0098760817054426e-07,-3.22437131217157e-07,-2.4681773425072606e-07,0.0,0.0,5.0,0.268621653053645,3.5762786865234375e-07,3.5762786865234375e-07,3.5762786865234375e-07,3.5762786865234375e-07,0.00968860276043415,8.303759882226586,False,False
909,18.18,-0.1108933761715889,0.1530616730451584,4.809127330780029,0.2890341579914093,4.47932446689947e-09,-7.195647100388669e-08,1.2429993603291223e-06,2.2282026748143835e-06,8.917087689042091e-05,3.0757848890061723e-07,-3.1584625048708403e-07,-2.46413463855788e-07,0.0,0.0,5.0,0.268621653053645,1.1920928955078125e-07,2.384185791015625e-07,2.384185791015625e-07,2.384185791015625e-07,0.00968860276043415,8.31344848498702,False,False
910,18.2,-0.1108933761715889,0.1530616730451584,4.809127330780029,0.2890341579914093,-1.6562325955149504e-09,-6.600012625312957e-08,1.2394547184158e-06,2.2413371425500372e-06,8.911802433431149e-05,2.880518650272279e-07,-2.977027406814159e-07,-2.4542802634641703e-07,0.0,0.0,5.0,0.268621653053645,2.384185791015625e-07,4.76837158203125e-07,3.5762786865234375e-07,3.5762786865234375e-07,0.00968860276043415,8.323137087747455,False,False
911,18.22,-0.1108933761715889,0.1530616730451584,4.809127330780029,0.2890341579914093,-4.530793074053463e-09,-6.31867749234516e-08,1.2352168141660513e-06,2.2532356069859816e-06,8.91435774974525e-05,-6.718940959160591e-09,1.024992002385261e-08,-2.6924041662823583e-07,0.0,0.0,5.0,0.268621653053645,3.5762786865234375e-07,1.1920928955078125e-07,2.384185791015625e-07,1.1920928955078125e-07,0.00968860276043415,8.332825690507889,False,False
912,18.240000000000002,-0.1108933761715889,0.1530616730451584,4.809127330780029,0.2890341579914093,-7.1580052996012e-09,-6.050279210967346e-08,1.230742327607004e-06,2.264692966491566e-06,8.911686018109322e-05,2.751161787273304e-07,-2.729682648805465e-07,-2.44038318442108e-07,0.0,0.0,5.0,0.268621653053645,2.384185791015625e-07,4.76837158203125e-07,2.384185791015625e-07,3.5762786865234375e-07,0.00968860276043415,8.342514293268323,False,False
913,18.26,-0.1108933761715889,0.1530616730451584,4.809127330780029,0.2890341579914093,-1.2551518935310924e-08,-5.531121871626965e-08,1.2256970194357564e-06,2.2751016786060063e-06,8.911627810448408e-05,2.440369257783459e-07,-2.663773841504735e-07,-2.9206714202700823e-07,0.0,0.0,5.0,0.268621653053645,2.384185791015625e-07,1.1920928955078125e-07,3.5762786865234375e-07,2.384185791015625e-07,0.00968860276043415,8.352202896028757,False,False
914,18.28,-0.1108933761715889,0.1530616730451584,4.809127330780029,0.2890341579914093,-1.4684036209189344e-08,-5.363936139701764e-08,1.2200397350170533e-06,2.284483571202145e-06,8.90895607881248e-05,-7.685146385938424e-08,5.312794115752695e-08,-2.668650438408804e-07,0.0,0.0,5.0,0.268621653053645,4.76837158203125e-07,2.384185791015625e-07,2.384185791015625e-07,3.5762786865234375e-07,0.00968860276043415,8.361891498789191,False,False
915,18.3,-0.1108933761715889,0.1530616730451584,4.809127330780029,0.2890341579914093,-1.3555554012611992e-08,-4.945990639271258e-08,1.214419285133772e-06,2.2936094410397345e-06,8.908897871151567e-05,4.947928005094582e-07,5.971887873101878e-08,-2.664607734459423e-07,0.0,0.0,5.0,0.268621653053645,1.1920928955078125e-07,7.152557373046875e-07,2.384185791015625e-07,2.384185791015625e-07,0.00968860276043415,8.371580101549625,False,False
916,18.32,-0.1108933761715889,0.1530616730451584,4.809127330780029,0.2890341579914093,-1.820703054988826e-08,-4.540981990430737e-08,1.2090545169485267e-06,2.3015793431113707e-06,8.908839663490653e-05,-8.978717858099117e-08,-5.248610932540032e-07,-3.1390842991640966e-07,0.0,0.0,5.0,0.268621653053645,3.5762786865234375e-07,0.0,2.384185791015625e-07,7.152557373046875e-07,0.00968860276043415,8.38126870431006,False,False
917,18.34,-0.1108933761715889,0.1530616730451584,4.809127330780029,0.2890341579914093,-2.5740336084822957e-08,-3.8590989959175204e-08,1.2024675015709363e-06,2.3085942757461453e-06,8.911394979804754e-05,7.716661798440327e-07,-2.2846109004603932e-07,-3.3830198731266137e-07,0.0,0.0,5.0,0.268621653053645,2.384185791015625e-07,5.960464477539062e-07,3.5762786865234375e-07,2.384185791015625e-07,0.00968860276043415,8.390957307070494,False,False
918,18.36,-0.1108933761715889,0.1530616730451584,4.809127330780029,0.2890341579914093,-3.31418199550626e-08,-3.201703790978172e-08,1.1951892702199984e-06,2.3134427920012968e-06,8.913950296118855e-05,-1.1427547974562913e-07,-5.116793317938573e-07,-3.6153321048004727e-07,0.0,0.0,5.0,0.268621653053645,3.5762786865234375e-07,-1.7881393432617188e-07,2.384185791015625e-07,5.960464477539062e-07,0.00968860276043415,8.400645909830928,False,False
919,18.38,-0.1108933761715889,0.1530616730451584,4.809127330780029,0.2890341579914093,-3.363077283324856e-08,-1.8530528222981957e-08,1.18701041174063e-06,2.3168863663158845e-06,8.909974712878466e-05,1.4629121096731978e-06,4.6278469767457864e-07,-3.2538534355808224e-07,0.0,0.0,5.0,0.268621653053645,1.1920928955078125e-07,1.3113021850585938e-06,4.76837158203125e-07,-2.384185791015625e-07,0.00968860276043415,8.410334512591362,False,False
920,18.400000000000002,-0.1108933761715889,0.1530616730451584,4.809127330780029,0.2890341579914093,-4.42468603978341e-08,-1.554789186286598e-08,1.179703190246073e-06,2.3173568024503766e-06,8.915143553167582e-05,-1.1646483244476258e-06,-1.5243822417687625e-06,-3.7440710798364307e-07,0.0,0.0,5.0,0.268621653053645,3.5762786865234375e-07,-1.0728836059570312e-06,3.5762786865234375e-07,1.3113021850585938e-06,0.00968860276043415,8.420023115351796,False,False
921,18.42,-0.1108933761715889,0.1530616730451584,4.809127330780029,0.2890341579914093,-4.655912277939933e-08,-1.066540367133939e-08,1.1693139185808832e-06,2.3179588879429502e-06,8.919002721086144e-05,1.6528927062609e-06,1.2931587889397633e-06,-3.554286820417474e-07,0.0,0.0,5.0,0.268621653053645,1.1920928955078125e-07,1.5497207641601562e-06,4.76837158203125e-07,-7.152557373046875e-07,0.00968860276043415,8.42971171811223,False,False
922,18.44,-0.1108933761715889,0.1530616730451584,4.809127330780029,0.2890341579914093,-3.972748174874141e-08,-2.289590295134758e-09,1.1615421726673958e-06,2.316251993761398e-06,8.918944513425231e-05,-8.15322437119903e-07,-6.100027576394496e-07,-3.5558147715164523e-07,0.0,0.0,5.0,0.268621653053645,4.76837158203125e-07,-3.5762786865234375e-07,2.384185791015625e-07,8.344650268554688e-07,0.00968860276043415,8.439400320872664,False,False
923,18.46,-0.1108933761715889,0.1530616730451584,4.809127330780029,0.2890341579914093,-4.5196575371164727e-08,-6.21454354643447e-09,1.1530756864885916e-06,2.314970060979249e-06,8.918886305764318e-05,4.228330112709955e-07,6.309958422434647e-08,-3.4970432238878857e-07,0.0,0.0,5.0,0.268621653053645,2.384185791015625e-07,3.5762786865234375e-07,4.76837158203125e-07,1.1920928955078125e-07,0.00968860276043415,8.449088923633099,False,False
924,18.48,-0.1108933761715889,0.1530616730451584,4.809127330780029,0.2890341579914093,-4.3753136225177514e-08,-3.6036518213933277e-09,1.1444590199971572e-06,2.31324952437717e-06,8.918828098103404e-05,-1.6174695360859914e-07,8.124315087343348e-08,-3.487188848794176e-07,0.0,0.0,5.0,0.268621653053645,4.76837158203125e-07,0.0,3.5762786865234375e-07,2.384185791015625e-07,0.00968860276043415,8.458777526393533,False,False
925,18.5,-0.1108933761715889,0.1530616730451584,4.809127330780029,0.2890341579914093,-4.194681935132394e-08,-7.033887694518626e-09,1.1360899634382804e-06,2.3117991077015176e-06,8.91876989044249e-05,-1.8127357748198847e-07,9.938671752252048e-08,-2.9930035339020833e-07,0.0,0.0,5.0,0.268621653053645,4.76837158203125e-07,0.0,2.384185791015625e-07,2.384185791015625e-07,0.00968860276043415,8.468466129153967,False,False
926,18.52,-0.1108933761715889,0.1530616730451584,4.809127330780029,0.2890341579914093,-4.2791278076492745e-08,-7.841020277510324e-09,1.1277802514086943e-06,2.310934860361158e-06,8.916098158806562e-05,1.0056152888182623e-07,-1.8383146027645125e-07,-2.740982552040805e-07,0.0,0.0,5.0,0.268621653053645,2.384185791015625e-07,4.76837158203125e-07,3.5762786865234375e-07,3.5762786865234375e-07,0.00968860276043415,8.478154731914401,False,False
927,18.54,-0.1108933761715889,0.1530616730451584,4.809127330780029,0.2890341579914093,-4.3388386217202424e-08,-8.777509385993199e-09,1.1191542625965667e-06,2.309959654667182e-06,8.918653475120664e-05,-1.9420927799274068e-07,1.2412120042881725e-07,-2.979106454858993e-07,0.0,0.0,5.0,0.268621653053645,4.76837158203125e-07,0.0,2.384185791015625e-07,2.384185791015625e-07,0.00968860276043415,8.487843334674835,False,False
928,18.56,-0.1108933761715889,0.1530616730451584,4.809127330780029,0.2890341579914093,-4.3738147326166654e-08,-9.843357240413297e-09,1.1105104249509168e-06,2.309375986442319e-06,8.915981743484735e-05,8.762582126564666e-08,-1.5909697026472713e-07,-2.7270854729977145e-07,0.0,0.0,5.0,0.268621653053645,2.384185791015625e-07,3.5762786865234375e-07,3.5762786865234375e-07,3.5762786865234375e-07,0.00968860276043415,8.49753193743527,False,False
929,18.580000000000002,-0.1108933761715889,0.1530616730451584,4.809127330780029,0.2890341579914093,-4.3840561403385436e-08,-1.1038561176235362e-08,1.1016289818144287e-06,2.308757757418789e-06,8.918537059798837e-05,-2.071449785034929e-07,1.4885569044054137e-07,-2.9652093758159026e-07,0.0,0.0,5.0,0.268621653053645,4.76837158203125e-07,-5.960464477539063e-08,2.384185791015625e-07,3.5762786865234375e-07,0.00968860276043415,8.507220540195704,False,False
930,18.6,-0.1108933761715889,0.1530616730451584,4.809127330780029,0.2890341579914093,-4.079750581809094e-08,-9.464991457264205e-09,1.0930012876997353e-06,2.3085026441549417e-06,8.918478852137923e-05,3.6449930007620424e-07,1.5544657117061433e-07,-2.961166671866522e-07,0.0,0.0,5.0,0.268621653053645,2.384185791015625e-07,3.5762786865234375e-07,3.5762786865234375e-07,3.5762786865234375e-07,0.00968860276043415,8.516909142956138,False,False
931,18.62,-0.1108933761715889,0.1530616730451584,4.809127330780029,0.2890341579914093,-3.4608980570283165e-08,-5.122648971678245e-09,1.085347093976452e-06,2.30767591347103e-06,8.921034168452024e-05,6.972847188535525e-08,4.6339923187588283e-07,-3.19929057468471e-07,0.0,0.0,5.0,0.268621653053645,4.76837158203125e-07,3.5762786865234375e-07,2.384185791015625e-07,1.1920928955078125e-07,0.00968860276043415,8.526597745716572,False,False
932,18.64,-0.1108933761715889,0.1530616730451584,4.809127330780029,0.2890341579914093,-3.118675806490501e-08,-3.923322111631933e-09,1.0790452051878674e-06,2.306736632817774e-06,8.920975960791111e-05,5.020183024839753e-08,-1.2118071879285708e-07,-3.1894361995910003e-07,0.0,0.0,5.0,0.268621653053645,3.5762786865234375e-07,2.384185791015625e-07,3.5762786865234375e-07,2.384185791015625e-07,0.00968860276043415,8.536286348477006,False,False
933,18.66,-0.1108933761715889,0.1530616730451584,4.809127330780029,0.2890341579914093,-3.342896448543797e-08,-3.1145510615004923e-09,1.0727923154263408e-06,2.3056015834299615e-06,8.920917753130198e-05,3.067517440058509e-08,-1.0303715214377007e-07,-2.6952508846989076e-07,0.0,0.0,5.0,0.268621653053645,2.384185791015625e-07,3.5762786865234375e-07,2.384185791015625e-07,3.5762786865234375e-07,0.00968860276043415,8.54597495123744,False,False
934,18.68,-0.1108933761715889,0.1530616730451584,4.809127330780029,0.2890341579914093,-3.542382387422549e-08,-2.81184453498895e-09,1.066175627784105e-06,2.304233703398495e-06,8.920859545469284e-05,-4.0410852442107625e-10,-9.644621457027824e-08,-3.17553912054791e-07,0.0,0.0,5.0,0.268621653053645,3.5762786865234375e-07,1.1920928955078125e-07,3.5762786865234375e-07,3.5762786865234375e-07,0.00968860276043415,8.555663553997874,False,False
935,18.7,-0.1108933761715889,0.1530616730451584,4.809127330780029,0.2890341579914093,-3.427321004778605e-08,-1.1707014524464654e-10,1.0593971637717914e-06,2.302642997165094e-06,8.923414861783385e-05,2.698783987398201e-07,2.1150644613499026e-07,-2.9293298098309606e-07,0.0,0.0,5.0,0.268621653053645,2.384185791015625e-07,4.76837158203125e-07,2.384185791015625e-07,3.5762786865234375e-07,0.00968860276043415,8.565352156758308,False,False
936,18.72,-0.1108933761715889,0.1530616730451584,4.809127330780029,0.2890341579914093,-2.997713721697437e-08,4.9697703730089415e-09,1.05342394363106e-06,2.30042473958747e-06,8.923356654122472e-05,2.387991457908356e-07,2.1809732686506322e-07,-3.409618045679963e-07,0.0,0.0,5.0,0.268621653053645,3.5762786865234375e-07,3.5762786865234375e-07,3.5762786865234375e-07,2.384185791015625e-07,0.00968860276043415,8.575040759518743,False,False
937,18.740000000000002,-0.1108933761715889,0.1530616730451584,4.809127330780029,0.2890341579914093,-2.844735291773759e-08,6.913596806157329e-09,1.048351009558246e-06,2.297630089742597e-06,8.925911970436573e-05,-4.441901779728141e-08,-6.512084382848116e-08,-3.1575970638186845e-07,0.0,0.0,5.0,0.268621653053645,2.384185791015625e-07,1.1920928955078125e-07,3.5762786865234375e-07,3.5762786865234375e-07,0.00968860276043415,8.584729362279177,False,False
938,18.76,-0.1108933761715889,0.1530616730451584,4.809127330780029,0.2890341579914093,-2.3656573588937135e-08,5.714425821423674e-09,1.0435674084874336e-06,2.29488955483248e-06,8.92585376277566e-05,-7.549828495712063e-08,5.441935968519829e-07,-3.153554359869304e-07,0.0,0.0,5.0,0.268621653053645,5.960464477539062e-07,1.1920928955078125e-07,2.384185791015625e-07,-5.960464477539063e-08,0.00968860276043415,8.59441796503961,False,False
939,18.78,-0.1108933761715889,0.1530616730451584,4.809127330780029,0.2890341579914093,-1.8618447228391233e-08,1.003648986142025e-08,1.0400851806480205e-06,2.292493491040659e-06,8.925795555114746e-05,5.076985871710349e-07,-4.0386392896607504e-08,-2.659369044977211e-07,0.0,0.0,5.0,0.268621653053645,0.0,7.152557373046875e-07,3.5762786865234375e-07,2.384185791015625e-07,0.00968860276043415,8.604106567800045,False,False
940,18.8,-0.1108933761715889,0.1530616730451584,4.809127330780029,0.2890341579914093,-2.2258394238861e-08,1.133104632344839e-08,1.0370458767283708e-06,2.289121994181187e-06,8.928350871428847e-05,-3.78243072418627e-07,-3.236045813537203e-07,-2.89168127665107e-07,0.0,0.0,5.0,0.268621653053645,3.5762786865234375e-07,-1.7881393432617188e-07,3.5762786865234375e-07,5.960464477539062e-07,0.00968860276043415,8.61379517056048,False,False
941,18.82,-0.1108933761715889,0.1530616730451584,4.809127330780029,0.2890341579914093,-1.5972160483102016e-08,1.6901221755460938e-08,1.0336328841731302e-06,2.2857298063172493e-06,8.926982991397381e-05,9.352529559691902e-07,9.522211144030734e-07,-2.2577657432520937e-07,0.0,0.0,5.0,0.268621653053645,1.1920928955078125e-07,1.430511474609375e-06,2.384185791015625e-07,-2.980232238769531e-07,0.00968860276043415,8.623483773320913,False,False
942,18.84,-0.1108933761715889,0.1530616730451584,4.809127330780029,0.2890341579914093,-1.679941341592439e-08,1.5734597624827984e-08,1.032273075907142e-06,2.2813032956037205e-06,8.926924783736467e-05,-1.0519139550524415e-06,-1.0349457397751394e-06,-2.6874425884670927e-07,0.0,0.0,5.0,0.268621653053645,3.5762786865234375e-07,-5.364418029785156e-07,3.5762786865234375e-07,9.5367431640625e-07,0.00968860276043415,8.633172376081347,False,False
943,18.86,-0.1108933761715889,0.1530616730451584,4.809127330780029,0.2890341579914093,-2.2479920147588928e-08,9.714708149033413e-09,1.0287777740813908e-06,2.2780864128435496e-06,8.924253052100539e-05,4.499331112128857e-07,4.669013549118972e-07,-1.8719030947522697e-07,0.0,0.0,5.0,0.268621653053645,1.1920928955078125e-07,9.5367431640625e-07,3.5762786865234375e-07,1.1920928955078125e-07,0.00968860276043415,8.642860978841782,False,False
944,18.88,-0.1108933761715889,0.1530616730451584,4.809127330780029,0.2890341579914093,-1.5974004341501313e-08,9.853975413420812e-09,1.0258007705488126e-06,2.274902499266318e-06,8.92680836841464e-05,-4.36008605220195e-07,1.8368311316407926e-07,-2.1042141895577515e-07,0.0,0.0,5.0,0.268621653053645,3.5762786865234375e-07,2.384185791015625e-07,2.384185791015625e-07,4.76837158203125e-07,0.00968860276043415,8.652549581602216,False,False
945,18.900000000000002,-0.1108933761715889,0.1530616730451584,4.809127330780029,0.2890341579914093,-1.2234393054200154e-08,6.850226164090145e-09,1.0235274885417311e-06,2.2726705992681673e-06,8.926750160753727e-05,1.356356733595021e-07,1.9027399389415223e-07,-2.1001714856083709e-07,0.0,0.0,5.0,0.268621653053645,2.384185791015625e-07,5.960464477539062e-07,2.384185791015625e-07,2.384185791015625e-07,0.00968860276043415,8.66223818436265,False,False
946,18.92,-0.1108933761715889,0.1530616730451584,4.809127330780029,0.2890341579914093,-1.4274734283503676e-08,3.7171017375214888e-09,1.0215992460871348e-06,2.2707793050358305e-06,8.926691953092813e-05,-4.489442630983831e-07,-3.943059709854424e-07,-2.5746481924215914e-07,0.0,0.0,5.0,0.268621653053645,3.5762786865234375e-07,-5.960464477539063e-08,3.5762786865234375e-07,5.960464477539062e-07,0.00968860276043415,8.671926787123084,False,False
947,18.94,-0.1108933761715889,0.1530616730451584,4.809127330780029,0.2890341579914093,-1.6183257400825823e-08,3.3908939545135297e-10,1.0186472536588553e-06,2.269631067974842e-06,8.93186079338193e-05,1.1114725140259907e-07,2.0345584061942645e-07,-2.5764171596165397e-07,0.0,0.0,5.0,0.268621653053645,1.1920928955078125e-07,2.384185791015625e-07,2.384185791015625e-07,2.384185791015625e-07,0.00968860276043415,8.681615389883518,False,False
948,18.96,-0.1108933761715889,0.1530616730451584,4.809127330780029,0.2890341579914093,-1.1932658416924369e-08,2.366802309694549e-09,1.0160183592233807e-06,2.268591742904391e-06,8.926575537770987e-05,9.162062752920974e-08,2.2159946411193232e-07,-2.56656278452283e-07,0.0,0.0,5.0,0.268621653053645,2.384185791015625e-07,3.5762786865234375e-07,3.5762786865234375e-07,2.384185791015625e-07,0.00968860276043415,8.691303992643952,False,False
949,18.98,-0.1108933761715889,0.1530616730451584,4.809127330780029,0.2890341579914093,-7.319183481513392e-09,-1.646612179939666e-09,1.014236090668419e-06,2.267740001116181e-06,8.926517330110073e-05,-4.929593160341028e-07,2.397430876044382e-07,-2.5567084094291204e-07,0.0,0.0,5.0,0.268621653053645,4.76837158203125e-07,-5.960464477539063e-08,2.384185791015625e-07,3.5762786865234375e-07,0.00968860276043415,8.700992595404387,False,False
950,19.0,-0.1108933761715889,0.1530616730451584,4.809127330780029,0.2890341579914093,-2.4583592939109167e-09,-5.789384083243476e-09,1.0130115697393194e-06,2.268275693495525e-06,8.92645912244916e-05,7.868496254559432e-08,2.4633396833451116e-07,-2.5526657054797397e-07,0.0,0.0,5.0,0.268621653053645,2.384185791015625e-07,2.384185791015625e-07,2.384185791015625e-07,2.384185791015625e-07,0.00968860276043415,8.71068119816482,False,False
951,19.02,-0.1108933761715889,0.1530616730451584,4.809127330780029,0.2890341579914093,2.649811037258587e-09,-4.4109205177278454e-09,1.0126758525075275e-06,2.269230890306062e-06,8.921173866838217e-05,5.915833156677763e-08,2.644774781401793e-07,-2.54281133038603e-07,0.0,0.0,5.0,0.268621653053645,3.5762786865234375e-07,3.5762786865234375e-07,2.384185791015625e-07,2.384185791015625e-07,0.00968860276043415,8.720369800925255,False,False
952,19.04,-0.1108933761715889,0.1530616730451584,4.809127330780029,0.2890341579914093,2.093555107052225e-09,-3.423012095993272e-09,1.013088080981106e-06,2.2701615307596512e-06,8.921115659177303e-05,3.96316757189652e-08,-3.201024583177059e-07,-2.5329569552923203e-07,0.0,0.0,5.0,0.268621653053645,3.5762786865234375e-07,4.76837158203125e-07,3.5762786865234375e-07,4.76837158203125e-07,0.00968860276043415,8.730058403685689,False,False
953,19.06,-0.1108933761715889,0.1530616730451584,4.809127330780029,0.2890341579914093,-4.242654672026447e-09,-2.5644799617197123e-09,1.0127872656084946e-06,2.270697905260022e-06,8.926284499466419e-05,4.6222613292457027e-08,-3.1351157758763293e-07,-2.5289142513429397e-07,0.0,0.0,5.0,0.268621653053645,3.5762786865234375e-07,2.384185791015625e-07,3.5762786865234375e-07,4.76837158203125e-07,0.00968860276043415,8.739747006446123,False,False
954,19.080000000000002,-0.1108933761715889,0.1530616730451584,4.809127330780029,0.2890341579914093,-7.433394344502631e-09,1.0628257163247667e-09,1.0115523991771624e-06,2.2706217350787483e-06,8.92883981578052e-05,3.1650512255509966e-07,-5.558916438275219e-09,-2.282705509060179e-07,0.0,0.0,5.0,0.268621653053645,1.1920928955078125e-07,7.152557373046875e-07,2.384185791015625e-07,2.384185791015625e-07,0.00968860276043415,8.749435609206557,False,False
955,19.1,-0.1108933761715889,0.1530616730451584,4.809127330780029,0.2890341579914093,-1.339043809167606e-08,1.5471156578072964e-09,1.009969651022402e-06,2.26969405048294e-06,8.928781608119607e-05,-2.6807481390278554e-07,-5.901388817619591e-07,-2.757182073764852e-07,0.0,0.0,5.0,0.268621653053645,0.0,-5.960464477539063e-08,3.5762786865234375e-07,7.152557373046875e-07,0.00968860276043415,8.759124211966991,False,False
956,19.12,-0.1108933761715889,0.1530616730451584,4.809127330780029,0.2890341579914093,-1.620201395269305e-08,-1.2271215155124082e-09,1.0069376230603666e-06,2.2688109311275184e-06,8.931336924433708e-05,-9.345026974472148e-09,3.089846813963959e-07,-3.0011176477273693e-07,0.0,0.0,5.0,0.268621653053645,2.384185791015625e-07,0.0,2.384185791015625e-07,1.1920928955078125e-07,0.009688603691756725,8.768812815658748,False,False
957,19.14,-0.1108933761715889,0.1530616730451584,4.809127330780029,0.2890341579914093,-9.840815273776116e-09,-1.6092726040639604e-09,1.0043322618003003e-06,2.268315256515052e-06,8.926051668822765e-05,-2.887166772325145e-08,3.2712819120206404e-07,-2.9912632726336597e-07,0.0,0.0,5.0,0.268621653053645,4.76837158203125e-07,1.1920928955078125e-07,2.384185791015625e-07,1.1920928955078125e-07,0.00968860276043415,8.778501418419182,False,False
958,19.16,-0.1108933761715889,0.1530616730451584,4.809127330780029,0.2890341579914093,-6.130393082059982e-09,6.31680152629599e-10,1.0028130645878264e-06,2.268086973344907e-06,8.923379937186837e-05,2.529634457459906e-07,4.391000629766495e-08,-2.739242290772381e-07,0.0,0.0,5.0,0.268621653053645,2.384185791015625e-07,4.76837158203125e-07,3.5762786865234375e-07,2.384185791015625e-07,0.00968860276043415,8.788190021179616,False,False
959,19.18,-0.1108933761715889,0.1530616730451584,4.809127330780029,0.2890341579914093,-5.070746045277019e-09,-1.5485498994216584e-10,1.001811483547499e-06,2.2675337731925538e-06,8.923321729525924e-05,-3.316164907118946e-07,6.205357294675196e-08,-2.7293879156786716e-07,0.0,0.0,5.0,0.268621653053645,4.76837158203125e-07,1.1920928955078125e-07,2.384185791015625e-07,3.5762786865234375e-07,0.00968860276043415,8.79787862394005,False,False
960,19.2,-0.1108933761715889,0.1530616730451584,4.809127330780029,0.2890341579914093,-3.7637510885701886e-09,-1.0707477127169795e-09,1.000879933599208e-06,2.2675624222756596e-06,8.92326352186501e-05,2.4002778786780254e-07,6.864451052024378e-08,-2.725345211729291e-07,0.0,0.0,5.0,0.268621653053645,2.384185791015625e-07,4.76837158203125e-07,3.5762786865234375e-07,2.384185791015625e-07,0.00968860276043415,8.807567226700485,False,False
961,19.22,-0.1108933761715889,0.1530616730451584,4.809127330780029,0.2890341579914093,-2.2094082119394898e-09,-2.115997377316603e-09,1.0002626140703796e-06,2.267495347041404e-06,8.923205314204097e-05,-3.445521770117921e-07,8.678807716933079e-08,-2.715490836635581e-07,0.0,0.0,5.0,0.268621653053645,4.76837158203125e-07,1.1920928955078125e-07,2.384185791015625e-07,3.5762786865234375e-07,0.00968860276043415,8.817255829460919,False,False
962,19.240000000000002,-0.1108933761715889,0.1530616730451584,4.809127330780029,0.2890341579914093,-4.07717470896074e-10,-3.2906044555858216e-09,9.997938832384534e-07,2.2680860638502054e-06,8.923147106543183e-05,2.2709210156790505e-07,9.337901474282262e-08,-2.7114481326862006e-07,0.0,0.0,5.0,0.268621653053645,2.384185791015625e-07,4.76837158203125e-07,2.384185791015625e-07,2.384185791015625e-07,0.00968860276043415,8.826944432221353,False,False
963,19.26,-0.1108933761715889,0.1530616730451584,4.809127330780029,0.2890341579914093,-1.3723294722822743e-09,-1.9576356091732805e-09,9.996031167247565e-07,2.2684760097035905e-06,8.920475374907255e-05,-9.37962880698251e-08,-1.8983915595072176e-07,-2.9437603643600596e-07,0.0,0.0,5.0,0.268621653053645,4.76837158203125e-07,1.1920928955078125e-07,3.5762786865234375e-07,3.5762786865234375e-07,0.00968860276043415,8.836633034981787,False,False
964,19.28,-0.1108933761715889,0.1530616730451584,4.809127330780029,0.2890341579914093,-2.0895938313003626e-09,-1.1307301761576127e-09,9.99076974039781e-07,2.268736807309324e-06,8.923030691221356e-05,1.764861963238218e-07,1.1811350475454674e-07,-2.69755105364311e-07,0.0,0.0,5.0,0.268621653053645,2.384185791015625e-07,4.76837158203125e-07,2.384185791015625e-07,2.384185791015625e-07,0.00968860276043415,8.846321637742221,False,False
965,19.3,-0.1108933761715889,0.1530616730451584,4.809127330780029,0.2890341579914093,-2.55951060346149e-09,-8.098882675611208e-10,9.987065823224839e-07,2.2687218006467447e-06,8.920358959585428e-05,-1.4440219331390836e-07,-1.6510466593899764e-07,-2.9298632853169693e-07,0.0,0.0,5.0,0.268621653053645,4.76837158203125e-07,0.0,3.5762786865234375e-07,3.5762786865234375e-07,0.00968860276043415,8.856010240502656,False,False
966,19.32,-0.1108933761715889,0.1530616730451584,4.809127330780029,0.2890341579914093,-2.7820798997879592e-09,-9.95110216450712e-10,9.980373079088167e-07,2.268795924464939e-06,8.92291427589953e-05,1.258802768688838e-07,1.4284799476627086e-07,-2.68365397460002e-07,0.0,0.0,5.0,0.268621653053645,2.384185791015625e-07,3.5762786865234375e-07,2.384185791015625e-07,2.384185791015625e-07,0.00968860276043415,8.86569884326309,False,False
967,19.34,-0.1108933761715889,0.1530616730451584,4.809127330780029,0.2890341579914093,-2.757301498235165e-09,-1.686395689759479e-09,9.975605053114123e-07,2.2688120679958956e-06,8.920242544263601e-05,-1.9500811276884633e-07,-1.4037017592727352e-07,-2.915966206273879e-07,0.0,0.0,5.0,0.268621653053645,3.5762786865234375e-07,0.0,2.384185791015625e-07,3.5762786865234375e-07,0.00968860276043415,8.875387446023524,False,False
968,19.36,-0.1108933761715889,0.1530616730451584,4.809127330780029,0.2890341579914093,-5.498826283201197e-09,1.2989523345829923e-10,9.967119467546581e-07,2.2689346224069595e-06,8.920184336602688e-05,3.766361658108508e-07,-1.3377929519720055e-07,-2.911923502324498e-07,0.0,0.0,5.0,0.268621653053645,2.384185791015625e-07,3.5762786865234375e-07,3.5762786865234375e-07,2.384185791015625e-07,0.00968860276043415,8.885076048783958,False,False
969,19.38,-0.1108933761715889,0.1530616730451584,4.809127330780029,0.2890341579914093,-7.99300270415415e-09,1.8168296866960532e-09,9.955691666618804e-07,2.2682206690660678e-06,8.920126128941774e-05,-2.0794375643617968e-07,-1.156356859155494e-07,-2.9020691272307886e-07,0.0,0.0,5.0,0.268621653053645,3.5762786865234375e-07,0.0,3.5762786865234375e-07,3.5762786865234375e-07,0.00968860276043415,8.894764651544392,False,False
970,19.400000000000002,-0.1108933761715889,0.1530616730451584,4.809127330780029,0.2890341579914093,-7.226181875097382e-09,3.6076633347370546e-10,9.940754353010561e-07,2.2676258595311083e-06,8.922681445255876e-05,6.233871374661248e-08,1.923169747897191e-07,-2.655859816513839e-07,0.0,0.0,5.0,0.268621653053645,2.384185791015625e-07,3.5762786865234375e-07,2.384185791015625e-07,2.384185791015625e-07,0.00968860276043415,8.904453254304826,False,False
971,19.42,-0.1108933761715889,0.1530616730451584,4.809127330780029,0.2890341579914093,-6.2120126820275345e-09,-1.6013603776343643e-09,9.928889994625933e-07,2.267267063871259e-06,8.920009713619947e-05,-2.5854967589111766e-07,-9.090119590382528e-08,-2.888172048187698e-07,0.0,0.0,5.0,0.268621653053645,4.76837158203125e-07,0.0,2.384185791015625e-07,4.76837158203125e-07,0.00968860276043415,8.91414185706526,False,False
972,19.44,-0.1108933761715889,0.1530616730451584,4.809127330780029,0.2890341579914093,-7.964145787298094e-09,-1.0559109142604939e-09,9.914457450577174e-07,2.2673089006275404e-06,8.919951505959034e-05,3.1309460268857947e-07,-8.431025833033345e-08,-2.8841293442383176e-07,0.0,0.0,5.0,0.268621653053645,2.384185791015625e-07,2.384185791015625e-07,3.5762786865234375e-07,2.384185791015625e-07,0.00968860276043415,8.923830459825695,False,False
973,19.46,-0.1108933761715889,0.1530616730451584,4.809127330780029,0.2890341579914093,-6.45528164255893e-09,1.9971337916757648e-09,9.900185204969603e-07,2.2667195480607916e-06,8.917279774323106e-05,-7.793795830934869e-09,2.3519507408309437e-07,-2.632108362377039e-07,0.0,0.0,5.0,0.268621653053645,4.76837158203125e-07,4.76837158203125e-07,3.5762786865234375e-07,2.384185791015625e-07,0.00968860276043415,8.933519062586129,False,False
974,19.48,-0.1108933761715889,0.1530616730451584,4.809127330780029,0.2890341579914093,-4.583541102221034e-09,-9.909492115767193e-10,9.891105037240777e-07,2.266212959511904e-06,8.919835090637207e-05,-2.910119860644045e-07,-4.802309305773633e-08,-2.380087522624308e-07,0.0,0.0,5.0,0.268621653053645,4.76837158203125e-07,3.5762786865234375e-07,2.384185791015625e-07,5.960464477539062e-07,0.00968860276043415,8.943207665346563,False,False
975,19.5,-0.1108933761715889,0.1530616730451584,4.809127330780029,0.2890341579914093,-5.593631335898408e-09,-1.2102788771173323e-09,9.880548077489948e-07,2.266309365950292e-06,8.925003930926323e-05,2.690795781745692e-07,-5.298478455983968e-08,-2.8661875717261864e-07,0.0,0.0,5.0,0.268621653053645,2.384185791015625e-07,2.384185791015625e-07,3.5762786865234375e-07,2.384185791015625e-07,0.00968860276043415,8.952896268106997,False,False
976,19.52,-0.1108933761715889,0.1530616730451584,4.809127330780029,0.2890341579914093,-3.4582505747948744e-09,9.624578911626713e-10,9.870949497781112e-07,2.265969214931829e-06,8.922332199290395e-05,-5.180881501587464e-08,2.6652054430087446e-07,-2.614166589864908e-07,0.0,0.0,5.0,0.268621653053645,3.5762786865234375e-07,2.384185791015625e-07,2.384185791015625e-07,2.384185791015625e-07,0.00968860276043415,8.962584870867431,False,False
977,19.54,-0.1108933761715889,0.1530616730451584,4.809127330780029,0.2890341579914093,-9.599938621818183e-10,2.7446589445645486e-09,9.868090273812413e-07,2.265622470076778e-06,8.919660467654467e-05,2.300263020060811e-07,-1.66976210635994e-08,-2.3621457501121768e-07,0.0,0.0,5.0,0.268621653053645,3.5762786865234375e-07,4.76837158203125e-07,3.5762786865234375e-07,3.5762786865234375e-07,0.00968860276043415,8.972273473627865,False,False
978,19.56,-0.1108933761715889,0.1530616730451584,4.809127330780029,0.2890341579914093,-1.2280397809760757e-09,7.411141478286254e-09,9.868715551419882e-07,2.2646638626611093e-06,8.924829307943583e-05,2.3661718273615406e-07,-1.0106682601929151e-08,-2.358103046162796e-07,0.0,0.0,5.0,0.268621653053645,2.384185791015625e-07,5.960464477539062e-07,2.384185791015625e-07,3.5762786865234375e-07,0.00968860276043415,8.9819620763883,False,False
979,19.580000000000002,-0.1108933761715889,0.1530616730451584,4.809127330780029,0.2890341579914093,-4.377916251740999e-09,9.195787242788356e-09,9.869577297649812e-07,2.2629135401075473e-06,8.927384624257684e-05,-5.8153617032985494e-08,-3.0487748858831765e-07,-3.08055774667082e-07,0.0,0.0,5.0,0.268621653053645,3.5762786865234375e-07,1.1920928955078125e-07,4.76837158203125e-07,3.5762786865234375e-07,0.00968860276043415,8.991650679148734,False,False
980,19.6,-0.1108933761715889,0.1530616730451584,4.809127330780029,0.2890341579914093,-7.395972723145405e-09,1.0735546673856788e-08,9.863181276159594e-07,2.2607935079577146e-06,8.929939940571785e-05,2.121288673606614e-07,3.0751723389954577e-09,-2.8343484359538706e-07,0.0,0.0,5.0,0.268621653053645,1.1920928955078125e-07,3.5762786865234375e-07,3.5762786865234375e-07,2.384185791015625e-07,0.00968860276043415,9.001339281909168,False,False
981,19.62,-0.1108933761715889,0.1530616730451584,4.809127330780029,0.2890341579914093,-7.15303061227246e-09,9.132308242953968e-09,9.855564258032246e-07,2.2583171812584624e-06,8.929881732910872e-05,-3.7245109751893324e-07,2.1218747647822056e-08,-2.824494060860161e-07,0.0,0.0,5.0,0.268621653053645,4.76837158203125e-07,-5.960464477539063e-08,3.5762786865234375e-07,3.5762786865234375e-07,0.00968860276043415,9.011027884669602,False,False
982,19.64,-0.1108933761715889,0.1530616730451584,4.809127330780029,0.2890341579914093,-3.6490903632113714e-09,4.386072394169105e-09,9.847742603596998e-07,2.2567310224985704e-06,8.932437049224973e-05,-1.0216857759814957e-07,3.2917139947130636e-07,-2.5782847501432116e-07,0.0,0.0,5.0,0.268621653053645,3.5762786865234375e-07,2.384185791015625e-07,2.384185791015625e-07,1.1920928955078125e-07,0.00968860276043415,9.020716487430036,False,False
983,19.66,-0.1108933761715889,0.1530616730451584,4.809127330780029,0.2890341579914093,1.0219683432843851e-10,5.161071126025263e-09,9.847224191616988e-07,2.2558431282959646e-06,8.929765317589045e-05,1.7966652876566513e-07,4.5953214566907263e-08,-2.3262640524990275e-07,0.0,0.0,5.0,0.268621653053645,2.384185791015625e-07,5.960464477539062e-07,3.5762786865234375e-07,2.384185791015625e-07,0.00968860276043415,9.03040509019047,False,False
984,19.68,-0.1108933761715889,0.1530616730451584,4.809127330780029,0.2890341579914093,-1.8109416188849536e-09,-1.0507673203763446e-10,9.849127309280448e-07,2.25501753448043e-06,8.932320633903146e-05,-7.062751024022873e-07,-2.3726495612663712e-07,-2.558575999955792e-07,0.0,0.0,5.0,0.268621653053645,3.5762786865234375e-07,-2.384185791015625e-07,2.384185791015625e-07,4.76837158203125e-07,0.00968860276043415,9.040093692950904,False,False
985,19.7,-0.1108933761715889,0.1530616730451584,4.809127330780029,0.2890341579914093,2.903317586344656e-10,-1.3568007828368422e-09,9.843790849117795e-07,2.2554249881068245e-06,8.925731526687741e-05,5.811033929603582e-07,4.47389993496472e-07,-1.9491190528242441e-07,0.0,0.0,5.0,0.268621653053645,1.1920928955078125e-07,1.0728836059570312e-06,2.384185791015625e-07,1.1920928955078125e-07,0.00968860276043415,9.049782295711339,False,False
986,19.72,-0.1108933761715889,0.1530616730451584,4.809127330780029,0.2890341579914093,-3.388346936361586e-09,-2.3611932409295378e-09,9.845358590609976e-07,2.2554152110387804e-06,8.932204218581319e-05,-6.815404276494519e-07,-8.15253827113338e-07,-2.9987396032993274e-07,0.0,0.0,5.0,0.268621653053645,3.5762786865234375e-07,-5.960464477539062e-07,3.5762786865234375e-07,8.344650268554688e-07,0.00968860276043415,9.059470898471773,False,False
987,19.740000000000002,-0.1108933761715889,0.1530616730451584,4.809127330780029,0.2890341579914093,-4.674965747852866e-09,-9.735202644023389e-10,9.830935141508235e-07,2.255849494758877e-06,8.929532486945391e-05,8.203066954592941e-07,6.865933528388268e-07,-2.1832001095845044e-07,0.0,0.0,5.0,0.268621653053645,2.384185791015625e-07,1.0728836059570312e-06,2.384185791015625e-07,-5.960464477539063e-08,0.00968860276043415,9.069159501232207,False,False
988,19.76,-0.1108933761715889,0.1530616730451584,4.809127330780029,0.2890341579914093,-3.569524231750165e-09,2.8062174806109397e-09,9.82848632702371e-07,2.255213303214987e-06,8.936005178838968e-05,-4.4233712515051593e-07,-5.760504677709832e-07,-3.2328205179510405e-07,0.0,0.0,5.0,0.268621653053645,2.384185791015625e-07,-4.76837158203125e-07,3.5762786865234375e-07,4.76837158203125e-07,0.00968860276043415,9.078848103992641,False,False
989,19.78,-0.1108933761715889,0.1530616730451584,4.809127330780029,0.2890341579914093,-5.230384125809451e-09,-2.5843565065741814e-09,9.817298405323527e-07,2.2549049845110858e-06,8.93333344720304e-05,-9.671415313050602e-08,4.099662476164667e-07,-2.926070692410576e-07,0.0,0.0,5.0,0.268621653053645,3.5762786865234375e-07,-5.960464477539063e-08,2.384185791015625e-07,1.1920928955078125e-07,0.00968860276043415,9.088536706753075,False,False
990,19.8,-0.1108933761715889,0.1530616730451584,4.809127330780029,0.2890341579914093,1.3681743238347366e-10,-1.7002629304485595e-09,9.81126504484564e-07,2.2552701466338476e-06,8.930661715567112e-05,1.8512093902245397e-07,1.267480342903582e-07,-2.674049710549298e-07,0.0,0.0,5.0,0.268621653053645,1.1920928955078125e-07,3.5762786865234375e-07,3.5762786865234375e-07,1.1920928955078125e-07,0.00968860276043415,9.09822530951351,False,False
991,19.82,-0.1108933761715889,0.1530616730451584,4.809127330780029,0.2890341579914093,2.853244085443407e-09,-3.84365739236614e-09,9.812763437366812e-07,2.2556580461241538e-06,8.930603507906199e-05,-3.9945899743543123e-07,1.4489165778286406e-07,-2.664195335455588e-07,0.0,0.0,5.0,0.268621653053645,3.5762786865234375e-07,-1.7881393432617188e-07,2.384185791015625e-07,3.5762786865234375e-07,0.00968860276043415,9.107913912273943,False,False
992,19.84,-0.1108933761715889,0.1530616730451584,4.809127330780029,0.2890341579914093,1.259773263484476e-08,1.041028929726906e-09,9.82189931164612e-07,2.2567114683624823e-06,8.924014400690794e-05,8.879194979272143e-07,8.295465931951185e-07,-2.05473838832404e-07,0.0,0.0,5.0,0.268621653053645,3.5762786865234375e-07,1.3113021850585938e-06,2.384185791015625e-07,-2.384185791015625e-07,0.00968860276043415,9.117602515034378,False,False
993,19.86,-0.1108933761715889,0.1530616730451584,4.809127330780029,0.2890341579914093,3.28966165419331e-09,-1.4490051380988689e-09,9.84775397228077e-07,2.2568103759113e-06,8.92918324097991e-05,-1.136917489930056e-06,-1.7603434798729722e-06,-2.5449560325796483e-07,0.0,0.0,5.0,0.268621653053645,1.1920928955078125e-07,-6.556510925292969e-07,2.384185791015625e-07,1.5497207641601562e-06,0.00968860276043415,9.127291117794812,False,False
994,19.88,-0.1108933761715889,0.1530616730451584,4.809127330780029,0.2890341579914093,-1.0378183645798345e-08,-2.648235186697434e-09,9.832970135903452e-07,2.257498181279516e-06,8.926511509343982e-05,1.0170000450671068e-06,3.935740267024812e-07,-2.771697609205148e-07,0.0,0.0,5.0,0.268621653053645,-1.1920928955078125e-07,1.1920928955078125e-06,3.5762786865234375e-07,0.0,0.00968860276043415,9.136979720555246,False,False
995,19.900000000000002,-0.1108933761715889,0.1530616730451584,4.809127330780029,0.2890341579914093,-4.58541737913265e-09,-4.728932800901475e-09,9.818927537708078e-07,2.2570559394807788e-06,8.929066825658083e-05,-1.2250693544046953e-06,1.8569626547559892e-07,-4.214838327243342e-07,0.0,0.0,5.0,0.268621653053645,1.0728836059570312e-06,-1.1920928955078125e-06,3.5762786865234375e-07,1.1920928955078125e-07,0.00968860276043415,9.14666832331568,False,False
996,19.92,-0.1108933761715889,0.1530616730451584,4.809127330780029,0.2890341579914093,8.350936830936462e-09,-1.1728426008161819e-09,9.813753649723367e-07,2.2584938506042818e-06,8.921168046072125e-05,1.5806706414878136e-06,1.1079249588874518e-06,-1.329266012817243e-07,0.0,0.0,5.0,0.268621653053645,-5.960464477539063e-08,1.9073486328125e-06,3.5762786865234375e-07,-2.980232238769531e-07,0.00968860276043415,9.156356926076114,False,False
997,19.94,-0.1108933761715889,0.1530616730451584,4.809127330780029,0.2890341579914093,8.377554649996455e-09,1.9047849963982344e-09,9.839025096880505e-07,2.2582514702662593e-06,8.928944589570165e-05,-1.272910935767868e-06,-1.1052632089558756e-06,-2.0011074752801505e-07,0.0,0.0,5.0,0.268621653053645,3.5762786865234375e-07,-5.960464477539062e-07,2.384185791015625e-07,1.0728836059570312e-06,0.00968860276043415,9.166045528836548,False,False
998,19.96,-0.1108933761715889,0.1530616730451584,4.809127330780029,0.2890341579914093,4.797809260992381e-09,9.993400551522313e-10,9.844708301898208e-07,2.2589365471503697e-06,8.928886381909251e-05,1.1823684644696186e-06,7.4729263133122e-07,-1.985683582006459e-07,0.0,0.0,5.0,0.268621653053645,1.1920928955078125e-07,1.430511474609375e-06,3.5762786865234375e-07,-1.7881393432617188e-07,0.00968860276043415,9.175734131596982,False,False
999,19.98,-0.1108933761715889,0.1530616730451584,4.809127330780029,0.2890341579914093,2.8855915434888857e-09,2.138130561490925e-09,9.860261798166903e-07,2.2583367353945505e-06,8.931441698223352e-05,-1.0684900644264417e-06,-9.38512357606669e-07,-2.1731941046709835e-07,0.0,0.0,5.0,0.268621653053645,3.5762786865234375e-07,-4.172325134277344e-07,1.1920928955078125e-07,1.0728836059570312e-06,0.00968860276043415,9.185422734357417,False,True
