step,time,pos_x,pos_y,pos_z,euler_z,euler_y,euler_x,vel_x,vel_y,vel_z,omega_x,omega_y,omega_z,target_x,target_y,target_z,target_dist,action_0,action_1,action_2,action_3,reward,cumulative_reward,terminated,truncated
0,0.0,-0.18427199125289917,0.983126163482666,5.723972320556641,3.0824594497680664,-2.995169162750244,3.0132572650909424,-0.004385769367218018,-0.03812384605407715,-0.4204171299934387,0.0,0.0,0.0,0.0,0.0,5.0,1.2347587379794571,-0.005894064903259277,-0.9996225833892822,-0.5177777409553528,-0.9170321822166443,-0.04860800504684448,-0.04860800504684448,False,False
1,0.02,-0.1844264268875122,0.9824294447898865,5.714077472686768,3.0836026668548584,-2.9898934364318848,3.0184643268585205,-0.011096644215285778,-0.03158293291926384,-0.5690599679946899,0.5377345085144043,-0.53755122423172,0.046003881841897964,0.0,0.0,5.0,1.2284491678223324,-0.09192150831222534,-0.9993793368339539,-0.27814948558807373,-0.9329934120178223,-0.048736054450273514,-0.097344059497118,False,False
2,0.04,-0.18473857641220093,0.9818770885467529,5.701340198516846,3.08662748336792,-2.9773828983306885,3.030773639678955,-0.020253796130418777,-0.023772485554218292,-0.7046482563018799,0.7409172058105469,-0.7396422028541565,0.10465355962514877,0.0,0.0,5.0,1.2206920302367437,-0.02004992961883545,-0.9990525841712952,-0.1644662618637085,-0.9228297472000122,-0.048886988312006,-0.146231047809124,False,False
3,0.06,-0.18527217209339142,0.9814939498901367,5.686069488525391,3.091214179992676,-2.961409091949463,3.0463879108428955,-0.0333281047642231,-0.014744170941412449,-0.8224446773529053,0.8993648290634155,-0.8954727053642273,0.18057940900325775,0.0,0.0,5.0,1.2117538918892057,0.06800460815429688,-0.9985309839248657,-0.08683723211288452,-0.9076476693153381,-0.04909124970436096,-0.19532229751348495,False,False
4,0.08,-0.18611079454421997,0.9812944531440735,5.668601036071777,3.097515821456909,-2.9422965049743652,3.0648927688598633,-0.05085213482379913,-0.005500737112015486,-0.9244562983512878,1.0703243017196655,-1.061468243598938,0.2719312906265259,0.0,0.0,5.0,1.2019165432980201,0.12456667423248291,-0.9977242350578308,0.015304207801818848,-0.8893234729766846,-0.04929560422897339,-0.24461790174245834,False,False
5,0.1,-0.18735148012638092,0.9812732338905334,5.649242401123047,3.1056623458862305,-2.920393228530884,3.0858237743377686,-0.07363715767860413,0.0029951592441648245,-1.0115158557891846,1.1932660341262817,-1.1762592792510986,0.3780592679977417,0.0,0.0,5.0,1.1914333519217726,0.19371724128723145,-0.9965906739234924,0.09596538543701172,-0.8612030744552612,-0.049526263028383255,-0.2941441647708416,False,False
6,0.12,-0.18910712003707886,0.98140549659729,5.6282806396484375,3.1157796382904053,-2.8962721824645996,3.1084682941436768,-0.1024419516324997,0.009724345989525318,-1.0847110748291016,1.3056132793426514,-1.2765308618545532,0.49813544750213623,0.0,0.0,5.0,1.1805315810079549,0.29164576530456543,-0.9951909184455872,0.1340712308883667,-0.8486135601997375,-0.0498758964240551,-0.3440200611948967,False,False
7,0.14,-0.19150419533252716,0.9816449880599976,5.605978488922119,3.1280386447906494,-2.869347095489502,3.133236885070801,-0.1378803253173828,0.013600709848105907,-1.1456767320632935,1.4856107234954834,-1.4392154216766357,0.6308773756027222,0.0,0.0,5.0,1.1694061178434147,0.36191344261169434,-0.9928904175758362,0.19231009483337402,-0.8593910932540894,0.005359843838959932,-0.33866021735593677,False,False
8,0.16,-0.19468355178833008,0.9819226264953613,5.5825676918029785,0.000939728575758636,-0.30283617973327637,0.01920388452708721,-0.18078838288784027,0.013384385965764523,-1.1955822706222534,1.6821022033691406,-1.611363410949707,0.7755836248397827,0.0,0.0,5.0,1.1582136440627517,-0.9354076385498047,-0.6305367350578308,0.5187184810638428,0.998030424118042,0.0052298433147370815,-0.3334303740411997,False,False
9,0.18,-0.19904747605323792,0.9821178317070007,5.559045791625977,0.016738828271627426,-0.3080548048019409,0.05330105125904083,-0.25588715076446533,0.004580115433782339,-1.1567697525024414,2.2057220935821533,1.143406629562378,0.7309569120407104,0.0,0.0,5.0,1.1474787711390306,-0.5739642381668091,0.7142822742462158,0.4053676128387451,0.8908038139343262,0.005192719399929047,-0.32823765464127064,False,False
10,0.2,-0.20517756044864655,0.9819712042808533,5.537230968475342,0.0329403430223465,-0.27426648139953613,0.08468720316886902,-0.35523101687431335,-0.021284790709614754,-1.0242875814437866,1.4002324342727661,2.3338029384613037,0.5727041959762573,0.0,0.0,5.0,1.1379729306259445,0.34231066703796387,0.44114792346954346,-0.05750805139541626,0.7615963220596313,0.00491294963285327,-0.32332470500841737,False,False
11,0.22,-0.21315190196037292,0.9811979532241821,5.5180745124816895,0.048525694757699966,-0.22962738573551178,0.11650461703538895,-0.43957674503326416,-0.057878121733665466,-0.8909931778907776,2.170440912246704,2.257890224456787,0.4872388243675232,0.0,0.0,5.0,1.1298603264137514,-0.010279059410095215,0.679229736328125,0.1914910078048706,0.08276724815368652,0.005984938703477383,-0.31733976630494,False,False
12,0.24,-0.22254347801208496,0.9796445965766907,5.5010881423950195,0.0634104534983635,-0.19025392830371857,0.1480223536491394,-0.49752384424209595,-0.0990247130393982,-0.8073845505714417,1.2913800477981567,1.8373137712478638,0.4331647753715515,0.0,0.0,5.0,1.1226390611663724,-0.11156833171844482,0.16787731647491455,-0.07010501623153687,0.5432960987091064,0.005475110374391079,-0.3118646559305489,False,False
13,0.26,-0.2329062670469284,0.9772528409957886,5.485391139984131,0.07799708098173141,-0.15069696307182312,0.174911767244339,-0.5370131134986877,-0.1411958783864975,-0.7622860670089722,1.6458011865615845,2.2972917556762695,0.350036084651947,0.0,0.0,5.0,1.115738770160457,0.07788121700286865,0.4985913038253784,-0.06728041172027588,0.18948817253112793,0.006039842031896114,-0.3058248138986528,False,False
14,0.28,-0.243967205286026,0.9739189147949219,5.470761299133301,0.09209579229354858,-0.11156857758760452,0.20412708818912506,-0.5671488642692566,-0.19336606562137604,-0.7007226347923279,1.4601200819015503,1.8085072040557861,0.28695911169052124,0.0,0.0,5.0,1.1088977638231874,-0.0929369330406189,0.4043222665786743,-0.026096761226654053,0.2312026023864746,0.006299465429037809,-0.299525348469615,False,False
15,0.3,-0.2555061876773834,0.9695124626159668,5.457185745239258,0.10462098568677902,-0.07842061668634415,0.2294779270887375,-0.5852118730545044,-0.24819473922252655,-0.6569197177886963,1.194104552268982,1.6965932846069336,0.21670573949813843,0.0,0.0,5.0,1.1019331344319774,0.0086822509765625,0.27867627143859863,-0.08370721340179443,0.23185944557189941,0.006410993169993162,-0.2931143552996218,False,False
16,0.32,-0.2673114836215973,0.9639760851860046,5.444403171539307,0.1160670667886734,-0.04781801253557205,0.2530975341796875,-0.5939362645149231,-0.30621397495269775,-0.6215287446975708,1.240270733833313,1.5476806163787842,0.16218692064285278,0.0,0.0,5.0,1.0946229948985675,-0.09998089075088501,0.426577091217041,0.028862595558166504,-0.001802980899810791,0.006819693837314844,-0.286294661462307,False,False
17,0.34,-0.2792092561721802,0.9572541117668152,5.432240962982178,0.1259617805480957,-0.02178187295794487,0.2714724540710449,-0.5946897864341736,-0.36656516790390015,-0.5948747992515564,0.6317939758300781,1.2232238054275513,0.1160166785120964,0.0,0.0,5.0,1.0867959759340557,-0.005772113800048828,0.4138834476470947,-0.15791141986846924,0.21262454986572266,0.007002776954323053,-0.2792918845079839,False,False
18,0.36,-0.2910560965538025,0.9492678642272949,5.420706748962402,0.13313071429729462,-0.002376640448346734,0.2834748327732086,-0.5891016721725464,-0.43241578340530396,-0.5586922764778137,0.5774126052856445,0.8392218947410583,0.04244568571448326,0.0,0.0,5.0,1.078340066035896,-0.14506977796554565,0.46105897426605225,0.05460405349731445,0.022092103958129883,0.0071696387603878975,-0.272122245747596,False,False
19,0.38,-0.3027457296848297,0.9399644136428833,5.409821510314941,0.1374446302652359,0.011137204244732857,0.2880896031856537,-0.5792809724807739,-0.49805083870887756,-0.5297497510910034,-0.11763767898082733,0.578917920589447,-0.010961120016872883,0.0,0.0,5.0,1.0691780703298348,0.20202159881591797,0.29580163955688477,-0.19835662841796875,0.3704192638397217,0.007219485007226467,-0.26490276074036956,False,False
20,0.4,-0.3141946792602539,0.9292709827423096,5.399775981903076,0.13892851769924164,0.019076932221651077,0.2909279763698578,-0.5652393102645874,-0.571329653263092,-0.4748869836330414,0.39937835931777954,0.22435882687568665,-0.07264859229326248,0.0,0.0,5.0,1.0592845186959359,-0.3921278119087219,0.4238086938858032,0.4007694721221924,-0.0010216236114501953,0.007023237179964781,-0.2578795235604048,False,False
21,0.42,-0.32535722851753235,0.917172372341156,5.390600204467773,0.13959646224975586,0.027741234749555588,0.2856850028038025,-0.5507292151451111,-0.638355016708374,-0.44263577461242676,-0.9251987338066101,0.6251732110977173,-0.11120773106813431,0.0,0.0,5.0,1.048632922649666,0.6207296848297119,-0.11106014251708984,-0.3735346794128418,0.5011541843414307,0.007131865248084068,-0.2507476583123207,False,False
22,0.44,-0.336195707321167,0.9037007689476013,5.38226842880249,0.139659121632576,0.036417700350284576,0.2846677601337433,-0.5327634215354919,-0.7086259722709656,-0.3904939591884613,0.8233730792999268,0.2095056176185608,-0.12451238185167313,0.0,0.0,5.0,1.037223112486793,-0.6668941974639893,0.3757898807525635,0.7015471458435059,-0.4459589123725891,0.0068138362839818,-0.2439338220283389,False,False
23,0.46,-0.3466930091381073,0.8889541625976562,5.374500751495361,0.13985313475131989,0.04503345862030983,0.27913370728492737,-0.5167102813720703,-0.7659069895744324,-0.3862477242946625,-1.3776931762695312,0.6230615973472595,-0.09921414405107498,0.0,0.0,5.0,1.0250299306144803,0.6903188228607178,-0.2340092658996582,-0.5430377125740051,0.516472578048706,0.007223387714475393,-0.23671043431386352,False,False
24,0.48,-0.3568248152732849,0.8730008602142334,5.367146015167236,0.13993141055107117,0.0529884397983551,0.2727051079273224,-0.49618881940841675,-0.8290329575538635,-0.3491279184818268,0.734554648399353,0.14482271671295166,-0.10779327899217606,0.0,0.0,5.0,1.0120526899241886,-0.8021796941757202,0.3014105558395386,0.698462963104248,-0.4577871561050415,0.00688511785119772,-0.2298253164626658,False,False
25,0.5,-0.3665691018104553,0.8558982610702515,5.360126972198486,0.1402381956577301,0.06087357550859451,0.2661171853542328,-0.47802066802978516,-0.8810800909996033,-0.3527343273162842,-1.3952267169952393,0.6230617165565491,-0.07475585490465164,0.0,0.0,5.0,0.998311662663546,0.5586361885070801,-0.2718580365180969,-0.5278900861740112,0.4359625577926636,0.007389343809336424,-0.22243597265332937,False,False
26,0.52,-0.3759177029132843,0.8377383351325989,5.353212356567383,0.14091667532920837,0.06964218616485596,0.25748103857040405,-0.45656269788742065,-0.9344851970672607,-0.33861854672431946,0.5272567272186279,0.24170184135437012,-0.08457548171281815,0.0,0.0,5.0,0.9838082162424864,-0.7939432859420776,0.23385274410247803,0.6308693885803223,-0.42881685495376587,0.006947882007807493,-0.21548809064552188,False,False
27,0.54,-0.38485071063041687,0.8185876607894897,5.346309661865234,0.1420869082212448,0.07960128039121628,0.24860258400440216,-0.4364757537841797,-0.9803460240364075,-0.351625919342041,-1.4239473342895508,0.7514467835426331,-0.05423866957426071,0.0,0.0,5.0,0.9685691559051209,0.4451768398284912,-0.32379835844039917,-0.5350310206413269,0.35294008255004883,0.007508487440645695,-0.20797960320487618,False,False
28,0.56,-0.39335909485816956,0.7985413670539856,5.339188575744629,0.14385204017162323,0.09164170175790787,0.23792606592178345,-0.4140211343765259,-1.0238240957260132,-0.3604317605495453,0.34126830101013184,0.45969298481941223,-0.06205626577138901,0.0,0.0,5.0,0.9526009564973974,-0.7102631330490112,0.18855834007263184,0.5023818016052246,-0.5191065073013306,0.007010472472757101,-0.20096913073211908,False,False
29,0.58,-0.40143275260925293,0.777700662612915,5.331623077392578,0.14587245881557465,0.10412731021642685,0.22655387222766876,-0.393046110868454,-1.0599561929702759,-0.3960997462272644,-1.4983420372009277,0.8014236688613892,-0.03283761814236641,0.0,0.0,5.0,0.9359168985307043,0.4610912799835205,-0.3283264636993408,-0.5063602924346924,0.31931114196777344,0.0076284571550786495,-0.19334067357704043,False,False
30,0.6,-0.4090331792831421,0.7561162114143372,5.323596477508545,0.1479472666978836,0.11659707874059677,0.2143222689628601,-0.36664867401123047,-1.097981572151184,-0.40648335218429565,0.2523750960826874,0.4605831801891327,-0.03562082722783089,0.0,0.0,5.0,0.9185502420521068,-0.6581422090530396,0.18370282649993896,0.4420720338821411,-0.5579070448875427,0.007132840808480978,-0.18620783276855946,False,False
31,0.62,-0.41613245010375977,0.7338498830795288,5.315052032470703,0.15001480281352997,0.12845447659492493,0.20193442702293396,-0.3430159091949463,-1.1283400058746338,-0.4479064643383026,-1.516499638557434,0.741843581199646,-0.011565344408154488,0.0,0.0,5.0,0.9005329811223558,0.46762561798095703,-0.34575343132019043,-0.41728007793426514,0.3090803623199463,0.007747752591967583,-0.17846008017659187,False,False
32,0.64,-0.4226827025413513,0.7109411954879761,5.3060526847839355,0.15225286781787872,0.14058884978294373,0.18865931034088135,-0.311666876077652,-1.1619683504104614,-0.45199301838874817,0.15896369516849518,0.491568922996521,-0.003463470609858632,0.0,0.0,5.0,0.8819105942968302,-0.546769917011261,0.2190239429473877,0.36475670337677,-0.5592928528785706,0.00725689809769392,-0.17120318207889795,False,False
33,0.66,-0.4286563992500305,0.6874490976333618,5.2965617179870605,0.15443414449691772,0.15180033445358276,0.17492304742336273,-0.28545430302619934,-1.186911940574646,-0.49709823727607727,-1.5643906593322754,0.6500954627990723,0.01010505948215723,0.0,0.0,5.0,0.8627174641969187,0.5346584320068359,-0.3589625358581543,-0.36615097522735596,0.3679283857345581,0.00785237830132246,-0.1633508037775755,False,False
34,0.68,-0.4339888095855713,0.6634066104888916,5.286738395690918,0.15663990378379822,0.1626986265182495,0.16169115900993347,-0.2474667876958847,-1.2167353630065918,-0.48522305488586426,0.20662418007850647,0.4607445001602173,0.02495924010872841,0.0,0.0,5.0,0.843014546285687,-0.45667338371276855,0.24875915050506592,0.3660454750061035,-0.5902106761932373,0.007436253130435944,-0.15591455064713955,False,False
35,0.7000000000000001,-0.43863651156425476,0.6388562917709351,5.276655673980713,0.1588890552520752,0.17249000072479248,0.14909781515598297,-0.2170819491147995,-1.237980842590332,-0.523043692111969,-1.5035020112991333,0.5409626960754395,0.03991306945681572,0.0,0.0,5.0,0.8228473204418248,0.5560486316680908,-0.2762826681137085,-0.27103036642074585,0.3918156623840332,0.007997563108801842,-0.1479169875383377,False,False
36,0.72,-0.4425237476825714,0.6138296723365784,5.266528129577637,0.16113977134227753,0.18135283887386322,0.13569116592407227,-0.171376571059227,-1.2640290260314941,-0.4897041916847229,0.12318085134029388,0.36763104796409607,0.055693041533231735,0.0,0.0,5.0,0.8022788653330043,-0.360432505607605,0.2921801805496216,0.34238624572753906,-0.5202762484550476,0.007616621907800436,-0.14030036563053727,False,False
37,0.74,-0.4456036388874054,0.5883695483207703,5.256467819213867,0.1632954180240631,0.18750536441802979,0.12228089570999146,-0.1364818662405014,-1.2816201448440552,-0.51630699634552,-1.5037732124328613,0.26987409591674805,0.07336189597845078,0.0,0.0,5.0,0.7813559180509234,0.5064135789871216,-0.23346984386444092,-0.14464795589447021,0.3784068822860718,0.008154891431331635,-0.13214547419920564,False,False
38,0.76,-0.44783443212509155,0.5625313520431519,5.246578693389893,0.16555055975914001,0.19224996864795685,0.10637125372886658,-0.0865044891834259,-1.3014576435089111,-0.4725539982318878,-0.12978337705135345,0.22650492191314697,0.09354975074529648,0.0,0.0,5.0,0.760130418192935,-0.23837721347808838,0.22580265998840332,0.3044872283935547,-0.3835632801055908,0.007857385091483593,-0.12428808910772204,False,False
39,0.78,-0.449179470539093,0.5363694429397583,5.236992835998535,0.1680518388748169,0.195821151137352,0.09171845018863678,-0.047949135303497314,-1.3143054246902466,-0.486010879278183,-1.383758783340454,0.1532459557056427,0.11439331620931625,0.0,0.0,5.0,0.7386609373643059,0.4686410427093506,-0.20296478271484375,-0.04536426067352295,0.3084869384765625,0.00828981027007103,-0.11599827883765101,False,False
40,0.8,-0.4496268928050995,0.5099549889564514,5.227734565734863,0.17093011736869812,0.19862382113933563,0.07576345652341843,0.0032196154352277517,-1.326399326324463,-0.43977513909339905,-0.2681630849838257,0.14931179583072662,0.14397795498371124,0.0,0.0,5.0,0.7169947460934353,-0.22512757778167725,0.11658906936645508,0.26683008670806885,-0.28488868474960327,0.008067464455962181,-0.10793081438168883,False,False
41,0.8200000000000001,-0.44918161630630493,0.48335668444633484,5.21877384185791,0.17434123158454895,0.20235978066921234,0.06135449931025505,0.04135342314839363,-1.333001732826233,-0.45631709694862366,-1.2406612634658813,0.24645711481571198,0.16353030502796173,0.0,0.0,5.0,0.6951689022876154,0.44080591201782227,-0.12290716171264648,-0.029149293899536133,0.20416545867919922,0.008410402573645115,-0.09952041180804372,False,False
42,0.84,-0.4478449523448944,0.4566481411457062,5.210076808929443,0.17817339301109314,0.20552515983581543,0.04598734527826309,0.09233802556991577,-1.3371435403823853,-0.41337481141090393,-0.3737344443798065,0.08940508961677551,0.19429214298725128,0.0,0.0,5.0,0.6732197945712881,-0.23500001430511475,0.11738598346710205,0.22405636310577393,-0.2649475336074829,0.008164255879819393,-0.09135615592822433,False,False
43,0.86,-0.44562098383903503,0.4298948049545288,5.2016143798828125,0.1823737621307373,0.2079724371433258,0.030216557905077934,0.13005295395851135,-1.3377307653427124,-0.4329077899456024,-1.289552927017212,0.17102357745170593,0.20701201260089874,0.0,0.0,5.0,0.6511804379279932,0.4482438564300537,-0.05371147394180298,-0.04196929931640625,0.12669312953948975,0.008485154248774052,-0.08287100167945027,False,False
44,0.88,-0.44251441955566406,0.4031738042831421,5.193373203277588,0.1869325190782547,0.20790746808052063,0.012664894573390484,0.18047994375228882,-1.3336061239242554,-0.391217440366745,-0.5598378777503967,-0.16834864020347595,0.2380433827638626,0.0,0.0,5.0,0.6290956395657682,-0.12361389398574829,0.05166661739349365,0.15123844146728516,-0.1430279016494751,0.008418239653110504,-0.07445276202633977,False,False
45,0.9,-0.4385179281234741,0.3765576183795929,5.185445308685303,0.19189247488975525,0.20536480844020844,-0.002620442770421505,0.2189999371767044,-1.327552318572998,-0.401517391204834,-1.0704190731048584,-0.08333919197320938,0.24912162125110626,0.0,0.0,5.0,0.6070284801875466,0.3034629821777344,-0.015766501426696777,0.03721511363983154,-0.011127352714538574,0.008542544208467007,-0.06591021781787276,False,False
46,0.92,-0.4336888790130615,0.3501124978065491,5.177675724029541,0.1973920613527298,0.20088763535022736,-0.019964324310421944,0.26361674070358276,-1.3162999153137207,-0.3754517138004303,-0.7749822735786438,-0.37071919441223145,0.28334468603134155,0.0,0.0,5.0,0.5850072373991354,-0.006510734558105469,0.014156937599182129,0.10257220268249512,-0.06661653518676758,0.00856111291795969,-0.05734910489991307,False,False
47,0.9400000000000001,-0.4280378818511963,0.32391223311424255,5.170169830322266,0.20351120829582214,0.1939188688993454,-0.03631867840886116,0.30114176869392395,-1.303214192390442,-0.37515586614608765,-0.9804175496101379,-0.3427477777004242,0.2971727252006531,0.0,0.0,5.0,0.5631104103216551,0.1629014015197754,0.05199134349822998,0.0633077621459961,-0.08418840169906616,0.008530648425221443,-0.04881845647469163,False,False
48,0.96,-0.42163193225860596,0.2980186939239502,5.162815570831299,0.21024882793426514,0.18475788831710815,-0.05504031851887703,0.3389928638935089,-1.2855180501937866,-0.3602222800254822,-1.018597960472107,-0.6027305126190186,0.32123178243637085,0.0,0.0,5.0,0.5413848338597826,0.06262433528900146,0.005519747734069824,0.07328057289123535,-0.058521389961242676,0.00854586809873581,-0.04027258837595582,False,False
49,0.98,-0.4145181477069855,0.27250638604164124,5.1556549072265625,0.21777817606925964,0.17253953218460083,-0.074864462018013,0.3718200922012329,-1.2651175260543823,-0.35578325390815735,-1.0975531339645386,-0.6647002696990967,0.3388199210166931,0.0,0.0,5.0,0.519916796570005,0.08160746097564697,0.06378030776977539,0.04820072650909424,-0.06792819499969482,0.008483421057462692,-0.03178916731849313,False,False
50,1.0,-0.406777560710907,0.24744416773319244,5.148626327514648,0.2260662466287613,0.1580517292022705,-0.09649238735437393,0.4015633463859558,-1.2404603958129883,-0.3470727801322937,-1.201613187789917,-0.8487734794616699,0.35129183530807495,0.0,0.0,5.0,0.49878490882702076,0.037836313247680664,0.03660917282104492,0.03473949432373047,-0.025275886058807373,0.008481458760797977,-0.02330770855769515,False,False
51,1.02,-0.39849093556404114,0.22290964424610138,5.141732215881348,0.23512351512908936,0.14118921756744385,-0.11977985501289368,0.4263323247432709,-1.2123303413391113,-0.34231436252593994,-1.2620922327041626,-0.9243286848068237,0.3569938540458679,0.0,0.0,5.0,0.47809178642104405,0.05879819393157959,0.01615166664123535,0.02857518196105957,-0.0038299560546875,0.008503477089107037,-0.014804231468588114,False,False
52,1.04,-0.3897554278373718,0.19898059964179993,5.13494873046875,0.24486404657363892,0.12321926653385162,-0.14358888566493988,0.4463801085948944,-1.1799118518829346,-0.3361002206802368,-1.2471262216567993,-0.9839823246002197,0.3639816641807556,0.0,0.0,5.0,0.45794511943859645,0.0821676254272461,0.0015900135040283203,0.014747381210327148,0.019582390785217285,0.008555790409445763,-0.006248441059142351,False,False
53,1.06,-0.3806692063808441,0.17574262619018555,5.128304958343506,0.25532710552215576,0.10433244705200195,-0.16637365520000458,0.4613645672798157,-1.1432721614837646,-0.32833001017570496,-1.150048851966858,-1.0426591634750366,0.37103384733200073,0.0,0.0,5.0,0.4384708401734074,0.04543352127075195,-0.02889430522918701,0.035343050956726074,0.08247733116149902,0.008683077991008759,0.0024346369318664074,False,False
54,1.08,-0.37133607268333435,0.1532762199640274,5.121829032897949,0.2661859393119812,0.08615462481975555,-0.18698082864284515,0.4710903763771057,-1.1028375625610352,-0.31932881474494934,-1.013790488243103,-0.9369282126426697,0.3735656142234802,0.0,0.0,5.0,0.41979327262260063,-0.00980907678604126,-0.03818845748901367,0.043398261070251465,0.1908261775970459,0.008860998786985874,0.011295635718852282,False,False
55,1.1,-0.3618570864200592,0.1316598355770111,5.1155781745910645,0.27648821473121643,0.07218070328235626,-0.20449839532375336,0.4760848581790924,-1.0583381652832031,-0.3057921528816223,-0.8192782998085022,-0.633588433265686,0.3624815344810486,0.0,0.0,5.0,0.40203628908144895,-0.01059335470199585,-0.021946072578430176,0.03201007843017578,0.24120259284973145,0.009013043716549873,0.020308679435402155,False,False
56,1.12,-0.3523169159889221,0.11097162216901779,5.109646320343018,0.28537794947624207,0.06449741125106812,-0.21786010265350342,0.4774479568004608,-1.0100995302200317,-0.2875477075576782,-0.5774544477462769,-0.3036409020423889,0.34406155347824097,0.0,0.0,5.0,0.3853105575811959,0.06635212898254395,0.019335269927978516,0.002616286277770996,0.2203826904296875,0.009113037027418613,0.02942171646282077,False,False
57,1.1400000000000001,-0.34277403354644775,0.09128440171480179,5.104137897491455,0.2929616868495941,0.0614960677921772,-0.22604261338710785,0.4765743613243103,-0.9583601355552673,-0.2632574439048767,-0.28847986459732056,-0.1558515727519989,0.3281638026237488,0.0,0.0,5.0,0.36969119784500065,0.031143665313720703,0.13529706001281738,0.011257648468017578,0.10717654228210449,0.00915194395929575,0.03857366042211652,False,False
58,1.16,-0.3332621455192566,0.07263963669538498,5.099090576171875,0.30001360177993774,0.059387266635894775,-0.23146899044513702,0.47442731261253357,-0.9059557914733887,-0.24153423309326172,-0.2967948317527771,-0.20912419259548187,0.3095359206199646,0.0,0.0,5.0,0.35518884658926136,0.014729619026184082,0.01274263858795166,0.008119463920593262,0.19605326652526855,0.009202799759805202,0.04777646018192172,False,False
59,1.18,-0.32380399107933044,0.05503985658288002,5.094424247741699,0.3064025342464447,0.05857367813587189,-0.2349587082862854,0.47126007080078125,-0.8539122343063354,-0.22510957717895508,-0.08975708484649658,-0.017502475529909134,0.29222339391708374,0.0,0.0,5.0,0.3417518822379079,-0.004220843315124512,0.08522951602935791,-0.06486570835113525,0.1309734582901001,0.009240124374628067,0.05701658455654979,False,False
60,1.2,-0.31441280245780945,0.03846588730812073,5.0900044441223145,0.3119570314884186,0.05937465280294418,-0.23526790738105774,0.4678325057029724,-0.8034648895263672,-0.21683654189109802,0.026086173951625824,-0.03381803259253502,0.26566141843795776,0.0,0.0,5.0,0.3292959683894435,-0.10632461309432983,0.04453873634338379,-0.0962754487991333,0.17088007926940918,0.00925099104642868,0.06626757560297847,False,False
61,1.22,-0.3050887882709503,0.02286907099187374,5.085623264312744,0.316567063331604,0.06130620837211609,-0.2332044541835785,0.46460604667663574,-0.7562588453292847,-0.22133195400238037,0.1525193303823471,0.11483018845319748,0.2267414927482605,0.0,0.0,5.0,0.31770034077450743,-0.05182927846908569,0.09171640872955322,-0.12096947431564331,0.06832695007324219,0.009288382716476917,0.07555595831945539,False,False
62,1.24,-0.2958250641822815,0.008206892758607864,5.081127643585205,0.3203895390033722,0.06353452801704407,-0.22941912710666656,0.46185046434402466,-0.71004718542099,-0.22815968096256256,0.20214663445949554,0.014562834054231644,0.1957520842552185,0.0,0.0,5.0,0.3068574852287138,-0.12957781553268433,0.032637596130371094,-0.1456623077392578,0.11263477802276611,0.009291513822972775,0.08484747214242816,False,False
63,1.26,-0.28661075234413147,-0.005564368329942226,5.076385498046875,0.3236067295074463,0.06529384851455688,-0.22412484884262085,0.4596535265445709,-0.6672074198722839,-0.245995432138443,0.30660033226013184,0.08460064232349396,0.15660017728805542,0.0,0.0,5.0,0.29666720389360446,-0.10652631521224976,0.06155848503112793,-0.1662358045578003,0.029692649841308594,0.009316536597907543,0.0941640087403357,False,False
64,1.28,-0.2774346172809601,-0.01849915273487568,5.071239471435547,0.32618293166160583,0.06658952683210373,-0.2175205647945404,0.4580446779727936,-0.6264353394508362,-0.26853129267692566,0.33683934807777405,-0.01454535499215126,0.12270873039960861,0.0,0.0,5.0,0.287031788846039,-0.1661301851272583,0.00054931640625,-0.1988379955291748,0.03867530822753906,0.009315002709627151,0.10347901144996285,False,False
65,1.3,-0.26828527450561523,-0.030660875141620636,5.065507888793945,0.32826635241508484,0.06680857390165329,-0.2098740190267563,0.45694825053215027,-0.5899227261543274,-0.3046008050441742,0.41392749547958374,-0.008219471201300621,0.08507620543241501,0.0,0.0,5.0,0.2778639258256517,-0.21281427145004272,-0.0024802684783935547,-0.16818678379058838,-0.013923823833465576,0.009339666925370693,0.11281867837533355,False,False
66,1.32,-0.2591535747051239,-0.0421193465590477,5.058988571166992,0.3295620083808899,0.0672832578420639,-0.202118918299675,0.45628824830055237,-0.5561078190803528,-0.3472677171230316,0.3529101312160492,0.02817992866039276,0.05113028362393379,0.0,0.0,5.0,0.2690989895286281,-0.1469278335571289,-0.023485660552978516,-0.13465368747711182,-0.041794419288635254,0.009372834116220474,0.12219151249155402,False,False
67,1.34,-0.25003084540367126,-0.052901651710271835,5.051667213439941,0.3302699625492096,0.06793536245822906,-0.19534578919410706,0.45605432987213135,-0.5222840905189514,-0.3848617374897003,0.3196217119693756,0.021768759936094284,0.030991479754447937,0.0,0.0,5.0,0.26073647491595403,-0.09077203273773193,0.004541993141174316,-0.11521095037460327,-0.05629324913024902,0.00940088089555502,0.13159239338710904,False,False
68,1.36,-0.24090871214866638,-0.06299927085638046,5.0436811447143555,0.3308316469192505,0.06754376739263535,-0.18931126594543457,0.45620378851890564,-0.48763829469680786,-0.4136941730976105,0.28002336621284485,-0.07093889266252518,0.01663169078528881,0.0,0.0,5.0,0.2528121004246455,-0.053297996520996094,-0.004230856895446777,-0.09090083837509155,-0.02917325496673584,0.009420511312782764,0.1410129046998918,False,False
69,1.3800000000000001,-0.2317817360162735,-0.07239818572998047,5.035197734832764,0.33144694566726685,0.06552372127771378,-0.18353191018104553,0.4564947187900543,-0.45242875814437866,-0.4346190094947815,0.293811559677124,-0.1389589011669159,0.006316106766462326,0.0,0.0,5.0,0.24536330407187582,-0.04577994346618652,0.013451695442199707,-0.0762205719947815,-0.027157247066497803,0.009433405473828316,0.15044631017372012,False,False
70,1.4000000000000001,-0.22264964878559113,-0.08109605312347412,5.02633810043335,0.3321106731891632,0.06203387677669525,-0.17772391438484192,0.45667386054992676,-0.4175516366958618,-0.4512885510921478,0.28274837136268616,-0.21626487374305725,-0.0037667069118469954,0.0,0.0,5.0,0.2384179764006683,-0.04417604207992554,0.011968493461608887,-0.06854826211929321,-0.007063329219818115,0.009443726390600204,0.15989003656432033,False,False
71,1.42,-0.21351730823516846,-0.08910335600376129,5.0171732902526855,0.33276399970054626,0.05727707967162132,-0.17197197675704956,0.45648083090782166,-0.3833865523338318,-0.46503746509552,0.2885343134403229,-0.2635229229927063,-0.014718659222126007,0.0,0.0,5.0,0.2319999372095345,-0.03880196809768677,0.02277350425720215,-0.059300899505615234,0.002246379852294922,0.009453114122152328,0.16934315068647265,False,False
72,1.44,-0.20439425110816956,-0.09643421322107315,5.007771015167236,0.33332324028015137,0.051572367548942566,-0.1661716252565384,0.45571568608283997,-0.34992319345474243,-0.47519451379776,0.2884385287761688,-0.3082292079925537,-0.0261820200830698,0.0,0.0,5.0,0.22613481828848536,-0.0378078818321228,0.020993828773498535,-0.044659316539764404,0.01058042049407959,0.009465599432587624,0.17880875011906028,False,False
73,1.46,-0.19529365003108978,-0.10310586541891098,4.9981889724731445,0.333734929561615,0.04520118981599808,-0.16042262315750122,0.4542164206504822,-0.3174746632575989,-0.4829671084880829,0.2844514846801758,-0.32711589336395264,-0.036799926310777664,0.0,0.0,5.0,0.22084770555057026,-0.03082263469696045,0.020464301109313965,-0.029562294483184814,0.010031342506408691,0.009480035863816738,0.18828878598287702,False,False
74,1.48,-0.18623130023479462,-0.1091393381357193,4.988473892211914,0.333967387676239,0.03851144388318062,-0.15485243499279022,0.45187807083129883,-0.28610655665397644,-0.48847681283950806,0.2715768814086914,-0.33722352981567383,-0.04526140168309212,0.0,0.0,5.0,0.21616277079226123,-0.027023673057556152,0.011185407638549805,-0.014608800411224365,0.011089563369750977,0.009496496990323067,0.19778528297320008,False,False
75,1.5,-0.1772245466709137,-0.11455793678760529,4.97866153717041,0.33401626348495483,0.031829867511987686,-0.1495569497346878,0.44865283370018005,-0.2559804916381836,-0.492753267288208,0.2577863931655884,-0.32396048307418823,-0.05121152475476265,0.0,0.0,5.0,0.21210231215070152,-0.01750624179840088,0.014583468437194824,-0.0026866793632507324,0.0058002471923828125,0.009511705487966537,0.20729698846116662,False,False
76,1.52,-0.16829140484333038,-0.1193847507238388,4.968784332275391,0.33390578627586365,0.025328567251563072,-0.14466305077075958,0.4445202946662903,-0.22691643238067627,-0.4949435293674469,0.2319142073392868,-0.3175371587276459,-0.054989416152238846,0.0,0.0,5.0,0.20868429160104043,-0.015144586563110352,0.008670449256896973,0.007386445999145508,0.013035893440246582,0.009525923989713192,0.2168229124508798,False,False
77,1.54,-0.15944994986057281,-0.12364116311073303,4.958878040313721,0.3336501717567444,0.01917051151394844,-0.1402299404144287,0.43948793411254883,-0.19892457127571106,-0.4956335127353668,0.2119586169719696,-0.28840896487236023,-0.05773274973034859,0.0,0.0,5.0,0.20591852586485282,-0.011684596538543701,0.003282308578491211,0.01762521266937256,0.0068967342376708984,0.009539865888655186,0.226362778339535,False,False
78,1.56,-0.15071739256381989,-0.12734922766685486,4.9489617347717285,0.3332482576370239,0.013651296496391296,-0.1362786442041397,0.4336432218551636,-0.17206133902072906,-0.49597251415252686,0.18382446467876434,-0.25271138548851013,-0.05812736228108406,0.0,0.0,5.0,0.20380986905960272,-0.005265414714813232,-0.0016852617263793945,0.017010807991027832,0.007818818092346191,0.00955145712941885,0.23591423546895385,False,False
79,1.58,-0.14210906624794006,-0.1305302381515503,4.9390411376953125,0.33273306488990784,0.008829099126160145,-0.13274839520454407,0.42708104848861694,-0.146199569106102,-0.49602535367012024,0.16977477073669434,-0.2182447612285614,-0.05760480836033821,0.0,0.0,5.0,0.20235887100703964,0.0010808706283569336,0.00041162967681884766,0.017702579498291016,0.006099820137023926,0.009560391306877136,0.24547462677583098,False,False
80,1.6,-0.13363851606845856,-0.133202463388443,4.929128646850586,0.33214128017425537,0.004592197015881538,-0.1294771432876587,0.41988247632980347,-0.1211666390299797,-0.49525901675224304,0.1577470600605011,-0.19407248497009277,-0.056462157517671585,0.0,0.0,5.0,0.2015561904952515,0.003969430923461914,-3.0040740966796875e-05,0.018268942832946777,0.009312748908996582,0.009567451663315296,0.2550420784391463,False,False
81,1.62,-0.1253175586462021,-0.13538184762001038,4.919239044189453,0.33149582147598267,0.0008541475981473923,-0.12637899816036224,0.4121313691139221,-0.09690611809492111,-0.49380114674568176,0.15224125981330872,-0.16844260692596436,-0.05525587871670723,0.0,0.0,5.0,0.20138288694297019,0.0015895366668701172,0.005672335624694824,0.012297391891479492,0.010966300964355469,0.009574067778885365,0.26461614621803164,False,False
82,1.6400000000000001,-0.11715621501207352,-0.13708415627479553,4.909376621246338,0.3307948410511017,-0.0024545800406485796,-0.12339349091053009,0.4039355218410492,-0.07344938069581985,-0.4923626780509949,0.14625105261802673,-0.15112334489822388,-0.05551202967762947,0.0,0.0,5.0,0.20181734661385642,0.0002626180648803711,0.016809582710266113,0.0059386491775512695,0.018457889556884766,0.009577104821801186,0.27419325103983283,False,False
83,1.6600000000000001,-0.10916321724653244,-0.1383236050605774,4.89955472946167,0.3300240635871887,-0.005514723248779774,-0.12051012367010117,0.39530351758003235,-0.05061795562505722,-0.489787757396698,0.1417754590511322,-0.14324501156806946,-0.058218229562044144,0.0,0.0,5.0,0.2028282033891898,0.00019431114196777344,0.021184682846069336,0.007116794586181641,0.026839375495910645,0.009579688310623169,0.283772939350456,False,False
84,1.68,-0.10134709626436234,-0.1391122043132782,4.889798641204834,0.3291545808315277,-0.00836719200015068,-0.11768325418233871,0.3862520158290863,-0.02835794910788536,-0.48579660058021545,0.1403038650751114,-0.12965400516986847,-0.06200878694653511,0.0,0.0,5.0,0.2043716682674438,0.016880154609680176,0.032829999923706055,0.009722709655761719,0.03354692459106445,0.009579494595527649,0.29335243394598365,False,False
85,1.7,-0.09371700882911682,-0.13945871591567993,4.880160808563232,0.32819491624832153,-0.011161488480865955,-0.11478302627801895,0.3767029345035553,-0.006414462346583605,-0.4780748784542084,0.1487782597541809,-0.1367640346288681,-0.06571201980113983,0.0,0.0,5.0,0.2063808203127057,0.02357649803161621,0.04278099536895752,0.019353628158569336,0.04354095458984375,0.009579562582075596,0.30293199652805924,False,False
86,1.72,-0.08628292381763458,-0.1393701434135437,4.8707122802734375,0.3271624445915222,-0.014070885255932808,-0.11174125224351883,0.3666481375694275,0.015145386569201946,-0.4667544960975647,0.1540958136320114,-0.14064563810825348,-0.06975196301937103,0.0,0.0,5.0,0.20876803943545968,0.0316462516784668,0.04759383201599121,0.027105093002319336,0.05127441883087158,0.009580534882843494,0.31251253141090274,False,False
87,1.74,-0.0790548101067543,-0.1388554722070694,4.861518383026123,0.3260490298271179,-0.017034729942679405,-0.10855364799499512,0.3561057448387146,0.03618721663951874,-0.452604740858078,0.1629304438829422,-0.14170800149440765,-0.07348708808422089,0.0,0.0,5.0,0.21144186766712683,0.03835594654083252,0.05305063724517822,0.03486502170562744,0.05755186080932617,0.009581895545125008,0.32209442695602775,False,False
88,1.76,-0.07204236835241318,-0.13792581856250763,4.852632999420166,0.32485419511795044,-0.02000364288687706,-0.10518711060285568,0.34508195519447327,0.05663513019680977,-0.435835063457489,0.1715090423822403,-0.14074937999248505,-0.07696746289730072,0.0,0.0,5.0,0.21431441184357936,0.04785716533660889,0.05238604545593262,0.047408103942871094,0.06030380725860596,0.009584115818142891,0.33167854277417064,False,False
89,1.78,-0.0652550607919693,-0.13659381866455078,4.8441081047058105,0.323589026927948,-0.022884828969836235,-0.10163991153240204,0.33359605073928833,0.07641690224409103,-0.4166460335254669,0.18049485981464386,-0.13277383148670197,-0.0785897821187973,0.0,0.0,5.0,0.21729789983969547,0.05590999126434326,0.04987919330596924,0.06085038185119629,0.05838644504547119,0.009587490931153297,0.34126603370532393,False,False
90,1.8,-0.05870145559310913,-0.13487383723258972,4.835984230041504,0.3222828507423401,-0.025538891553878784,-0.09796065092086792,0.3217194378376007,0.09542935341596603,-0.3957253396511078,0.18426702916622162,-0.11830021440982819,-0.07779888808727264,0.0,0.0,5.0,0.2203133805597635,0.06219363212585449,0.047498226165771484,0.07136404514312744,0.056087493896484375,0.00959147047251463,0.35085750417783856,False,False
91,1.82,-0.05238856002688408,-0.13278184831142426,4.828291893005371,0.3209701478481293,-0.02784983068704605,-0.09424751996994019,0.30953657627105713,0.11361997574567795,-0.373556524515152,0.1835416853427887,-0.09913250058889389,-0.0750083178281784,0.0,0.0,5.0,0.22329185939117316,0.06005370616912842,0.03816092014312744,0.07864034175872803,0.05437898635864258,0.009597154334187508,0.36045465851202607,False,False
92,1.84,-0.04632074385881424,-0.13033553957939148,4.821037769317627,0.3196670413017273,-0.02958286553621292,-0.09056568890810013,0.29722997546195984,0.13086870312690735,-0.3519006371498108,0.18089906871318817,-0.06140884384512901,-0.07071112096309662,0.0,0.0,5.0,0.22618674629583385,0.06856775283813477,0.03846263885498047,0.06721174716949463,0.05251467227935791,0.009600664488971233,0.3700553230009973,False,False
93,1.86,-0.04049929231405258,-0.12755313515663147,4.814213275909424,0.31839609146118164,-0.030791614204645157,-0.0867421105504036,0.28491929173469543,0.14723126590251923,-0.3306177854537964,0.19762343168258667,-0.04773876816034317,-0.06653980910778046,0.0,0.0,5.0,0.2289687791261788,0.06471049785614014,0.0465853214263916,0.05635690689086914,0.05329537391662598,0.009603742510080338,0.37965906551107764,False,False
94,1.8800000000000001,-0.03492327034473419,-0.1244526281952858,4.8078083992004395,0.31717154383659363,-0.0318731926381588,-0.08258774131536484,0.2726958692073822,0.1626710146665573,-0.30983471870422363,0.213978573679924,-0.04967767000198364,-0.06456713378429413,0.0,0.0,5.0,0.23161542024265802,0.05935835838317871,0.050668954849243164,0.05106234550476074,0.05743825435638428,0.009605880826711655,0.3892649463377893,False,False
95,1.9000000000000001,-0.0295907873660326,-0.1210528239607811,4.801817417144775,0.3159670829772949,-0.03298516571521759,-0.07810553908348083,0.2605668604373932,0.17714828252792358,-0.28921836614608765,0.23033516108989716,-0.05149798095226288,-0.06435166299343109,0.0,0.0,5.0,0.23410625158886633,0.05804085731506348,0.058144569396972656,0.04762399196624756,0.05317831039428711,0.009608162567019463,0.39887310890480876,False,False
96,1.92,-0.024499928578734398,-0.11737360060214996,4.796238422393799,0.3147684335708618,-0.03427855670452118,-0.07339967787265778,0.24853013455867767,0.19060321152210236,-0.2686827480792999,0.2362220138311386,-0.06840397417545319,-0.064878448843956,0.0,0.0,5.0,0.236422480164734,0.05632364749908447,0.05826425552368164,0.04674994945526123,0.0591278076171875,0.009609400294721127,0.4084825091995299,False,False
97,1.94,-0.019649503752589226,-0.11343565583229065,4.791074275970459,0.31356391310691833,-0.03583243116736412,-0.06851998716592789,0.23651564121246338,0.20301160216331482,-0.24774111807346344,0.24752609431743622,-0.07805772125720978,-0.06621156632900238,0.0,0.0,5.0,0.2385449835420834,0.05200183391571045,0.052121877670288086,0.052910685539245605,0.05245351791381836,0.009613514877855778,0.41809602407738566,False,False
98,1.96,-0.01503863837569952,-0.10926122963428497,4.786319255828857,0.3123442828655243,-0.03746587783098221,-0.06353164464235306,0.224572092294693,0.2142476737499237,-0.22781182825565338,0.24684081971645355,-0.07689033448696136,-0.06618021428585052,0.0,0.0,5.0,0.240465459837633,0.043380022048950195,0.04013657569885254,0.06225287914276123,0.04291582107543945,0.009620143100619316,0.427716167178005,False,False
99,1.98,-0.010665394365787506,-0.10487417131662369,4.781942367553711,0.3111231029033661,-0.0388469435274601,-0.0587238073348999,0.2127588987350464,0.22428230941295624,-0.20986224710941315,0.22928234934806824,-0.0535026490688324,-0.06407789885997772,0.0,0.0,5.0,0.24220130782967958,0.04873538017272949,0.0345691442489624,0.06337189674377441,0.03809511661529541,0.0096242381259799,0.4373404053039849,False,False
100,2.0,-0.006527570076286793,-0.10029692202806473,4.777921199798584,0.3099287748336792,-0.039789799600839615,-0.05421239137649536,0.20104128122329712,0.23328404128551483,-0.19224631786346436,0.21716240048408508,-0.033894896507263184,-0.06040559709072113,0.0,0.0,5.0,0.2437643846797661,0.05202305316925049,0.030714035034179688,0.06258630752563477,0.03908109664916992,0.009626989252865314,0.4469673945568502,False,False
101,2.02,-0.0026227771304547787,-0.09554912894964218,4.774252414703369,0.3087877631187439,-0.04032318666577339,-0.04984749108552933,0.1894671767950058,0.2413443773984909,-0.1746210902929306,0.21475759148597717,-0.013437450863420963,-0.056233152747154236,0.0,0.0,5.0,0.2451499281463713,0.05081832408905029,0.032166242599487305,0.06160414218902588,0.03295469284057617,0.009630842134356499,0.4565982366912067,False,False
102,2.04,0.0010529115097597241,-0.09064937382936478,4.77092981338501,0.30771443247795105,-0.040518682450056076,-0.04561778903007507,0.17814064025878906,0.24848942458629608,-0.15762442350387573,0.20387482643127441,-0.0009688112186267972,-0.05182914435863495,0.0,0.0,5.0,0.2463565870727425,0.04967975616455078,0.0287630558013916,0.05966484546661377,0.03456008434295654,0.00963379256427288,0.4662320292554796,False,False
103,2.06,0.004504834767431021,-0.08561532199382782,4.767942905426025,0.30671435594558716,-0.040410932153463364,-0.041545357555150986,0.16709835827350616,0.25478288531303406,-0.1410650610923767,0.19932164251804352,0.016092153266072273,-0.04754425585269928,0.0,0.0,5.0,0.24738789792247978,0.050308823585510254,0.03176116943359375,0.05768024921417236,0.028571128845214844,0.009637079201638699,0.4758691084571183,False,False
104,2.08,0.0077391499653458595,-0.0804634839296341,4.765283107757568,0.3057934045791626,-0.040080778300762177,-0.03763669729232788,0.15638573467731476,0.2602754235267639,-0.12489387392997742,0.18783938884735107,0.02054423652589321,-0.04310719668865204,0.0,0.0,5.0,0.24824642231505747,0.05021238327026367,0.033740878105163574,0.05628502368927002,0.03524816036224365,0.009638871997594833,0.4855079804547131,False,False
105,2.1,0.010762101039290428,-0.0752091258764267,4.762954235076904,0.30494847893714905,-0.03961819410324097,-0.03389580547809601,0.14596430957317352,0.26504188776016235,-0.10798666626214981,0.18288271129131317,0.028706518933176994,-0.0396149605512619,0.0,0.0,5.0,0.2489235426829926,0.0491328239440918,0.04045677185058594,0.05594480037689209,0.035576581954956055,0.00964122824370861,0.4951492086984217,False,False
106,2.12,0.013579778373241425,-0.06986645609140396,4.760969161987305,0.30416396260261536,-0.0390486940741539,-0.03033439628779888,0.135860413312912,0.2691124677658081,-0.09049730002880096,0.17017273604869843,0.030733175575733185,-0.036910757422447205,0.0,0.0,5.0,0.2494022325250715,0.04918253421783447,0.03987467288970947,0.05656790733337402,0.04037296772003174,0.009643064811825752,0.5047922735102475,False,False
107,2.14,0.016198623925447464,-0.06444898247718811,4.759338855743408,0.3034292161464691,-0.038369689136743546,-0.026977308094501495,0.12608228623867035,0.27253010869026184,-0.0725012719631195,0.16269227862358093,0.039245136082172394,-0.034536316990852356,0.0,0.0,5.0,0.2496674850963078,0.04673731327056885,0.04151618480682373,0.0540086030960083,0.041155099868774414,0.009645682759582996,0.5144379562698305,False,False
108,2.16,0.018625643104314804,-0.05896943807601929,4.758066654205322,0.30273324251174927,-0.037527572363615036,-0.023779941722750664,0.11668123304843903,0.27532655000686646,-0.05473284423351288,0.154403418302536,0.0467049740254879,-0.03285352885723114,0.0,0.0,5.0,0.2497119400738737,0.044132232666015625,0.04156768321990967,0.05086803436279297,0.042237281799316406,0.009648330509662628,0.5240862867794931,False,False
109,2.18,0.020868664607405663,-0.05343983694911003,4.757145404815674,0.30206379294395447,-0.0365280881524086,-0.020732909440994263,0.10768602788448334,0.27754297852516174,-0.037392985075712204,0.14782078564167023,0.05470849573612213,-0.031811222434043884,0.0,0.0,5.0,0.24953891828287383,0.039713382720947266,0.03852236270904541,0.04842674732208252,0.03692305088043213,0.009652184322476387,0.5337384711019695,False,False
110,2.2,0.02293643355369568,-0.047871433198451996,4.756556510925293,0.30141666531562805,-0.03536926582455635,-0.01786523126065731,0.09915895760059357,0.27921411395072937,-0.021523285657167435,0.13662047684192657,0.06240033730864525,-0.030629301443696022,0.0,0.0,5.0,0.24916357372919493,0.03273499011993408,0.030541419982910156,0.03447914123535156,0.03423357009887695,0.009657064452767372,0.5433955355547369,False,False
111,2.22,0.024839069694280624,-0.04227470979094505,4.756253719329834,0.30078455805778503,-0.03407280892133713,-0.015089455991983414,0.09117500483989716,0.28038159012794495,-0.008730953559279442,0.13876228034496307,0.06826827675104141,-0.030402177944779396,0.0,0.0,5.0,0.24862900034333343,0.020951032638549805,0.02570474147796631,0.01925516128540039,0.014157891273498535,0.009664896875619888,0.5530604324303567,False,False
112,2.24,0.02658820152282715,-0.03665950149297714,4.7561564445495605,0.3001597225666046,-0.03286045789718628,-0.012400303035974503,0.0838044136762619,0.28106576204299927,-0.001010609557852149,0.12806327641010284,0.05381307378411293,-0.030370229855179787,0.0,0.0,5.0,0.24801316707917667,0.011531591415405273,0.016918063163757324,0.012597799301147461,0.008253931999206543,0.009670456871390343,0.5627308893017471,False,False
113,2.2600000000000002,0.02819477953016758,-0.031035050749778748,4.756183624267578,0.2995399534702301,-0.03187412768602371,-0.009924693964421749,0.07690897583961487,0.2813113331794739,0.0037074200809001923,0.11749239265918732,0.04550425335764885,-0.030467281118035316,0.0,0.0,5.0,0.24739552349040111,0.009890913963317871,0.013686537742614746,0.00510251522064209,0.0050356388092041016,0.009673974476754665,0.5724048637785017,False,False
114,2.2800000000000002,0.02966718189418316,-0.025409745052456856,4.756289958953857,0.2989201247692108,-0.03111606277525425,-0.007597232237458229,0.07037804275751114,0.2811543643474579,0.006907869130373001,0.11330270767211914,0.03084121271967888,-0.030814403668045998,0.0,0.0,5.0,0.24682054398263914,0.005778908729553223,0.013705015182495117,0.002185344696044922,0.0023893117904663086,0.00967668928205967,0.5820815530605614,False,False
115,2.3000000000000003,0.031011901795864105,-0.019791502505540848,4.756450176239014,0.29829293489456177,-0.03066590428352356,-0.005395755637437105,0.06412980705499649,0.280606210231781,0.009168869815766811,0.104908786714077,0.014580233953893185,-0.03157135099172592,0.0,0.0,5.0,0.24631272455646835,0.0014950037002563477,0.011322975158691406,-0.0004623532295227051,0.0028029680252075195,0.00967918336391449,0.5917607364244759,False,False
116,2.32,0.03223388269543648,-0.014188024215400219,4.756647109985352,0.29764828085899353,-0.03049147129058838,-0.0033492434304207563,0.058093100786209106,0.2796802520751953,0.010561435483396053,0.09777215123176575,0.003143860027194023,-0.03279038518667221,0.0,0.0,5.0,0.24588808898204387,-0.0012514591217041016,0.008449673652648926,-0.00303494930267334,0.0018123388290405273,0.009681268595159054,0.601442005019635,False,False
117,2.34,0.03333676606416702,-0.008606701157987118,4.756863594055176,0.296978622674942,-0.030522163957357407,-0.0014261995675042272,0.05221321061253548,0.2783927917480469,0.011055408976972103,0.09249018132686615,-0.006054503843188286,-0.03414501994848251,0.0,0.0,5.0,0.24556206378878284,-0.003181636333465576,0.005714893341064453,-0.00407642126083374,-0.0005562305450439453,0.009683041833341122,0.6111250468529761,False,False
118,2.36,0.03432322293519974,-0.0030546332709491253,4.757081508636475,0.29628390073776245,-0.03072192706167698,0.0003863260499201715,0.04644353687763214,0.2767568528652191,0.01075760554522276,0.08663579821586609,-0.013886225409805775,-0.03530114144086838,0.0,0.0,5.0,0.24535037775273666,-0.003796994686126709,0.0024935007095336914,-0.0033904314041137695,-0.0033150911331176758,0.009684652090072632,0.6208096989430487,False,False
119,2.38,0.0351950079202652,0.0024613398127257824,4.757287979125977,0.29557114839553833,-0.03105788677930832,0.0020733496639877558,0.04074100777506828,0.2747860550880432,0.009878721088171005,0.07986562699079514,-0.019797587767243385,-0.03589379042387009,0.0,0.0,5.0,0.2452628627675491,-0.0030031800270080566,-6.198883056640625e-06,-0.0017181634902954102,-0.0036885738372802734,0.009686178527772427,0.6304958774708211,False,False
120,2.4,0.03595300391316414,0.007934648543596268,4.757475852966309,0.29485073685646057,-0.0314781628549099,0.0036390498280525208,0.03506036475300789,0.27249324321746826,0.008956951089203358,0.0744524672627449,-0.022435994818806648,-0.035989366471767426,0.0,0.0,5.0,0.24530295357437087,-0.0016380548477172852,-0.00101548433303833,-7.37905502319336e-05,-0.0037671327590942383,0.009687434881925583,0.6401833123527467,False,False
121,2.42,0.03659738227725029,0.013358996249735355,4.757647514343262,0.29413142800331116,-0.03193695843219757,0.005103845149278641,0.029376767575740814,0.2698928415775299,0.008219881914556026,0.06974676996469498,-0.023757129907608032,-0.035703472793102264,0.0,0.0,5.0,0.2454639657349876,-0.001123189926147461,-0.0020742416381835938,0.0015336275100708008,-0.003937840461730957,0.009688309393823147,0.6498716217465699,False,False
122,2.44,0.037127990275621414,0.018728407099843025,4.757805347442627,0.2934202551841736,-0.032399628311395645,0.006472374778240919,0.02368258498609066,0.2670026421546936,0.007566151674836874,0.06481922417879105,-0.022920861840248108,-0.03510548919439316,0.0,0.0,5.0,0.24573866326199206,-0.0006830692291259766,-0.0029140114784240723,0.0031965970993041992,-0.004272520542144775,0.00968896597623825,0.6595605877228081,False,False
123,2.46,0.037544574588537216,0.024037271738052368,4.757950782775879,0.29272371530532837,-0.03282591700553894,0.007734389044344425,0.017974354326725006,0.2638417184352875,0.006998871453106403,0.05911104008555412,-0.020200978964567184,-0.03420235961675644,0.0,0.0,5.0,0.24612031422142497,-0.0002568364143371582,-0.004546761512756348,0.0034682750701904297,-0.0032979846000671387,0.00968960765749216,0.6692501953803003,False,False
124,2.48,0.03784690424799919,0.029280416667461395,4.758085250854492,0.2920467257499695,-0.03317040205001831,0.008911929093301296,0.012258771806955338,0.26043370366096497,0.00643114885315299,0.05640918016433716,-0.014810026623308659,-0.033172957599163055,0.0,0.0,5.0,0.24660185890522265,-0.0006334185600280762,-0.00478363037109375,0.002382636070251465,-0.0043312907218933105,0.009690159000456333,0.6789403543807566,False,False
125,2.5,0.038035038858652115,0.0344531312584877,4.758205413818359,0.291390597820282,-0.03342286869883537,0.010034007951617241,0.00655724061653018,0.2568012773990631,0.005591596942394972,0.05361458659172058,-0.011056310497224331,-0.03216143697500229,0.0,0.0,5.0,0.24718071191184113,-0.0007763504981994629,-0.00424957275390625,-0.0004996657371520996,-0.003415048122406006,0.009690839797258377,0.688631194178015,False,False
126,2.52,0.03810935840010643,0.03955104947090149,4.758306980133057,0.29075080156326294,-0.033625345677137375,0.011133776977658272,0.0008776404429227114,0.25295573472976685,0.0045940387062728405,0.05421796068549156,-0.009866544045507908,-0.03156667202711105,0.0,0.0,5.0,0.2478550474860662,-0.0014792084693908691,-0.0021209120750427246,-0.0011380314826965332,-0.004306018352508545,0.009691269136965275,0.6983224633149803,False,False
127,2.54,0.03807029873132706,0.04456993192434311,4.758388519287109,0.29012012481689453,-0.03383558243513107,0.012211870402097702,-0.004780250135809183,0.2488977611064911,0.00358257326297462,0.051464762538671494,-0.011891448870301247,-0.03121199645102024,0.0,0.0,5.0,0.24862005970860152,-0.0011559724807739258,-0.002789735794067383,0.0010259151458740234,-0.00369185209274292,0.009691604413092136,0.7080140677280724,False,False
128,2.56,0.037918176501989365,0.04950552061200142,4.758452415466309,0.28949862718582153,-0.03405177593231201,0.013228662312030792,-0.010429617017507553,0.24462902545928955,0.0028057508170604706,0.04810548201203346,-0.010516026988625526,-0.03062061406672001,0.0,0.0,5.0,0.24946707252533773,0.006908416748046875,0.004218101501464844,0.0002968311309814453,0.0013613700866699219,0.009690910577774048,0.7177049783058465,False,False
129,2.58,0.037652637809515,0.05435333028435707,4.758519649505615,0.2888830900192261,-0.03435687720775604,0.014252625405788422,-0.01612440124154091,0.2401183396577835,0.003926201723515987,0.052186064422130585,-0.020836077630519867,-0.030469262972474098,0.0,0.0,5.0,0.25036925794095777,0.003135085105895996,0.007474303245544434,0.0016247034072875977,0.003432035446166992,0.009690818376839161,0.7273957966826856,False,False
130,2.6,0.03727300837635994,0.05910873040556908,4.758612632751465,0.2882606089115143,-0.03482504561543465,0.01529024913907051,-0.021844077855348587,0.23538587987422943,0.005323575809597969,0.04942358657717705,-0.02689497545361519,-0.031041571870446205,0.0,0.0,5.0,0.2512985878009696,0.004065275192260742,0.0060662031173706055,0.0035746097564697266,0.006164669990539551,0.009690585546195507,0.7370863822288811,False,False
131,2.62,0.03677847608923912,0.0637671947479248,4.758737564086914,0.28762662410736084,-0.035357434302568436,0.016307273879647255,-0.0276169553399086,0.23042437434196472,0.007126610726118088,0.05005491524934769,-0.027339117601513863,-0.031468991190195084,0.0,0.0,5.0,0.25224288773359377,0.004324674606323242,0.005972504615783691,0.00546419620513916,0.005195260047912598,0.009690589271485806,0.7467769715003669,False,False
132,2.64,0.03616798296570778,0.06832421571016312,4.758898735046387,0.28698647022247314,-0.03588975965976715,0.01731022074818611,-0.03344033658504486,0.22524091601371765,0.009029052220284939,0.04795973002910614,-0.026961905881762505,-0.031597379595041275,0.0,0.0,5.0,0.25319190628147864,0.003351926803588867,0.003596782684326172,0.005867481231689453,0.005791306495666504,0.009690857492387295,0.7564678289927542,False,False
133,2.66,0.03544062003493309,0.0727754682302475,4.759095668792725,0.28634539246559143,-0.03636658936738968,0.01828899048268795,-0.03930263593792915,0.21985048055648804,0.01069418154656887,0.04760172963142395,-0.021853944286704063,-0.03161308541893959,0.0,0.0,5.0,0.25414012496852384,0.0032895803451538086,0.0018688440322875977,0.007057309150695801,0.0035457611083984375,0.00969113502651453,0.7661589640192688,False,False
134,2.68,0.034595753997564316,0.07711692899465561,4.7593231201171875,0.2857103943824768,-0.0367327444255352,0.019241416826844215,-0.04518730193376541,0.21426337957382202,0.01207384467124939,0.045320186764001846,-0.015945613384246826,-0.03115379810333252,0.0,0.0,5.0,0.2550867449366048,0.0039463043212890625,-0.0013224482536315918,0.009258866310119629,0.0036869049072265625,0.009690799750387669,0.7758497637696564,False,False
135,2.7,0.033633071929216385,0.08134472370147705,4.759578227996826,0.2850930392742157,-0.03692737966775894,0.02016722783446312,-0.05107942596077919,0.20848599076271057,0.01342893484979868,0.04498685896396637,-0.004729761276394129,-0.030144453048706055,0.0,0.0,5.0,0.256028857855148,0.005998134613037109,0.0008298158645629883,0.008427739143371582,0.003288865089416504,0.009690793231129646,0.7855405570007861,False,False
136,2.72,0.03255267068743706,0.08545509725809097,4.759862422943115,0.2844986021518707,-0.036956679075956345,0.021089226007461548,-0.05695363134145737,0.20252196490764618,0.015071164816617966,0.04501781985163689,0.0005753886653110385,-0.029184818267822266,0.0,0.0,5.0,0.256959736011356,0.0056198835372924805,0.003855109214782715,0.0067206621170043945,0.003478407859802246,0.009690954349935055,0.7952315113507211,False,False
137,2.74,0.03135522082448006,0.08944442868232727,4.760181427001953,0.2839197516441345,-0.036924973130226135,0.021994885057210922,-0.06278260797262192,0.19638392329216003,0.016820333898067474,0.04341026395559311,0.0013482882641255856,-0.02871866524219513,0.0,0.0,5.0,0.2578689660468653,0.0042372941970825195,0.002901911735534668,0.006907224655151367,0.0034395456314086914,0.009691167622804642,0.8049226789735258,False,False
138,2.7600000000000002,0.03004179336130619,0.0933094173669815,4.760534286499023,0.28335100412368774,-0.0368504673242569,0.022860879078507423,-0.06855067610740662,0.19008950889110565,0.01835148222744465,0.041091226041316986,0.004825755953788757,-0.028271496295928955,0.0,0.0,5.0,0.258752748121176,0.00442814826965332,0.0016775131225585938,0.007235527038574219,0.0022351741790771484,0.009691263549029827,0.8146139425225556,False,False
139,2.7800000000000002,0.028613675385713577,0.09704704582691193,4.7609148025512695,0.28279563784599304,-0.03670450299978256,0.023678667843341827,-0.0742499977350235,0.18364974856376648,0.019692454487085342,0.0386451855301857,0.008475213311612606,-0.02754989266395569,0.0,0.0,5.0,0.2596124094913573,0.0053195953369140625,0.001522660255432129,0.007730364799499512,0.0001958608627319336,0.009691201150417328,0.8243051436729729,False,False
140,2.8000000000000003,0.027072308585047722,0.10065450519323349,4.761321067810059,0.2822593152523041,-0.036510366946458817,0.024430563673377037,-0.07987438142299652,0.17707492411136627,0.020951762795448303,0.034581445157527924,0.009643590077757835,-0.0264948308467865,0.0,0.0,5.0,0.26044552593421405,0.006585597991943359,-0.0009853839874267578,0.010547161102294922,0.0003262758255004883,0.009690609760582447,0.8339957534335554,False,False
141,2.82,0.025419168174266815,0.10412916541099548,4.761754035949707,0.2817520201206207,-0.036247581243515015,0.025111844763159752,-0.08542612195014954,0.1703728586435318,0.02237621881067753,0.03170175850391388,0.015372020192444324,-0.02483828365802765,0.0,0.0,5.0,0.26124730924186684,0.0074340105056762695,-0.0021866559982299805,0.011955976486206055,-0.0009537935256958008,0.009690232574939728,0.8436859860084951,False,False
142,2.84,0.023655887693166733,0.10746872425079346,4.762215614318848,0.28128546476364136,-0.035865623503923416,0.025726955384016037,-0.09088489413261414,0.16356739401817322,0.023777801543474197,0.0281272754073143,0.02162601426243782,-0.022740572690963745,0.0,0.0,5.0,0.2620124840315969,0.008234500885009766,-0.003139495849609375,0.012886404991149902,-0.0019005537033081055,0.009689890779554844,0.8533758767880499,False,False
143,2.86,0.021784525364637375,0.11067130416631699,4.762705326080322,0.2808678448200226,-0.03535803407430649,0.02626729942858219,-0.09623128920793533,0.1566782295703888,0.025162946432828903,0.024419661611318588,0.02803054451942444,-0.020304784178733826,0.0,0.0,5.0,0.2627383972355053,0.008680105209350586,-0.00423431396484375,0.013371467590332031,-0.002389967441558838,0.009689593687653542,0.8630654704757035,False,False
144,2.88,0.019807541742920876,0.11373545974493027,4.763221740722656,0.28050512075424194,-0.03471652790904045,0.02673749253153801,-0.10144347697496414,0.1497277468442917,0.026485353708267212,0.021328696981072426,0.035136736929416656,-0.017634913325309753,0.0,0.0,5.0,0.26342368454582293,0.008970499038696289,-0.004885554313659668,0.013504862785339355,-0.003100574016571045,0.009689330123364925,0.8727548005990684,False,False
145,2.9,0.01772785373032093,0.11666014790534973,4.763763427734375,0.2802015244960785,-0.03393661975860596,0.027144644409418106,-0.10649804770946503,0.14273665845394135,0.027718350291252136,0.018343770876526833,0.04200919345021248,-0.014798760414123535,0.0,0.0,5.0,0.2640673872006795,0.010380864143371582,-0.0023688673973083496,0.012695550918579102,-0.0015216469764709473,0.009689293801784515,0.8824440944008529,False,False
146,2.92,0.01554869581013918,0.1194445788860321,4.764334678649902,0.2799545228481293,-0.033054985105991364,0.02750389277935028,-0.11138740926980972,0.13570305705070496,0.029415104538202286,0.01675337739288807,0.04544684663414955,-0.012288011610507965,0.0,0.0,5.0,0.2646637735952969,0.009144425392150879,-0.0011263489723205566,0.012067079544067383,-0.0004897713661193848,0.009689408354461193,0.8921335027553141,False,False
147,2.94,0.013273629359900951,0.12208817154169083,4.76494026184082,0.27975624799728394,-0.03210149332880974,0.02782060019671917,-0.11608700454235077,0.12865391373634338,0.031156206503510475,0.014271996915340424,0.04931778833270073,-0.010162629187107086,0.0,0.0,5.0,0.26520707262484433,0.008350968360900879,-0.001008450984954834,0.012931227684020996,-0.0002530217170715332,0.009689141996204853,0.901822644751519,False,False
148,2.96,0.01090656965970993,0.12459072470664978,4.765581130981445,0.27960312366485596,-0.03105241432785988,0.028069322928786278,-0.1205841675400734,0.12160324305295944,0.032943662256002426,0.01011587679386139,0.055121712386608124,-0.008063659071922302,0.0,0.0,5.0,0.2656953294595308,0.008738875389099121,-0.0014774799346923828,0.013716340065002441,-0.00040972232818603516,0.009688707999885082,0.911511352751404,False,False
149,2.98,0.008451730012893677,0.1269524097442627,4.766258716583252,0.2794974446296692,-0.029880771413445473,0.02823236770927906,-0.12486222386360168,0.11457118391990662,0.03479034826159477,0.0058659752830863,0.06169889122247696,-0.005797229707241058,0.0,0.0,5.0,0.26612653692068095,0.008745193481445312,-0.0010906457901000977,0.013616561889648438,0.0017997026443481445,0.009688385762274265,0.9211997385136783,False,False
150,3.0,0.005913650617003441,0.12917375564575195,4.766975402832031,0.27943891286849976,-0.028560159727931023,0.02832988277077675,-0.1289038509130478,0.10757328569889069,0.03688899427652359,0.0037141318898648024,0.07014426589012146,-0.003781210398301482,0.0,0.0,5.0,0.2664982050531345,0.007769942283630371,-0.00023955106735229492,0.01272273063659668,0.0021625757217407227,0.009688310325145721,0.930888048838824,False,False
151,3.02,0.0032973976340144873,0.13125577569007874,4.767733097076416,0.2794226109981537,-0.02707619033753872,0.028376897796988487,-0.13267484307289124,0.10063941776752472,0.03893081098794937,0.000941587146371603,0.07814756780862808,-0.0020523215644061565,0.0,0.0,5.0,0.2668086686689071,0.00744473934173584,-4.857778549194336e-05,0.011644959449768066,0.0019068717956542969,0.009688245132565498,0.9405762939713895,False,False
152,3.04,0.0006086755311116576,0.13319993019104004,4.768530368804932,0.2794439196586609,-0.025446202605962753,0.028370749205350876,-0.136146679520607,0.09379084408283234,0.04083701968193054,-0.00150047498755157,0.08484604954719543,-0.0004479869385249913,0.0,0.0,5.0,0.26705951032378733,0.006930232048034668,-0.00016748905181884766,0.010511159896850586,0.0013006925582885742,0.009688259102404118,0.9502645530737936,False,False
153,3.06,-0.0021462838631123304,0.13500812649726868,4.769363880157471,0.27949976921081543,-0.023695211857557297,0.028316395357251167,-0.13929522037506104,0.08704739809036255,0.04251917079091072,-0.0037989511620253325,0.09034082293510437,0.0010703904554247856,0.0,0.0,5.0,0.26725422453301106,0.00646054744720459,-0.0006277561187744141,0.009405970573425293,0.0005280971527099609,0.009688298217952251,0.9599528512917459,False,False
154,3.08,-0.004960821941494942,0.1366826593875885,4.770227909088135,0.27958834171295166,-0.021845538169145584,0.028218910098075867,-0.14210183918476105,0.08042503148317337,0.04393497109413147,-0.005748470779508352,0.09480345249176025,0.0025569049175828695,0.0,0.0,5.0,0.2673985282188539,0.006016850471496582,-0.0007570385932922363,0.008303165435791016,-0.00043469667434692383,0.00968838669359684,0.9696412379853427,False,False
155,3.1,-0.007827957160770893,0.13822604715824127,4.7711181640625,0.2797080874443054,-0.019923698157072067,0.028080035001039505,-0.1445530354976654,0.07393553853034973,0.04510097578167915,-0.007889247499406338,0.09764168411493301,0.004001095425337553,0.0,0.0,5.0,0.2674969380169124,0.005658507347106934,-0.0009089112281799316,0.0073403120040893555,-0.0011587142944335938,0.009688477963209152,0.9793297159485519,False,False
156,3.12,-0.010740495286881924,0.13964104652404785,4.772029876708984,0.2798572778701782,-0.017958693206310272,0.027898358181118965,-0.14664115011692047,0.06758846342563629,0.04606010019779205,-0.00999629870057106,0.0991995707154274,0.005403849761933088,0.0,0.0,5.0,0.267554400499524,0.005226850509643555,-0.0010293126106262207,0.006491899490356445,-0.0017948746681213379,0.009688585996627808,0.9890183019451797,False,False
157,3.14,-0.013691136613488197,0.14093062281608582,4.772958755493164,0.2800341248512268,-0.015973424538969994,0.027673272415995598,-0.14836309850215912,0.06139293313026428,0.04682762175798416,-0.012212377041578293,0.09974221140146255,0.006757821422070265,0.0,0.0,5.0,0.2675754367955174,0.0048334598541259766,-0.0011764168739318848,0.0057525634765625,-0.0023440122604370117,0.009688688442111015,0.9987069903872907,False,False
158,3.16,-0.016672559082508087,0.1420978605747223,4.773900985717773,0.28023725748062134,-0.013986129313707352,0.027403198182582855,-0.14971977472305298,0.055357128381729126,0.04742351546883583,-0.014491450041532516,0.09947150945663452,0.008071202784776688,0.0,0.0,5.0,0.26756408665153,0.002996683120727539,-0.00039881467819213867,0.0050203800201416016,-0.0029332637786865234,0.009688939899206161,1.0083959302864969,False,False
159,3.18,-0.01967749185860157,0.1431460678577423,4.774852752685547,0.28046321868896484,-0.012007695622742176,0.027060747146606445,-0.15071500837802887,0.049492258578538895,0.04779300466179848,-0.019460998475551605,0.09891416877508163,0.009127851575613022,0.0,0.0,5.0,0.26752436039032823,0.0030993223190307617,-0.0011835694313049316,0.004407763481140137,-0.002687513828277588,0.009688989259302616,1.0180849195457995,False,False
160,3.2,-0.0226987823843956,0.14407877624034882,4.775811672210693,0.2807093858718872,-0.010037466883659363,0.02663811855018139,-0.15135636925697327,0.04380948841571808,0.04806648567318916,-0.02253074385225773,0.09869882464408875,0.010187190026044846,0.0,0.0,5.0,0.26745903387550074,0.002320528030395508,-0.0009723901748657227,0.003802776336669922,-0.00276106595993042,0.00968911312520504,1.0277740326710045,False,False
161,3.22,-0.025729402899742126,0.14489978551864624,4.7767744064331055,0.28097423911094666,-0.008073161356151104,0.026149393990635872,-0.15164917707443237,0.03832221031188965,0.04822403937578201,-0.026101909577846527,0.09836258739233017,0.011104922741651535,0.0,0.0,5.0,0.2673716806997692,0.0024721622467041016,-0.001003265380859375,0.003304004669189453,-0.002795875072479248,0.009689155034720898,1.0374631877057254,False,False
162,3.24,-0.028762441128492355,0.14561307430267334,4.777739524841309,0.2812557518482208,-0.006123042665421963,0.02559666894376278,-0.15159912407398224,0.0330403707921505,0.04834692180156708,-0.028970807790756226,0.09731265157461166,0.011996474117040634,0.0,0.0,5.0,0.2672642217830758,0.002014756202697754,-0.0005285739898681641,0.0029958486557006836,-0.0038410425186157227,0.009689133614301682,1.0471523213200271,False,False
163,3.2600000000000002,-0.03179111331701279,0.14622287452220917,4.778704643249512,0.28155291080474854,-0.004209110513329506,0.02496887929737568,-0.15121428668498993,0.027977384626865387,0.048344045877456665,-0.033654987812042236,0.09477093070745468,0.012869860976934433,0.0,0.0,5.0,0.2671393622040727,0.002587437629699707,-0.0011504292488098145,0.0024666786193847656,-0.004118084907531738,0.009689141064882278,1.0568414623849094,False,False
164,3.2800000000000002,-0.03480885177850723,0.14673370122909546,4.779669761657715,0.2818656861782074,-0.002354489406570792,0.024263646453619003,-0.15050838887691498,0.023144811391830444,0.048262160271406174,-0.0367661714553833,0.09140515327453613,0.013831015676259995,0.0,0.0,5.0,0.26699784487238043,0.002767801284790039,-0.0010349154472351074,0.0013728141784667969,-0.005254924297332764,0.009689165279269218,1.0665306276641786,False,False
165,3.3000000000000003,-0.03780941292643547,0.14715029299259186,4.780632495880127,0.2821941375732422,-0.0005948880570940673,0.02349695935845375,-0.14949952065944672,0.018554028123617172,0.04799485579133034,-0.039854809641838074,0.08528941869735718,0.014802169054746628,0.0,0.0,5.0,0.2668423922419934,0.0028183460235595703,-0.0018306374549865723,0.0008983612060546875,-0.0052010416984558105,0.00968928262591362,1.0762199102900922,False,False
166,3.3200000000000003,-0.04078695923089981,0.14747750759124756,4.781589031219482,0.28253811597824097,0.0010457594180479646,0.02268402837216854,-0.1482117474079132,0.014207841828465462,0.047617167234420776,-0.04144637659192085,0.0795261561870575,0.0158028956502676,0.0,0.0,5.0,0.26667685046189105,0.0021865367889404297,-0.0022478699684143066,0.00037848949432373047,-0.004941821098327637,0.009689451195299625,1.0859093614853919,False,False
167,3.34,-0.04373616725206375,0.14772027730941772,4.782536029815674,0.2828975021839142,0.0025795900728553534,0.02184598334133625,-0.14666904509067535,0.010106917470693588,0.04711440950632095,-0.04242390766739845,0.07461925595998764,0.016711121425032616,0.0,0.0,5.0,0.26650461718814794,0.0015475749969482422,-0.002348184585571289,-0.00046128034591674805,-0.004459977149963379,0.009689637459814548,1.0955989989452064,False,False
168,3.36,-0.04665214940905571,0.14788344502449036,4.783472061157227,0.283270001411438,0.004019408021122217,0.020997479557991028,-0.14489158987998962,0.006248832680284977,0.046506885439157486,-0.042549651116132736,0.07012767344713211,0.017446046695113182,0.0,0.0,5.0,0.2663274012494699,0.0006546974182128906,-0.0021291375160217285,-0.0011538863182067871,-0.0044364333152771,0.009689723141491413,1.1052887220866978,False,False
169,3.38,-0.049530383199453354,0.14797183871269226,4.784395217895508,0.2836524248123169,0.005369511432945728,0.02014271542429924,-0.14289750158786774,0.0026301913894712925,0.045770157128572464,-0.04310653358697891,0.06564099341630936,0.01801089011132717,0.0,0.0,5.0,0.26614722613287795,0.0002084970474243164,-0.002299487590789795,-0.0015578269958496094,-0.004400372505187988,0.009689725004136562,1.1149784470908344,False,False
170,3.4,-0.0523667111992836,0.14799022674560547,4.785302639007568,0.2840426564216614,0.00663271639496088,0.01927916333079338,-0.1407039761543274,-0.0007530387374572456,0.0449388287961483,-0.043483082205057144,0.06142426282167435,0.0185090359300375,0.0,0.0,5.0,0.26596679580571597,-0.0003001093864440918,-0.0022977590560913086,-0.001804351806640625,-0.004432737827301025,0.009689698927104473,1.1246681460179389,False,False
171,3.42,-0.055157314985990524,0.14794328808784485,4.786192417144775,0.2844395339488983,0.007814249955117702,0.018405387178063393,-0.1383274495601654,-0.0039042485877871513,0.04403213411569595,-0.04418174549937248,0.057455942034721375,0.018939709290862083,0.0,0.0,5.0,0.26578793872766415,-0.0005514621734619141,-0.002457559108734131,-0.0019761323928833008,-0.004425168037414551,0.00968964397907257,1.1343577899970114,False,False
172,3.44,-0.057898689061403275,0.1478356122970581,4.7870635986328125,0.284842312335968,0.008919302374124527,0.01751910150051117,-0.13578349351882935,-0.006825888529419899,0.04307050257921219,-0.04478413239121437,0.05375509336590767,0.019345199689269066,0.0,0.0,5.0,0.2656116290479073,-0.0019733309745788574,-0.002903580665588379,-0.0018752813339233398,-0.005900204181671143,0.00968920812010765,1.144046998117119,False,False
173,3.46,-0.060587670654058456,0.14767183363437653,4.787912368774414,0.28525158762931824,0.009955937042832375,0.01659349910914898,-0.1330907791852951,-0.009514698758721352,0.0417921207845211,-0.048162560909986496,0.05059138312935829,0.019806524738669395,0.0,0.0,5.0,0.26544114150429615,-0.0015317201614379883,-0.00446009635925293,-0.001980125904083252,-0.006646513938903809,0.00968884490430355,1.1537358430214226,False,False
174,3.48,-0.06322142481803894,0.14745663106441498,4.788734436035156,0.2856706380844116,0.010932361707091331,0.015615607611835003,-0.1302630752325058,-0.011966675519943237,0.04032209515571594,-0.05006479471921921,0.04771319776773453,0.020513569936156273,0.0,0.0,5.0,0.26528012575063636,-0.002122640609741211,-0.00495988130569458,-0.0020644664764404297,-0.0071100592613220215,0.009688525460660458,1.163424368482083,False,False
175,3.5,-0.06579738110303879,0.14719480276107788,4.789525032043457,0.2861022651195526,0.011857330799102783,0.014595095068216324,-0.12731337547302246,-0.014177253469824791,0.038692373782396317,-0.052478574216365814,0.0454254224896431,0.021247556433081627,0.0,0.0,5.0,0.26513264124999575,-0.001791238784790039,-0.006136536598205566,-0.001958012580871582,-0.00699007511138916,0.009688232094049454,1.1731126005761325,False,False
176,3.52,-0.06831320375204086,0.14689119160175323,4.790282249450684,0.28654852509498596,0.012748420238494873,0.013543439097702503,-0.12425108253955841,-0.0161424670368433,0.037002742290496826,-0.05323653295636177,0.044302843511104584,0.02212061546742916,0.0,0.0,5.0,0.26500047334394733,-0.0020110607147216797,-0.006241798400878906,-0.0018143653869628906,-0.007091701030731201,0.00968795083463192,1.1828005514107645,False,False
177,3.54,-0.07076670229434967,0.14655077457427979,4.7910051345825195,0.28701120615005493,0.013621298596262932,0.01247332151979208,-0.12108194082975388,-0.01785987988114357,0.035285983234643936,-0.05438557639718056,0.043579671531915665,0.023005878552794456,0.0,0.0,5.0,0.2648847097376692,-0.0018488168716430664,-0.006718754768371582,-0.0020043253898620605,-0.0067861080169677734,0.009687654674053192,1.1924882060848176,False,False
178,3.56,-0.07315579056739807,0.1461784839630127,4.791693210601807,0.28749069571495056,0.014484664425253868,0.011393199674785137,-0.1178097203373909,-0.019327018409967422,0.03355005756020546,-0.05430082976818085,0.04332292452454567,0.02390453778207302,0.0,0.0,5.0,0.2647860218679397,-0.002182185649871826,-0.006546139717102051,-0.0022886991500854492,-0.006613194942474365,0.009687352925539017,1.2021755590103567,False,False
179,3.58,-0.07547841966152191,0.14577938616275787,4.792346477508545,0.28798630833625793,0.015343764796853065,0.010314895771443844,-0.11443615704774857,-0.02054358646273613,0.03178739175200462,-0.05426887422800064,0.0431198813021183,0.024713566526770592,0.0,0.0,5.0,0.2647047537686102,-0.0022383928298950195,-0.006367146968841553,-0.0027390718460083008,-0.006422460079193115,0.009687026962637901,1.2118625859729946,False,False
180,3.6,-0.07773256301879883,0.14535841345787048,4.792964458465576,0.28849631547927856,0.016195023432374,0.009242292493581772,-0.11096205562353134,-0.021510347723960876,0.030010920017957687,-0.05379607528448105,0.04250013455748558,0.025440966710448265,0.0,0.0,5.0,0.2646415220159393,-0.0023407936096191406,-0.005930900573730469,-0.00328981876373291,-0.006186544895172119,0.009686702862381935,1.2215492888353765,False,False
181,3.62,-0.07991623133420944,0.14492058753967285,4.7935471534729,0.28901851177215576,0.017027242109179497,0.008182475343346596,-0.10738915950059891,-0.022229619324207306,0.02823563665151596,-0.05305350944399834,0.04117373749613762,0.02604491077363491,0.0,0.0,5.0,0.26459659590147605,-0.0023124217987060547,-0.005430877208709717,-0.004101157188415527,-0.005927920341491699,0.009686357341706753,1.2312356461770833,False,False
182,3.64,-0.08202748745679855,0.14447085559368134,4.794093608856201,0.289550244808197,0.017821643501520157,0.007144610397517681,-0.10372186452150345,-0.022705722600221634,0.026457009837031364,-0.051659803837537766,0.03867142274975777,0.02650531195104122,0.0,0.0,5.0,0.2645709332642357,-0.0024893879890441895,-0.004862964153289795,-0.005405843257904053,-0.005152404308319092,0.009686003439128399,1.2409216496162117,False,False
183,3.66,-0.08406452089548111,0.14401395618915558,4.794604778289795,0.2900873124599457,0.018556490540504456,0.006149666383862495,-0.0999678373336792,-0.02294672094285488,0.024663543328642845,-0.0488118939101696,0.03516838699579239,0.02670273743569851,0.0,0.0,5.0,0.264563905988748,-0.002934098243713379,-0.003495156764984131,-0.006166338920593262,-0.00486302375793457,0.009685644879937172,1.2506072944961488,False,False
184,3.68,-0.086025670170784,0.1435544639825821,4.795080661773682,0.2906244993209839,0.019206620752811432,0.0052037653513252735,-0.09613645821809769,-0.022965621203184128,0.022913044318556786,-0.046792760491371155,0.030148644000291824,0.02663365565240383,0.0,0.0,5.0,0.26457557566179696,-0.0038600564002990723,-0.004046976566314697,-0.005522727966308594,-0.004423916339874268,0.009685192257165909,1.2602924867533147,False,False
185,3.7,-0.08790957182645798,0.1430967003107071,4.795521259307861,0.29115915298461914,0.019784733653068542,0.004292240832000971,-0.09224329888820648,-0.022775020450353622,0.021122517064213753,-0.045402295887470245,0.027915501967072487,0.0265487190335989,0.0,0.0,5.0,0.26460595959570976,-0.004187524318695068,-0.0050421953201293945,-0.005100250244140625,-0.004589080810546875,0.009684585966169834,1.2699770727194846,False,False
186,3.72,-0.08971506357192993,0.14264480769634247,4.795924663543701,0.29169270396232605,0.020335853099822998,0.0034096799790859222,-0.08829763531684875,-0.022383637726306915,0.019226089119911194,-0.043924156576395035,0.027401672676205635,0.02658074162900448,0.0,0.0,5.0,0.2646565259807389,-0.004188120365142822,-0.0054070353507995605,-0.004999339580535889,-0.005040526390075684,0.009683961048722267,1.2796610337682068,False,False
187,3.74,-0.09144113212823868,0.142202690243721,4.796289443969727,0.29222720861434937,0.020877329632639885,0.0025549493730068207,-0.08430053293704987,-0.021797841414809227,0.017257850617170334,-0.04265056923031807,0.026904771104454994,0.02669805847108364,0.0,0.0,5.0,0.2647283067516748,-0.0037476420402526855,-0.004113614559173584,-0.005124986171722412,-0.005075037479400635,0.009683536365628242,1.289344570133835,False,False
188,3.7600000000000002,-0.09308670461177826,0.14177416265010834,4.796617031097412,0.2927626371383667,0.0213887020945549,0.001717699458822608,-0.08024899661540985,-0.021022189408540726,0.01544230617582798,-0.042206015437841415,0.02434699423611164,0.02672748826444149,0.0,0.0,5.0,0.2648200895140904,-0.0029366612434387207,-0.0015898942947387695,-0.005727112293243408,-0.0047605037689208984,0.009683147072792053,1.2990277172066271,False,False
189,3.7800000000000002,-0.0946507379412651,0.1413630247116089,4.796908855438232,0.293295681476593,0.02180996723473072,0.0008809009450487792,-0.07614946365356445,-0.02006049081683159,0.013923823833465576,-0.042625509202480316,0.017849097028374672,0.026512151584029198,0.0,0.0,5.0,0.26493070782347933,-0.003056168556213379,-0.00048422813415527344,-0.006720542907714844,-0.0023610591888427734,0.00968267023563385,1.308710387442261,False,False
190,3.8000000000000003,-0.09613247960805893,0.14097295701503754,4.79717493057251,0.293819785118103,0.022106286138296127,5.9317550039850175e-05,-0.07202427834272385,-0.01891918107867241,0.012638621032238007,-0.040683988481760025,0.011807612143456936,0.025866752490401268,0.0,0.0,5.0,0.2650525175006337,-0.004770338535308838,0.0010405778884887695,-0.008409976959228516,0.0005872249603271484,0.009681738913059235,1.3183921263553202,False,False
191,3.8200000000000003,-0.09753167629241943,0.14060740172863007,4.797415733337402,0.2943233847618103,0.022297965362668037,-0.0007085425895638764,-0.06789644062519073,-0.017611660063266754,0.011457220651209354,-0.03722033649682999,0.007343718782067299,0.024487977847456932,0.0,0.0,5.0,0.26518532086167235,-0.00602954626083374,0.0020874738693237305,-0.008984029293060303,0.0018033981323242188,0.009680923074483871,1.328073049429804,False,False
192,3.84,-0.09884842485189438,0.14026950299739838,4.797633171081543,0.29479557275772095,0.022410014644265175,-0.0014133566292002797,-0.0637812539935112,-0.016154997050762177,0.010317213833332062,-0.03431665152311325,0.003811214119195938,0.022727852687239647,0.0,0.0,5.0,0.26532786889686094,-0.006564736366271973,0.002192854881286621,-0.009243309497833252,0.0021871328353881836,0.009680293500423431,1.3377533429302275,False,False
193,3.86,-0.10008309036493301,0.1399621069431305,4.79782772064209,0.2952313721179962,0.022457707673311234,-0.002060835249722004,-0.059690434485673904,-0.01456510554999113,0.009146731346845627,-0.03140898421406746,0.0008826681296341121,0.020848145708441734,0.0,0.0,5.0,0.26548003107150736,-0.0066754817962646484,0.002313852310180664,-0.009363174438476562,0.0022020339965820312,0.009679765440523624,1.3474331083707511,False,False
194,3.88,-0.1012362539768219,0.13968773186206818,4.797998905181885,0.2956293225288391,0.022445766255259514,-0.002652042778208852,-0.05563177540898323,-0.012856134213507175,0.007966582663357258,-0.028605442494153976,-0.0021699590142816305,0.01893438957631588,0.0,0.0,5.0,0.26564239846030946,-0.006468236446380615,0.002478361129760742,-0.009712159633636475,0.0027167797088623047,0.009679244831204414,1.3571123532019556,False,False
195,3.9,-0.10230861604213715,0.13944858312606812,4.798146724700928,0.29598841071128845,0.022370658814907074,-0.0031782095320522785,-0.051612090319395065,-0.01104204636067152,0.006839055102318525,-0.024816151708364487,-0.005445550195872784,0.0169441606849432,0.0,0.0,5.0,0.26581517075082156,-0.0063790082931518555,0.003237485885620117,-0.01010507345199585,0.0034884214401245117,0.009678687900304794,1.3667910411022604,False,False
196,3.92,-0.103301040828228,0.1392466425895691,4.798274040222168,0.2963062524795532,0.02222498320043087,-0.003624154021963477,-0.04763820767402649,-0.0091395890340209,0.005832055117934942,-0.020487161353230476,-0.009229795075953007,0.014783108606934547,0.0,0.0,5.0,0.26599641981979744,-0.006480038166046143,0.004129767417907715,-0.010520398616790771,0.004212617874145508,0.00967811793088913,1.3764691590331495,False,False
197,3.94,-0.10421452671289444,0.13908345997333527,4.798381805419922,0.2965792119503021,0.021998338401317596,-0.003982982598245144,-0.04371964931488037,-0.00716893607750535,0.004933368880301714,-0.0159995686262846,-0.013538192957639694,0.012423569336533546,0.0,0.0,5.0,0.2661855984118547,-0.00591433048248291,0.0049741268157958984,-0.01129978895187378,0.003994464874267578,0.009677614085376263,1.3861467731185257,False,False
198,3.96,-0.10505028814077377,0.13896018266677856,4.798471927642822,0.2968047559261322,0.021659227088093758,-0.004250082653015852,-0.03986974433064461,-0.005152750760316849,0.004076102748513222,-0.011203150264918804,-0.020465312525629997,0.009985813871026039,0.0,0.0,5.0,0.26638141705690344,-0.005527377128601074,0.006014704704284668,-0.011462092399597168,0.0041065216064453125,0.009677150286734104,1.3958239234052598,False,False
199,3.98,-0.10580987483263016,0.1388774812221527,4.798546314239502,0.2969813644886017,0.021165333688259125,-0.004426523577421904,-0.03610612079501152,-0.0031151026487350464,0.003355477238073945,-0.006819493602961302,-0.02900014817714691,0.007461765315383673,0.0,0.0,5.0,0.26658257990573153,-0.005626797676086426,0.006567716598510742,-0.010971546173095703,0.00503230094909668,0.009676766581833363,1.4055006899870932,False,False
200,4.0,-0.10649526119232178,0.13883554935455322,4.79860782623291,0.2971073091030121,0.020511021837592125,-0.004518807865679264,-0.03245311230421066,-0.0010813071858137846,0.002820512978360057,-0.002671900438144803,-0.03648703172802925,0.00483637023717165,0.0,0.0,5.0,0.2667871025286551,-0.0066252946853637695,0.006011486053466797,-0.010188162326812744,0.0058956146240234375,0.009676521643996239,1.4151772116310894,False,False
201,4.0200000000000005,-0.10710892081260681,0.13883404433727264,4.798659324645996,0.29718080163002014,0.01974157989025116,-0.004533234518021345,-0.028936365619301796,0.0009230332216247916,0.0022973159793764353,0.001080674002878368,-0.040489573031663895,0.0021624311339110136,0.0,0.0,5.0,0.2669930342475089,-0.00631636381149292,0.004994869232177734,-0.008868277072906494,0.004984498023986816,0.009676685556769371,1.4248538971878588,False,False
202,4.04,-0.10765372961759567,0.1388721615076065,4.798699855804443,0.2972043752670288,0.01890401728451252,-0.004483502358198166,-0.025569261983036995,0.0028784957248717546,0.0017479433445259929,0.0038464535027742386,-0.0432770811021328,-0.00018047688354272395,0.0,0.0,5.0,0.2672013300781361,-0.005616903305053711,0.004426002502441406,-0.007748126983642578,0.004303932189941406,0.009676848538219929,1.4345307457260787,False,False
203,4.0600000000000005,-0.1081327423453331,0.13894876837730408,4.79872989654541,0.29718419909477234,0.018013859167695045,-0.004385084379464388,-0.02235822007060051,0.004771707579493523,0.001257629948668182,0.006031892262399197,-0.04572907090187073,-0.002237614244222641,0.0,0.0,5.0,0.2674118635089199,-0.004962503910064697,0.004204988479614258,-0.006792128086090088,0.004088401794433594,0.009676961228251457,1.4442077069543302,False,False
204,4.08,-0.10854914784431458,0.1390625387430191,4.798750877380371,0.2971247732639313,0.01707783341407776,-0.004246854223310947,-0.01930907927453518,0.00659190071746707,0.0008858416695147753,0.00789494626224041,-0.04784729331731796,-0.004104172810912132,0.0,0.0,5.0,0.2676238340181064,-0.004455208778381348,0.0040280818939208984,-0.005944311618804932,0.004086971282958984,0.009677065536379814,1.45388477249071,False,False
205,4.1,-0.10890623182058334,0.13921192288398743,4.798766136169434,0.29702961444854736,0.016104919835925102,-0.004073711112141609,-0.016427751630544662,0.008329450152814388,0.0006327973096631467,0.00957681704312563,-0.049403950572013855,-0.005827972665429115,0.0,0.0,5.0,0.26783501405640536,-0.0040315985679626465,0.0038919448852539062,-0.00535506010055542,0.004155397415161133,0.009677154012024403,1.4635619265027344,False,False
206,4.12,-0.1092073991894722,0.1393951177597046,4.7987775802612305,0.2969007194042206,0.01510478276759386,-0.003866950748488307,-0.013718831352889538,0.009975765831768513,0.00047578010708093643,0.011299878358840942,-0.050557974725961685,-0.007451141253113747,0.0,0.0,5.0,0.2680442446658689,-0.003726184368133545,0.003775954246520996,-0.0047397613525390625,0.004079341888427734,0.009677281603217125,1.4732392081059515,False,False
207,4.14,-0.1094561517238617,0.13961027562618256,4.798785209655762,0.29674026370048523,0.014085281640291214,-0.0036290057469159365,-0.01118528749793768,0.011522975750267506,0.0003933797706849873,0.012728406116366386,-0.051331788301467896,-0.008970679715275764,0.0,0.0,5.0,0.2682518780249105,-0.0033833980560302734,0.0034935474395751953,-0.004107534885406494,0.003930807113647461,0.00967747624963522,1.4829166843555868,False,False
208,4.16,-0.10965599119663239,0.1398553103208542,4.798792839050293,0.29655054211616516,0.013054844923317432,-0.0033644225914031267,-0.008828754536807537,0.012964502908289433,0.0003673899336718023,0.013987010344862938,-0.05164506286382675,-0.010359400883316994,0.0,0.0,5.0,0.26845533305877844,-0.003010571002960205,0.00327301025390625,-0.003426969051361084,0.003692030906677246,0.009677714668214321,1.492594399023801,False,False
209,4.18,-0.1098104789853096,0.14012810587882996,4.798800468444824,0.2963342070579529,0.01202126033604145,-0.003078361041843891,-0.0066492292098701,0.014295271597802639,0.0004024711961392313,0.014889990910887718,-0.05164343863725662,-0.011607298627495766,0.0,0.0,5.0,0.2686549438409684,-0.002608001232147217,0.0030133724212646484,-0.002759218215942383,0.0036773681640625,0.009677966125309467,1.5022723651491106,False,False
210,4.2,-0.10992313921451569,0.1404263824224472,4.79880952835083,0.29609382152557373,0.010993248783051968,-0.002774524036794901,-0.004645474720746279,0.015511750243604183,0.0005182914319448173,0.015769990161061287,-0.05108720064163208,-0.012729967013001442,0.0,0.0,5.0,0.2688499047748476,-0.0022526979446411133,0.002966761589050293,-0.002140045166015625,0.00391232967376709,0.009678181260824203,1.5119505464099348,False,False
211,4.22,-0.1099974513053894,0.1407478302717209,4.798822402954102,0.2958313822746277,0.009982307441532612,-0.0024528864305466413,-0.0028143280651420355,0.016611360013484955,0.0007505611865781248,0.016668768599629402,-0.04993844032287598,-0.013779448345303535,0.0,0.0,5.0,0.2690386897326118,-0.0018753409385681152,0.0029479265213012695,-0.0014803409576416016,0.003750324249267578,0.00967846717685461,1.5216290135867894,False,False
212,4.24,-0.11003684252500534,0.1410900503396988,4.798840045928955,0.2955487370491028,0.00899589154869318,-0.0021178366150707006,-0.0011513730278238654,0.017591938376426697,0.0010689408518373966,0.017104167491197586,-0.04863850772380829,-0.014715509489178658,0.0,0.0,5.0,0.26922079440414043,-0.0014147162437438965,0.002666950225830078,-0.0008184313774108887,0.0034710168838500977,0.009678819216787815,1.5313078328035772,False,False
213,4.26,-0.11004460602998734,0.1414506882429123,4.798864841461182,0.29524850845336914,0.008037745021283627,-0.0017761248163878918,0.0003484513144940138,0.01845291443169117,0.001444385852664709,0.017322475090622902,-0.047117993235588074,-0.015494944527745247,0.0,0.0,5.0,0.26939462600639286,-0.000977158546447754,0.002404928207397461,-0.00019097328186035156,0.0030989646911621094,0.009679188951849937,1.5409870217554271,False,False
214,4.28,-0.11002396047115326,0.14182737469673157,4.798898220062256,0.29493385553359985,0.007110955193638802,-0.0014331367565318942,0.0016907751560211182,0.019195107743144035,0.0018636819440871477,0.01721448451280594,-0.045510657131671906,-0.016116157174110413,0.0,0.0,5.0,0.26955927360277154,-0.0005527734756469727,0.0020624399185180664,0.00039005279541015625,0.0027195215225219727,0.009679568000137806,1.550666589755565,False,False
215,4.3,-0.10997799783945084,0.1422177255153656,4.798940181732178,0.2946080267429352,0.006217708811163902,-0.0010942077497020364,0.00288137374445796,0.01982058398425579,0.0023122006095945835,0.016895407810807228,-0.043773017823696136,-0.016576573252677917,0.0,0.0,5.0,0.26971483455944323,-0.00017279386520385742,0.0017298460006713867,0.0009124279022216797,0.00233304500579834,0.009679937735199928,1.5603465274907649,False,False
216,4.32,-0.10990969091653824,0.14261943101882935,4.7989912033081055,0.29427415132522583,0.005360277369618416,-0.0007635624497197568,0.0039262548089027405,0.02033245377242565,0.002779892412945628,0.016362283378839493,-0.041939303278923035,-0.016886025667190552,0.0,0.0,5.0,0.269861035736964,0.00017023086547851562,0.0013774633407592773,0.0013734102249145508,0.0019614696502685547,0.009680291637778282,1.5700268191285431,False,False
217,4.34,-0.10982188582420349,0.14303027093410492,4.799051761627197,0.2939351797103882,0.004540708847343922,-0.000444812816567719,0.004831609781831503,0.02073473110795021,0.003256343537941575,0.015680408105254173,-0.03999737650156021,-0.017053186893463135,0.0,0.0,5.0,0.26999759168296406,0.00047016143798828125,0.00103759765625,0.0017697811126708984,0.0016013383865356445,0.00968062411993742,1.5797074432484806,False,False
218,4.36,-0.10971731692552567,0.1434481143951416,4.799121379852295,0.29359397292137146,0.0037609071005135775,-0.00014070326869841665,0.005603868048638105,0.021032169461250305,0.003733209799975157,0.014872126281261444,-0.037973031401634216,-0.017090365290641785,0.0,0.0,5.0,0.2701249177497401,0.0007320642471313477,0.0007073879241943359,0.0020979642868041992,0.001259922981262207,0.00968093890696764,1.5893883821554482,False,False
219,4.38,-0.10959858447313309,0.14387089014053345,4.799201011657715,0.29325300455093384,0.003022293094545603,0.00014666313654743135,0.006249654572457075,0.021230094134807587,0.004202716518193483,0.01398012787103653,-0.03588873893022537,-0.017010033130645752,0.0,0.0,5.0,0.2702423291559431,0.0009845495223999023,0.000446319580078125,0.0022853612899780273,0.0009082555770874023,0.009681248106062412,1.5990696302615106,False,False
220,4.4,-0.10946814715862274,0.14429666101932526,4.799289226531982,0.29291439056396484,0.00232377415522933,0.0004161690012551844,0.006775637622922659,0.02133418619632721,0.0046556429006159306,0.013060973025858402,-0.03397291153669357,-0.01683172583580017,0.0,0.0,5.0,0.2703509130922213,0.001133561134338379,0.00015294551849365234,0.0024584531784057617,0.0006562471389770508,0.009681547060608864,1.6087511773221195,False,False
221,4.42,-0.10932832211256027,0.14472366869449615,4.799386978149414,0.2925800085067749,0.001664365059696138,0.0006677228375338018,0.007188137155026197,0.021350158378481865,0.005086920224130154,0.012161090970039368,-0.0319862999022007,-0.016572564840316772,0.0,0.0,5.0,0.27045000800955005,0.0012470483779907227,-0.00011336803436279297,0.002606987953186035,0.0004031658172607422,0.009681840427219868,1.6184330177493393,False,False
222,4.44,-0.10918132960796356,0.14515015482902527,4.799492835998535,0.2922513782978058,0.0010452994611114264,0.0009012666414491832,0.007493569981306791,0.02128373272716999,0.005493129603564739,0.011237841099500656,-0.029946211725473404,-0.016240715980529785,0.0,0.0,5.0,0.2705406679184538,0.0013437271118164062,-0.00039654970169067383,0.002712726593017578,0.00015628337860107422,0.009682130999863148,1.6281151487492025,False,False
223,4.46,-0.10902924835681915,0.14557453989982605,4.7996063232421875,0.2919299900531769,0.0004675974487327039,0.0011168502969667315,0.007698558270931244,0.02114071696996689,0.005867356900125742,0.010344845242798328,-0.02785656601190567,-0.015840664505958557,0.0,0.0,5.0,0.2706232609160078,0.0013948678970336914,-0.0006908178329467773,0.0027369260787963867,-9.143352508544922e-05,0.009682425297796726,1.6377975740469992,False,False
224,4.48,-0.10887402296066284,0.1459953486919403,4.799726963043213,0.2916170656681061,-6.805714656366035e-05,0.0013155548367649317,0.007809937931597233,0.020926885306835175,0.006195795256644487,0.009531904011964798,-0.025747062638401985,-0.015383143909275532,0.0,0.0,5.0,0.2706981419352833,0.0014365911483764648,-0.0008873939514160156,0.002756953239440918,-0.00033587217330932617,0.009682711213827133,1.6474802852608263,False,False
225,4.5,-0.10871744155883789,0.14641119539737701,4.799854278564453,0.2913137376308441,-0.0005622113822028041,0.0014978833496570587,0.00783467572182417,0.020647786557674408,0.006486972328275442,0.008691423572599888,-0.023711131885647774,-0.014878814108669758,0.0,0.0,5.0,0.2707656367520513,0.001480698585510254,-0.0010977983474731445,0.002768993377685547,-0.0005412101745605469,0.009682985953986645,1.657163271214813,False,False
226,4.5200000000000005,-0.10856117308139801,0.14682084321975708,4.799986362457275,0.2910209596157074,-0.0010159118101000786,0.001663941890001297,0.007779552601277828,0.020308900624513626,0.006742737255990505,0.007891373708844185,-0.021705273538827896,-0.014330600388348103,0.0,0.0,5.0,0.27082714691781207,0.0015096664428710938,-0.00125885009765625,0.0027719736099243164,-0.0007262825965881348,0.009683254174888134,1.6668465253897011,False,False
227,4.54,-0.10840675979852676,0.14722317457199097,4.80012321472168,0.29073941707611084,-0.0014300092589110136,0.001814145129173994,0.007651207037270069,0.019915563985705376,0.006967589259147644,0.007094559259712696,-0.019753487780690193,-0.0137471379712224,0.0,0.0,5.0,0.2708826646248633,0.0015325546264648438,-0.0014130473136901855,0.002763986587524414,-0.0008856654167175293,0.009683513082563877,1.676530038472265,False,False
228,4.5600000000000005,-0.10825557261705399,0.1476171463727951,4.800264358520508,0.2904699146747589,-0.0018054418032988906,0.0019487834069877863,0.007456118706613779,0.01947300136089325,0.007162914611399174,0.006325737107545137,-0.01784053072333336,-0.013133076019585133,0.0,0.0,5.0,0.2709324959895319,0.0015445947647094727,-0.0015390515327453613,0.002744436264038086,-0.001028299331665039,0.009683765470981598,1.6862138039432466,False,False
229,4.58,-0.10810890793800354,0.1480018049478531,4.800409317016602,0.2902129888534546,-0.0021431217901408672,0.0020682846661657095,0.0072006238624453545,0.0189862959086895,0.007331008557230234,0.005573660600930452,-0.015979107469320297,-0.012494702823460102,0.0,0.0,5.0,0.2709769565427096,0.0015485286712646484,-0.0016509294509887695,0.002712726593017578,-0.0011518597602844238,0.009684009477496147,1.6958978134207428,False,False
230,4.6000000000000005,-0.10796791315078735,0.14837631583213806,4.800557613372803,0.2899690270423889,-0.0024440884590148926,0.002173065673559904,0.006890894845128059,0.018460392951965332,0.007473111618310213,0.0048485249280929565,-0.014169322326779366,-0.011836943216621876,0.0,0.0,5.0,0.27101635919923134,0.0015287399291992188,-0.001700282096862793,0.0026388168334960938,-0.0010401606559753418,0.009684269316494465,1.7055820827372372,False,False
231,4.62,-0.1078336089849472,0.14873996376991272,4.800708293914795,0.28973814845085144,-0.0027077023405581713,0.0022657187655568123,0.006533018779009581,0.017899947240948677,0.0076119801960885525,0.004357271362096071,-0.012243307195603848,-0.011193742044270039,0.0,0.0,5.0,0.27105137550535546,0.0014814138412475586,-0.0016016960144042969,0.0025565624237060547,-0.0009561777114868164,0.009684532880783081,1.7152666156180203,False,False
232,4.64,-0.10770688205957413,0.14909209311008453,4.800861835479736,0.28951990604400635,-0.002933340147137642,0.0023487876169383526,0.00613350560888648,0.01730908267199993,0.007755846716463566,0.0038880875799804926,-0.010370869189500809,-0.010579642839729786,0.0,0.0,5.0,0.2710815988580574,0.001462697982788086,-0.0015807747840881348,0.0024857521057128906,-0.0009784698486328125,0.009684767574071884,1.7249513831920922,False,False
233,4.66,-0.1075884997844696,0.14943213760852814,4.801018238067627,0.2893138825893402,-0.003122585592791438,0.0024225946981459856,0.005698882043361664,0.016691723838448524,0.007890693843364716,0.0034301963169127703,-0.008602801710367203,-0.009973791427910328,0.0,0.0,5.0,0.2711069726470319,0.0014514923095703125,-0.0015816688537597656,0.002419114112854004,-0.0010335445404052734,0.009684987366199493,1.7346363705582917,False,False
234,4.68,-0.10747911036014557,0.14975960552692413,4.801177501678467,0.289120078086853,-0.003277669195085764,0.002487244550138712,0.005235312506556511,0.016051610931754112,0.008012207224965096,0.0029728140216320753,-0.0069531346671283245,-0.009369899518787861,0.0,0.0,5.0,0.27112743212409246,0.0014388561248779297,-0.001589655876159668,0.0023527145385742188,-0.001092076301574707,0.009685194119811058,1.7443215646781027,False,False
235,4.7,-0.1073792353272438,0.1500740498304367,4.801338195800781,0.28893837332725525,-0.003400910645723343,0.0025427755899727345,0.004748524632304907,0.015392331406474113,0.008119328878819942,0.0025196843780577183,-0.005416741129010916,-0.00876715499907732,0.0,0.0,5.0,0.27114393421144556,0.0014204978942871094,-0.001594245433807373,0.0022851228713989258,-0.0011467337608337402,0.009685393422842026,1.7540069581009448,False,False
236,4.72,-0.10728928446769714,0.1503751575946808,4.801502227783203,0.2887687683105469,-0.0034945316147059202,0.0025892117992043495,0.004243821371346712,0.014717326499521732,0.008212060667574406,0.0020654674153774977,-0.003988878335803747,-0.008166891522705555,0.0,0.0,5.0,0.27115501868533964,0.001395106315612793,-0.0016012787818908691,0.0022150278091430664,-0.001196146011352539,0.009685581550002098,1.7636925396509469,False,False
237,4.74,-0.10720957070589066,0.15066266059875488,4.801666259765625,0.28861120343208313,-0.0035605677403509617,0.0026265657506883144,0.0037261033430695534,0.014029919169843197,0.008289865218102932,0.0016143249813467264,-0.002655829070135951,-0.007570301182568073,0.0,0.0,5.0,0.2711630540191519,0.001364588737487793,-0.0016019940376281738,0.0021418333053588867,-0.0012398362159729004,0.009685762226581573,1.7733783018775284,False,False
238,4.76,-0.10714031010866165,0.1509363055229187,4.801833629608154,0.2884656488895416,-0.0036008970346301794,0.002654853742569685,0.003199903992936015,0.013333307579159737,0.00835307128727436,0.0011623457539826632,-0.001415533828549087,-0.006979209370911121,0.0,0.0,5.0,0.2711654932497242,0.0013273954391479492,-0.0016055703163146973,0.0020641088485717773,-0.0012791752815246582,0.009685933589935303,1.7830642354674637,False,False
239,4.78,-0.10708161443471909,0.1511959433555603,4.802001476287842,0.2883318364620209,-0.003617285517975688,0.0026741179171949625,0.0026694152038544416,0.012630588375031948,0.008400777354836464,0.0007157603977248073,-0.0002589573268778622,-0.006394793279469013,0.0,0.0,5.0,0.2711643428427081,0.0012853145599365234,-0.0016040802001953125,0.001981973648071289,-0.001313924789428711,0.009686095640063286,1.792750331107527,False,False
240,4.8,-0.10703353583812714,0.15144149959087372,4.802169322967529,0.2882097065448761,-0.0036114021204411983,0.0026844562962651253,0.0021385096479207277,0.011924738995730877,0.008433038368821144,0.0002739568881224841,0.0008145847823470831,-0.005818863399326801,0.0,0.0,5.0,0.27115988340362956,0.0012385845184326172,-0.001598954200744629,0.0018950700759887695,-0.0013415217399597168,0.009686249308288097,1.8024365804158151,False,False
241,4.82,-0.10699605196714401,0.15167292952537537,4.802337169647217,0.2880990505218506,-0.0035848666448146105,0.002685990883037448,0.0016107548726722598,0.011218629777431488,0.008449984714388847,-0.00016026326920837164,0.001809187582693994,-0.005253349430859089,0.0,0.0,5.0,0.27115203703907226,0.001186966896057129,-0.0015914440155029297,0.0018030405044555664,-0.0013636946678161621,0.009686393663287163,1.8121229740791023,False,False
242,4.84,-0.10696906596422195,0.15189024806022644,4.802505016326904,0.28799962997436523,-0.003539231838658452,0.0026789240073412657,0.0010894291335716844,0.010515007190406322,0.008451415225863457,-0.0005818397039547563,0.0027276244945824146,-0.004699801094830036,0.0,0.0,5.0,0.27114073302455227,0.0011305809020996094,-0.0015793442726135254,0.0017066001892089844,-0.001381516456604004,0.009686531499028206,1.8218095055781305,False,False
243,4.86,-0.10695242136716843,0.1520935446023941,4.802672863006592,0.28791120648384094,-0.0034760262351483107,0.002663484774529934,0.0005775335594080389,0.009816490113735199,0.00843731313943863,-0.0009931079111993313,0.003569339867681265,-0.00415996927767992,0.0,0.0,5.0,0.2711259222944868,0.0010712146759033203,-0.0015677213668823242,0.0016056299209594727,-0.001393735408782959,0.009686660021543503,1.831496165599674,False,False
244,4.88,-0.10694589465856552,0.1522829681634903,4.802840709686279,0.28783345222473145,-0.00339672458358109,0.0026399667840451,7.779745646985248e-05,0.009125566110014915,0.008407489396631718,-0.0013854829594492912,0.004340176936239004,-0.0036350113805383444,0.0,0.0,5.0,0.2711075663533085,0.0010080337524414062,-0.0015500783920288086,0.0015009641647338867,-0.00140380859375,0.009686782024800777,1.8411829476244748,False,False
245,4.9,-0.10694921761751175,0.15245865285396576,4.803008556365967,0.28776609897613525,-0.0033027881290763617,0.0026087150909006596,-0.0004073056043125689,0.00844457559287548,0.008362089283764362,-0.001762256259098649,0.005035795271396637,-0.0031264307908713818,0.0,0.0,5.0,0.27108560427301265,0.0009496212005615234,-0.0015259981155395508,0.0013937950134277344,-0.0014126300811767578,0.009686896577477455,1.8508698442019522,False,False
246,4.92,-0.10696207731962204,0.1526208221912384,4.803176403045654,0.2877088189125061,-0.0031958576291799545,0.0025700607802718878,-0.0008755724993534386,0.007775712758302689,0.008301913738250732,-0.0021218264009803534,0.005642395466566086,-0.002634610515087843,0.0,0.0,5.0,0.2710600111947632,0.0009034872055053711,-0.001485288143157959,0.0012857913970947266,-0.0014194250106811523,0.009687001816928387,1.8605568460188806,False,False
247,4.94,-0.10698411613702774,0.1527697741985321,4.803340911865234,0.2876611649990082,-0.0030780171509832144,0.0025243358686566353,-0.0013251268537715077,0.007120999041944742,0.008230097591876984,-0.002465668600052595,0.006129499990493059,-0.002160241361707449,0.0,0.0,5.0,0.27103321191375984,0.0008327960968017578,-0.0014571547508239746,0.0011768341064453125,-0.0013870596885681152,0.00968710333108902,1.8702439493499696,False,False
248,4.96,-0.10701494663953781,0.15290576219558716,4.803504943847656,0.2876227796077728,-0.002950820839032531,0.0024721650406718254,-0.0017544461879879236,0.006482275202870369,0.0081467404961586,-0.0027629684191197157,0.006580551620572805,-0.0017082965932786465,0.0,0.0,5.0,0.27100309594022964,0.0007554292678833008,-0.0014169812202453613,0.0010684728622436523,-0.00137251615524292,0.009687195532023907,1.8799311448819935,False,False
249,4.98,-0.10705414414405823,0.153029203414917,4.803666591644287,0.2875932455062866,-0.002815248677507043,0.0024140712339431047,-0.0021621789783239365,0.005861192476004362,0.008050631731748581,-0.003054926870390773,0.006969456095248461,-0.0012787687592208385,0.0,0.0,5.0,0.2709710946075097,0.0006827116012573242,-0.0013923048973083496,0.0009586811065673828,-0.0013516545295715332,0.009687279351055622,1.8896184242330492,False,False
250,5.0,-0.10710127651691437,0.1531403809785843,4.803826808929443,0.28757208585739136,-0.002672359347343445,0.0023504733107984066,-0.002547160256654024,0.005259273108094931,0.007941129617393017,-0.0033106706105172634,0.007314429618418217,-0.0008704424253664911,0.0,0.0,5.0,0.2709364881528946,0.0006080865859985352,-0.0013551712036132812,0.0008492469787597656,-0.0013366937637329102,0.00968735571950674,1.899305779952556,False,False
251,5.0200000000000005,-0.10715587437152863,0.15323972702026367,4.80398416519165,0.28755882382392883,-0.002523216651752591,0.0022818746510893106,-0.002908385591581464,0.0046778772957623005,0.0078188581392169,-0.003552669193595648,0.007596808485686779,-0.00048412513569928706,0.0,0.0,5.0,0.27090035593403333,0.0005357265472412109,-0.001324772834777832,0.0007394552230834961,-0.0013126730918884277,0.009687425568699837,1.9089932055212557,False,False
252,5.04,-0.10721743851900101,0.15332765877246857,4.804139614105225,0.28755316138267517,-0.0023689137306064367,0.0022087458055466413,-0.0032450419384986162,0.0041182260029017925,0.007684123702347279,-0.0037616451736539602,0.00783221423625946,-0.00011985196761088446,0.0,0.0,5.0,0.2708620328323493,0.0004622936248779297,-0.0012839436531066895,0.000630497932434082,-0.0012907981872558594,0.009687487967312336,1.918680693488568,False,False
253,5.0600000000000005,-0.1072854995727539,0.1534046083688736,4.80429220199585,0.2875545620918274,-0.0022105094976723194,0.0021315990015864372,-0.0035564799327403307,0.003581378608942032,0.007537738420069218,-0.003952729050070047,0.008008530363440514,0.0002215947024524212,0.0,0.0,5.0,0.27082225626232453,0.00039124488830566406,-0.0012468695640563965,0.0005228519439697266,-0.0012611746788024902,0.009687542915344238,1.9283682364039123,False,False
254,5.08,-0.10735952109098434,0.15347106754779816,4.804440975189209,0.2875624895095825,-0.002049080329015851,0.002050939714536071,-0.003842233447358012,0.003068246878683567,0.007380557246506214,-0.004111648071557283,0.008136073127388954,0.0005401794915087521,0.0,0.0,5.0,0.2707817710409878,0.0003205537796020508,-0.001201033592224121,0.00041747093200683594,-0.0012308955192565918,0.009687592275440693,1.938055828679353,False,False
255,5.1000000000000005,-0.10743899643421173,0.15352751314640045,4.804586887359619,0.2875765264034271,-0.0018856581300497055,0.001967295538634062,-0.00410199910402298,0.002579581458121538,0.007213597185909748,-0.004249973688274622,0.008208956569433212,0.0008352872100658715,0.0,0.0,5.0,0.27073994873219376,0.00025200843811035156,-0.0011584758758544922,0.0003145933151245117,-0.0011951923370361328,0.009687635116279125,1.9477434637956321,False,False
256,5.12,-0.10752342641353607,0.15357443690299988,4.804729461669922,0.28759628534317017,-0.0017212367383763194,0.0018811809131875634,-0.004335643257945776,0.0021159842144697905,0.007037563715130091,-0.004357865545898676,0.00823698379099369,0.0011070686159655452,0.0,0.0,5.0,0.27069720729534524,0.00018405914306640625,-0.0011098980903625488,0.00021541118621826172,-0.00115966796875,0.009687671437859535,1.9574311352334917,False,False
257,5.14,-0.1076122522354126,0.15361233055591583,4.804868221282959,0.2876212000846863,-0.0015567520167678595,0.001793099450878799,-0.004543179180473089,0.0016779035795480013,0.0068534673191607,-0.004446213599294424,0.008216080255806446,0.0013554802862927318,0.0,0.0,5.0,0.27065394139985155,0.0001195669174194336,-0.0010631084442138672,0.0001195669174194336,-0.0011194348335266113,0.009687702171504498,1.9671188374049962,False,False
258,5.16,-0.10770497471094131,0.1536417156457901,4.8050031661987305,0.28765085339546204,-0.0013930979184806347,0.0017035159980878234,-0.004724773112684488,0.0012656504986807704,0.006662240717560053,-0.004507772624492645,0.008154543116688728,0.0015808920143172145,0.0,0.0,5.0,0.27061024288926366,5.698204040527344e-05,-0.0010127425193786621,2.8252601623535156e-05,-0.001078784465789795,0.009687727317214012,1.9768065647222102,False,False
259,5.18,-0.10780107975006104,0.15366309881210327,4.805134296417236,0.28768473863601685,-0.0012310954043641686,0.0016129070427268744,-0.004880720749497414,0.0008793966262601316,0.006464948412030935,-0.004548694938421249,0.008051342330873013,0.0017835692269727588,0.0,0.0,5.0,0.2705661899880004,-2.7418136596679688e-06,-0.0009633898735046387,-5.918741226196289e-05,-0.0010358691215515137,0.009687746874988079,1.9864943115971982,False,False
260,5.2,-0.10790004581212997,0.1536770612001419,4.805261611938477,0.2877224385738373,-0.0010715322569012642,0.0015217108884826303,-0.005011448170989752,0.0005191862001083791,0.006262276321649551,-0.004566589370369911,0.007910902611911297,0.0019639318343251944,0.0,0.0,5.0,0.2705219007957995,-5.984306335449219e-05,-0.0009126663208007812,-0.0001417398452758789,-0.0009914636611938477,0.009687760844826698,1.996182072442025,False,False
261,5.22,-0.10800138115882874,0.15368403494358063,4.805384635925293,0.2877635359764099,-0.0009151220438070595,0.0014303744537755847,-0.005117497872561216,0.0001849370019044727,0.0060553536750376225,-0.00456300750374794,0.007736228406429291,0.0021224168594926596,0.0,0.0,5.0,0.2704777640817912,-0.00011414289474487305,-0.0008606314659118652,-0.00021916627883911133,-0.0009467005729675293,0.009687771089375019,2.0058698435314,False,False
262,5.24,-0.10810459405183792,0.153684601187706,4.805503845214844,0.2878075838088989,-0.0007625424186699092,0.0013392830733209848,-0.00519951805472374,-0.0001235504460055381,0.005845060106366873,-0.0045424560084939,0.007527857553213835,0.0022596323397010565,0.0,0.0,5.0,0.2704335669319701,-0.0001652240753173828,-0.0008108019828796387,-0.0002917051315307617,-0.0008993148803710938,0.009687775745987892,2.015557619277388,False,False
263,5.26,-0.10820920765399933,0.1536792516708374,4.805618762969971,0.2878541350364685,-0.0006143840728327632,0.001248811138793826,-0.005258260294795036,-0.0004065803368575871,0.005632190965116024,-0.0045015462674200535,0.007294037379324436,0.0023763214703649282,0.0,0.0,5.0,0.27038973783141135,-0.00021284818649291992,-0.0007593035697937012,-0.00035899877548217773,-0.000853419303894043,0.009687776677310467,2.0252453959546983,False,False
264,5.28,-0.10831477493047714,0.15366849303245544,4.805728912353516,0.2879028022289276,-0.00047117070062085986,0.0011593182571232319,-0.005294556729495525,-0.0006645586690865457,0.005417701322585344,-0.004445130471140146,0.007033192552626133,0.0024732013698667288,0.0,0.0,5.0,0.270346724993024,-0.00025707483291625977,-0.0007087588310241699,-0.0004209280014038086,-0.0008052587509155273,0.009687772952020168,2.0349331689067185,False,False
265,5.3,-0.10842084884643555,0.1536528319120407,4.805834770202637,0.2879532277584076,-0.00033339636866003275,0.0010711215436458588,-0.005309318657964468,-0.0008979823905974627,0.005202528089284897,-0.0043725199066102505,0.00674988841637969,0.0025510487612336874,0.0,0.0,5.0,0.27030429090459207,-0.00029850006103515625,-0.0006583333015441895,-0.00047773122787475586,-0.000756680965423584,0.009687766432762146,2.0446209353394806,False,False
266,5.32,-0.10852701216936111,0.15363271534442902,4.805936813354492,0.28800493478775024,-0.0002014731871895492,0.0009845336899161339,-0.005303524900227785,-0.0011074332287535071,0.004987487569451332,-0.004284882918000221,0.006447778549045324,0.0026104894932359457,0.0,0.0,5.0,0.2702621764241534,-0.0003361701965332031,-0.0006101131439208984,-0.0005286335945129395,-0.0007100105285644531,0.0096877571195364,2.054308692459017,False,False
267,5.34,-0.10863286256790161,0.15360866487026215,4.806034564971924,0.2880576550960541,-7.575382187496871e-05,0.0008998330449685454,-0.005278212018311024,-0.001293569803237915,0.004772990010678768,-0.0041844784282147884,0.006129161920398474,0.0026528944727033377,0.0,0.0,5.0,0.2702208554840872,-0.0003700852394104004,-0.0005623698234558105,-0.000574648380279541,-0.0006628632545471191,0.00968774501234293,2.06399643747136,False,False
268,5.36,-0.1087380200624466,0.15358112752437592,4.806128025054932,0.2881110608577728,4.3463907786644995e-05,0.0008172669331543148,-0.005234460812062025,-0.00145711877848953,0.0045600393787026405,-0.004072068724781275,0.005797230638563633,0.0026790068950504065,0.0,0.0,5.0,0.2701804256563766,-0.0004012584686279297,-0.000514984130859375,-0.0006156563758850098,-0.0006163120269775391,0.00968773104250431,2.0736841685138643,False,False
269,5.38,-0.10884212702512741,0.15355055034160614,4.806217193603516,0.288164883852005,0.00015593375428579748,0.0007370585226453841,-0.005173391196876764,-0.0015988667728379369,0.004349245689809322,-0.003949328325688839,0.00545396376401186,0.0026896053459495306,0.0,0.0,5.0,0.2701409931507276,-0.00042939186096191406,-0.00046890974044799805,-0.0006515979766845703,-0.000569462776184082,0.009687714278697968,2.0833718827925622,False,False
270,5.4,-0.1089448407292366,0.15351732075214386,4.806302070617676,0.28821861743927,0.0002614721597637981,0.0006593993748538196,-0.0050961533561348915,-0.0017196517437696457,0.0041412473656237125,-0.0038177180103957653,0.005103662610054016,0.0026856211479753256,0.0,0.0,5.0,0.2701026359357406,-0.0004521608352661133,-0.0004258155822753906,-0.0006821155548095703,-0.0005251169204711914,0.009687697514891624,2.093059580307454,False,False
271,5.42,-0.10904586315155029,0.15348191559314728,4.80638313293457,0.2882722318172455,0.0003599278279580176,0.0005844825645908713,-0.0050039165653288364,-0.0018203556537628174,0.003936605993658304,-0.0036756559275090694,0.004745273385196924,0.0026685537304729223,0.0,0.0,5.0,0.2700651586133259,-0.00047463178634643555,-0.00038176774978637695,-0.000708162784576416,-0.0004800558090209961,0.009687678888440132,2.102747259195894,False,False
272,5.44,-0.1091449037194252,0.15344467759132385,4.806459903717041,0.28832536935806274,0.0004511960141826421,0.0005124559975229204,-0.004897866398096085,-0.001901904004625976,0.0037359169218689203,-0.0035291649401187897,0.004384487867355347,0.0026386843528598547,0.0,0.0,5.0,0.2700289761456073,-0.0004920363426208496,-0.00034111738204956055,-0.0007298588752746582,-0.0004363059997558594,0.009687659330666065,2.11243491852656,False,False
273,5.46,-0.10924168676137924,0.15340597927570343,4.806532859802246,0.2883777320384979,0.0005352363223209977,0.0004434532020241022,-0.004779194947332144,-0.001965248491615057,0.0035397191531956196,-0.003373716026544571,0.004022068809717894,0.002597339218482375,0.0,0.0,5.0,0.26999384241183394,-0.0005074739456176758,-0.0003005862236022949,-0.0007461309432983398,-0.00039446353912353516,0.009687639772891998,2.122122558299452,False,False
274,5.48,-0.1093359887599945,0.15336622297763824,4.806601524353027,0.2884292006492615,0.0006120426114648581,0.00037757816608063877,-0.004649090114980936,-0.0020113701466470957,0.0033484348095953465,-0.003216750454157591,0.00366070750169456,0.00254535092972219,0.0,0.0,5.0,0.2699602325734755,-0.0005187392234802246,-0.0002632737159729004,-0.0007590055465698242,-0.0003528594970703125,0.009687620215117931,2.13181017851457,False,False
275,5.5,-0.10942758619785309,0.1533256620168686,4.806666374206543,0.28847941756248474,0.0006816551322117448,0.0003149144758936018,-0.004508733283728361,-0.0020412623416632414,0.00316254491917789,-0.0030528786592185497,0.00330232921987772,0.002483809133991599,0.0,0.0,5.0,0.26992785353950427,-0.0005275607109069824,-0.00022667646408081055,-0.0007671713829040527,-0.00031375885009765625,0.009687600657343864,2.141497779171914,False,False
276,5.5200000000000005,-0.10951628535985947,0.15328466892242432,4.806727886199951,0.2885284423828125,0.0007441327325068414,0.0002555453102104366,-0.0043592918664216995,-0.0020559353288263083,0.00298241782002151,-0.0028875544667243958,0.002946829190477729,0.0024136246647685766,0.0,0.0,5.0,0.26989649211951316,-0.0005346536636352539,-0.00019246339797973633,-0.0007718205451965332,-0.0002751350402832031,0.009687581099569798,2.1511853602714837,False,False
277,5.54,-0.10960190743207932,0.1532435417175293,4.806785583496094,0.2885759770870209,0.0007995807682164013,0.00019951201102230698,-0.004201915115118027,-0.0020564051810652018,0.002808275166898966,-0.002719457261264324,0.0025990696158260107,0.0023355556186288595,0.0,0.0,5.0,0.2698665817322093,-0.0005384683609008789,-0.00015932321548461914,-0.0007727146148681641,-0.0002391338348388672,0.009687562473118305,2.160872922744602,False,False
278,5.5600000000000005,-0.10968431085348129,0.15320251882076263,4.806839942932129,0.28862184286117554,0.0008481463300995529,0.0001468397822463885,-0.004037725273519754,-0.0020436893682926893,0.002640428487211466,-0.0025515551678836346,0.002258305437862873,0.0022506339009851217,0.0,0.0,5.0,0.26983785402884536,-0.0005391240119934082,-0.00013005733489990234,-0.0007700920104980469,-0.00020503997802734375,0.009687544777989388,2.1705604675225914,False,False
279,5.58,-0.10976336896419525,0.15316186845302582,4.806890964508057,0.2886659502983093,0.0008899766835384071,9.754121856531128e-05,-0.0038678173441439867,-0.002018798841163516,0.002478994894772768,-0.002382142236456275,0.0019253016216680408,0.002159930532798171,0.0,0.0,5.0,0.2698104051051788,-0.0005384683609008789,-0.00010102987289428711,-0.0007641911506652832,-0.000171661376953125,0.009687528945505619,2.180247996468097,False,False
280,5.6000000000000005,-0.10983898490667343,0.15312182903289795,4.806939125061035,0.28870823979377747,0.000925256812479347,5.162122761248611e-05,-0.00369325396604836,-0.0019827396608889103,0.002324276138097048,-0.0022137057967483997,0.0016030332772061229,0.002064078813418746,0.0,0.0,5.0,0.26978398500264444,-0.0005354881286621094,-7.492303848266602e-05,-0.0007554292678833008,-0.00014066696166992188,0.00968751311302185,2.189935509581119,False,False
281,5.62,-0.10991107672452927,0.15308266878128052,4.8069844245910645,0.2887486219406128,0.0009542045299895108,9.062996468856e-06,-0.0035150612238794565,-0.0019365048501640558,0.0021763311233371496,-0.0020459224469959736,0.0012918624561280012,0.001964058494195342,0.0,0.0,5.0,0.26975870814190056,-0.000530540943145752,-4.929304122924805e-05,-0.0007440447807312012,-0.00011110305786132812,0.009687499143183231,2.199623008724302,False,False
282,5.64,-0.10997957736253738,0.15304449200630188,4.807026386260986,0.28878679871559143,0.0009770510951057076,-3.0174609491950832e-05,-0.0033342232927680016,-0.0018810710171237588,0.0020354350563138723,-0.0018815344665199518,0.0009927765931934118,0.0018603613134473562,0.0,0.0,5.0,0.2697349431753391,-0.0005220770835876465,-2.8192996978759766e-05,-0.0007298588752746582,-8.428096771240234e-05,0.009687486104667187,2.2093104948289692,False,False
283,5.66,-0.1100444346666336,0.15300749242305756,4.807065486907959,0.2888229787349701,0.0009940405143424869,-6.611841672565788e-05,-0.003151683136820793,-0.001817392883822322,0.0019014233257621527,-0.0017164226155728102,0.0007060153875499964,0.0017542929854243994,0.0,0.0,5.0,0.26971243330768785,-0.0005138516426086426,-4.76837158203125e-06,-0.0007131099700927734,-5.829334259033203e-05,0.009687474928796291,2.2189979697577655,False,False
284,5.68,-0.11010564118623734,0.15297184884548187,4.807102680206299,0.28885701298713684,0.0010054169688373804,-9.88285246421583e-05,-0.002968338318169117,-0.0017464077100157738,0.0017746889498084784,-0.0015579999890178442,0.00043132322025485337,0.001645970856770873,0.0,0.0,5.0,0.26969059075880053,-0.0005033016204833984,1.2040138244628906e-05,-0.0006946325302124023,-3.415346145629883e-05,0.009687465615570545,2.228685435373336,False,False
285,5.7,-0.11016316711902618,0.15293768048286438,4.8071370124816895,0.2888887822628021,0.0010114563629031181,-0.00012838075053878129,-0.0027850447222590446,-0.0016690222546458244,0.0016548731364309788,-0.001400429173372686,0.0001722782471915707,0.0015365059953182936,0.0,0.0,5.0,0.26967014935965977,-0.0004912018775939941,3.0159950256347656e-05,-0.0006737112998962402,-1.2636184692382812e-05,0.009687456302344799,2.238372891675681,False,False
286,5.72,-0.11021704226732254,0.15290512144565582,4.807168483734131,0.28891846537590027,0.0010124614927917719,-0.00015483317838516086,-0.002602604916319251,-0.0015861171996220946,0.0015421300195157528,-0.0012478319695219398,-7.218955579446629e-05,0.0014264544006437063,0.0,0.0,5.0,0.26965119364813067,-0.00047785043716430664,4.76837158203125e-05,-0.0006514787673950195,8.463859558105469e-06,0.009687450714409351,2.2480603423900902,False,False
287,5.74,-0.1102672815322876,0.15287427604198456,4.807199001312256,0.28894585371017456,0.0010087103582918644,-0.0001783019251888618,-0.0024217714089900255,-0.00149854039773345,0.001436650287359953,-0.0011018174700438976,-0.00030338767101056874,0.0013161578681319952,0.0,0.0,5.0,0.26963242154250144,-0.0004627704620361328,5.817413330078125e-05,-0.0006274580955505371,2.658367156982422e-05,0.009687445126473904,2.257747787516564,False,False
288,5.76,-0.11031392216682434,0.15284520387649536,4.807225704193115,0.28897109627723694,0.0010005125077441335,-0.00019886167137883604,-0.00224325037561357,-0.0014071037294343114,0.0013377810828387737,-0.0009567014640197158,-0.0005168747156858444,0.0012067935895174742,0.0,0.0,5.0,0.26961592478137475,-0.0004474520683288574,7.510185241699219e-05,-0.0006023049354553223,4.410743713378906e-05,0.00968744233250618,2.2674352298490703,False,False
289,5.78,-0.11035702377557755,0.15281802415847778,4.807252407073975,0.2889941334724426,0.0009881582809612155,-0.00021662939980160445,-0.002067691646516323,-0.0013125883415341377,0.0012463326565921307,-0.0008223660988733172,-0.0007190289907157421,0.0010979815851897001,0.0,0.0,5.0,0.26959906487798,-0.00043076276779174805,8.14199447631836e-05,-0.0005762577056884766,5.936622619628906e-05,0.00968744046986103,2.2771226703189313,False,False
290,5.8,-0.11039665341377258,0.15279275178909302,4.807275772094727,0.2890150547027588,0.0009719569934532046,-0.00023170775966718793,-0.0018957009306177497,-0.0012157333549112082,0.0011611809022724628,-0.0006875257822684944,-0.0009015784016810358,0.0009911579545587301,0.0,0.0,5.0,0.26958426160651106,-0.0004139542579650879,9.465217590332031e-05,-0.0005490779876708984,7.283687591552734e-05,0.00968744046986103,2.2868101107887924,False,False
291,5.82,-0.11043287068605423,0.15276940166950226,4.80729866027832,0.28903380036354065,0.0009522217442281544,-0.0002442052063997835,-0.0017278246814385056,-0.0011172459926456213,0.0010829656384885311,-0.0005640386953018606,-0.0010723879095166922,0.0008859520312398672,0.0,0.0,5.0,0.269569500027267,-0.0003955960273742676,9.882450103759766e-05,-0.0005211234092712402,8.463859558105469e-05,0.00968744233250618,2.2964975531212986,False,False
292,5.84,-0.11046577990055084,0.15274806320667267,4.807319641113281,0.28905051946640015,0.0009292576578445733,-0.00025425886269658804,-0.0015645652310922742,-0.0010177886579185724,0.0010108384303748608,-0.00044289970537647605,-0.0012244486715644598,0.00078362668864429,0.0,0.0,5.0,0.26955589409831376,-0.0003770589828491211,0.00010716915130615234,-0.0004926919937133789,9.453296661376953e-05,0.009687445126473904,2.3061849982477725,False,False
293,5.86,-0.11049548536539078,0.15272870659828186,4.807338714599609,0.2890651822090149,0.000903377600479871,-0.00026198517298325896,-0.0014063670532777905,-0.0009179861517623067,0.0009451389778405428,-0.00033108421484939754,-0.0013639448443427682,0.0006839584093540907,0.0,0.0,5.0,0.2695434677328466,-0.00035768747329711914,0.00011181831359863281,-0.0004640817642211914,0.00010478496551513672,0.009687449783086777,2.3158724480308592,False,False
294,5.88,-0.1105220764875412,0.15271133184432983,4.8073577880859375,0.28907784819602966,0.000874875346198678,-0.0002675136784091592,-0.001253629452548921,-0.0008184203179553151,0.0008856691420078278,-0.0002229013480246067,-0.0014866171404719353,0.0005873029585927725,0.0,0.0,5.0,0.26953089261887864,-0.00033861398696899414,0.00011432170867919922,-0.0004349946975708008,0.0001100301742553711,0.009687456302344799,2.325559904333204,False,False
295,5.9,-0.11054567247629166,0.15269595384597778,4.807374954223633,0.2890886068344116,0.0008440575911663473,-0.00027095957193523645,-0.0011066998122259974,-0.0007196359219960868,0.0008315704762935638,-0.0001226206513820216,-0.0015954541740939021,0.0004943839740008116,0.0,0.0,5.0,0.26951958794216807,-0.0003184080123901367,0.00011718273162841797,-0.00040584802627563477,0.00011622905731201172,0.009687463752925396,2.3352473680861294,False,False
296,5.92,-0.1105663850903511,0.15268252789974213,4.807390213012695,0.2890976667404175,0.000811197969596833,-0.000272463948931545,-0.0009658777853474021,-0.0006221354124136269,0.0007832753472030163,-2.856435821740888e-05,-0.0016907746903598309,0.0004052594304084778,0.0,0.0,5.0,0.26950957289324295,-0.0002994537353515625,0.0001214742660522461,-0.0003770589828491211,0.0001232624053955078,0.009687472134828568,2.344934840220958,False,False
297,5.94,-0.11058434098958969,0.15267108380794525,4.807405471801758,0.2891049385070801,0.0007765632472001016,-0.0002721660421229899,-0.0008314199512824416,-0.0005263809580355883,0.0007407511584460735,5.777507976745255e-05,-0.0017729033716022968,0.0003195467870682478,0.0,0.0,5.0,0.2694995521241139,-0.0002799034118652344,0.00012063980102539062,-0.0003483891487121582,0.00012743473052978516,0.009687483310699463,2.3546223235316575,False,False
298,5.96,-0.11059968173503876,0.1526615172624588,4.80742073059082,0.2891104817390442,0.0007404370699077845,-0.0002701875928323716,-0.0007035405142232776,-0.00043279360397718847,0.0007032565772533417,0.0001396454608766362,-0.0018398731481283903,0.00023803602380212396,0.0,0.0,5.0,0.269489523838945,-0.0002607107162475586,0.00011897087097167969,-0.0003196597099304199,0.00012803077697753906,0.009687495417892933,2.3643098189495504,False,False
299,5.98,-0.11061252653598785,0.152653768658638,4.807435989379883,0.28911447525024414,0.0007031072746030986,-0.000266647053649649,-0.000582404900342226,-0.00034175734617747366,0.0006703950930386782,0.00021411667694337666,-0.0018932211678475142,0.0001610027247807011,0.0,0.0,5.0,0.2694795025571782,-0.00024181604385375977,0.00011610984802246094,-0.0002918243408203125,0.00012695789337158203,0.009687507525086403,2.373997326474637,False,False
300,6.0,-0.11062301695346832,0.15264782309532166,4.807447910308838,0.28911706805229187,0.0006648179260082543,-0.0002616978599689901,-0.00046813517110422254,-0.00025361511507071555,0.0006416796240955591,0.0002806290867738426,-0.0019358040299266577,8.870411693351343e-05,0.0,0.0,5.0,0.26947192250782137,-0.00022208690643310547,0.00011730194091796875,-0.0002644062042236328,0.0001308917999267578,0.009687519632279873,2.3836848461069167,False,False
301,6.0200000000000005,-0.1106313019990921,0.1526436060667038,4.807459354400635,0.2891181707382202,0.0006257945788092911,-0.00025547356926836073,-0.0003608177648857236,-0.00016866814985405654,0.0006180985365062952,0.00034172768937423825,-0.0019665842410176992,2.0304578356444836e-05,0.0,0.0,5.0,0.2694647577381535,-0.00020301342010498047,0.00011491775512695312,-0.00023746490478515625,0.00013172626495361328,0.009687533602118492,2.393372379709035,False,False
302,6.04,-0.11063750833272934,0.15264105796813965,4.807470798492432,0.2891179323196411,0.0005862725083716214,-0.00024807764566503465,-0.00026050323504023254,-8.718349999981001e-05,0.0005989556666463614,0.0003978786407969892,-0.001985622337087989,-4.3717252992792055e-05,0.0,0.0,5.0,0.2694576854737114,-0.00018489360809326172,0.00011157989501953125,-0.00021135807037353516,0.0001304149627685547,0.009687548503279686,2.403059928212315,False,False
303,6.0600000000000005,-0.11064177006483078,0.15264010429382324,4.8074822425842285,0.28911641240119934,0.000546476396266371,-0.00023963059356901795,-0.00016720427083782852,-9.395023880642839e-06,0.0005836833734065294,0.0004469082923606038,-0.001993963262066245,-0.00010311601363355294,0.0,0.0,5.0,0.2694507183926329,-0.00016671419143676758,0.00010573863983154297,-0.00018584728240966797,0.00012755393981933594,0.009687565267086029,2.412747493479401,False,False
304,6.08,-0.11064424365758896,0.15264065563678741,4.807493686676025,0.28911373019218445,0.0005066209705546498,-0.00023025009431876242,-8.089950279099867e-05,6.449954526033252e-05,0.0005718336906284094,0.0004912767326459289,-0.001991519471630454,-0.00015768336015753448,0.0,0.0,5.0,0.2694438699940611,-0.0001494884490966797,0.00010085105895996094,-0.00016129016876220703,0.0001233816146850586,0.009687582030892372,2.4224350755102932,False,False
305,6.1000000000000005,-0.11064505577087402,0.1526426523923874,4.807505130767822,0.2891101837158203,0.00046690928866155446,-0.00022005314531270415,-1.533646582174697e-06,0.00013433505955617875,0.0005631502717733383,0.000528596225194633,-0.0019795873668044806,-0.0002074585936497897,0.0,0.0,5.0,0.2694371584927295,-0.00013327598571777344,9.655952453613281e-05,-0.0001380443572998047,0.00012004375457763672,0.00968759972602129,2.4321226752363145,False,False
306,6.12,-0.1106443703174591,0.152646005153656,4.807516574859619,0.289105623960495,0.0004275202809367329,-0.00020917391520924866,7.0977519499138e-05,0.00019998160132672638,0.0005576759576797485,0.0005595305701717734,-0.001959234243258834,-0.00025288035976700485,0.0,0.0,5.0,0.2694306005747855,-0.00011730194091796875,8.928775787353516e-05,-0.0001156926155090332,0.00011539459228515625,0.009687618352472782,2.4418102935887873,False,False
307,6.140000000000001,-0.11064227670431137,0.1526506245136261,4.807528018951416,0.2891002297401428,0.0003886365448124707,-0.00019771936058532447,0.00013674420188181102,0.00026134238578379154,0.0005548323970288038,0.0005861400859430432,-0.0019290418131276965,-0.00029365482623688877,0.0,0.0,5.0,0.2694241823732234,-0.00010150671005249023,8.380413055419922e-05,-9.435415267944336e-05,0.00010955333709716797,0.009687636978924274,2.4514979305677116,False,False
308,6.16,-0.11063893884420395,0.1526564210653305,4.807539463043213,0.2890940010547638,0.00035040744114667177,-0.00018579601601231843,0.00019590473675634712,0.0003183495718985796,0.0005544659215956926,0.0006064194021746516,-0.0018937651766464114,-0.00032993589411489666,0.0,0.0,5.0,0.26941792064883474,-8.660554885864258e-05,7.605552673339844e-05,-7.408857345581055e-05,0.00010466575622558594,0.009687656536698341,2.46118558710441,False,False
309,6.18,-0.11063449084758759,0.15266332030296326,4.80755090713501,0.28908705711364746,0.0003129816323053092,-0.00017349206609651446,0.00024861644487828016,0.0003709630109369755,0.0005562289152294397,0.0006242053932510316,-0.0018487012712284923,-0.00036167746293358505,0.0,0.0,5.0,0.26941182838841304,-7.18832015991211e-05,7.045269012451172e-05,-5.4776668548583984e-05,9.739398956298828e-05,0.009687676094472408,2.4708732631988823,False,False
310,6.2,-0.11062905937433243,0.15267124772071838,4.807562351226807,0.28907954692840576,0.00027648729155771434,-0.00016089857672341168,0.00029506231658160686,0.00041916605550795794,0.0005600578151643276,0.0006353657809086144,-0.0018006189493462443,-0.00038913844036869705,0.0,0.0,5.0,0.26940591553268733,-5.8770179748535156e-05,6.401538848876953e-05,-3.707408905029297e-05,9.262561798095703e-05,0.0096876947209239,2.4805609579198062,False,False
311,6.22,-0.11062274128198624,0.15268008410930634,4.8075737953186035,0.2890715003013611,0.00024102473980747163,-0.00014811665460001677,0.00033543776953592896,0.00046296766959130764,0.0005659228190779686,0.0006430333596654236,-0.0017455191118642688,-0.00041267226333729923,0.0,0.0,5.0,0.2694001544551391,-4.57763671875e-05,5.6862831115722656e-05,-2.008676528930664e-05,8.594989776611328e-05,0.009687714278697968,2.490248672198504,False,False
312,6.24,-0.11061568558216095,0.15268974006175995,4.8075852394104,0.2890630066394806,0.00020670313097070903,-0.000135226349812001,0.0003699552034959197,0.000502399168908596,0.0005733426660299301,0.0006461882148869336,-0.0016865319339558482,-0.00043212526361458004,0.0,0.0,5.0,0.2693945558278642,-3.409385681152344e-05,5.0067901611328125e-05,-4.351139068603516e-06,8.046627044677734e-05,0.00968773290514946,2.4999364051036537,False,False
313,6.26,-0.11060798913240433,0.15270014107227325,4.807596683502197,0.28905415534973145,0.00017362837388645858,-0.00012229490675963461,0.0003988411044701934,0.0005375127075240016,0.0005821995437145233,0.000647125591058284,-0.0016208345768973231,-0.0004478404007386416,0.0,0.0,5.0,0.26938911734285015,-2.276897430419922e-05,4.470348358154297e-05,1.0251998901367188e-05,7.319450378417969e-05,0.009687751531600952,2.5096241566352546,False,False
314,6.28,-0.11059979349374771,0.15271121263504028,4.807608127593994,0.2890450060367584,0.00014188082423061132,-0.00010939951607724652,0.0004223387804813683,0.0005683780182152987,0.0005924543365836143,0.0006425562896765769,-0.0015538259176537395,-0.00046005958574824035,0.0,0.0,5.0,0.269383855034434,-1.2218952178955078e-05,3.719329833984375e-05,2.3603439331054688e-05,6.747245788574219e-05,0.009687770158052444,2.519311926793307,False,False
315,6.3,-0.11059115082025528,0.15272286534309387,4.807619571685791,0.28903570771217346,0.0001115252380259335,-9.66113802860491e-05,0.0004406976804602891,0.0005950844497419894,0.0006036758422851562,0.0006363751017488539,-0.0014816484181210399,-0.000468720420030877,0.0,0.0,5.0,0.26937873976376037,-2.9206275939941406e-06,3.230571746826172e-05,3.600120544433594e-05,6.091594696044922e-05,0.009687786921858788,2.528999713715166,False,False
316,6.32,-0.11058219522237778,0.15273500978946686,4.807631015777588,0.28902626037597656,8.262292976723984e-05,-8.399953367188573e-05,0.00045417851652018726,0.0006177364848554134,0.0006159422919154167,0.0006249021389521658,-0.0014085097936913371,-0.00047433978761546314,0.0,0.0,5.0,0.2693737760182888,6.318092346191406e-06,2.5033950805664062e-05,4.7087669372558594e-05,5.519390106201172e-05,0.00968780368566513,2.538687517400831,False,False
317,6.34,-0.11057301610708237,0.15274755656719208,4.807642459869385,0.2890167236328125,5.523365325643681e-05,-7.161720714066178e-05,0.000463046453660354,0.0006364555447362363,0.000628927256911993,0.0006133968126960099,-0.00133035599719733,-0.0004768629733007401,0.0,0.0,5.0,0.2693689499058232,1.4424324035644531e-05,2.014636993408203e-05,5.7220458984375e-05,4.756450653076172e-05,0.009687819518148899,2.54837533691898,False,False
318,6.36,-0.11056369543075562,0.15276044607162476,4.807653903961182,0.2890070378780365,2.938731267931871e-05,-5.951853017904796e-05,0.0004675769305322319,0.0006513737025670707,0.0006424742750823498,0.0005965125747025013,-0.0012542287586256862,-0.0004765081393998116,0.0,0.0,5.0,0.2693642613500926,2.2530555725097656e-05,1.2040138244628906e-05,6.651878356933594e-05,4.208087921142578e-05,0.009687834419310093,2.55806317133829,False,False
319,6.38,-0.11055433750152588,0.15277358889579773,4.8076653480529785,0.28899750113487244,5.1093061301799025e-06,-4.774930130224675e-05,0.0004680425045080483,0.0006626363028772175,0.0006564389914274216,0.0005804277607239783,-0.0011735352454707026,-0.0004732962406706065,0.0,0.0,5.0,0.26935970252449676,2.8967857360839844e-05,8.225440979003906e-06,7.43865966796875e-05,3.552436828613281e-05,0.009687850251793861,2.567751021590084,False,False
320,6.4,-0.11054500192403793,0.15278691053390503,4.807677745819092,0.2889880836009979,-1.7568720068084076e-05,-3.633514643297531e-05,0.00046472385292872787,0.000670395209454,0.0006707175634801388,0.0005609840154647827,-0.0010942424414679408,-0.0004676659300457686,0.0,0.0,5.0,0.2693545747413749,3.3974647521972656e-05,2.5033950805664062e-06,8.130073547363281e-05,2.9206275939941406e-05,0.009687867015600204,2.577438888605684,False,False
321,6.42,-0.11053577065467834,0.15280038118362427,4.807693004608154,0.2889787554740906,-3.864528480335139e-05,-2.534275881771464e-05,0.0004578996158670634,0.0006748121813870966,0.0006850222125649452,0.0005382306990213692,-0.0010133999167010188,-0.00045985469478182495,0.0,0.0,5.0,0.26934753305111947,3.898143768310547e-05,-9.000301361083984e-06,8.726119995117188e-05,1.8596649169921875e-05,0.009687884710729122,2.587126773316413,False,False
322,6.44,-0.11052671074867249,0.1528138518333435,4.807708263397217,0.28896960616111755,-5.8082510804524645e-05,-1.481037452322198e-05,0.00044784904457628727,0.0006760608521290123,0.0006981771439313889,0.0005149663775227964,-0.0009303191327489913,-0.00044896264444105327,0.0,0.0,5.0,0.2693405633520097,4.410743713378906e-05,-1.4781951904296875e-05,9.202957153320312e-05,9.417533874511719e-06,0.00968790054321289,2.596814673859626,False,False
323,6.46,-0.11051788181066513,0.15282732248306274,4.807723522186279,0.28896066546440125,-7.59035610826686e-05,-4.769814950122964e-06,0.0004348543006926775,0.0006743214325979352,0.0007109269499778748,0.0004890324780717492,-0.0008517915266565979,-0.0004358084115665406,0.0,0.0,5.0,0.26933369009039404,4.780292510986328e-05,-2.1517276763916016e-05,9.59634780883789e-05,3.5762786865234375e-06,0.009687917307019234,2.6065025911666453,False,False
324,6.48,-0.11050933599472046,0.1528407782316208,4.807738780975342,0.288952112197876,-9.213291923515499e-05,4.755917416332522e-06,0.0004191868647467345,0.0006697785574942827,0.0007231282070279121,0.0004634720680769533,-0.000771158083807677,-0.00042072494397871196,0.0,0.0,5.0,0.2693269261943356,5.078315734863281e-05,-2.4497509002685547e-05,9.846687316894531e-05,-2.9802322387695312e-06,0.009687933139503002,2.6161905243061483,False,False
325,6.5,-0.11050112545490265,0.1528540998697281,4.807754039764404,0.2889437973499298,-0.00010679983097361401,1.3738354937231634e-05,0.0004011167329736054,0.0006626193062402308,0.000734950415790081,0.00043469187221489847,-0.0006955528515391052,-0.00040427708881907165,0.0,0.0,5.0,0.2693202253836336,5.340576171875e-05,-2.9921531677246094e-05,0.00010061264038085938,-6.973743438720703e-06,0.009687948040664196,2.6258784723468125,False,False
326,6.5200000000000005,-0.11049330234527588,0.15286727249622345,4.807769298553467,0.28893589973449707,-0.00011994757369393483,2.2175987396622077e-05,0.0003809014451690018,0.000653033668641001,0.0007463153451681137,0.00040898603037931025,-0.0006192467990331352,-0.00038645530003122985,0.0,0.0,5.0,0.26931360055189446,5.447864532470703e-05,-3.170967102050781e-05,0.00010180473327636719,-1.2099742889404297e-05,0.009687963873147964,2.6355664362199605,False,False
327,6.54,-0.11048589646816254,0.1528802067041397,4.807784557342529,0.2889283299446106,-0.00013160347589291632,3.0061091820243746e-05,0.000358795776264742,0.0006412073271349072,0.0007572229951620102,0.0003794317599385977,-0.0005463749985210598,-0.0003678081266116351,0.0,0.0,5.0,0.2693070131212357,5.614757537841797e-05,-3.701448440551758e-05,0.00010251998901367188,-1.621246337890625e-05,0.009687978774309158,2.6452544149942696,False,False
328,6.5600000000000005,-0.1104789525270462,0.15289288759231567,4.807799816131592,0.28892120718955994,-0.0001417980674887076,3.736314465641044e-05,0.0003350444894749671,0.0006273304461501539,0.000767373014241457,0.00035067988210357726,-0.000473115302156657,-0.0003480734012555331,0.0,0.0,5.0,0.2693004729049686,5.733966827392578e-05,-3.981590270996094e-05,0.00010228157043457031,-2.0682811737060547e-05,0.009687992744147778,2.6549424077384174,False,False
329,6.58,-0.11047248542308807,0.15290527045726776,4.807815074920654,0.28891441226005554,-0.00015056339907459915,4.410017572809011e-05,0.000309888826450333,0.000611592608038336,0.0007770005613565445,0.0003229275462217629,-0.0004034520825371146,-0.00032758546876721084,0.0,0.0,5.0,0.26929396056524985,5.7816505432128906e-05,-4.303455352783203e-05,0.0001016855239868164,-2.5153160095214844e-05,0.009688006713986397,2.664630414452404,False,False
330,6.6000000000000005,-0.11046655476093292,0.15291732549667358,4.807830333709717,0.2889080345630646,-0.0001579557138029486,5.027320730732754e-05,0.0002835610939655453,0.0005941778072156012,0.0007858183234930038,0.0002942795108538121,-0.0003358147805556655,-0.0003064276825170964,0.0,0.0,5.0,0.26928748355600307,5.841255187988281e-05,-4.601478576660156e-05,0.0001004934310913086,-2.8967857360839844e-05,0.009688020683825016,2.674318435136229,False,False
331,6.62,-0.11046115309000015,0.15292902290821075,4.807845592498779,0.2889021635055542,-0.00016402933397330344,5.5893047829158604e-05,0.0002562839654274285,0.0005752677679993212,0.0007938914932310581,0.0002676132717169821,-0.0002715827140491456,-0.00028461634065024555,0.0,0.0,5.0,0.2692810218188012,5.710124969482422e-05,-4.667043685913086e-05,9.870529174804688e-05,-3.1948089599609375e-05,0.00968803372234106,2.68400646885857,False,False
332,6.640000000000001,-0.11045631021261215,0.1529403179883957,4.807860851287842,0.28889670968055725,-0.00016884709475561976,6.095264325267635e-05,0.00022826944768894464,0.0005550377536565065,0.0008012722246348858,0.00023825778043828905,-0.00021022834698669612,-0.00026277403230778873,0.0,0.0,5.0,0.2692745621108857,5.6862831115722656e-05,-5.036592483520508e-05,9.644031524658203e-05,-3.4689903259277344e-05,0.009688046760857105,2.693694515619427,False,False
333,6.66,-0.11045202612876892,0.1529512107372284,4.807876110076904,0.2888917028903961,-0.00017245301569346339,6.546522490680218e-05,0.00019971806614194065,0.0005336629692465067,0.0008078953251242638,0.0002129183994838968,-0.00015039549907669425,-0.0002405908307991922,0.0,0.0,5.0,0.2692681043516222,5.519390106201172e-05,-5.078315734863281e-05,9.369850158691406e-05,-3.8504600524902344e-05,0.009688058868050575,2.7033825744874775,False,False
334,6.68,-0.11044832319021225,0.1529616415500641,4.807891368865967,0.2888871431350708,-0.00017490536265540868,6.944632332306355e-05,0.00017082426347769797,0.0005113097722642124,0.0008136299438774586,0.00018511558300815523,-9.487198985880241e-05,-0.00021834735525771976,0.0,0.0,5.0,0.2692616237740014,5.412101745605469e-05,-5.328655242919922e-05,9.047985076904297e-05,-4.076957702636719e-05,0.009688070975244045,2.7130706454627216,False,False
335,6.7,-0.11044520139694214,0.15297165513038635,4.807906627655029,0.2888830602169037,-0.0001762721803970635,7.2889743023552e-05,0.0001417685707565397,0.0004881425993517041,0.0008184630423784256,0.0001591555046616122,-4.1837862227112055e-05,-0.00019606511341407895,0.0,0.0,5.0,0.26925514569605635,5.233287811279297e-05,-5.429983139038086e-05,8.690357208251953e-05,-4.303455352783203e-05,0.009688083082437515,2.722758728545159,False,False
336,6.72,-0.11044265329837799,0.15298119187355042,4.807921886444092,0.2888794243335724,-0.00017660651064943522,7.582340913359076e-05,0.00011272156552877277,0.00046431939699687064,0.0008224467746913433,0.00013414860586635768,8.38240248413058e-06,-0.00017401465447619557,0.0,0.0,5.0,0.2692486331289987,5.066394805908203e-05,-5.4955482482910156e-05,8.285045623779297e-05,-4.547834396362305e-05,0.00968809425830841,2.7324468228034675,False,False
337,6.74,-0.1104406863451004,0.15299025177955627,4.807937145233154,0.28887614607810974,-0.00017598200065549463,7.825912325643003e-05,8.384382090298459e-05,0.0004399909230414778,0.0008255555294454098,0.00010936742910416797,5.404427429311909e-05,-0.0001521915546618402,0.0,0.0,5.0,0.26924208905952896,4.851818084716797e-05,-5.692243576049805e-05,7.867813110351562e-05,-4.7147274017333984e-05,0.009688105434179306,2.742134928237647,False,False
338,6.76,-0.11043929308652878,0.15299880504608154,4.807952404022217,0.28887325525283813,-0.00017446726269554347,8.022774272831157e-05,5.5281994718825445e-05,0.0004153007466811687,0.00082771060988307,8.744613296585158e-05,9.740520181367174e-05,-0.00013061001664027572,0.0,0.0,5.0,0.26923549343247244,4.6372413635253906e-05,-5.733966827392578e-05,7.474422454833984e-05,-5.0008296966552734e-05,0.009688115678727627,2.7518230439163744,False,False
339,6.78,-0.11043846607208252,0.15300685167312622,4.807967662811279,0.28887081146240234,-0.00017213721002917737,8.174741378752515e-05,2.7172953195986338e-05,0.0003903821634594351,0.0008289902471005917,6.448128988267854e-05,0.00013557884085457772,-0.00010931590804830194,0.0,0.0,5.0,0.26922884313059603,4.3511390686035156e-05,-5.84721565246582e-05,7.033348083496094e-05,-5.054473876953125e-05,0.009688125923275948,2.7615111698396504,False,False
340,6.8,-0.11043819785118103,0.1530144214630127,4.807982921600342,0.2888687551021576,-0.00016904843505471945,8.283391071017832e-05,-3.6111740087108046e-07,0.0003653632302302867,0.0008293292485177517,4.4135904317954555e-05,0.0001732830860419199,-8.856563363224268e-05,0.0,0.0,5.0,0.26922215198125427,4.1484832763671875e-05,-5.835294723510742e-05,6.568431854248047e-05,-5.3048133850097656e-05,0.009688135236501694,2.771199305076152,False,False
341,6.82,-0.11043847352266312,0.15302146971225739,4.807998180389404,0.28886720538139343,-0.00016526058607269078,8.350700954906642e-05,-2.7204314392292872e-05,0.0003403641749173403,0.0008288323879241943,2.3149765183916315e-05,0.00020548705651890486,-6.816687528043985e-05,0.0,0.0,5.0,0.2692153884173321,3.814697265625e-05,-5.835294723510742e-05,6.079673767089844e-05,-5.3048133850097656e-05,0.00968814454972744,2.7808874496258795,False,False
342,6.84,-0.11043927818536758,0.15302802622318268,4.808013439178467,0.28886595368385315,-0.00016084834351204336,8.377991616725922e-05,-5.325541496858932e-05,0.0003154994046781212,0.0008274861611425877,4.122453447052976e-06,0.00023573222279082984,-4.857029489357956e-05,0.0,0.0,5.0,0.2692085632218046,3.528594970703125e-05,-5.8770179748535156e-05,5.602836608886719e-05,-5.441904067993164e-05,0.009688153862953186,2.7905756034888327,False,False
343,6.86,-0.11044060438871384,0.15303410589694977,4.808028697967529,0.28886517882347107,-0.00015586525842081755,8.368710405193269e-05,-7.842242484912276e-05,0.00029087482835166156,0.0008251732215285301,-1.3412774933385663e-05,0.00026257243007421494,-2.9536737201851793e-05,0.0,0.0,5.0,0.26920168177309983,3.1828880310058594e-05,-5.7578086853027344e-05,5.1140785217285156e-05,-5.513429641723633e-05,0.009688162244856358,2.800263765733689,False,False
344,6.88,-0.11044242233037949,0.15303969383239746,4.808043956756592,0.28886476159095764,-0.00015037928824312985,8.323338261106983e-05,-0.0001026236786856316,0.00026658838032744825,0.000822063535451889,-3.196526813553646e-05,0.00028602220118045807,-1.1312542483210564e-05,0.0,0.0,5.0,0.26919472334386696,2.944469451904297e-05,-5.823373794555664e-05,4.6372413635253906e-05,-5.4955482482910156e-05,0.009688170626759529,2.8099519363604486,False,False
345,6.9,-0.11044471710920334,0.15304476022720337,4.808059215545654,0.28886470198631287,-0.00014443618420045823,8.243971387855709e-05,-0.00012578909809235483,0.00024273412418551743,0.000818274449557066,-4.740274016512558e-05,0.00030829268507659435,6.3389552451553755e-06,0.0,0.0,5.0,0.26918766484979156,2.586841583251953e-05,-5.6624412536621094e-05,4.100799560546875e-05,-5.5730342864990234e-05,0.0096881790086627,2.8196401153691113,False,False
346,6.92,-0.11044745147228241,0.15304937958717346,4.808074474334717,0.28886500000953674,-0.0001380935573251918,8.134111703839153e-05,-0.00014785428356844932,0.00021939676662441343,0.0008137277327477932,-6.245201802812517e-05,0.0003259789664298296,2.300118467246648e-05,0.0,0.0,5.0,0.26918053334265496,2.2292137145996094e-05,-5.6684017181396484e-05,3.612041473388672e-05,-5.5909156799316406e-05,0.009688186459243298,2.8293283018283546,False,False
347,6.94,-0.1104506179690361,0.15305355191230774,4.808089733123779,0.2888655960559845,-0.0001314172986894846,7.995231135282665e-05,-0.00016876705922186375,0.0001966531854122877,0.0008082534186542034,-7.642059790669009e-05,0.00034165685065090656,3.892913446179591e-05,0.0,0.0,5.0,0.2691733257498181,1.9550323486328125e-05,-5.59687614440918e-05,3.123283386230469e-05,-5.602836608886719e-05,0.009688193909823895,2.8390164957381785,False,False
348,6.96,-0.11045419424772263,0.153057262301445,4.808104991912842,0.2888665497303009,-0.00012445765605662018,7.829690730432048e-05,-0.0001884841767605394,0.00017457350622862577,0.0008020997047424316,-8.910844917409122e-05,0.0003543212078511715,5.406399941421114e-05,0.0,0.0,5.0,0.2691660244141104,1.5735626220703125e-05,-5.501508712768555e-05,2.6226043701171875e-05,-5.5789947509765625e-05,0.009688201360404491,2.848704697098583,False,False
349,6.98,-0.11045815050601959,0.15306054055690765,4.808120250701904,0.2888678014278412,-0.00011726697266567498,7.639072282472625e-05,-0.00020697133732028306,0.00015322075341828167,0.0007952013984322548,-0.00010149501031264663,0.0003647629637271166,6.833010411355644e-05,0.0,0.0,5.0,0.26915863404223783,1.2516975402832031e-05,-5.3822994232177734e-05,2.09808349609375e-05,-5.4895877838134766e-05,0.009688207879662514,2.8583929049782455,False,False
350,7.0,-0.11046246439218521,0.15306338667869568,4.808135509490967,0.28886932134628296,-0.00010989134898409247,7.425698277074844e-05,-0.00022420242021325976,0.00013265250890981406,0.0007877410389482975,-0.0001118617583415471,0.0003728172741830349,8.157950651366264e-05,0.0,0.0,5.0,0.26915114545444085,9.298324584960938e-06,-5.316734313964844e-05,1.633167266845703e-05,-5.519390106201172e-05,0.009688214398920536,2.868081119377166,False,False
351,7.0200000000000005,-0.11046711355447769,0.15306584537029266,4.808150768280029,0.2888711094856262,-0.00010238606773782521,7.192105113063008e-05,-0.00024015892995521426,0.00011291803821222857,0.0007795100100338459,-0.0001217128592543304,0.0003777332021854818,9.410067286808044e-05,0.0,0.0,5.0,0.2691435748954881,5.9604644775390625e-06,-5.2034854888916016e-05,1.1444091796875e-05,-5.4001808166503906e-05,0.009688220918178558,2.8777693402953446,False,False
352,7.04,-0.11047206819057465,0.1530679166316986,4.808166027069092,0.2888731360435486,-9.478807623963803e-05,6.94069531164132e-05,-0.00025483116041868925,9.40599202294834e-05,0.0007707043550908566,-0.00012967738439328969,0.00038208713522180915,0.00010557084169704467,0.0,0.0,5.0,0.26913591013227506,3.2186508178710938e-06,-5.0902366638183594e-05,6.794929504394531e-06,-5.418062210083008e-05,0.009688226506114006,2.8874575668014586,False,False
353,7.0600000000000005,-0.11047730594873428,0.1530696153640747,4.808181285858154,0.28887537121772766,-8.714192517800257e-05,6.673910684185103e-05,-0.00026821359642781317,7.611365435877815e-05,0.0007611801847815514,-0.00013708857295569032,0.0003825493040494621,0.00011629769869614393,0.0,0.0,5.0,0.26912815046447136,2.384185791015625e-07,-4.953145980834961e-05,2.2649765014648438e-06,-5.2869319915771484e-05,0.009688233025372028,2.8971457998268306,False,False
354,7.08,-0.11048278957605362,0.15307097136974335,4.808196544647217,0.28887781500816345,-7.951005682116374e-05,6.393607327481732e-05,-0.0002803109819069505,5.910784238949418e-05,0.0007512117736041546,-0.00014319564797915518,0.0003806615131907165,0.0001260684075532481,0.0,0.0,5.0,0.2691202975508359,-3.2782554626464844e-06,-4.851818084716797e-05,-2.0265579223632812e-06,-5.155801773071289e-05,0.009688238613307476,2.906834038440138,False,False
355,7.1000000000000005,-0.11048850417137146,0.15307198464870453,4.808211803436279,0.2888805568218231,-7.191915938165039e-05,6.101857798057608e-05,-0.000291135860607028,4.3064406781923026e-05,0.0007407208904623985,-0.00014853468746878207,0.0003784493892453611,0.00013485834642779082,0.0,0.0,5.0,0.2691123452751374,-6.258487701416016e-06,-4.661083221435547e-05,-6.198883056640625e-06,-5.072355270385742e-05,0.009688244201242924,2.916522282641381,False,False
356,7.12,-0.11049442738294601,0.15307268500328064,4.808227062225342,0.28888338804244995,-6.439650314860046e-05,5.800122016808018e-05,-0.00030070351203903556,2.8000886231893674e-05,0.0007297336123883724,-0.00015318396617658436,0.0003738381783477962,0.00014280543837230653,0.0,0.0,5.0,0.2691043014140087,-9.059906005859375e-06,-4.57763671875e-05,-1.0132789611816406e-05,-4.965066909790039e-05,0.009688249789178371,2.9262105324305594,False,False
357,7.140000000000001,-0.1105005294084549,0.15307310223579407,4.808242321014404,0.28888630867004395,-5.697344022337347e-05,5.490386683959514e-05,-0.0003090351528953761,1.392987269355217e-05,0.0007183412089943886,-0.00015653498121537268,0.00036849098978564143,0.00014992318756412715,0.0,0.0,5.0,0.269096170685466,-1.0967254638671875e-05,-4.476308822631836e-05,-1.4066696166992188e-05,-4.929304122924805e-05,0.009688255377113819,2.935898787807673,False,False
358,7.16,-0.11050678044557571,0.153073251247406,4.808257579803467,0.28888946771621704,-4.9686601414578035e-05,5.17644512001425e-05,-0.00031615543412044644,8.573952072765678e-07,0.0007065697573125362,-0.00015739098307676613,0.0003602143260650337,0.00015639471530448645,0.0,0.0,5.0,0.269087949330181,-1.4960765838623047e-05,-4.172325134277344e-05,-1.7642974853515625e-05,-4.756450653076172e-05,0.009688260965049267,2.9455870487727225,False,False
359,7.18,-0.11051315814256668,0.15307313203811646,4.808272838592529,0.2888926565647125,-4.257805994711816e-05,4.858310421695933e-05,-0.0003220958460588008,-1.1218979125260375e-05,0.000694510992616415,-0.00016073000733740628,0.00035066012060269713,0.00016165179840754718,0.0,0.0,5.0,0.2690796281697463,-1.6450881958007812e-05,-4.285573959350586e-05,-2.092123031616211e-05,-4.673004150390625e-05,0.00968826562166214,2.9552753143943846,False,False
360,7.2,-0.1105196475982666,0.1530728042125702,4.808288097381592,0.28889602422714233,-3.565419319784269e-05,4.5377561036730185e-05,-0.00032689361250959337,-2.2301026547211222e-05,0.0006819558329880238,-0.00015981218894012272,0.00034174631582573056,0.00016654380306135863,0.0,0.0,5.0,0.269071234992362,-1.919269561767578e-05,-3.933906555175781e-05,-2.4199485778808594e-05,-4.601478576660156e-05,0.009688271209597588,2.964963585603982,False,False
361,7.22,-0.11052622646093369,0.15307225286960602,4.808303356170654,0.28889933228492737,-2.8946769816684537e-05,4.2160481825703755e-05,-0.00033058502594940364,-3.239816942368634e-05,0.0006691915914416313,-0.00016188481822609901,0.00032901327358558774,0.0001705178729025647,0.0,0.0,5.0,0.2690627521410298,-2.0623207092285156e-05,-4.07099723815918e-05,-2.7298927307128906e-05,-4.410743713378906e-05,0.009688274003565311,2.9746518596075475,False,False
362,7.24,-0.11053286492824554,0.15307149291038513,4.808315277099609,0.2889026403427124,-2.2480409825220704e-05,3.8956637581577525e-05,-0.0003332152555231005,-4.1520834201946855e-05,0.0006559700705111027,-0.00015849212650209665,0.0003176394966430962,0.00017403419769834727,0.0,0.0,5.0,0.26905655384037647,-2.1219253540039062e-05,-3.3020973205566406e-05,-2.968311309814453e-05,-4.00543212890625e-05,0.009688276797533035,2.9843401364050806,False,False
363,7.26,-0.11053954064846039,0.1530705839395523,4.808326721191406,0.28890612721443176,-1.6294337910949253e-05,3.5798348108073696e-05,-0.00033482859726063907,-4.969041401636787e-05,0.000643676146864891,-0.00015732995234429836,0.00030098395654931664,0.00017609067435842007,0.0,0.0,5.0,0.26905062632078197,-2.3305416107177734e-05,-2.9802322387695312e-05,-3.2007694244384766e-05,-3.3855438232421875e-05,0.009688280522823334,2.994028416927904,False,False
364,7.28,-0.11054624617099762,0.15306952595710754,4.808338165283203,0.2889097034931183,-1.0410559298179578e-05,3.2707699574530125e-05,-0.0003354797081556171,-5.693217826774344e-05,0.0006318134255707264,-0.00015173049177974463,0.00028740946436300874,0.00017688031948637217,0.0,0.0,5.0,0.2690446267931051,-2.568960189819336e-05,-2.485513687133789e-05,-3.3974647521972656e-05,-3.153085708618164e-05,0.009688283316791058,3.003716700244695,False,False
365,7.3,-0.11055297404527664,0.15306831896305084,4.808349609375,0.2889132499694824,-4.825612450076733e-06,2.9688528229598887e-05,-0.0003352186759002507,-6.32780502201058e-05,0.0006202510558068752,-0.0001501845836173743,0.0002710999106056988,0.00017652676615398377,0.0,0.0,5.0,0.26903855219493167,-2.664327621459961e-05,-2.6047229766845703e-05,-3.55839729309082e-05,-2.866983413696289e-05,0.009688285179436207,3.013404985424131,False,False
366,7.32,-0.11055964976549149,0.15306700766086578,4.808361053466797,0.28891682624816895,4.725082760614896e-07,2.6759234970086254e-05,-0.0003340992843732238,-6.875691178720444e-05,0.0006086626090109348,-0.00014274424756877124,0.00025872589321807027,0.0001758487633196637,0.0,0.0,5.0,0.2690323973406838,-2.849102020263672e-05,-2.1159648895263672e-05,-3.6835670471191406e-05,-2.8908252716064453e-05,0.00968828797340393,3.023093273397535,False,False
367,7.34,-0.11056632548570633,0.15306557714939117,4.808372497558594,0.2889203131198883,5.4763017942605074e-06,2.3908180082798935e-05,-0.00033216745941899717,-7.340413139900193e-05,0.0005971658974885941,-0.00014236275455914438,0.00024166618823073804,0.0001744544570101425,0.0,0.0,5.0,0.2690261751789564,-2.8312206268310547e-05,-2.3663043975830078e-05,-3.832578659057617e-05,-2.6226043701171875e-05,0.009688290767371655,3.0327815641649067,False,False
368,7.36,-0.1105729416012764,0.1530640572309494,4.808383941650391,0.28892362117767334,1.0173863302043173e-05,2.1141537217772566e-05,-0.000329478905769065,-7.724787428742275e-05,0.000585564412176609,-0.00013430483522824943,0.00022810159134678543,0.0001728724892018363,0.0,0.0,5.0,0.269019878164792,-2.9027462005615234e-05,-2.110004425048828e-05,-3.916025161743164e-05,-2.6941299438476562e-05,0.009688293561339378,3.042469857726246,False,False
369,7.38,-0.1105794906616211,0.15306250751018524,4.8083953857421875,0.2889269292354584,1.4565340279659722e-05,1.8502398233977146e-05,-0.000326082285027951,-8.032744517549872e-05,0.0005740541964769363,-0.00012961411266587675,0.0002110567584168166,0.00017099494289141148,0.0,0.0,5.0,0.26901353714111526,-2.944469451904297e-05,-2.092123031616211e-05,-3.993511199951172e-05,-2.5391578674316406e-05,0.009688297286629677,3.052158155012876,False,False
370,7.4,-0.11058597266674042,0.15306083858013153,4.808406829833984,0.2889302968978882,1.8616568922880106e-05,1.597468144609593e-05,-0.00032203271985054016,-8.26821633381769e-05,0.0005625705234706402,-0.00012316423817537725,0.00019407589570619166,0.0001688546471996233,0.0,0.0,5.0,0.2690071012292537,-3.153085708618164e-05,-1.8656253814697266e-05,-4.0471553802490234e-05,-2.3484230041503906e-05,0.0096883000805974,3.061846455093473,False,False
371,7.42,-0.11059237271547318,0.15305916965007782,4.808418273925781,0.28893357515335083,2.234581006632652e-05,1.3557802958530374e-05,-0.00031738675897940993,-8.435275231022388e-05,0.0005511781200766563,-0.00011853090836666524,0.00017885715351440012,0.00016608955047558993,0.0,0.0,5.0,0.26900063212265213,-3.123283386230469e-05,-1.8596649169921875e-05,-4.106760025024414e-05,-2.276897430419922e-05,0.009688302874565125,3.0715347579680383,False,False
372,7.44,-0.11059866845607758,0.1530575007200241,4.808429718017578,0.2889370024204254,2.5764265956240706e-05,1.1253174307057634e-05,-0.0003121973713859916,-8.53765377542004e-05,0.000539903063327074,-0.00011194146645721048,0.00016299521666951478,0.0001632074563531205,0.0,0.0,5.0,0.26899412062300204,-3.361701965332031e-05,-1.4901161193847656e-05,-4.166364669799805e-05,-2.0742416381835938e-05,0.009688306599855423,3.0812230645678937,False,False
373,7.46,-0.11060485243797302,0.1530558317899704,4.808441162109375,0.2889402210712433,2.8878454031655565e-05,9.037170457304455e-06,-0.00030651685665361583,-8.579198765801266e-05,0.0005289027467370033,-0.00010966926492983475,0.00014842886594124138,0.00015948193322401494,0.0,0.0,5.0,0.2689875636563004,-3.24249267578125e-05,-1.6987323760986328e-05,-4.2378902435302734e-05,-2.0325183868408203e-05,0.009688310325145721,3.0909113748930395,False,False
374,7.48,-0.11061091721057892,0.1530541628599167,4.808452606201172,0.28894340991973877,3.169929550494999e-05,6.919210136402398e-06,-0.0003003967576660216,-8.563022856833413e-05,0.0005177715793251991,-0.00010213763744104654,0.0001336598361376673,0.00015593429270666093,0.0,0.0,5.0,0.26898095814767037,-3.361701965332031e-05,-1.4722347259521484e-05,-4.26173210144043e-05,-1.9729137420654297e-05,0.009688313119113445,3.100599688012153,False,False
375,7.5,-0.11061686277389526,0.15305249392986298,4.808464050292969,0.28894659876823425,3.4217879147036e-05,4.915234512736788e-06,-0.00029388611437752843,-8.493028144584969e-05,0.0005067582242190838,-9.827154281083494e-05,0.00011820116196759045,0.00015202273789327592,0.0,0.0,5.0,0.26897430408547196,-3.3736228942871094e-05,-1.4722347259521484e-05,-4.309415817260742e-05,-1.7642974853515625e-05,0.009688316844403744,3.1102880048565567,False,False
376,7.5200000000000005,-0.11062266677618027,0.15305082499980927,4.808475494384766,0.2889496386051178,3.644818934844807e-05,3.0151300052239094e-06,-0.00028703591669909656,-8.372762385988608e-05,0.0004959274083375931,-9.175079321721569e-05,0.00010483207006473094,0.00014788242697250098,0.0,0.0,5.0,0.2689675922652318,-3.3736228942871094e-05,-1.3828277587890625e-05,-4.303455352783203e-05,-1.7940998077392578e-05,0.009688321501016617,3.1199763263575733,False,False
377,7.54,-0.11062833666801453,0.15304915606975555,4.8084869384765625,0.2889525890350342,3.839554119622335e-05,1.2294749467400834e-06,-0.00027989241061732173,-8.205962512874976e-05,0.0004851357953157276,-8.682672341819853e-05,8.990395872388035e-05,0.0001437039318261668,0.0,0.0,5.0,0.26896082573801694,-3.409385681152344e-05,-1.3887882232666016e-05,-4.303455352783203e-05,-1.6510486602783203e-05,0.00968832429498434,3.1296646506525576,False,False
378,7.5600000000000005,-0.11063386499881744,0.15304751694202423,4.808497428894043,0.28895556926727295,4.006984090665355e-05,-4.3972420371574117e-07,-0.0002725030353758484,-7.996286876732484e-05,0.00047450102283619344,-8.010577585082501e-05,7.75260996306315e-05,0.0001393091370118782,0.0,0.0,5.0,0.2689546974248412,-3.421306610107422e-05,-1.0728836059570312e-05,-4.285573959350586e-05,-1.519918441772461e-05,0.00968832615762949,3.139352976810187,False,False
379,7.58,-0.11063923686742783,0.15304596722126007,4.808505058288574,0.28895828127861023,4.147804793319665e-05,-1.992298848563223e-06,-0.00026491039898246527,-7.747506606392562e-05,0.00046424506581388414,-7.51638290239498e-05,6.329386087600142e-05,0.000134560905280523,0.0,0.0,5.0,0.2689505930805139,-3.236532211303711e-05,-7.510185241699219e-06,-4.2438507080078125e-05,-1.049041748046875e-05,0.009688328020274639,3.1490413048304617,False,False
380,7.6000000000000005,-0.11064445227384567,0.1530444175004959,4.8085126876831055,0.2889609932899475,4.2601124732755125e-05,-3.414876346141682e-06,-0.00025716028176248074,-7.463325164280832e-05,0.00045495605445466936,-6.710617162752897e-05,4.9013055104296654e-05,0.00012927297211717814,0.0,0.0,5.0,0.26894642463768376,-3.2901763916015625e-05,-2.8014183044433594e-06,-4.1604042053222656e-05,-6.616115570068359e-06,0.009688329882919788,3.1587296347133815,False,False
381,7.62,-0.11064951121807098,0.1530429869890213,4.808520317077637,0.28896355628967285,4.3443291360745206e-05,-4.6998625293781515e-06,-0.0002492981730028987,-7.14800480636768e-05,0.0004465683305170387,-6.140375626273453e-05,3.520226164255291e-05,0.0001232286886079237,0.0,0.0,5.0,0.26894225992091414,-3.2067298889160156e-05,-3.337860107421875e-06,-4.07099723815918e-05,-4.351139068603516e-06,0.009688331745564938,3.1684179664589465,False,False
382,7.640000000000001,-0.11065440624952316,0.15304157137870789,4.808527946472168,0.28896602988243103,4.404254286782816e-05,-5.84164445172064e-06,-0.0002413672482362017,-6.805521115893498e-05,0.0004384811909403652,-5.2785908337682486e-05,2.472127198416274e-05,0.00011715832806658,0.0,0.0,5.0,0.2689380364966317,-3.1948089599609375e-05,-1.0728836059570312e-06,-3.933906555175781e-05,-4.231929779052734e-06,0.009688333608210087,3.1781063000671566,False,False
383,7.66,-0.1106591448187828,0.15304026007652283,4.808535575866699,0.28896835446357727,4.442299177753739e-05,-6.851528269180562e-06,-0.0002334015880478546,-6.439948629122227e-05,0.0004308380594011396,-4.8213201807811856e-05,1.3321766346052755e-05,0.00011095100489910692,0.0,0.0,5.0,0.26893380829678254,-3.0279159545898438e-05,-2.7418136596679688e-06,-3.832578659057617e-05,-3.635883331298828e-06,0.009688335470855236,3.187794635538012,False,False
384,7.68,-0.11066372692584991,0.15303900837898254,4.8085432052612305,0.28897055983543396,4.459152842173353e-05,-7.7410722951754e-06,-0.000225436087930575,-6.054688128642738e-05,0.00042331250733695924,-4.07514235121198e-05,3.53053655999247e-06,0.00010514269524719566,0.0,0.0,5.0,0.26892954987205236,-2.9802322387695312e-05,-9.5367431640625e-07,-3.701448440551758e-05,-3.2782554626464844e-06,0.00968833826482296,3.1974829738028347,False,False
385,7.7,-0.11066814512014389,0.15303781628608704,4.808550834655762,0.2889726459980011,4.4559608795680106e-05,-8.50975720823044e-06,-0.00021750177256762981,-5.653323751175776e-05,0.0004161527322139591,-3.6126450140727684e-05,-6.724277227476705e-06,9.930353553500026e-05,0.0,0.0,5.0,0.26892525814611173,-2.8967857360839844e-05,-1.9073486328125e-06,-3.606081008911133e-05,-2.5033950805664062e-06,0.009688341058790684,3.2071713148616254,False,False
386,7.72,-0.11067241430282593,0.15303674340248108,4.808558464050293,0.2889745831489563,4.434094807947986e-05,-9.155547559203114e-06,-0.00020962963753845543,-5.239071469986811e-05,0.0004091629234608263,-2.8461607143981382e-05,-1.5144670214795042e-05,9.36253200052306e-05,0.0,0.0,5.0,0.26892097316058516,-2.8133392333984375e-05,-8.344650268554688e-07,-3.451108932495117e-05,-3.039836883544922e-06,0.009688343852758408,3.216859658714384,False,False
387,7.74,-0.11067653447389603,0.1530357450246811,4.808566093444824,0.2889765202999115,4.393990457174368e-05,-9.681225492386147e-06,-0.00020184606546536088,-4.81541792396456e-05,0.00040247346623800695,-2.411475361441262e-05,-2.4961862436612137e-05,8.811840962152928e-05,0.0,0.0,5.0,0.2689166694673026,-2.7835369110107422e-05,-1.0728836059570312e-06,-3.349781036376953e-05,-1.8477439880371094e-06,0.009688346646726131,3.22654800536111,False,False
388,7.76,-0.11068049818277359,0.15303482115268707,4.8085737228393555,0.2889782190322876,4.336689380579628e-05,-1.0114059477928095e-05,-0.00019417998555582017,-4.385308056953363e-05,0.00039601916796527803,-1.91765975614544e-05,-3.234191535739228e-05,8.267255907412618e-05,0.0,0.0,5.0,0.2689123439911336,-2.6404857635498047e-05,-1.9073486328125e-06,-3.2007694244384766e-05,-2.205371856689453e-06,0.009688349440693855,3.236236354801804,False,False
389,7.78,-0.11068430542945862,0.15303398668766022,4.808581352233887,0.2889798879623413,4.265795723767951e-05,-1.0435332114866469e-05,-0.0001866547972895205,-3.951481994590722e-05,0.00038973483606241643,-1.2957646504219156e-05,-3.8554186176043004e-05,7.759906293358654e-05,0.0,0.0,5.0,0.2689080052035045,-2.6285648345947266e-05,-5.960464477539063e-08,-3.081560134887695e-05,-2.6226043701171875e-06,0.009688353165984154,3.245924707967788,False,False
390,7.8,-0.11068796366453171,0.15303325653076172,4.808588981628418,0.2889813780784607,4.180623000138439e-05,-1.067789980879752e-05,-0.00017928972374647856,-3.516696597216651e-05,0.00038377693272195756,-1.1305580301268492e-05,-4.6621069486718625e-05,7.253610237967223e-05,0.0,0.0,5.0,0.26890366464341225,-2.4616718292236328e-05,-3.039836883544922e-06,-2.9742717742919922e-05,-1.7285346984863281e-06,0.009688355959951878,3.25561306392774,False,False
391,7.82,-0.11069147288799286,0.1530326008796692,4.808596611022949,0.2889828681945801,4.0836828702595085e-05,-1.0836602996278089e-05,-0.00017210781516041607,-3.082971670664847e-05,0.00037783230072818696,-4.570794317260152e-06,-5.032098124502227e-05,6.794334331061691e-05,0.0,0.0,5.0,0.2688993053431146,-2.4259090423583984e-05,-3.5762786865234375e-07,-2.86102294921875e-05,-2.8014183044433594e-06,0.009688359685242176,3.265301423612982,False,False
392,7.84,-0.11069484800100327,0.15303201973438263,4.8086042404174805,0.28898417949676514,3.975135405198671e-05,-1.090984824259067e-05,-0.00016512279398739338,-2.6527808586251922e-05,0.0003722010587807745,-2.759378048722283e-06,-5.822852108394727e-05,6.329854659270495e-05,0.0,0.0,5.0,0.2688949334296191,-2.3126602172851562e-05,-2.86102294921875e-06,-2.7179718017578125e-05,-1.5497207641601562e-06,0.009688363410532475,3.2749897870235145,False,False
393,7.86,-0.11069808155298233,0.15303154289722443,4.808611869812012,0.28898540139198303,3.8549431337742135e-05,-1.090329260478029e-05,-0.00015835533849895,-2.228125413239468e-05,0.0003667004348244518,3.410356384847546e-06,-6.196609319886193e-05,5.90750714763999e-05,0.0,0.0,5.0,0.2688905627906456,-2.3126602172851562e-05,-1.0132789611816406e-06,-2.586841583251953e-05,-2.5033950805664062e-06,0.009688367135822773,3.2846781541593373,False,False
394,7.88,-0.11070118099451065,0.1530311405658722,4.808619499206543,0.2889866232872009,3.7263216654537246e-05,-1.0819794624694623e-05,-0.00015181786147877574,-1.8112858015228994e-05,0.00036148735671304166,4.93497554998612e-06,-6.665710679953918e-05,5.487713497132063e-05,0.0,0.0,5.0,0.26888617952662713,-2.199411392211914e-05,-2.1457672119140625e-06,-2.4616718292236328e-05,-1.9669532775878906e-06,0.009688370861113071,3.2943665250204504,False,False
395,7.9,-0.11070415377616882,0.15303081274032593,4.808627128601074,0.2889876365661621,3.589923289837316e-05,-1.06905090433429e-05,-0.00014552353241015226,-1.4037416804058012e-05,0.0003563657810445875,7.989633559191134e-06,-6.9742753112223e-05,5.0911534344777465e-05,0.0,0.0,5.0,0.26888178669953106,-2.0742416381835938e-05,-3.516674041748047e-06,-2.3365020751953125e-05,-2.9802322387695312e-06,0.00968837458640337,3.3040548996068537,False,False
396,7.92,-0.11070699989795685,0.15303057432174683,4.8086347579956055,0.2889886498451233,3.448030474828556e-05,-1.0492979527043644e-05,-0.0001394816063111648,-1.0069343261420727e-05,0.0003512963594403118,1.1759899280150421e-05,-7.215045479824767e-05,4.742914461530745e-05,0.0,0.0,5.0,0.26887739278535555,-2.0444393157958984e-05,-2.205371856689453e-06,-2.2232532501220703e-05,-3.0994415283203125e-06,0.009688378311693668,3.3137432779185474,False,False
397,7.94,-0.11070972681045532,0.1530304253101349,4.808642387390137,0.2889896035194397,3.300619209767319e-05,-1.0251198546029627e-05,-0.0001336984132649377,-6.223630862223217e-06,0.00034639667137525976,1.2415091987350024e-05,-7.526229455834255e-05,4.3889827793464065e-05,0.0,0.0,5.0,0.2688730008475989,-1.9073486328125e-05,-3.874301910400391e-06,-2.1159648895263672e-05,-2.9206275939941406e-06,0.009688382968306541,3.323431660886854,False,False
398,7.96,-0.11071234941482544,0.15303032100200653,4.808650016784668,0.28899046778678894,3.148554606013931e-05,-9.968553058570251e-06,-0.00012818249524571002,-2.509588284738129e-06,0.00034162760130129755,1.584632263984531e-05,-7.680357521167025e-05,4.074646858498454e-05,0.0,0.0,5.0,0.26886859157483495,-1.8656253814697266e-05,-3.337860107421875e-06,-1.9729137420654297e-05,-3.337860107421875e-06,0.00968838669359684,3.3331200475804508,False,False
399,7.98,-0.1107148602604866,0.15303032100200653,4.808657646179199,0.28899121284484863,2.9938477382529527e-05,-9.640010830480605e-06,-0.0001229377230629325,1.0611200877974625e-06,0.0003370024205651134,1.700565917417407e-05,-7.790445670252666e-05,3.779510734602809e-05,0.0,0.0,5.0,0.26886419582041926,-1.71661376953125e-05,-4.351139068603516e-06,-1.8894672393798828e-05,-3.814697265625e-06,0.009688390418887138,3.342808437999338,False,False
400,8.0,-0.1107172742486,0.1530303806066513,4.8086652755737305,0.28899192810058594,2.8368751372909173e-05,-9.275359843741171e-06,-0.00011796660692198202,4.480427833186695e-06,0.00033253393485210836,1.945733674801886e-05,-7.906913378974423e-05,3.5204546293243766e-05,0.0,0.0,5.0,0.2688597942737678,-1.6689300537109375e-05,-4.172325134277344e-06,-1.7702579498291016e-05,-3.993511199951172e-06,0.009688395075500011,3.352496833074838,False,False
401,8.02,-0.11071957647800446,0.15303049981594086,4.808672904968262,0.28899267315864563,2.677184784261044e-05,-8.878367225406691e-06,-0.00011327146785333753,7.739591637800913e-06,0.00032815695158205926,2.023985143750906e-05,-8.062217239057645e-05,3.2754556741565466e-05,0.0,0.0,5.0,0.26885538079545507,-1.6450881958007812e-05,-4.5299530029296875e-06,-1.6808509826660156e-05,-3.159046173095703e-06,0.00968839880079031,3.3621852318756282,False,False
402,8.040000000000001,-0.11072180420160294,0.15303069353103638,4.808680534362793,0.28899338841438293,2.5168601496261545e-05,-8.45117938297335e-06,-0.00010885512892855331,1.0832399311766494e-05,0.00032400208874605596,2.2477179300040007e-05,-7.970330625539646e-05,3.040485898964107e-05,0.0,0.0,5.0,0.2688509792058688,-1.6570091247558594e-05,-3.635883331298828e-06,-1.5914440155029297e-05,-3.874301910400391e-06,0.009688403457403183,3.3718736353330314,False,False
403,8.06,-0.11072393506765366,0.15303093194961548,4.808688163757324,0.2889939546585083,2.3578339096275158e-05,-8.00535963207949e-06,-0.0001047144687618129,1.3753258826909587e-05,0.0003199778439011425,2.2103587980382144e-05,-7.932350126793608e-05,2.8117021429352462e-05,0.0,0.0,5.0,0.26884656333451284,-1.4901161193847656e-05,-5.781650543212891e-06,-1.4901161193847656e-05,-4.5299530029296875e-06,0.009688408114016056,3.3815620434470475,False,False
404,8.08,-0.11072599142789841,0.15303124487400055,4.8086957931518555,0.2889944314956665,2.2006977815181017e-05,-7.547800578322494e-06,-0.00010084664245368913,1.6501346181030385e-05,0.00031587513512931764,2.3651053197681904e-05,-7.781371095916256e-05,2.635172859299928e-05,0.0,0.0,5.0,0.26884215934852,-1.430511474609375e-05,-5.543231964111328e-06,-1.424551010131836e-05,-5.304813385009766e-06,0.009688411839306355,3.391250455286354,False,False
405,8.1,-0.11072797328233719,0.1530316025018692,4.808703422546387,0.2889949083328247,2.045737528533209e-05,-7.068480044836178e-06,-9.724606206873432e-05,1.9074064766755328e-05,0.00031185089028440416,2.4279856006614864e-05,-7.714723324170336e-05,2.4708671844564378e-05,0.0,0.0,5.0,0.268837750282527,-1.329183578491211e-05,-6.556510925292969e-06,-1.3172626495361328e-05,-5.7220458984375e-06,0.009688416495919228,3.400938871782273,False,False
406,8.120000000000001,-0.1107298880815506,0.15303198993206024,4.808711051940918,0.2889953851699829,1.892109685286414e-05,-6.57621058053337e-06,-9.390870400238782e-05,2.1469269995577633e-05,0.00030789183801971376,2.494620275683701e-05,-7.648087193956599e-05,2.343680534977466e-05,0.0,0.0,5.0,0.2688333307212279,-1.3172626495361328e-05,-5.900859832763672e-06,-1.239776611328125e-05,-5.245208740234375e-06,0.0096884211525321,3.410627292934805,False,False
407,8.14,-0.11073173582553864,0.15303246676921844,4.808718681335449,0.2889958918094635,1.740417610562872e-05,-6.077393663872499e-06,-9.083109762286767e-05,2.36856776609784e-05,0.00030415490618906915,2.493461943231523e-05,-7.521171210100874e-05,2.206013596151024e-05,0.0,0.0,5.0,0.2688289345930944,-1.2814998626708984e-05,-6.735324859619141e-06,-1.1861324310302734e-05,-5.125999450683594e-06,0.0096884248778224,3.4203157178126276,False,False
408,8.16,-0.1107335239648819,0.15303294360637665,4.8087263107299805,0.2889963984489441,1.593463275639806e-05,-5.569996119447751e-06,-8.800753130344674e-05,2.5723984435899183e-05,0.0003004964382853359,2.580400905571878e-05,-7.174305937951431e-05,2.0818522898480296e-05,0.0,0.0,5.0,0.26882451407094093,-1.245737075805664e-05,-5.9604644775390625e-06,-1.1265277862548828e-05,-6.4373016357421875e-06,0.009688429534435272,3.430004147347063,False,False
409,8.18,-0.11073525249958038,0.15303346514701843,4.808733940124512,0.2889969050884247,1.4509568245557602e-05,-5.07500635649194e-06,-8.542754221707582e-05,2.7586120268097147e-05,0.00029685100889764726,2.369431604165584e-05,-7.076383189996704e-05,1.9731887732632458e-05,0.0,0.0,5.0,0.26882009460109824,-1.2218952178955078e-05,-7.68899917602539e-06,-1.0848045349121094e-05,-5.543231964111328e-06,0.00968843325972557,3.4396925806067884,False,False
410,8.2,-0.11073693633079529,0.1530340611934662,4.808741569519043,0.2889973819255829,1.3127589227224234e-05,-4.598333816829836e-06,-8.30857316032052e-05,2.927857349277474e-05,0.0002931401540990919,2.397240314166993e-05,-6.743447011103854e-05,1.8804537830874324e-05,0.0,0.0,5.0,0.2688156992873281,-1.1622905731201172e-05,-7.212162017822266e-06,-1.0371208190917969e-05,-6.258487701416016e-06,0.009688437916338444,3.449381018523127,False,False
411,8.22,-0.11073857545852661,0.15303465723991394,4.808749198913574,0.2889977991580963,1.1809413990704343e-05,-4.124532551941229e-06,-8.097181853372604e-05,3.08056733047124e-05,0.000289468647679314,2.3407183107337914e-05,-6.43833409412764e-05,1.8011531210504472e-05,0.0,0.0,5.0,0.26881128571420015,-1.0788440704345703e-05,-7.927417755126953e-06,-1.0013580322265625e-05,-6.794929504394531e-06,0.009688441641628742,3.4590694601647556,False,False
412,8.24,-0.11074018478393555,0.1530352532863617,4.808756351470947,0.2889980673789978,1.054675431078067e-05,-3.6505923617369263e-06,-7.907467806944624e-05,3.217171979486011e-05,0.00028583625680767,2.3986509404494427e-05,-6.188285624375567e-05,1.743114262353629e-05,0.0,0.0,5.0,0.2688071992657654,-9.775161743164062e-06,-8.106231689453125e-06,-9.179115295410156e-06,-7.450580596923828e-06,0.009688443504273891,3.4687579036690295,False,False
413,8.26,-0.11074173450469971,0.15303590893745422,4.808760166168213,0.2889983057975769,9.315732313552871e-06,-3.170255013174028e-06,-7.738512067589909e-05,3.337828820804134e-05,0.0002822692913468927,2.404698716418352e-05,-6.121963815530762e-05,1.7116442904807627e-05,0.0,0.0,5.0,0.26880549702234835,-8.225440979003906e-06,-3.874301910400391e-06,-8.463859558105469e-06,-2.682209014892578e-06,0.009688446298241615,3.478446349967271,False,False
414,8.28,-0.11074327677488327,0.15303662419319153,4.8087639808654785,0.2889985740184784,8.102587344183121e-06,-2.677689508345793e-06,-7.589867163915187e-05,3.44254331139382e-05,0.0002798648492898792,2.5209321393049322e-05,-6.009498247294687e-05,1.6176345525309443e-05,0.0,0.0,5.0,0.2688038256976742,-8.046627044677734e-06,-1.3709068298339844e-06,-7.808208465576172e-06,1.1920928955078125e-07,0.009688448160886765,3.488134798128158,False,False
415,8.3,-0.11074476689100266,0.15303733944892883,4.808767795562744,0.2889988124370575,6.919705356267514e-06,-2.154484263883205e-06,-7.460988854290918e-05,3.5310484236106277e-05,0.0002780222275760025,2.711098022700753e-05,-5.819332000100985e-05,1.4800010831095278e-05,0.0,0.0,5.0,0.26880213294035005,-7.62939453125e-06,-5.364418029785156e-07,-6.794929504394531e-06,9.5367431640625e-07,0.009688450023531914,3.4978232481516898,False,False
416,8.32,-0.11074625700712204,0.15303805470466614,4.80877161026001,0.288999080657959,5.7799006754066795e-06,-1.6059080962804728e-06,-7.351018575718626e-05,3.602953438530676e-05,0.00027651930577121675,2.7746418709284626e-05,-5.578739364864305e-05,1.3480028428602964e-05,0.0,0.0,5.0,0.2688004402366661,-7.331371307373047e-06,3.5762786865234375e-07,-5.7220458984375e-06,1.5497207641601562e-06,0.009688450954854488,3.5075116991065443,False,False
417,8.34,-0.11074771732091904,0.15303876996040344,4.808775424957275,0.2889993190765381,4.688706212618854e-06,-1.056938458532386e-06,-7.25900536053814e-05,3.6582463508239016e-05,0.0002752385044004768,2.7150415917276405e-05,-5.333210719982162e-05,1.2052791134919971e-05,0.0,0.0,5.0,0.26879873530777276,-6.616115570068359e-06,-6.556510925292969e-07,-4.76837158203125e-06,1.9073486328125e-06,0.009688452817499638,3.517200151924044,False,False
418,8.36,-0.11074914783239365,0.15303948521614075,4.808779239654541,0.2889995574951172,3.668988483696012e-06,-5.061823458163417e-07,-7.183933485066518e-05,3.6972956877434626e-05,0.0002740883210208267,2.7925101676373743e-05,-4.86397257191129e-05,1.0869589459616691e-05,0.0,0.0,5.0,0.2687970181529516,-6.139278411865234e-06,-1.7881393432617188e-07,-3.874301910400391e-06,5.960464477539062e-07,0.009688454680144787,3.5268886066041887,False,False
419,8.38,-0.11075057834386826,0.15304020047187805,4.808783054351807,0.2889997959136963,2.7364521884010173e-06,3.7956240817038633e-08,-7.124216790543869e-05,3.720491076819599e-05,0.00027299029170535505,2.648868212418165e-05,-4.461396747501567e-05,9.903778845909983e-06,0.0,0.0,5.0,0.2687953010508146,-5.304813385009766e-06,-6.556510925292969e-07,-3.4570693969726562e-06,3.5762786865234375e-07,0.009688456542789936,3.5365770631469786,False,False
420,8.4,-0.11075200885534286,0.15304091572761536,4.808786869049072,0.2890000641345978,1.8747518879536074e-06,5.621458285531844e-07,-7.078438648022711e-05,3.728611773112789e-05,0.00027198376483283937,2.5930223273462616e-05,-4.155608621658757e-05,9.111092367675155e-06,0.0,0.0,5.0,0.2687935840013627,-5.424022674560547e-06,-2.980232238769531e-07,-2.9206275939941406e-06,7.152557373046875e-07,0.009688458405435085,3.5462655215524137,False,False
421,8.42,-0.11075343936681747,0.15304163098335266,4.808790683746338,0.2890003025531769,1.0842642268471536e-06,1.0663865168680786e-06,-7.045421079965308e-05,3.7223588151391596e-05,0.00027105570188723505,2.4493803721270524e-05,-3.749266761587933e-05,8.305716619361192e-06,0.0,0.0,5.0,0.268791867004597,-4.76837158203125e-06,-1.3709068298339844e-06,-2.4437904357910156e-06,-1.7881393432617188e-07,0.009688460268080235,3.555953981820494,False,False
422,8.44,-0.11075486987829208,0.15304234623908997,4.8087944984436035,0.289000540971756,3.695375880852225e-07,1.5446784118466894e-06,-7.023875514278188e-05,3.702615140355192e-05,0.00026998374960385263,2.3335383957601152e-05,-3.397998079890385e-05,7.784474291838706e-06,0.0,0.0,5.0,0.2687901500605185,-4.5299530029296875e-06,-1.3709068298339844e-06,-1.9073486328125e-06,-1.7881393432617188e-07,0.00968846119940281,3.5656424430198967,False,False
423,8.46,-0.1107563003897667,0.15304306149482727,4.808798313140869,0.2890007793903351,-2.700384129639133e-07,1.9945280200772686e-06,-7.012559217400849e-05,3.670277146738954e-05,0.0002690032997634262,2.1649588234140538e-05,-2.997758929268457e-05,7.344960067712236e-06,0.0,0.0,5.0,0.2687884331691281,-3.993511199951172e-06,-1.7881393432617188e-06,-1.9073486328125e-06,-3.5762786865234375e-07,0.009688463062047958,3.5753309060819447,False,False
424,8.48,-0.1107577309012413,0.15304377675056458,4.808802127838135,0.2890010178089142,-8.25944027837977e-07,2.4203118300647475e-06,-7.010145782260224e-05,3.6263321817386895e-05,0.000268048926955089,2.0928773665218614e-05,-2.56129314948339e-05,6.922881766513456e-06,0.0,0.0,5.0,0.26878671633042694,-3.635883331298828e-06,-1.5497207641601562e-06,-1.6093254089355469e-06,-1.5497207641601562e-06,0.009688464924693108,3.585019371006638,False,False
425,8.5,-0.11075916141271591,0.15304449200630188,4.8088059425354,0.2890012562274933,-1.3164367373974528e-06,2.816956111928448e-06,-7.01525787007995e-05,3.571645720512606e-05,0.00026701632305048406,1.8735683624981903e-05,-2.3436285118805245e-05,6.737519470334519e-06,0.0,0.0,5.0,0.2687849995444159,-3.5762786865234375e-06,-2.2649765014648438e-06,-1.6093254089355469e-06,-7.748603820800781e-07,0.009688466787338257,3.594707837793976,False,False
426,8.52,-0.11076059192419052,0.15304520726203918,4.808809757232666,0.2890014946460724,-1.7435455674785771e-06,3.195240196873783e-06,-7.026983803370968e-05,3.5071239835815504e-05,0.000266022834694013,1.9092731236014515e-05,-1.9274539226898924e-05,6.5587710196268745e-06,0.0,0.0,5.0,0.26878328281109615,-3.814697265625e-06,-1.3709068298339844e-06,-1.4901161193847656e-06,-1.9669532775878906e-06,0.009688467718660831,3.604396305512637,False,False
427,8.540000000000001,-0.11076202243566513,0.1530459225177765,4.808813571929932,0.2890017628669739,-2.113182290486293e-06,3.5496284453984117e-06,-7.044105586828664e-05,3.4333643270656466e-05,0.0002649902307894081,1.6346137272194028e-05,-1.768906440702267e-05,6.373990800057072e-06,0.0,0.0,5.0,0.26878156613046855,-3.337860107421875e-06,-2.682209014892578e-06,-1.3709068298339844e-06,-1.3709068298339844e-06,0.00968846958130598,3.614084775093943,False,False
428,8.56,-0.11076345294713974,0.1530466377735138,4.808817386627197,0.28900203108787537,-2.432128894724883e-06,3.8680659599776845e-06,-7.065944373607635e-05,3.351334453327581e-05,0.00026394458836875856,1.5497615095227957e-05,-1.4205510524334386e-05,6.300048880802933e-06,0.0,0.0,5.0,0.26877984950253425,-3.337860107421875e-06,-2.562999725341797e-06,-1.4901161193847656e-06,-1.9669532775878906e-06,0.009688470512628555,3.6237732456065714,False,False
429,8.58,-0.11076488345861435,0.1530473381280899,4.808821201324463,0.28900226950645447,-2.693604528758442e-06,4.162983259448083e-06,-7.091541192494333e-05,3.26185800076928e-05,0.0002628595975693315,1.399414031766355e-05,-1.1941967386519536e-05,6.2181907196645625e-06,0.0,0.0,5.0,0.2687781244422913,-3.039836883544922e-06,-3.3974647521972656e-06,-1.3113021850585938e-06,-2.2649765014648438e-06,0.009688472375273705,3.633461717981845,False,False
430,8.6,-0.11076631397008896,0.15304793417453766,4.8088250160217285,0.2890024781227112,-2.9053767320874613e-06,4.433395588421263e-06,-7.120075315469876e-05,3.165709495078772e-05,0.0002616570272948593,1.3046927051618695e-05,-9.235165634891018e-06,6.358762220770586e-06,0.0,0.0,5.0,0.26877634003889983,-3.159046173095703e-06,-3.3974647521972656e-06,-1.3113021850585938e-06,-2.7418136596679688e-06,0.009688474237918854,3.643150192219764,False,False
431,8.620000000000001,-0.11076774448156357,0.1530485302209854,4.808828830718994,0.28900274634361267,-3.0630135370302014e-06,4.6848626880091615e-06,-7.1506823587697e-05,3.063579060835764e-05,0.00026045445702038705,1.209971378557384e-05,-6.528365247504553e-06,6.49933372187661e-06,0.0,0.0,5.0,0.26877455568673875,-3.337860107421875e-06,-3.2782554626464844e-06,-1.0132789611816406e-06,-3.2186508178710938e-06,0.009688476100564003,3.652838668320328,False,False
432,8.64,-0.11076917499303818,0.15304912626743317,4.80883264541626,0.2890029847621918,-3.165413772876491e-06,4.898518909612903e-06,-7.182471017586067e-05,2.9562253985204734e-05,0.00025919973268173635,9.265975677408278e-06,-3.7115689792699413e-06,6.741539436916355e-06,0.0,0.0,5.0,0.26877277138580924,-2.6226043701171875e-06,-4.708766937255859e-06,-1.1324882507324219e-06,-3.814697265625e-06,0.009688477031886578,3.6625271453522146,False,False
433,8.66,-0.11077060550451279,0.15304972231388092,4.808836460113525,0.2890032231807709,-3.2106090657180175e-06,5.073697138868738e-06,-7.214632933028042e-05,2.8447931981645525e-05,0.0002578795829322189,8.251961844507605e-06,-8.078795303845254e-07,7.190167707449291e-06,0.0,0.0,5.0,0.26877098713611225,-2.2649765014648438e-06,-4.351139068603516e-06,-1.430511474609375e-06,-4.112720489501953e-06,0.009688478894531727,3.6722156242467463,False,False
434,8.68,-0.1107720360159874,0.15305031836032867,4.808840274810791,0.28900349140167236,-3.210423074051505e-06,5.229464932199335e-06,-7.246301538543776e-05,2.730099186010193e-05,0.000256507279118523,7.324843409151072e-06,8.265753308478452e-07,7.5818616096512415e-06,0.0,0.0,5.0,0.26876920293764883,-2.384185791015625e-06,-4.291534423828125e-06,-1.5497207641601562e-06,-4.351139068603516e-06,0.009688480757176876,3.681904105003923,False,False
435,8.700000000000001,-0.110773466527462,0.15305083990097046,4.808844089508057,0.28900372982025146,-3.1875747481535655e-06,5.362313913792605e-06,-7.276930409716442e-05,2.6127163437195122e-05,0.00025509585975669324,5.960121143289143e-06,1.4583749816665659e-06,7.950068720674608e-06,0.0,0.0,5.0,0.26876737636273323,-3.0994415283203125e-06,-4.887580871582031e-06,-1.7881393432617188e-06,-3.814697265625e-06,0.00968848168849945,3.6915925866924226,False,False
436,8.72,-0.11077490448951721,0.15305131673812866,4.808847904205322,0.28900396823883057,-3.1312551982409786e-06,5.4777797231508885e-06,-7.30622632545419e-05,2.4931996449595317e-05,0.00025363205350004137,5.586500719800824e-06,4.1737134779396e-06,8.289724974019919e-06,0.0,0.0,5.0,0.26876552745215354,-2.6226043701171875e-06,-5.066394805908203e-06,-1.4901161193847656e-06,-5.245208740234375e-06,0.0096884835511446,3.7012810702435672,False,False
437,8.74,-0.1107763946056366,0.15305179357528687,4.808851718902588,0.28900420665740967,-3.0433777737925993e-06,5.57357134312042e-06,-7.333524263231084e-05,2.372048402321525e-05,0.0002520900161471218,3.99274586015963e-06,4.6141490201989654e-06,8.786811122263316e-06,0.0,0.0,5.0,0.26876370008788614,-2.682209014892578e-06,-5.900859832763672e-06,-1.430511474609375e-06,-4.887580871582031e-06,0.00968848541378975,3.710969555657357,False,False
438,8.76,-0.11077788472175598,0.15305227041244507,4.8088555335998535,0.28900447487831116,-2.928377625721623e-06,5.6505286920582876e-06,-7.358527363976464e-05,2.2498317775898613e-05,0.0002504955918993801,3.7030063140264247e-06,6.885983111715177e-06,9.38306129683042e-06,0.0,0.0,5.0,0.2687618727744462,-2.86102294921875e-06,-5.125999450683594e-06,-1.5497207641601562e-06,-5.424022674560547e-06,0.009688487276434898,3.720658042933792,False,False
439,8.78,-0.11077937483787537,0.15305274724960327,4.808859348297119,0.28900471329689026,-2.7868925371876685e-06,5.703491751773981e-06,-7.380703027592972e-05,2.127034531440586e-05,0.0002489011676516384,1.5934185739752138e-06,7.262630333570996e-06,9.883756320050452e-06,0.0,0.0,5.0,0.2687600455118347,-2.5033950805664062e-06,-6.496906280517578e-06,-1.7285346984863281e-06,-5.066394805908203e-06,0.009688488207757473,3.7303465311415493,False,False
440,8.8,-0.11078086495399475,0.1530531495809555,4.808863162994385,0.28900495171546936,-2.6133591290999902e-06,5.750457148678834e-06,-7.399781316053122e-05,2.0042491087224334e-05,0.0002472415508236736,3.1031838716444327e-06,1.0090853720612358e-05,1.0549193575570825e-05,0.0,0.0,5.0,0.2687581758702732,-3.0994415283203125e-06,-4.351139068603516e-06,-1.7881393432617188e-06,-6.377696990966797e-06,0.009688490070402622,3.740035021211952,False,False
441,8.82,-0.11078235507011414,0.15305350720882416,4.80886697769165,0.28900519013404846,-2.4171954464691225e-06,5.775978479505284e-06,-7.41504700272344e-05,1.881654497992713e-05,0.00024556866264902055,-5.510072469405713e-07,9.525620953354519e-06,1.1082048331445549e-05,0.0,0.0,5.0,0.26875628082060987,-2.4437904357910156e-06,-7.450580596923828e-06,-1.8477439880371094e-06,-5.9604644775390625e-06,0.009688491933047771,3.7497235131449997,False,False
442,8.84,-0.11078384518623352,0.1530538648366928,4.808870792388916,0.28900545835494995,-2.1986645606375532e-06,5.7786633078649174e-06,-7.426502270391211e-05,1.76004359673243e-05,0.00024364762066397816,8.195056580007076e-07,1.2327605872997083e-05,1.1895260286109988e-05,0.0,0.0,5.0,0.26875438582046773,-2.8014183044433594e-06,-4.649162292480469e-06,-1.7881393432617188e-06,-6.973743438720703e-06,0.00968849379569292,3.7594120069406927,False,False
443,8.86,-0.1107853353023529,0.15305422246456146,4.808874607086182,0.28900569677352905,-1.964286866495968e-06,5.758017778134672e-06,-7.433588325511664e-05,1.6397152649005875e-05,0.00024190953990910202,-2.884033165173605e-06,1.1110301784356125e-05,1.2532343134807888e-05,0.0,0.0,5.0,0.2687524908698479,-2.4437904357910156e-06,-7.569789886474609e-06,-2.205371856689453e-06,-5.602836608886719e-06,0.00968849565833807,3.7691005025990307,False,False
444,8.88,-0.11078682541847229,0.15305458009243011,4.808878421783447,0.28900593519210815,-1.7140622503575287e-06,5.714042799809249e-06,-7.436480518663302e-05,1.5214362974802498e-05,0.00023998857068363577,-1.5135209423533524e-06,1.3912285794503987e-05,1.3345555089472327e-05,0.0,0.0,5.0,0.2687505959687514,-2.384185791015625e-06,-5.364418029785156e-06,-2.2649765014648438e-06,-7.271766662597656e-06,0.00968849752098322,3.778789000120014,False,False
445,8.9,-0.11078831553459167,0.1530548483133316,4.808882236480713,0.28900617361068726,-1.4571774045180064e-06,5.662035619025119e-06,-7.434691360685974e-05,1.4054018720344175e-05,0.00023805444652680308,-3.6871460906695575e-06,1.1776333849411458e-05,1.4041311260371003e-05,0.0,0.0,5.0,0.26874865019907235,-2.8014183044433594e-06,-7.033348083496094e-06,-2.384185791015625e-06,-5.662441253662109e-06,0.009688499383628368,3.7884774995036423,False,False
446,8.92,-0.11078980565071106,0.1530550867319107,4.8088860511779785,0.28900644183158875,-1.2038032082273276e-06,5.601244083663914e-06,-7.428565731970593e-05,1.2919164873892441e-05,0.00023609424533788115,-2.391974476267933e-06,1.3561220839619637e-05,1.47213295349502e-05,0.0,0.0,5.0,0.2687466875051324,-3.2782554626464844e-06,-5.781650543212891e-06,-2.1457672119140625e-06,-7.033348083496094e-06,0.009688501246273518,3.798166000749916,False,False
447,8.94,-0.11079129576683044,0.1530553251504898,4.808889865875244,0.28900668025016785,-9.2881612090423e-07,5.525148480955977e-06,-7.417792949127033e-05,1.1810558135039173e-05,0.00023410796711686999,-5.2175460041326005e-06,1.3937620678916574e-05,1.5434670785907656e-05,0.0,0.0,5.0,0.26874472485948003,-2.384185791015625e-06,-7.62939453125e-06,-2.4437904357910156e-06,-6.794929504394531e-06,0.009688502177596092,3.807854502927512,False,False
448,8.96,-0.11079278588294983,0.1530555635690689,4.80889368057251,0.28900691866874695,-6.416349265236931e-07,5.429604243545327e-06,-7.402271148748696e-05,1.0734638635767624e-05,0.00023205637990031391,-4.336871370469453e-06,1.4780627680011094e-05,1.6240686818491668e-05,0.0,0.0,5.0,0.26874276226211635,-2.6226043701171875e-06,-6.854534149169922e-06,-2.384185791015625e-06,-7.569789886474609e-06,0.009688504040241241,3.817543006967753,False,False
449,8.98,-0.11079427599906921,0.153055801987648,4.808897495269775,0.28900718688964844,-3.574733966615895e-07,5.3314174692786764e-06,-7.381832983810455e-05,9.692445019027218e-06,0.00022997859923634678,-5.4818488024466205e-06,1.3635653886012733e-05,1.707324554445222e-05,0.0,0.0,5.0,0.2687407997130424,-3.2782554626464844e-06,-7.092952728271484e-06,-2.7418136596679688e-06,-6.616115570068359e-06,0.00968850590288639,3.8272315128706396,False,False
450,9.0,-0.1107957661151886,0.15305601060390472,4.808901309967041,0.28900742530822754,-7.030424598042373e-08,5.218908881943207e-06,-7.35669891582802e-05,8.685884495207574e-06,0.00022787474154029042,-5.768950813944684e-06,1.508138666395098e-05,1.7779362678993493e-05,0.0,0.0,5.0,0.2687388202388094,-2.9802322387695312e-06,-6.794929504394531e-06,-2.9206275939941406e-06,-7.450580596923828e-06,0.00968850776553154,3.836920020636171,False,False
451,9.02,-0.11079725623130798,0.15305612981319427,4.808905124664307,0.2890078127384186,2.198720210344618e-07,5.092080755275674e-06,-7.326716877287254e-05,7.717765583947767e-06,0.0002257577289128676,-6.913928245921852e-06,1.3936412869952619e-05,1.8572573026176542e-05,0.0,0.0,5.0,0.26873678989178923,-3.874301910400391e-06,-6.616115570068359e-06,-3.0994415283203125e-06,-5.9604644775390625e-06,0.00968850962817669,3.846608530264348,False,False
452,9.040000000000001,-0.11079873144626617,0.15305624902248383,4.808908939361572,0.2890082895755768,5.141870360603207e-07,4.9565833251108415e-06,-7.292069494724274e-05,6.790728548367042e-06,0.00022371918021235615,-6.635852059844183e-06,1.54952776938444e-05,1.908004196593538e-05,0.0,0.0,5.0,0.2687347534481792,-4.649162292480469e-06,-5.185604095458984e-06,-3.2782554626464844e-06,-6.67572021484375e-06,0.009688511490821838,3.8562970417551696,False,False
453,9.06,-0.11080016195774078,0.15305636823177338,4.808912754058838,0.28900882601737976,8.208431268030836e-07,4.795756922248984e-06,-7.252518844325095e-05,5.907237209612504e-06,0.00022161532251629978,-9.446859621675685e-06,1.5170508049777709e-05,1.941988739417866e-05,0.0,0.0,5.0,0.2687326986199111,-4.947185516357422e-06,-6.377696990966797e-06,-3.6954879760742188e-06,-6.079673767089844e-06,0.009688512422144413,3.865985554177314,False,False
454,9.08,-0.1108015924692154,0.15305648744106293,4.8089165687561035,0.28900930285453796,1.1336674106132705e-06,4.597401130013168e-06,-7.208197348518297e-05,5.074838099972112e-06,0.00021941996237728745,-1.0388797818450257e-05,1.6112089724629186e-05,1.9810475350823253e-05,0.0,0.0,5.0,0.2687306438377493,-5.0067901611328125e-06,-6.139278411865234e-06,-4.0531158447265625e-06,-6.139278411865234e-06,0.009688514284789562,3.8756740684621036,False,False
455,9.1,-0.11080302298069,0.15305660665035248,4.808920383453369,0.28900977969169617,1.4589189731850638e-06,4.386610271467362e-06,-7.159016240620986e-05,4.298817657399923e-06,0.0002171592932427302,-1.0690342605812475e-05,1.6413270714110695e-05,2.0143539586570114e-05,0.0,0.0,5.0,0.2687285891016948,-5.364418029785156e-06,-5.543231964111328e-06,-4.649162292480469e-06,-6.198883056640625e-06,0.009688516147434711,3.8853625846095383,False,False
456,9.120000000000001,-0.11080445349216461,0.15305672585964203,4.808924198150635,0.28901025652885437,1.7901946876008878e-06,4.1584876271372195e-06,-7.104879477992654e-05,3.581850478440174e-06,0.00021484635362867266,-1.2121996405767277e-05,1.6714451703592204e-05,2.033130294876173e-05,0.0,0.0,5.0,0.2687265344117487,-4.947185516357422e-06,-6.556510925292969e-06,-5.125999450683594e-06,-6.198883056640625e-06,0.00968851801007986,3.895051102619618,False,False
457,9.14,-0.11080588400363922,0.15305683016777039,4.8089280128479,0.28901076316833496,2.1282476154738106e-06,3.91981393477181e-06,-7.045777601888403e-05,2.9278940019139554e-06,0.00021253341401461512,-1.1745480151148513e-05,1.7090967958210967e-05,2.0670420781243593e-05,0.0,0.0,5.0,0.2687244712806889,-5.364418029785156e-06,-5.543231964111328e-06,-5.602836608886719e-06,-6.4373016357421875e-06,0.009688518941402435,3.9047396215610206,False,False
458,9.16,-0.11080729216337204,0.15305683016777039,4.808931827545166,0.28901124000549316,2.4606463284726487e-06,3.6826431824010797e-06,-6.981648766668513e-05,2.337399109819671e-06,0.000210115933441557,-1.1971682397415861e-05,1.614903703739401e-05,2.07522462005727e-05,0.0,0.0,5.0,0.26872233956784236,-5.4836273193359375e-06,-6.198883056640625e-06,-5.662441253662109e-06,-6.377696990966797e-06,0.009688520804047585,3.914428142365068,False,False
459,9.18,-0.11080866307020187,0.15305683016777039,4.808935642242432,0.28901174664497375,2.784001480904408e-06,3.443208697717637e-06,-6.912707613082603e-05,1.8100388388120336e-06,0.00020760706684086472,-1.1971864296356216e-05,1.6186522771022283e-05,2.0849205611739308e-05,0.0,0.0,5.0,0.2687201925381182,-5.304813385009766e-06,-5.841255187988281e-06,-5.662441253662109e-06,-6.854534149169922e-06,0.009688522666692734,3.924116665031761,False,False
460,9.200000000000001,-0.11081003397703171,0.15305683016777039,4.808939456939697,0.28901225328445435,3.0946896458772244e-06,3.2039156394603197e-06,-6.83908729115501e-05,1.3455941143547534e-06,0.00020515047071967274,-1.1957603419432417e-05,1.4882321920595132e-05,2.101045538438484e-05,0.0,0.0,5.0,0.26871804555238643,-6.020069122314453e-06,-5.900859832763672e-06,-5.900859832763672e-06,-6.318092346191406e-06,0.009688524529337883,3.933805189561099,False,False
461,9.22,-0.11081140488386154,0.15305683016777039,4.808943271636963,0.28901273012161255,3.386682919881423e-06,2.9587356493721018e-06,-6.7611486883834e-05,9.432930596631195e-07,0.00020269387459848076,-1.2560511095216498e-05,1.4317089153337292e-05,2.1058971469756216e-05,0.0,0.0,5.0,0.26871589861064815,-5.841255187988281e-06,-6.67572021484375e-06,-6.139278411865234e-06,-6.496906280517578e-06,0.009688526391983032,3.943493715953082,False,False
462,9.24,-0.11081275343894958,0.15305683016777039,4.8089470863342285,0.28901320695877075,3.670153546408983e-06,2.7106827928946586e-06,-6.679181387880817e-05,6.03714738645067e-07,0.00020004123507533222,-1.2244887329870835e-05,1.4029987141839229e-05,2.114455128321424e-05,0.0,0.0,5.0,0.26871374249544416,-5.781650543212891e-06,-6.258487701416016e-06,-6.377696990966797e-06,-6.616115570068359e-06,0.009688528254628181,3.95318224420771,False,False
463,9.26,-0.11081406474113464,0.15305683016777039,4.808950901031494,0.28901371359825134,3.944114723708481e-06,2.465176066834829e-06,-6.59332872601226e-05,3.2611282563266286e-07,0.00019741478899959475,-1.2305968994041905e-05,1.3366179700824432e-05,2.1199848561082035e-05,0.0,0.0,5.0,0.26871157106112126,-5.4836273193359375e-06,-6.198883056640625e-06,-6.496906280517578e-06,-6.496906280517578e-06,0.009688529185950756,3.962870773393661,False,False
464,9.28,-0.1108153760433197,0.15305683016777039,4.80895471572876,0.28901422023773193,4.198771875962848e-06,2.2248514142120257e-06,-6.503829354187474e-05,1.0935487892993478e-07,0.00019478834292385727,-1.172665724880062e-05,1.2099653758923523e-05,2.124909224221483e-05,0.0,0.0,5.0,0.2687093996698051,-5.9604644775390625e-06,-5.4836273193359375e-06,-6.794929504394531e-06,-6.079673767089844e-06,0.009688531048595905,3.9725593044422567,False,False
465,9.3,-0.11081668734550476,0.15305683016777039,4.808958530426025,0.28901469707489014,4.425694896781351e-06,1.993708565350971e-06,-6.411081267287955e-05,-4.945342269024877e-08,0.00019225328287575394,-1.1387808626750484e-05,1.0592664693831466e-05,2.1215884771663696e-05,0.0,0.0,5.0,0.2687072283214966,-6.020069122314453e-06,-5.9604644775390625e-06,-6.973743438720703e-06,-5.7220458984375e-06,0.009688532911241055,3.9822478373534977,False,False
466,9.32,-0.11081793904304504,0.15305683016777039,4.808962345123291,0.2890152037143707,4.622739652404562e-06,1.7752545318217017e-06,-6.315579230431467e-05,-1.5369839445611433e-07,0.0001897182228276506,-1.0457788448547944e-05,9.111789040616713e-06,2.1133666450623423e-05,0.0,0.0,5.0,0.2687050324343523,-6.67572021484375e-06,-5.424022674560547e-06,-7.033348083496094e-06,-5.4836273193359375e-06,0.009688534773886204,3.991936372127384,False,False
467,9.34,-0.11081919074058533,0.15305683016777039,4.808966159820557,0.28901565074920654,4.7960784286260605e-06,1.568127800055663e-06,-6.217771442607045e-05,-2.076325671396262e-07,0.0001871310087153688,-1.0255051165586337e-05,8.222084943554364e-06,2.089345798594877e-05,0.0,0.0,5.0,0.26870283658924976,-6.079673767089844e-06,-6.139278411865234e-06,-7.092952728271484e-06,-5.900859832763672e-06,0.009688536636531353,4.001624908763915,False,False
468,9.36,-0.11082044243812561,0.15305683016777039,4.808969974517822,0.28901615738868713,4.956897100782953e-06,1.3782409951090813e-06,-6.117950397310778e-05,-2.1428755303531943e-07,0.00018449152412358671,-8.733859431231394e-06,7.859764082240872e-06,2.076221426250413e-05,0.0,0.0,5.0,0.26870064078618994,-6.496906280517578e-06,-5.125999450683594e-06,-7.212162017822266e-06,-6.258487701416016e-06,0.009688538499176502,4.011313447263092,False,False
469,9.38,-0.11082164198160172,0.15305683016777039,4.808973789215088,0.28901663422584534,5.0873450163635425e-06,1.1941463071707403e-06,-6.016309998813085e-05,-1.7800658724809182e-07,0.00018190431001130491,-9.675797628005967e-06,5.184997917240253e-06,2.0471699826885015e-05,0.0,0.0,5.0,0.26869842351481277,-6.139278411865234e-06,-6.258487701416016e-06,-6.973743438720703e-06,-5.424022674560547e-06,0.009688540361821651,4.0210019876249135,False,False
470,9.4,-0.11082283407449722,0.15305683016777039,4.8089776039123535,0.2890171706676483,5.194058303459315e-06,1.0164537798118545e-06,-5.9135407354915515e-05,-1.0041153331030728e-07,0.00017931709589902312,-8.093706128420308e-06,5.4863025980012026e-06,2.0336716261226684e-05,0.0,0.0,5.0,0.2686962032116847,-6.377696990966797e-06,-4.5299530029296875e-06,-7.092952728271484e-06,-5.9604644775390625e-06,0.0096885422244668,4.03069052984938,False,False
471,9.42,-0.11082402616739273,0.15305683016777039,4.808981418609619,0.2890176475048065,5.282079200696899e-06,8.517118885720265e-07,-5.809786671306938e-05,1.4695505257122932e-08,0.00017683430633042008,-8.380684448638931e-06,3.3158150927192764e-06,2.0051105821039528e-05,0.0,0.0,5.0,0.26869398294965635,-6.616115570068359e-06,-5.364418029785156e-06,-7.271766662597656e-06,-5.245208740234375e-06,0.00968854408711195,4.040379073936492,False,False
472,9.44,-0.11082515865564346,0.15305683016777039,4.808985233306885,0.2890181541442871,5.343005796021316e-06,6.956621518838801e-07,-5.70556367165409e-05,1.646239553565465e-07,0.0001742731692502275,-7.224514320114395e-06,2.7768230665969895e-06,1.9730876374524087e-05,0.0,0.0,5.0,0.2686917381440663,-6.794929504394531e-06,-4.589557647705078e-06,-6.973743438720703e-06,-5.424022674560547e-06,0.0096885459497571,4.050067619886249,False,False
473,9.46,-0.1108262911438942,0.15305683016777039,4.80898904800415,0.2890186309814453,5.387240435084095e-06,5.451462357086712e-07,-5.6011569540714845e-05,3.459545894202165e-07,0.00017181657312903553,-7.827291483408771e-06,1.6466609622511896e-06,1.940820220625028e-05,0.0,0.0,5.0,0.26868949337865383,-6.4373016357421875e-06,-5.543231964111328e-06,-7.092952728271484e-06,-5.424022674560547e-06,0.009688547812402248,4.0597561676986516,False,False
474,9.48,-0.11082741618156433,0.15305683016777039,4.808992862701416,0.2890191078186035,5.414146016846644e-06,4.0178630911213986e-07,-5.496919038705528e-05,5.575967634285917e-07,0.00016925543604884297,-6.508887963718735e-06,1.0438815252200584e-06,1.9197534129489213e-05,0.0,0.0,5.0,0.2686872455802238,-6.854534149169922e-06,-4.649162292480469e-06,-7.033348083496094e-06,-5.602836608886719e-06,0.009688549675047398,4.069444717373699,False,False
475,9.5,-0.11082848906517029,0.15305683016777039,4.808996677398682,0.2890196144580841,5.417085958470125e-06,2.649740338256379e-07,-5.393102765083313e-05,7.960770176396181e-07,0.0001667465694481507,-7.172564437496476e-06,-7.499040748371044e-07,1.8881641153711826e-05,0.0,0.0,5.0,0.26868497630909244,-7.033348083496094e-06,-5.543231964111328e-06,-7.033348083496094e-06,-4.887580871582031e-06,0.009688551537692547,4.0791332689113915,False,False
476,9.52,-0.11082956194877625,0.15305683016777039,4.809000492095947,0.2890200912952423,5.412375230662292e-06,1.3181202973555628e-07,-5.2901530580129474e-05,1.060226736626646e-06,0.0001641593553358689,-6.143845894257538e-06,2.788128483643959e-07,1.8533442926127464e-05,0.0,0.0,5.0,0.2686827070772394,-6.377696990966797e-06,-4.708766937255859e-06,-7.033348083496094e-06,-5.841255187988281e-06,0.009688553400337696,4.088821822311729,False,False
477,9.540000000000001,-0.11083061993122101,0.15305683016777039,4.809004306793213,0.2890205979347229,5.393349056248553e-06,3.169328577357078e-09,-5.1880208047805354e-05,1.3482587064572726e-06,0.00016165048873517662,-6.720629244227894e-06,-2.1814842057210626e-06,1.8272628949489444e-05,0.0,0.0,5.0,0.2686804317379396,-6.9141387939453125e-06,-5.185604095458984e-06,-7.033348083496094e-06,-4.410743713378906e-06,0.009688555262982845,4.098510377574712,False,False
478,9.56,-0.11083163321018219,0.15305683016777039,4.8090081214904785,0.28902098536491394,5.3552835197479e-06,-1.1964975499267894e-07,-5.087217141408473e-05,1.658733822296199e-06,0.00015919389261398464,-5.561445505009033e-06,-1.625026811780117e-06,1.785379572538659e-05,0.0,0.0,5.0,0.2686781379971915,-6.139278411865234e-06,-5.662441253662109e-06,-6.735324859619141e-06,-5.662441253662109e-06,0.00968855805695057,4.108198935631663,False,False
479,9.58,-0.11083264648914337,0.15305683016777039,4.809011936187744,0.28902122378349304,5.318783678376349e-06,-2.2734302262961137e-07,-4.987729334970936e-05,1.988810936381924e-06,0.0001566588325658813,-5.208026777836494e-06,-2.025013600359671e-06,1.772255200194195e-05,0.0,0.0,5.0,0.26867584429484437,-5.0067901611328125e-06,-6.9141387939453125e-06,-6.616115570068359e-06,-6.794929504394531e-06,0.009688559919595718,4.117887495551258,False,False
480,9.6,-0.11083364486694336,0.15305683016777039,4.80901575088501,0.28902143239974976,5.259591034700861e-06,-3.0687411367580353e-07,-4.8896221414906904e-05,2.33501305046957e-06,0.00015408465696964413,-2.745199026321643e-06,-3.894263500114903e-06,1.7932230548467487e-05,0.0,0.0,5.0,0.26867354448384767,-5.424022674560547e-06,-6.020069122314453e-06,-6.139278411865234e-06,-6.67572021484375e-06,0.009688561782240868,4.127576057333499,False,False
481,9.620000000000001,-0.11083459854125977,0.15305683016777039,4.809019565582275,0.28902170062065125,5.1630136113089975e-06,-3.616340791268158e-07,-4.7932975576259196e-05,2.6891536890616408e-06,0.00015157579036895186,-2.73093633040844e-06,-5.763511580880731e-06,1.7996608221437782e-05,0.0,0.0,5.0,0.268671226269563,-5.364418029785156e-06,-6.973743438720703e-06,-5.900859832763672e-06,-6.139278411865234e-06,0.009688563644886017,4.137264620978385,False,False
482,9.64,-0.11083555221557617,0.15305684506893158,4.809023380279541,0.2890220880508423,5.050378604209982e-06,-4.060817389017757e-07,-4.6992776333354414e-05,3.0470648653135868e-06,0.00014904073032084852,-1.7140174577434664e-06,-5.49999822396785e-06,1.81843715836294e-05,0.0,0.0,5.0,0.2686689165818023,-5.602836608886719e-06,-5.185604095458984e-06,-5.841255187988281e-06,-5.9604644775390625e-06,0.00968856643885374,4.146953187417239,False,False
483,9.66,-0.11083649843931198,0.15305696427822113,4.809027194976807,0.2890225946903229,4.931104285788024e-06,-4.439833674041438e-07,-4.607612936524674e-05,3.406020141483168e-06,0.0001466755202272907,-2.0763320662808837e-06,-6.42736631562002e-06,1.8101571185979992e-05,0.0,0.0,5.0,0.268666663281433,-6.258487701416016e-06,-4.470348358154297e-06,-6.258487701416016e-06,-4.708766937255859e-06,0.00968856830149889,4.156641755718738,False,False
484,9.68,-0.11083739250898361,0.15305708348751068,4.809031009674072,0.28902286291122437,4.799572707270272e-06,-4.884926738668582e-07,-4.5185410272097215e-05,3.7656393487850437e-06,0.00014441485109273344,-2.374735458943178e-06,-6.725771527271718e-06,1.776807039277628e-05,0.0,0.0,5.0,0.2686643885035707,-5.125999450683594e-06,-5.781650543212891e-06,-6.139278411865234e-06,-5.4836273193359375e-06,0.00968857016414404,4.166330325882882,False,False
485,9.700000000000001,-0.11083828657865524,0.15305720269680023,4.809034824371338,0.28902310132980347,4.649757102015428e-06,-5.151235882294714e-07,-4.432281639310531e-05,4.12520512327319e-06,0.0001420496409991756,-2.8848538136116986e-07,-8.25586357677821e-06,1.7848731658887118e-05,0.0,0.0,5.0,0.2686621137636404,-5.4836273193359375e-06,-5.245208740234375e-06,-5.841255187988281e-06,-5.4836273193359375e-06,0.009688572958111763,4.176018898840994,False,False
486,9.72,-0.11083918064832687,0.15305732190608978,4.8090386390686035,0.28902336955070496,4.475365130929276e-06,-5.24515257893654e-07,-4.349144364823587e-05,4.478570645005675e-06,0.00013968443090561777,-6.507995067295269e-07,-9.183235306409188e-06,1.776593126123771e-05,0.0,0.0,5.0,0.268659839061643,-5.0067901611328125e-06,-6.318092346191406e-06,-5.7220458984375e-06,-5.245208740234375e-06,0.009688574820756912,4.1857074736617506,False,False
487,9.74,-0.11084003746509552,0.15305744111537933,4.809042453765869,0.28902360796928406,4.288947366148932e-06,-5.101467195345322e-07,-4.2694289732025936e-05,4.822598384635057e-06,0.00013737149129156023,2.0875213522231206e-06,-9.458535714657046e-06,1.7839229258242995e-05,0.0,0.0,5.0,0.26865754902814815,-5.662441253662109e-06,-4.76837158203125e-06,-5.304813385009766e-06,-5.900859832763672e-06,0.009688576683402061,4.195396050345153,False,False
488,9.76,-0.11084087193012238,0.15305756032466888,4.809046268463135,0.28902384638786316,4.096152679267107e-06,-4.852030315305456e-07,-4.1931216401280835e-05,5.151118330104509e-06,0.0001351238606730476,4.0674962065168074e-07,-9.820849300012924e-06,1.7807884432841092e-05,0.0,0.0,5.0,0.26865524981027755,-4.708766937255859e-06,-6.735324859619141e-06,-5.364418029785156e-06,-5.781650543212891e-06,0.009688579477369785,4.205084629822522,False,False
489,9.78,-0.11084170639514923,0.15305767953395844,4.8090500831604,0.28902408480644226,3.89773504139157e-06,-4.617396314188227e-07,-4.1203857108484954e-05,5.4651268328598235e-06,0.00013275865057948977,1.9394994978938485e-06,-1.0020930858445354e-05,1.804956264095381e-05,0.0,0.0,5.0,0.26865295062954064,-4.708766937255859e-06,-5.4836273193359375e-06,-4.947185516357422e-06,-5.781650543212891e-06,0.009688581340014935,4.214773211162537,False,False
490,9.8,-0.11084254086017609,0.15305779874324799,4.809053897857666,0.2890245318412781,3.694185124913929e-06,-4.2570235336825135e-07,-4.051241194247268e-05,5.76192041989998e-06,0.00013055025192443281,1.6640790363453561e-06,-1.033402259054128e-05,1.8285187252331525e-05,0.0,0.0,5.0,0.26865065148593825,-5.900859832763672e-06,-4.0531158447265625e-06,-5.245208740234375e-06,-4.5299530029296875e-06,0.009688583202660084,4.224461794365197,False,False
491,9.82,-0.11084333807229996,0.15305791795253754,4.809057712554932,0.28902506828308105,3.4916774893645197e-06,-4.018069148514769e-07,-3.985760849900544e-05,6.041308552084956e-06,0.00012844639422837645,7.252838258864358e-07,-9.916695489664562e-06,1.8103040929418057e-05,0.0,0.0,5.0,0.2686483370090554,-6.318092346191406e-06,-3.874301910400391e-06,-5.245208740234375e-06,-4.172325134277344e-06,0.009688585065305233,4.234150379430503,False,False
492,9.84,-0.11084411293268204,0.1530580371618271,4.809061527252197,0.28902533650398254,3.3025303309841547e-06,-4.0259894262817397e-07,-3.923915573977865e-05,6.3070087890082505e-06,0.0001264208840439096,-8.045585673244204e-07,-8.99797487363685e-06,1.776219141902402e-05,0.0,0.0,5.0,0.26864601334642546,-5.066394805908203e-06,-6.020069122314453e-06,-5.245208740234375e-06,-5.185604095458984e-06,0.009688587859272957,4.243838967289776,False,False
493,9.86,-0.11084488779306412,0.15305815637111664,4.809065341949463,0.28902557492256165,3.1232079891196918e-06,-4.063741414483957e-07,-3.865557300741784e-05,6.563696842931677e-06,0.0001242385624209419,4.2695359070421546e-07,-8.934244760894217e-06,1.7865757399704307e-05,0.0,0.0,5.0,0.26864368972015273,-5.245208740234375e-06,-6.079673767089844e-06,-5.066394805908203e-06,-5.4836273193359375e-06,0.009688589721918106,4.253527557011694,False,False
494,9.88,-0.1108456626534462,0.1530582755804062,4.8090691566467285,0.28902581334114075,2.9563443604274653e-06,-3.976903144575772e-07,-3.810483394772746e-05,6.809867954871152e-06,0.0001219518089783378,4.4134165477771603e-07,-7.752083547529764e-06,1.8076585547532886e-05,0.0,0.0,5.0,0.26864136613023815,-4.649162292480469e-06,-6.079673767089844e-06,-4.947185516357422e-06,-6.198883056640625e-06,0.009688591584563255,4.263216148596257,False,False
495,9.9,-0.11084643751382828,0.15305839478969574,4.809072971343994,0.28902631998062134,2.8013005248794798e-06,-3.888642083893501e-07,-3.758364255190827e-05,7.045457550702849e-06,0.0001196650046040304,4.411647580582212e-07,-7.752265446470119e-06,1.8385435396339744e-05,0.0,0.0,5.0,0.2686390425766826,-5.841255187988281e-06,-4.112720489501953e-06,-5.185604095458984e-06,-4.827976226806641e-06,0.009688593447208405,4.272904742043465,False,False
496,9.92,-0.11084719002246857,0.1530585139989853,4.80907678604126,0.28902679681777954,2.646748043844127e-06,-3.980054259500321e-07,-3.709136581164785e-05,7.271648883033777e-06,0.00011756108870031312,-1.3553818689615582e-06,-7.702970833634026e-06,1.8167404050473124e-05,0.0,0.0,5.0,0.26863670983651833,-5.781650543212891e-06,-5.424022674560547e-06,-5.364418029785156e-06,-4.589557647705078e-06,0.009688595309853554,4.282593337353319,False,False
497,9.94,-0.11084790527820587,0.15305863320827484,4.809080600738525,0.28902721405029297,2.508162197045749e-06,-4.228225805036345e-07,-3.662838207674213e-05,7.493084467569133e-06,0.00011530041956575587,-1.1264011163802934e-06,-6.155534720164724e-06,1.803672785172239e-05,0.0,0.0,5.0,0.2686343617605791,-5.4836273193359375e-06,-4.947185516357422e-06,-5.304813385009766e-06,-5.304813385009766e-06,0.009688598103821278,4.29228193545714,False,False
498,9.96,-0.11084862053394318,0.1530587524175644,4.809084415435791,0.28902745246887207,2.3856887310103048e-06,-4.5789730052092636e-07,-3.6191184335621074e-05,7.71235499996692e-06,0.00011311815615044907,-2.3811239771021064e-06,-6.091800969443284e-06,1.7931430193129927e-05,0.0,0.0,5.0,0.26863201372024337,-4.291534423828125e-06,-7.510185241699219e-06,-5.304813385009766e-06,-5.781650543212891e-06,0.009688599966466427,4.301970535423607,False,False
499,9.98,-0.11084933578968048,0.15305887162685394,4.809088230133057,0.2890278697013855,2.2701392481394578e-06,-4.7512341438959993e-07,-3.577854295144789e-05,7.931346772238612e-06,0.000110726869024802,6.5843374841279e-07,-5.4631400416838005e-06,1.835473085520789e-05,0.0,0.0,5.0,0.2686296657155122,-5.9604644775390625e-06,-3.635883331298828e-06,-5.304813385009766e-06,-5.602836608886719e-06,0.009688601829111576,4.311659137252718,False,False
500,10.0,-0.11085005104541779,0.1530589908361435,4.809092044830322,0.2890283763408661,2.145952066712198e-06,-4.904395041194221e-07,-3.53880604961887e-05,8.145125320879743e-06,0.00010858377936528996,-2.1901150830672123e-06,-6.955562639632262e-06,1.822348713176325e-05,0.0,0.0,5.0,0.26862731774638643,-5.9604644775390625e-06,-5.364418029785156e-06,-5.543231964111328e-06,-3.874301910400391e-06,0.009688603691756725,4.321347740944475,False,False
501,10.02,-0.11085076630115509,0.15305911004543304,4.809095859527588,0.28902876377105713,2.0249533463356784e-06,-5.161286367183493e-07,-3.502322579151951e-05,8.356907528650481e-06,0.00010641455446602777,-3.788612730204477e-07,-5.14431121700909e-06,1.800615427782759e-05,0.0,0.0,5.0,0.26862496981286704,-5.9604644775390625e-06,-4.708766937255859e-06,-5.364418029785156e-06,-5.304813385009766e-06,0.00968860648572445,4.331036347430199,False,False
502,10.040000000000001,-0.1108514815568924,0.1530592292547226,4.8090996742248535,0.2890290319919586,1.9196904759155586e-06,-5.332390742296411e-07,-3.468019713182002e-05,8.565767529944424e-06,0.00010420615581097081,-1.3322228369361255e-06,-5.3819403547095135e-06,1.7873615433927625e-05,0.0,0.0,5.0,0.26862262191495495,-4.887580871582031e-06,-7.152557373046875e-06,-5.125999450683594e-06,-5.900859832763672e-06,0.009688608348369598,4.340724955778569,False,False
503,10.06,-0.1108521968126297,0.15305934846401215,4.809103488922119,0.28902938961982727,1.8299003841093509e-06,-5.469311190609005e-07,-3.435738472035155e-05,8.772564797254745e-06,0.00010186708095716313,-3.704803219761743e-08,-3.5970531371276593e-06,1.8196435121353716e-05,0.0,0.0,5.0,0.2686202740526511,-5.185604095458984e-06,-4.887580871582031e-06,-5.364418029785156e-06,-6.079673767089844e-06,0.009688610211014748,4.350413565989584,False,False
504,10.08,-0.11085286736488342,0.1530594825744629,4.809107303619385,0.2890298664569855,1.7387455955031328e-06,-5.604812258752645e-07,-3.405096140340902e-05,8.97641439223662e-06,9.959337330656126e-05,-1.318013005402463e-06,-5.518411853699945e-06,1.824797800509259e-05,0.0,0.0,5.0,0.2686179162685179,-5.900859832763672e-06,-5.304813385009766e-06,-5.543231964111328e-06,-4.470348358154297e-06,0.009688612073659897,4.360102178063244,False,False
505,10.1,-0.11085352301597595,0.153059720993042,4.80911111831665,0.28903037309646606,1.6369552895412198e-06,-5.78262756789627e-07,-3.376447057235055e-05,9.178210348181892e-06,9.738497465150431e-05,-4.601916998581146e-07,-4.660591002902947e-06,1.8062222807202488e-05,0.0,0.0,5.0,0.26861561180586885,-6.020069122314453e-06,-3.993511199951172e-06,-5.781650543212891e-06,-4.470348358154297e-06,0.009688613936305046,4.369790791999549,False,False
506,10.120000000000001,-0.11085417866706848,0.1530599594116211,4.809114456176758,0.28903061151504517,1.5413971823363681e-06,-5.845385544489545e-07,-3.3496929972898215e-05,9.376789421366993e-06,9.522884647594765e-05,-1.6742373531997146e-07,-4.895207894151099e-06,1.7776583263184875e-05,0.0,0.0,5.0,0.26861364623513145,-4.708766937255859e-06,-4.947185516357422e-06,-5.543231964111328e-06,-5.066394805908203e-06,0.009688613004982471,4.379479405004531,False,False
507,10.14,-0.11085483431816101,0.1530601978302002,4.809114456176758,0.28903084993362427,1.4310911637949175e-06,-5.754259291279595e-07,-3.3248325053136796e-05,9.56996427703416e-06,9.315106581198052e-05,1.0786524171635392e-06,-6.135365765658207e-06,1.7670121451374143e-05,0.0,0.0,5.0,0.2686140526707824,-3.337860107421875e-06,-2.384185791015625e-07,-5.185604095458984e-06,-7.152557373046875e-07,0.009688613004982471,4.389168018009514,False,False
508,10.16,-0.11085548996925354,0.1530604362487793,4.809114456176758,0.28903108835220337,1.2882217106380267e-06,-5.378508376452373e-07,-3.302172990515828e-05,9.752299774845596e-06,9.205309470416978e-05,2.6788225113705266e-06,-8.151538168021943e-06,1.6964659153018147e-05,0.0,0.0,5.0,0.2686144591076304,-3.0994415283203125e-06,1.9073486328125e-06,-4.947185516357422e-06,2.5033950805664062e-06,0.009688612073659897,4.3988566300831735,False,False
509,10.18,-0.11085614562034607,0.1530606746673584,4.809114456176758,0.28903132677078247,1.1161024531247676e-06,-4.620956133294385e-07,-3.282177203800529e-05,9.915811460814439e-06,9.158219472737983e-05,4.896653535979567e-06,-9.06033437786391e-06,1.5828576579224318e-05,0.0,0.0,5.0,0.2686148655456753,-2.86102294921875e-06,3.5762786865234375e-06,-4.470348358154297e-06,4.0531158447265625e-06,0.009688612073659897,4.408545242156833,False,False
510,10.200000000000001,-0.1108568012714386,0.1530609130859375,4.809114456176758,0.2890315651893616,9.250850325770443e-07,-3.42328974056727e-07,-3.265040140831843e-05,1.005136437015608e-05,9.149016841547564e-05,7.079950137267588e-06,-1.0041337191069033e-05,1.4425510016735643e-05,0.0,0.0,5.0,0.26861527198491725,-3.0994415283203125e-06,4.410743713378906e-06,-3.814697265625e-06,4.76837158203125e-06,0.009688611142337322,4.418233853299171,False,False
511,10.22,-0.11085745692253113,0.1530611515045166,4.809114456176758,0.28903183341026306,7.207358976302203e-07,-1.9144316354413604e-07,-3.250866575399414e-05,1.0150381058338098e-05,9.150262485491112e-05,8.008578333829064e-06,-1.0393500815553125e-05,1.2979486200492829e-05,0.0,0.0,5.0,0.26861567842535616,-2.9206275939941406e-06,4.5299530029296875e-06,-3.2186508178710938e-06,5.364418029785156e-06,0.009688610211014748,4.4279224635101855,False,False
512,10.24,-0.11085811257362366,0.1530613899230957,4.809114456176758,0.28903210163116455,5.127061513121589e-07,-1.8245330579702568e-08,-3.2396823371527717e-05,1.0207752893620636e-05,9.172410500468686e-05,9.311142093793023e-06,-1.0409391506982502e-05,1.144061388913542e-05,0.0,0.0,5.0,0.26861608486699207,-2.8014183044433594e-06,4.649162292480469e-06,-2.5033950805664062e-06,5.7220458984375e-06,0.009688609279692173,4.437611072789878,False,False
513,10.26,-0.11085876822471619,0.1530616283416748,4.809114456176758,0.28903234004974365,3.1931111266203516e-07,1.7147074515833083e-07,-3.231318260077387e-05,1.0219485375273507e-05,9.207626135321334e-05,9.660402611189056e-06,-8.930029252951499e-06,9.982890333049e-06,0.0,0.0,5.0,0.2686164913098249,-2.205371856689453e-06,4.887580871582031e-06,-2.0265579223632812e-06,5.125999450683594e-06,0.009688608348369598,4.447299681138247,False,False
514,10.28,-0.11085942387580872,0.1530618667602539,4.809114456176758,0.28903257846832275,1.4069513554204605e-07,3.646649133770552e-07,-3.225351247237995e-05,1.018482907966245e-05,9.251986193703488e-05,9.65894741966622e-06,-8.931484444474336e-06,8.66874324856326e-06,0.0,0.0,5.0,0.2686168977538548,-2.086162567138672e-06,4.410743713378906e-06,-1.430511474609375e-06,5.364418029785156e-06,0.009688608348369598,4.456988289486617,False,False
515,10.3,-0.11086007952690125,0.153062105178833,4.809114456176758,0.28903281688690186,-1.8882458263647095e-08,5.652195795846637e-07,-3.221553561161272e-05,1.0103764907398727e-05,9.296346252085641e-05,1.0396460311312694e-05,-7.02619490766665e-06,7.4537674663588405e-06,0.0,0.0,5.0,0.2686173041990816,-1.9073486328125e-06,5.125999450683594e-06,-1.0728836059570312e-06,4.5299530029296875e-06,0.009688607417047024,4.466676896903664,False,False
516,10.32,-0.11086073517799377,0.1530623435974121,4.809114456176758,0.28903308510780334,-1.4988853536124225e-07,7.578058784929453e-07,-3.2193693186854944e-05,9.97680126602063e-06,9.3498507339973e-05,8.86208454176085e-06,-6.0743395806639455e-06,6.270369340199977e-06,0.0,0.0,5.0,0.2686177106455053,-1.3709068298339844e-06,4.649162292480469e-06,-9.5367431640625e-07,4.887580871582031e-06,0.00968860648572445,4.476365503389388,False,False
517,10.34,-0.1108613908290863,0.1530625820159912,4.809114456176758,0.2890331447124481,-2.619728718400438e-07,9.312666975347383e-07,-3.218473284505308e-05,9.808687536860816e-06,9.408582263858989e-05,8.483931196678896e-06,-5.1340348363737576e-06,5.134821549290791e-06,0.0,0.0,5.0,0.26861811709312605,-4.172325134277344e-07,2.9802322387695312e-06,-7.748603820800781e-07,3.933906555175781e-06,0.00968860648572445,4.486054109875113,False,False
518,10.36,-0.11086204648017883,0.1530628204345703,4.809114456176758,0.2890331447124481,-3.588748711536027e-07,1.1184027925992268e-06,-3.2185649615712464e-05,9.601620149624068e-06,9.45163264987059e-05,1.0229622603219468e-05,-4.556116437015589e-06,4.4529224396683276e-06,0.0,0.0,5.0,0.2686185235419437,-3.5762786865234375e-07,3.933906555175781e-06,-2.980232238769531e-07,3.337860107421875e-06,0.00968860648572445,4.495742716360837,False,False
519,10.38,-0.11086270213127136,0.15306305885314941,4.809114456176758,0.2890331447124481,-4.561862851915066e-07,1.3243413832242368e-06,-3.219338759663515e-05,9.351993867312558e-06,9.505137131782249e-05,1.0364162335463334e-05,-5.174980287847575e-06,3.7078930290590506e-06,0.0,0.0,5.0,0.2686189299919583,-1.1920928955078125e-07,2.9802322387695312e-06,2.384185791015625e-07,3.2186508178710938e-06,0.00968860648572445,4.505431322846562,False,False
520,10.4,-0.11086335778236389,0.15306329727172852,4.809115409851074,0.2890331447124481,-5.486922987074649e-07,1.527927565803111e-06,-3.220805592718534e-05,9.058194336830638e-06,9.545573993818834e-05,9.994427273340989e-06,-4.075579454365652e-06,3.1426220630237367e-06,0.0,0.0,5.0,0.26861865874655344,3.5762786865234375e-07,1.5497207641601562e-06,4.76837158203125e-07,2.1457672119140625e-06,0.009688609279692173,4.515119932126254,False,False
521,10.42,-0.11086401343345642,0.15306346118450165,4.80911922454834,0.2890331447124481,-6.218195380824909e-07,1.7365784970024833e-06,-3.222704981453717e-05,8.721400263311807e-06,9.575562580721453e-05,1.08705689854105e-05,-3.237106739106821e-06,2.9063098736514803e-06,0.0,0.0,5.0,0.26861631197933633,-1.1920928955078125e-06,-2.8014183044433594e-06,1.0728836059570312e-06,-2.9802322387695312e-06,0.009688610211014748,4.524808542337269,False,False
522,10.44,-0.11086466908454895,0.1530635803937912,4.809121131896973,0.2890331447124481,-6.552635909429227e-07,1.922756382555235e-06,-3.224575630156323e-05,8.342656656168401e-06,9.502343164058402e-05,7.74714590079384e-06,-1.072715960503956e-07,3.4317540666961577e-06,0.0,0.0,5.0,0.26861529513876536,3.5762786865234375e-07,-3.2186508178710938e-06,9.5367431640625e-07,-4.172325134277344e-06,0.009688610211014748,4.534497152548283,False,False
523,10.46,-0.11086532473564148,0.15306369960308075,4.809121131896973,0.2890331447124481,-6.598996833417914e-07,2.068805542876362e-06,-3.2258114515570924e-05,7.932034350233153e-06,9.426510223420337e-05,6.857696462247986e-06,-3.5632811545838194e-07,4.250266556482529e-06,0.0,0.0,5.0,0.26861563367238006,4.76837158203125e-07,1.1920928955078125e-07,1.1920928955078125e-06,-1.3113021850585938e-06,0.009688610211014748,4.544185762759298,False,False
524,10.48,-0.11086598038673401,0.1530638188123703,4.809121131896973,0.2890331447124481,-6.762650173186557e-07,2.1775094865006395e-06,-3.22646701533813e-05,7.4959311859856825e-06,9.418611443834379e-05,4.012654699181439e-06,-1.2801881439372664e-06,4.542599981505191e-06,0.0,0.0,5.0,0.2686159722072214,9.5367431640625e-07,-4.172325134277344e-07,1.0728836059570312e-06,1.1920928955078125e-06,0.009688610211014748,4.553874372970313,False,False
525,10.5,-0.11086663603782654,0.15306393802165985,4.809121131896973,0.2890331447124481,-6.791996156607638e-07,2.267247737108846e-06,-3.226891567464918e-05,7.0412356762972195e-06,9.436842083232477e-05,4.961126705893548e-06,9.867403605312575e-07,4.62284651803202e-06,0.0,0.0,5.0,0.26861631074328923,7.152557373046875e-07,1.1920928955078125e-06,1.1920928955078125e-06,8.344650268554688e-07,0.009688609279692173,4.563562982250005,False,False
526,10.52,-0.11086729168891907,0.1530640572309494,4.809121131896973,0.2890331447124481,-6.598911568289623e-07,2.353613126615528e-06,-3.226602348149754e-05,6.569843662873609e-06,9.464217146160081e-05,3.675377456602291e-06,9.441087058803532e-07,4.6226682570704725e-06,0.0,0.0,5.0,0.2686166492805837,7.152557373046875e-07,8.344650268554688e-07,1.0728836059570312e-06,1.6689300537109375e-06,0.009688609279692173,4.573251591529697,False,False
527,10.540000000000001,-0.1108679473400116,0.15306417644023895,4.809121131896973,0.2890331447124481,-6.22337722688826e-07,2.432984501865576e-06,-3.225410546292551e-05,6.0847137319797184e-06,9.496819257037714e-05,4.261710728314938e-06,2.8112292511650594e-06,4.571587396640098e-06,0.0,0.0,5.0,0.2686169878191048,8.344650268554688e-07,1.9073486328125e-06,1.1920928955078125e-06,9.5367431640625e-07,0.009688608348369598,4.582940199878067,False,False
528,10.56,-0.11086860299110413,0.1530642956495285,4.809121131896973,0.2890331447124481,-5.71813188798842e-07,2.4993344140966656e-06,-3.2228956115432084e-05,5.587606210610829e-06,9.529421367915347e-05,2.3732377485430334e-06,2.241214360765298e-06,4.522976723819738e-06,0.0,0.0,5.0,0.26861732635885244,9.5367431640625e-07,7.152557373046875e-07,1.0728836059570312e-06,2.1457672119140625e-06,0.009688610211014748,4.5926288100890815,False,False
529,10.58,-0.11086925864219666,0.15306441485881805,4.809123992919922,0.2890331447124481,-5.054193934483919e-07,2.555560968175996e-06,-3.219063364667818e-05,5.08267021359643e-06,9.564637002767995e-05,3.249379460612545e-06,4.398144028527895e-06,4.447099399840226e-06,0.0,0.0,5.0,0.2686156318734572,2.384185791015625e-07,-2.3245811462402344e-06,1.1920928955078125e-06,-2.5033950805664062e-06,0.009688612073659897,4.602317422162741,False,False
530,10.6,-0.11086991429328918,0.1530645340681076,4.809126377105713,0.2890331447124481,-4.0145698676496977e-07,2.6116858862224035e-06,-3.213325180695392e-05,4.571309546008706e-06,9.516243153484538e-05,2.363065959798405e-06,5.99806526224711e-06,5.0682479013630655e-06,0.0,0.0,5.0,0.2686142762432382,-1.1920928955078125e-07,-3.2782554626464844e-06,8.344650268554688e-07,-4.291534423828125e-06,0.009688611142337322,4.612006033305079,False,False
531,10.620000000000001,-0.11087056994438171,0.15306465327739716,4.809126377105713,0.2890331447124481,-2.741915636761405e-07,2.6398818135930924e-06,-3.2051590096671134e-05,4.057841579196975e-06,9.431265789316967e-05,4.5651930236090266e-07,6.728433163516456e-06,5.798975962534314e-06,0.0,0.0,5.0,0.26861461479136306,1.0728836059570312e-06,-1.3709068298339844e-06,3.5762786865234375e-07,-2.2649765014648438e-06,0.009688611142337322,4.621694644447416,False,False
532,10.64,-0.11087122559547424,0.1530647724866867,4.809126377105713,0.28903326392173767,-1.6227944854563248e-07,2.6451898520463146e-06,-3.194545570295304e-05,3.5484397358231945e-06,9.394629887538031e-05,7.435846782755107e-08,4.462761808099458e-06,6.360308816510951e-06,0.0,0.0,5.0,0.2686149533407145,1.1920928955078125e-07,1.0728836059570312e-06,2.384185791015625e-07,1.0728836059570312e-06,0.009688610211014748,4.631383254658431,False,False
533,10.66,-0.11087188124656677,0.15306489169597626,4.809126377105713,0.2890335023403168,-7.333395757314065e-08,2.6463685571798123e-06,-3.182069485774264e-05,3.0439775855484186e-06,9.411556675331667e-05,4.3403016292131724e-08,4.431806246429915e-06,6.149957243906101e-06,0.0,0.0,5.0,0.2686152918912925,-1.0728836059570312e-06,2.5033950805664062e-06,1.1920928955078125e-07,2.1457672119140625e-06,0.009688610211014748,4.641071864869446,False,False
534,10.68,-0.1108725368976593,0.15306490659713745,4.809126377105713,0.28903356194496155,2.3687050543230725e-08,2.6315128707210533e-06,-3.1678995583206415e-05,2.5452291083638556e-06,9.436318214284256e-05,-1.5290189594452386e-06,5.270276687951991e-06,5.653314929077169e-06,0.0,0.0,5.0,0.26861557100530076,-2.384185791015625e-07,2.384185791015625e-07,3.5762786865234375e-07,1.5497207641601562e-06,0.009688610211014748,4.65076047508046,False,False
535,10.700000000000001,-0.11087319254875183,0.15306490659713745,4.809126377105713,0.28903356194496155,1.5138560627292463e-07,2.6028831143776188e-06,-3.1518280593445525e-05,2.0570023480104282e-06,9.437563858227804e-05,-1.3339532642930862e-06,7.499535513488809e-06,5.509556558536133e-06,0.0,0.0,5.0,0.26861584162951657,7.152557373046875e-07,4.76837158203125e-07,4.76837158203125e-07,2.384185791015625e-07,0.009688610211014748,4.660449085291475,False,False
536,10.72,-0.11087384819984436,0.15306490659713745,4.809126377105713,0.28903356194496155,2.9553106628554815e-07,2.5763854409888154e-06,-3.133285645162687e-05,1.5817313396837562e-06,9.44273269851692e-05,-1.315809754487418e-06,6.9149559749348555e-06,5.558974862651667e-06,0.0,0.0,5.0,0.26861611225506016,3.5762786865234375e-07,4.76837158203125e-07,4.76837158203125e-07,7.152557373046875e-07,0.009688609279692173,4.670137694571167,False,False
537,10.74,-0.11087445914745331,0.15306490659713745,4.809126377105713,0.28903356194496155,4.3679469285962114e-07,2.5530332550260937e-06,-3.1122268410399556e-05,1.1191801831955672e-06,9.45050924201496e-05,-1.0194099786531297e-06,7.211356660263846e-06,5.534582214750117e-06,0.0,0.0,5.0,0.26861636443005704,3.5762786865234375e-07,4.76837158203125e-07,7.152557373046875e-07,1.1920928955078125e-07,0.009688609279692173,4.679826303850859,False,False
538,10.76,-0.11087505519390106,0.15306490659713745,4.809126377105713,0.28903356194496155,5.812037784380664e-07,2.5267993351008045e-06,-3.088606899837032e-05,6.689883207400271e-07,9.455678082304075e-05,-1.6039904267017846e-06,7.229499260574812e-06,5.5840005188656505e-06,0.0,0.0,5.0,0.2686166104555553,5.960464477539062e-07,2.384185791015625e-07,7.152557373046875e-07,2.384185791015625e-07,0.009688609279692173,4.689514913130552,False,False
539,10.78,-0.11087565124034882,0.15306490659713745,4.809126377105713,0.28903356194496155,7.259757239808096e-07,2.4949010821728734e-06,-3.062434188905172e-05,2.3246654734521144e-07,9.460846922593191e-05,-1.5858469168961165e-06,7.2476418608857784e-06,5.681851234839996e-06,0.0,0.0,5.0,0.2686168564821508,3.5762786865234375e-07,5.960464477539062e-07,7.152557373046875e-07,4.76837158203125e-07,0.009688608348369598,4.699203521478921,False,False
540,10.8,-0.11087624728679657,0.15306490659713745,4.809126377105713,0.28903356194496155,8.709952794561104e-07,2.4572229904151754e-06,-3.0337232601596043e-05,-1.8966738934977911e-07,9.471236990066245e-05,-2.1819801077072043e-06,7.254233878484229e-06,5.6822550504875835e-06,0.0,0.0,5.0,0.26861710250984355,4.76837158203125e-07,0.0,5.960464477539062e-07,2.384185791015625e-07,0.009688608348369598,4.708892129827291,False,False
541,10.82,-0.11087684333324432,0.15306490659713745,4.809126377105713,0.28903356194496155,1.0192756008109427e-06,2.4107512217597105e-06,-3.002503035531845e-05,-5.957344342277793e-07,9.473792306380346e-05,-2.4651985768286977e-06,7.573739367217058e-06,5.755891379521927e-06,0.0,0.0,5.0,0.26861734853863356,1.0728836059570312e-06,1.1920928955078125e-07,7.152557373046875e-07,2.384185791015625e-07,0.009688608348369598,4.71858073817566,False,False
542,10.84,-0.11087743937969208,0.15306490659713745,4.809126377105713,0.28903356194496155,1.16415162665362e-06,2.368032710364787e-06,-2.9687511414522305e-05,-9.84781536317314e-07,9.485492046223953e-05,-1.806662226044864e-06,6.913817287568236e-06,5.908231742068892e-06,0.0,0.0,5.0,0.2686175945685208,1.1920928955078125e-07,8.344650268554688e-07,4.76837158203125e-07,4.76837158203125e-07,0.009688608348369598,4.72826934652403,False,False
543,10.86,-0.11087803542613983,0.15306490659713745,4.809126377105713,0.28903356194496155,1.3024942973061115e-06,2.325938339708955e-06,-2.9325747163966298e-05,-1.3583523923443863e-06,9.490660886513069e-05,-2.4027958716033027e-06,6.920409305166686e-06,5.8602031458576676e-06,0.0,0.0,5.0,0.26861784059950533,5.960464477539062e-07,4.76837158203125e-07,3.5762786865234375e-07,4.76837158203125e-07,0.009688607417047024,4.737957953941077,False,False
544,10.88,-0.11087863147258759,0.15306490659713745,4.809126377105713,0.28903356194496155,1.4379552339960355e-06,2.28096200771688e-06,-2.8940619813511148e-05,-1.7157974525616737e-06,9.498437430011109e-05,-2.0948432393197436e-06,6.625638434343273e-06,5.884824986424064e-06,0.0,0.0,5.0,0.2686180866315871,4.76837158203125e-07,7.152557373046875e-07,4.76837158203125e-07,3.5762786865234375e-07,0.009688607417047024,4.747646561358124,False,False
545,10.9,-0.11087922751903534,0.15306490659713745,4.809126377105713,0.28903356194496155,1.5675207123422297e-06,2.236117325082887e-06,-2.8532958822324872e-05,-2.057550091194571e-06,9.506213973509148e-05,-2.3896141101431567e-06,6.33086756351986e-06,5.861014415131649e-06,0.0,0.0,5.0,0.2686183326647661,4.76837158203125e-07,4.76837158203125e-07,3.5762786865234375e-07,4.76837158203125e-07,0.009688607417047024,4.757335168775171,False,False
546,10.92,-0.1108797937631607,0.15306490659713745,4.809126377105713,0.28903356194496155,1.6942041156653431e-06,2.1883911358600017e-06,-2.8103868316975422e-05,-2.3833918021409772e-06,9.511382813798264e-05,-2.38302391153411e-06,6.33745958111831e-06,5.861418230779236e-06,0.0,0.0,5.0,0.26861856639730247,4.76837158203125e-07,5.960464477539062e-07,1.1920928955078125e-07,2.384185791015625e-07,0.00968860648572445,4.7670237752608955,False,False
547,10.94,-0.11088033020496368,0.15306490659713745,4.809126377105713,0.28903356194496155,1.8120944105248782e-06,2.137898718501674e-06,-2.765410863503348e-05,-2.6931681986752665e-06,9.513938130112365e-05,-2.6662423806556035e-06,5.451517154142493e-06,5.8381860981171485e-06,0.0,0.0,5.0,0.2686187878290398,4.76837158203125e-07,3.5762786865234375e-07,1.1920928955078125e-07,5.960464477539062e-07,0.00968860648572445,4.77671238174662,False,False
548,10.96,-0.11088086664676666,0.15306490659713745,4.809126377105713,0.28903356194496155,1.9210754089726834e-06,2.0901745756418677e-06,-2.7186018996872008e-05,-2.987123025377514e-06,9.519106970401481e-05,-2.106151896441588e-06,5.44655495104962e-06,5.789575425296789e-06,0.0,0.0,5.0,0.268619009261666,3.5762786865234375e-07,8.344650268554688e-07,2.384185791015625e-07,2.384185791015625e-07,0.00968860648572445,4.786400988232344,False,False
549,10.98,-0.11088140308856964,0.1530647873878479,4.809126377105713,0.28903356194496155,2.021147793129785e-06,2.045219389401609e-06,-2.6700419766712002e-05,-3.266633029852528e-06,9.521662286715582e-05,-2.3893703655630816e-06,4.560612524073804e-06,5.766343292634701e-06,0.0,0.0,5.0,0.26861916276722975,0.0,3.5762786865234375e-07,4.76837158203125e-07,3.5762786865234375e-07,0.00968860648572445,4.796089594718069,False,False
550,11.0,-0.11088193953037262,0.15306466817855835,4.809126377105713,0.28903356194496155,2.115440111083444e-06,1.994484591705259e-06,-2.619949918880593e-05,-3.5318716982146725e-06,9.524217603029683e-05,-2.6841412363864947e-06,4.86856379211531e-06,5.742532721342286e-06,0.0,0.0,5.0,0.26861931627383,-5.960464477539063e-08,-5.960464477539063e-08,5.960464477539062e-07,-1.7881393432617188e-07,0.00968860648572445,4.805778201203793,False,False
551,11.02,-0.1108824759721756,0.1530645489692688,4.809126377105713,0.28903356194496155,2.211775381510961e-06,1.9277106275694678e-06,-2.5683684725663625e-05,-3.781201485253405e-06,9.517628495814279e-05,-3.993243808508851e-06,4.764906861964846e-06,5.85394582230947e-06,0.0,0.0,5.0,0.2686194697814667,2.384185791015625e-07,-1.0728836059570312e-06,7.152557373046875e-07,0.0,0.009688605554401875,4.815466806758195,False,False
552,11.040000000000001,-0.11088299006223679,0.15306442975997925,4.809126377105713,0.28903356194496155,2.325337163711083e-06,1.8540544033385231e-06,-2.5153012757073157e-05,-4.0111804082698654e-06,9.507116192253307e-05,-3.3723767955962103e-06,6.591219516849378e-06,6.009312983223936e-06,0.0,0.0,5.0,0.2686196140636053,4.76837158203125e-07,1.1920928955078125e-07,3.5762786865234375e-07,-9.5367431640625e-07,0.009688605554401875,4.825155412312597,False,False
553,11.06,-0.11088346689939499,0.1530643105506897,4.809126377105713,0.28903380036354065,2.445026439090725e-06,1.7740948123901035e-06,-2.4603645215393044e-05,-4.220587015879573e-06,9.495300037087873e-05,-4.623592758434825e-06,5.377673460316146e-06,6.164123533380916e-06,0.0,0.0,5.0,0.2686197429690858,-1.0132789611816406e-06,1.3113021850585938e-06,1.1920928955078125e-07,8.344650268554688e-07,0.009688605554401875,4.834844017866999,False,False
554,11.08,-0.11088394373655319,0.15306419134140015,4.809126377105713,0.2890338897705078,2.55479085353727e-06,1.659347617533058e-06,-2.4038259653025307e-05,-4.4060766413167585e-06,9.499159205006436e-05,-6.851098078186624e-06,5.598731604550267e-06,5.87334716328769e-06,0.0,0.0,5.0,0.2686198718754038,-2.384185791015625e-07,-7.152557373046875e-07,-1.1920928955078125e-07,5.960464477539062e-07,0.009688605554401875,4.844532623421401,False,False
555,11.1,-0.1108844205737114,0.1530640721321106,4.809126377105713,0.2890338897705078,2.6821610390470596e-06,1.537343678137404e-06,-2.3458123905584216e-05,-4.5617903197126e-06,9.478198626311496e-05,-5.3492531151277944e-06,7.138247838156531e-06,5.779330876976019e-06,0.0,0.0,5.0,0.2686200007825594,0.0,2.384185791015625e-07,-5.960464477539063e-08,-9.5367431640625e-07,0.0096886046230793,4.85422122804448,False,False
556,11.120000000000001,-0.1108848974108696,0.15306395292282104,4.809126377105713,0.2890338897705078,2.812791080941679e-06,1.4178464198266738e-06,-2.2859427190269344e-05,-4.688160061050439e-06,9.461155423196033e-05,-6.6004704422084615e-06,5.924701781623298e-06,5.8857053772953805e-06,0.0,0.0,5.0,0.2686201296905524,2.384185791015625e-07,-7.748603820800781e-07,-2.384185791015625e-07,1.1920928955078125e-07,0.0096886046230793,4.863909832667559,False,False
557,11.14,-0.1108853667974472,0.1530638337135315,4.809126377105713,0.2890338897705078,2.933350515377242e-06,1.30221644667472e-06,-2.2244286810746416e-05,-4.784556040249299e-06,9.441498696105555e-05,-4.962506864103489e-06,6.131197096692631e-06,5.904852059757104e-06,0.0,0.0,5.0,0.2686202555238129,1.1920928955078125e-07,1.1920928955078125e-07,-1.7881393432617188e-07,-5.960464477539062e-07,0.0096886046230793,4.873598437290639,False,False
558,11.16,-0.11088578402996063,0.15306371450424194,4.809126377105713,0.2890338897705078,3.0395801786653465e-06,1.2005095868516946e-06,-2.1613035642076284e-05,-4.8543720367888454e-06,9.420538117410615e-05,-5.208179572946392e-06,4.491727395361522e-06,5.9258904911985155e-06,0.0,0.0,5.0,0.26862035982882176,-1.7881393432617188e-07,-2.384185791015625e-07,-2.384185791015625e-07,-5.960464477539063e-08,0.0096886046230793,4.883287041913718,False,False
559,11.18,-0.11088620126247406,0.1530635952949524,4.809126377105713,0.2890338897705078,3.1367537758342223e-06,1.103684667214111e-06,-2.0968942408217117e-05,-4.899658961221576e-06,9.395660163136199e-05,-4.474301022128202e-06,5.225605946179712e-06,5.863306341780117e-06,0.0,0.0,5.0,0.2686204641344911,1.1920928955078125e-07,-5.960464477539063e-08,-1.7881393432617188e-07,-8.344650268554688e-07,0.0096886046230793,4.892975646536797,False,False
560,11.200000000000001,-0.11088661849498749,0.15306347608566284,4.809126377105713,0.2890338897705078,3.2248713068838697e-06,1.0117418014488067e-06,-2.031178883044049e-05,-4.9220097935176454e-06,9.37469958444126e-05,-4.719973730971105e-06,3.586136017474928e-06,5.884344773221528e-06,0.0,0.0,5.0,0.26862056844082083,2.384185791015625e-07,-2.384185791015625e-07,-5.960464477539063e-08,-2.384185791015625e-07,0.0096886046230793,4.902664251159877,False,False
561,11.22,-0.11088703572750092,0.1530633568763733,4.809126377105713,0.2890338897705078,3.2963112062134314e-06,9.170591397378303e-07,-1.9645165593829006e-05,-4.9224058784602676e-06,9.356352529721335e-05,-4.7482881200267e-06,3.5578198094299296e-06,6.007865067658713e-06,0.0,0.0,5.0,0.26862067274781104,2.384185791015625e-07,1.1920928955078125e-07,-2.980232238769531e-07,0.0,0.0096886046230793,4.912352855782956,False,False
562,11.24,-0.11088741570711136,0.15306323766708374,4.809126377105713,0.2890338897705078,3.360492200954468e-06,8.290553523693234e-07,-1.8970695236930624e-05,-4.901442935079103e-06,9.344536374555901e-05,-4.052080839755945e-06,2.860228278223076e-06,5.948307716607815e-06,0.0,0.0,5.0,0.2686207616773551,-1.7881393432617188e-07,2.384185791015625e-07,-2.980232238769531e-07,-1.1920928955078125e-07,0.0096886046230793,4.922041460406035,False,False
563,11.26,-0.11088777333498001,0.1530631184577942,4.809126377105713,0.2890338897705078,3.4102565678040264e-06,7.405731139442651e-07,-1.8290127627551556e-05,-4.861094112129649e-06,9.319658420281485e-05,-4.796131179318763e-06,2.1161779386602575e-06,5.887178758712253e-06,0.0,0.0,5.0,0.26862084138056963,2.384185791015625e-07,-3.5762786865234375e-07,-4.172325134277344e-07,0.0,0.0096886046230793,4.9317300650291145,False,False
564,11.28,-0.11088813096284866,0.15306299924850464,4.809126377105713,0.2890338897705078,3.4531385608715937e-06,6.516124244626553e-07,-1.7606107576284558e-05,-4.801080194738461e-06,9.307842265116051e-05,-4.099923899048008e-06,2.1719918095186586e-06,5.8881646509689745e-06,0.0,0.0,5.0,0.2686209210842896,0.0,0.0,-4.76837158203125e-07,-2.980232238769531e-07,0.0096886046230793,4.941418669652194,False,False
565,11.3,-0.11088848859071732,0.1530628800392151,4.809126377105713,0.2890338897705078,3.4861241147154942e-06,5.659404109792376e-07,-1.691929173830431e-05,-4.722678568214178e-06,9.293412585975602e-05,-4.467272447072901e-06,1.1265802868365427e-06,5.920873718423536e-06,0.0,0.0,5.0,0.26862100078851486,-2.384185791015625e-07,-2.980232238769531e-07,-6.556510925292969e-07,3.5762786865234375e-07,0.009688603691756725,4.9511072733439505,False,False
566,11.32,-0.11088883131742477,0.15306276082992554,4.809126377105713,0.2890338897705078,3.5166324323654408e-06,4.887151590082794e-07,-1.623177195142489e-05,-4.6267577999969944e-06,9.269838483305648e-05,-3.25523524224991e-06,1.924245452755713e-06,5.815329132019542e-06,0.0,0.0,5.0,0.26862107434193205,0.0,4.76837158203125e-07,-5.960464477539062e-07,-4.76837158203125e-07,0.009688603691756725,4.960795877035707,False,False
567,11.34,-0.11088912934064865,0.153062641620636,4.809126377105713,0.2890338897705078,3.539245199135621e-06,4.261964363649895e-07,-1.554230402689427e-05,-4.516085937211756e-06,9.2554088041652e-05,-2.9966295187477954e-06,3.370103911493061e-07,5.7413653848925605e-06,0.0,0.0,5.0,0.2686211294418309,-2.384185791015625e-07,4.76837158203125e-07,-5.364418029785156e-07,1.1920928955078125e-07,0.009688603691756725,4.970484480727464,False,False
568,11.36,-0.11088942736387253,0.15306252241134644,4.809126377105713,0.2890338897705078,3.5405162179813487e-06,3.653151736671134e-07,-1.4854083019599784e-05,-4.393254130263813e-06,9.238365601049736e-05,-3.091497092100326e-06,-2.0989949689464993e-07,5.572836016654037e-06,0.0,0.0,5.0,0.268621184542102,-1.7881393432617188e-07,2.384185791015625e-07,-3.5762786865234375e-07,-1.7881393432617188e-07,0.009688603691756725,4.980173084419221,False,False
569,11.38,-0.1108897253870964,0.15306240320205688,4.809126377105713,0.2890338897705078,3.5326447687111795e-06,2.926543345438404e-07,-1.4170032955007628e-05,-4.258477474650135e-06,9.217405022354797e-05,-4.174577952653635e-06,-5.772470217380032e-07,5.541975042433478e-06,0.0,0.0,5.0,0.2686212396427453,2.384185791015625e-07,-5.960464477539062e-07,-4.76837158203125e-07,3.5762786865234375e-07,0.009688603691756725,4.989861688110977,False,False
570,11.4,-0.11089002341032028,0.15306228399276733,4.809126377105713,0.2890338897705078,3.5298301099828677e-06,2.2504995911276637e-07,-1.3491614481608849e-05,-4.110057943762513e-06,9.202975343214348e-05,-2.585837592050666e-06,2.95758809443214e-07,5.566596882999875e-06,0.0,0.0,5.0,0.2686212947437609,-1.1920928955078125e-07,9.5367431640625e-07,-5.960464477539062e-07,-4.76837158203125e-07,0.009688603691756725,4.999550291802734,False,False
571,11.42,-0.11089026927947998,0.15306216478347778,4.809126377105713,0.2890338897705078,3.52439360540302e-06,1.6612500530754915e-07,-1.2816677553928457e-05,-3.950388872908661e-06,9.184628288494423e-05,-3.3066576179408003e-06,-8.394337669415108e-07,5.40484870725777e-06,0.0,0.0,5.0,0.2686213283152896,2.384185791015625e-07,0.0,-3.5762786865234375e-07,-5.960464477539063e-08,0.009688603691756725,5.009238895494491,False,False
572,11.44,-0.11089050769805908,0.15306204557418823,4.809126377105713,0.2890338897705078,3.5043960906477878e-06,1.0356352220242115e-07,-1.214769326907117e-05,-3.779741518883384e-06,9.176729508908466e-05,-2.9494826776499394e-06,-1.1603224265854806e-06,5.375562977860682e-06,0.0,0.0,5.0,0.26862135881139215,-5.960464477539063e-08,0.0,-4.172325134277344e-07,-2.384185791015625e-07,0.009688603691756725,5.018927499186248,False,False
573,11.46,-0.11089074611663818,0.15306192636489868,4.809126377105713,0.2890338897705078,3.470735236987821e-06,4.09002751666776e-08,-1.1486806215543766e-05,-3.5989298794447677e-06,9.162299829768017e-05,-3.3168294066854287e-06,-2.2057338355807588e-06,5.408272045315243e-06,0.0,0.0,5.0,0.2686213893077558,-2.980232238769531e-07,-1.1920928955078125e-07,-5.960464477539062e-07,4.76837158203125e-07,0.009688603691756725,5.028616102878004,False,False
574,11.48,-0.11089098453521729,0.15306180715560913,4.809126377105713,0.2890338897705078,3.4345969197602244e-06,-1.3316014069175708e-08,-1.0836464753083419e-05,-3.408653356018476e-06,9.138725727098063e-05,-2.104791292367736e-06,-1.4080686696615885e-06,5.3027270041638985e-06,0.0,0.0,5.0,0.2686214198043805,-2.384185791015625e-07,8.344650268554688e-07,-4.172325134277344e-07,-1.7881393432617188e-07,0.009688603691756725,5.038304706569761,False,False
575,11.5,-0.1108912006020546,0.15306168794631958,4.809126377105713,0.2890338897705078,3.397487944312161e-06,-7.227000509146819e-08,-1.0195359209319577e-05,-3.21057450491935e-06,9.122992196353152e-05,-3.7905963381490437e-06,-2.3027987481327727e-06,5.220406819717027e-06,0.0,0.0,5.0,0.2686214410741111,1.1920928955078125e-07,-6.556510925292969e-07,-5.364418029785156e-07,4.76837158203125e-07,0.009688603691756725,5.047993310261518,False,False
576,11.52,-0.11089137941598892,0.15306156873703003,4.809126377105713,0.2890338897705078,3.3541348329890752e-06,-1.2654400904921204e-07,-9.565640539221931e-06,-3.0029439130885294e-06,9.103335469262674e-05,-1.6368030628655106e-06,-2.0325169316492975e-06,5.196596248424612e-06,0.0,0.0,5.0,0.2686214469654497,-4.76837158203125e-07,1.0728836059570312e-06,-4.76837158203125e-07,-1.1920928955078125e-07,0.009688603691756725,5.0576819139532745,False,False
577,11.540000000000001,-0.11089155822992325,0.15306155383586884,4.809126377105713,0.2890338897705078,3.293989266239805e-06,-1.7877513869279937e-07,-8.947379683377221e-06,-2.789171958283987e-06,9.09674636204727e-05,-3.586299726521247e-06,-3.9820133679313585e-06,5.090061677037738e-06,0.0,0.0,5.0,0.2686215122921125,-2.384185791015625e-07,-6.556510925292969e-07,-8.344650268554688e-07,1.430511474609375e-06,0.009688603691756725,5.067370517645031,False,False
578,11.56,-0.11089173704385757,0.15306155383586884,4.809126377105713,0.2890338897705078,3.2340044526790734e-06,-2.267018714974256e-07,-8.344838533957954e-06,-2.5683145850052824e-06,9.078399307327345e-05,-1.2063610483892262e-06,-2.016447297137347e-06,4.9220889195567e-06,0.0,0.0,5.0,0.26862158610961473,-2.980232238769531e-07,1.3113021850585938e-06,-1.0132789611816406e-06,0.0,0.009688603691756725,5.077059121336788,False,False
579,11.58,-0.1108919158577919,0.15306155383586884,4.809126377105713,0.2890338897705078,3.1727615805721143e-06,-2.619488554955751e-07,-7.754478247079533e-06,-2.34357753470249e-06,9.070500527741387e-05,-2.3183238226920366e-06,-4.107835593458731e-06,4.617339072865434e-06,0.0,0.0,5.0,0.26862165992721565,0.0,0.0,-1.0132789611816406e-06,9.5367431640625e-07,0.009688603691756725,5.086747725028545,False,False
580,11.6,-0.11089206486940384,0.15306155383586884,4.809126377105713,0.2890338897705078,3.08452763420064e-06,-2.902833102780278e-07,-7.180383363447618e-06,-2.1161031327210367e-06,9.059988224180415e-05,-5.151147774995479e-07,-4.715519935416523e-06,4.46278318122495e-06,0.0,0.0,5.0,0.26862172144195856,-6.556510925292969e-07,1.1920928955078125e-06,-1.1324882507324219e-06,1.1920928955078125e-06,0.00968860276043415,5.096436327788979,False,False
581,11.620000000000001,-0.11089218407869339,0.15306155383586884,4.809126377105713,0.2890338897705078,2.987646894325735e-06,-2.9788151323373313e-07,-6.624637535423972e-06,-1.8906565628640237e-06,9.057316492544487e-05,-2.4470787707286945e-07,-4.972495844413061e-06,4.064751919941045e-06,0.0,0.0,5.0,0.2686217706538022,-5.960464477539062e-07,8.344650268554688e-07,-9.5367431640625e-07,7.152557373046875e-07,0.00968860276043415,5.106124930549413,False,False
582,11.64,-0.11089230328798294,0.15306155383586884,4.809126377105713,0.2890338897705078,2.8858867153758183e-06,-3.0018833285794244e-07,-6.087816473154817e-06,-1.6697598539394676e-06,9.042886813404039e-05,1.402219762525192e-08,-5.203478394832928e-06,3.780029373956495e-06,0.0,0.0,5.0,0.2686218198656898,-2.384185791015625e-07,8.344650268554688e-07,-8.940696716308594e-07,4.76837158203125e-07,0.00968860276043415,5.115813533309847,False,False
583,11.66,-0.11089242249727249,0.15306155383586884,4.809126377105713,0.2890338897705078,2.776985411401256e-06,-3.0059533173698583e-07,-5.570694611378713e-06,-1.4545289559464436e-06,9.031070658238605e-05,-5.472708153320127e-08,-5.686601980414707e-06,3.562483698260621e-06,0.0,0.0,5.0,0.26862186907762126,-5.960464477539063e-08,8.344650268554688e-07,-7.748603820800781e-07,8.344650268554688e-07,0.00968860276043415,5.125502136070281,False,False
584,11.68,-0.11089254170656204,0.15306155383586884,4.809126377105713,0.2890338897705078,2.653785713846446e-06,-2.9232208476059895e-07,-5.0749886213452555e-06,-1.2460226344046532e-06,9.028398926602677e-05,8.82067070051562e-07,-6.633320481341798e-06,3.3837097817013273e-06,0.0,0.0,5.0,0.2686219182895966,-7.748603820800781e-07,1.3113021850585938e-06,-7.152557373046875e-07,1.0728836059570312e-06,0.00968860276043415,5.135190738830715,False,False
585,11.700000000000001,-0.11089266091585159,0.15306155383586884,4.809126377105713,0.2890338897705078,2.5174188067467185e-06,-2.783806678507972e-07,-4.602990884450264e-06,-1.047206296789227e-06,9.030954242916778e-05,5.120800210534071e-07,-7.003306564001832e-06,2.9796249236824224e-06,0.0,0.0,5.0,0.2686219675016158,-4.172325134277344e-07,4.76837158203125e-07,-5.364418029785156e-07,8.344650268554688e-07,0.00968860276043415,5.14487934159115,False,False
586,11.72,-0.11089273542165756,0.15306155383586884,4.809126377105713,0.2890338897705078,2.373912138864398e-06,-2.5952448368116166e-07,-4.156447630521143e-06,-8.588392006458889e-07,9.021751611726359e-05,1.3735335642195423e-06,-7.347299288085196e-06,2.791768793031224e-06,0.0,0.0,5.0,0.2686219982591501,-8.344650268554688e-07,1.1920928955078125e-06,-2.384185791015625e-07,1.1920928955078125e-06,0.00968860276043415,5.154567944351584,False,False
587,11.74,-0.11089279502630234,0.15306155383586884,4.809126377105713,0.2890338897705078,2.229292931588134e-06,-2.342468405913678e-07,-3.735850668817875e-06,-6.829853873568936e-07,9.022997255669907e-05,1.1542279025889002e-06,-7.114563231880311e-06,2.4391431452386314e-06,0.0,0.0,5.0,0.2686220228651899,-4.172325134277344e-07,5.960464477539062e-07,0.0,5.960464477539062e-07,0.00968860276043415,5.164256547112018,False,False
588,11.76,-0.11089285463094711,0.15306155383586884,4.809126377105713,0.2890338897705078,2.090718453473528e-06,-2.1460220978042344e-07,-3.3407100090698805e-06,-5.19412537869357e-07,9.025552571984008e-05,8.102342121674155e-07,-6.742823643435258e-06,2.3088016405381495e-06,0.0,0.0,5.0,0.26862204747124063,-5.960464477539062e-07,5.960464477539062e-07,-1.1920928955078125e-07,5.960464477539062e-07,0.00968860276043415,5.173945149872452,False,False
589,11.78,-0.11089291423559189,0.15306155383586884,4.809126377105713,0.2890338897705078,1.9584488200052874e-06,-2.0070751816092525e-07,-2.9701288895012112e-06,-3.666109762434644e-07,9.016349940793589e-05,5.792512070001976e-07,-6.484094228653703e-06,2.0664595012931386e-06,0.0,0.0,5.0,0.2686220720773024,-3.5762786865234375e-07,2.384185791015625e-07,1.1920928955078125e-07,5.960464477539062e-07,0.00968860276043415,5.183633752632886,False,False
590,11.8,-0.11089297384023666,0.15306155383586884,4.809126377105713,0.2890338897705078,1.837757622524805e-06,-1.8691190462050145e-07,-2.62293406194658e-06,-2.2344710259858402e-07,9.01367820915766e-05,8.003108291632088e-07,-5.584971404459793e-06,1.9845522274408722e-06,0.0,0.0,5.0,0.2686220966833751,-2.980232238769531e-07,8.344650268554688e-07,0.0,2.384185791015625e-07,0.00968860276043415,5.19332235539332,False,False
591,11.82,-0.11089303344488144,0.15306155383586884,4.809126377105713,0.2890338897705078,1.7277458255193778e-06,-1.8390893785635853e-07,-2.2966858068684814e-06,-8.888009972451982e-08,9.007089101942256e-05,-5.000030682822398e-07,-5.416147359937895e-06,1.8735356661636615e-06,0.0,0.0,5.0,0.2686221212894588,1.1920928955078125e-07,0.0,0.0,3.5762786865234375e-07,0.00968860276043415,5.2030109581537545,False,False
592,11.84,-0.11089309304952621,0.15306155383586884,4.809126377105713,0.2890338897705078,1.6225017134274822e-06,-1.9120631122859777e-07,-1.991005547097302e-06,4.040605006139231e-08,9.004417370306328e-05,-2.297205412560288e-07,-5.108196091896389e-06,1.8497232758818427e-06,0.0,0.0,5.0,0.2686221458955534,0.0,2.384185791015625e-07,0.0,5.960464477539062e-07,0.00968860276043415,5.212699560914189,False,False
593,11.86,-0.11089315265417099,0.15306155383586884,4.809126377105713,0.2890338897705078,1.5263151453837054e-06,-1.901998416542483e-07,-1.7046930906872149e-06,1.6478031739097787e-07,9.004359162645414e-05,3.3037113666978257e-07,-4.510432518145535e-06,1.801113512556185e-06,0.0,0.0,5.0,0.26862217050165904,-2.384185791015625e-07,7.152557373046875e-07,-1.1920928955078125e-07,3.5762786865234375e-07,0.00968860276043415,5.222388163674623,False,False
594,11.88,-0.11089319735765457,0.15306155383586884,4.809126377105713,0.2890338897705078,1.433534748684906e-06,-1.8654031919140834e-07,-1.4357262898556655e-06,2.8326599021966103e-07,8.993846859084442e-05,3.56004399293397e-08,-4.767532118421514e-06,1.6017313555494184e-06,0.0,0.0,5.0,0.26862218895624546,0.0,4.76837158203125e-07,-5.960464477539063e-08,4.76837158203125e-07,0.00968860276043415,5.232076766435057,False,False
595,11.9,-0.11089319735765457,0.15306155383586884,4.809126377105713,0.2890338897705078,1.3382496035774238e-06,-1.8613918939536234e-07,-1.18439425023098e-06,3.961390291351563e-07,8.993788651423529e-05,4.521240715149588e-09,-4.760940100823063e-06,1.5537027593381936e-06,0.0,0.0,5.0,0.26862218895624546,-1.7881393432617188e-07,4.76837158203125e-07,0.0,5.960464477539062e-07,0.00968860276043415,5.241765369195491,False,False
596,11.92,-0.11089319735765457,0.15306155383586884,4.809126377105713,0.2890338897705078,1.2527749504442909e-06,-1.906189197597996e-07,-9.505312164037605e-07,5.040294013269886e-07,8.989813068183139e-05,-4.5248302171785326e-07,-3.7864749629079597e-06,1.417307657902711e-06,0.0,0.0,5.0,0.26862218895624546,2.384185791015625e-07,0.0,0.0,1.1920928955078125e-07,0.00968860276043415,5.251453971955925,False,False
597,11.94,-0.11089319735765457,0.15306155383586884,4.809126377105713,0.2890338897705078,1.1772265224863077e-06,-1.998639191924667e-07,-7.320381314457336e-07,6.088400255066517e-07,8.984527812572196e-05,-4.720096455912426e-07,-3.76833054360759e-06,1.418293550159433e-06,0.0,0.0,5.0,0.26862218895624546,0.0,2.384185791015625e-07,-1.7881393432617188e-07,3.5762786865234375e-07,0.00968860276043415,5.261142574716359,False,False
598,11.96,-0.11089319735765457,0.15306155383586884,4.809126377105713,0.2890338897705078,1.0977817055390915e-06,-1.994440879116155e-07,-5.283147856971482e-07,7.106231691977882e-07,8.975325181381777e-05,5.140070697962074e-07,-4.176111815468175e-06,1.3339397355593974e-06,0.0,0.0,5.0,0.26862218895624546,-2.384185791015625e-07,8.344650268554688e-07,1.1920928955078125e-07,3.5762786865234375e-07,0.00968860276043415,5.2708311774767935,False,False
599,11.98,-0.11089319735765457,0.15306155383586884,4.809126377105713,0.2890338897705078,1.0188456371906796e-06,-1.9926910965750722e-07,-3.395566352537571e-07,8.072216814980493e-07,8.971349598141387e-05,-4.96497875701607e-07,-3.7174791032157373e-06,1.1981258012383478e-06,0.0,0.0,5.0,0.26862218895624546,2.384185791015625e-07,1.1920928955078125e-07,1.1920928955078125e-07,3.5762786865234375e-07,0.00968860276043415,5.280519780237228,False,False
600,12.0,-0.11089319735765457,0.15306155383586884,4.809126377105713,0.2890338897705078,9.475752449361607e-07,-2.064963240400175e-07,-1.6525501678188448e-07,9.005786978377728e-07,8.968677866505459e-05,-2.2621534867539594e-07,-3.4095260161848273e-06,1.174313410956529e-06,0.0,0.0,5.0,0.26862218895624546,1.1920928955078125e-07,2.384185791015625e-07,-1.1920928955078125e-07,2.384185791015625e-07,0.00968860276043415,5.290208382997662,False,False
601,12.02,-0.11089319735765457,0.15306155383586884,4.809126377105713,0.2890338897705078,8.72408463692409e-07,-2.0405862244388118e-07,-4.57377780094248e-09,9.906423201755388e-07,8.956861711340025e-05,4.6999221581245365e-07,-4.1071157284022775e-06,1.114757878895034e-06,0.0,0.0,5.0,0.26862218895624546,-1.7881393432617188e-07,5.960464477539062e-07,2.384185791015625e-07,7.152557373046875e-07,0.00968860276043415,5.299896985758096,False,False
602,12.040000000000001,-0.11089319735765457,0.15306155383586884,4.809126377105713,0.2890338897705078,7.97750203673786e-07,-2.0186585913961608e-07,1.4182755592173635e-07,1.0755069297374575e-06,8.955493831308559e-05,-2.5070352194234147e-07,-3.358673211550922e-06,9.541465715301456e-07,0.0,0.0,5.0,0.26862218895624546,1.1920928955078125e-07,2.384185791015625e-07,1.1920928955078125e-07,2.384185791015625e-07,0.00968860276043415,5.30958558851853,False,False
603,12.06,-0.11089319735765457,0.15306155383586884,4.809126377105713,0.2890338897705078,7.307578471227316e-07,-2.0707531689367897e-07,2.74921745813117e-07,1.1568637319214758e-06,8.950208575697616e-05,-2.702301458157308e-07,-3.3405287922505522e-06,9.551324637868674e-07,0.0,0.0,5.0,0.26862218895624546,1.1920928955078125e-07,1.1920928955078125e-07,0.0,5.960464477539062e-07,0.00968860276043415,5.319274191278964,False,False
604,12.08,-0.11089319735765457,0.15306155383586884,4.809126377105713,0.2890338897705078,6.699245886920835e-07,-2.0687906499006203e-07,3.955329930249718e-07,1.235285594702873e-06,8.950150368036702e-05,2.8986147526666173e-07,-2.7427670374891022e-06,9.065222457138589e-07,0.0,0.0,5.0,0.26862218895624546,1.1920928955078125e-07,4.76837158203125e-07,1.1920928955078125e-07,3.5762786865234375e-07,0.00968860276043415,5.328962794039398,False,False
605,12.1,-0.11089319735765457,0.15306155383586884,4.809126377105713,0.2890338897705078,6.151349225547165e-07,-2.0139263767759985e-07,5.055781002738513e-07,1.3098532463118318e-06,8.950092160375789e-05,2.587822223176772e-07,-2.7361768388800556e-06,8.584931947552832e-07,0.0,0.0,5.0,0.26862218895624546,1.1920928955078125e-07,4.76837158203125e-07,2.384185791015625e-07,4.76837158203125e-07,0.00968860276043415,5.338651396799833,False,False
606,12.120000000000001,-0.11089319735765457,0.15306155383586884,4.809126377105713,0.2890338897705078,5.604770763056877e-07,-1.9652784999379946e-07,6.056218353478471e-07,1.3803795582134626e-06,8.950033952714875e-05,2.2770296936869272e-07,-2.729586640271009e-06,8.104641437967075e-07,0.0,0.0,5.0,0.26862218895624546,-5.960464477539063e-08,2.384185791015625e-07,2.384185791015625e-07,3.5762786865234375e-07,0.00968860276043415,5.348339999560267,False,False
607,12.14,-0.11089319735765457,0.15306155383586884,4.809126377105713,0.2890338897705078,5.089647174827405e-07,-1.8927097755749855e-07,6.95855362664588e-07,1.4468797644440201e-06,8.947362221078947e-05,4.979854679731943e-07,-2.421633553240099e-06,7.866517535148887e-07,0.0,0.0,5.0,0.26862218895624546,0.0,8.344650268554688e-07,2.384185791015625e-07,4.76837158203125e-07,0.00968860276043415,5.358028602320701,False,False
608,12.16,-0.11089319735765457,0.15306155383586884,4.809126377105713,0.2890338897705078,4.575840932830033e-07,-1.8225898656965e-07,7.770498200443399e-07,1.5090388387761777e-06,8.949917537393048e-05,2.0321458293892647e-07,-2.716404424063512e-06,7.14406496626907e-07,0.0,0.0,5.0,0.26862218895624546,0.0,3.5762786865234375e-07,3.5762786865234375e-07,7.152557373046875e-07,0.00968860276043415,5.367717205081135,False,False
609,12.18,-0.11089319735765457,0.15306155383586884,4.809126377105713,0.2890338897705078,4.0923339383880375e-07,-1.7824440590175072e-07,8.488476623824681e-07,1.5673342659283662e-06,8.955086377682164e-05,1.9825294828024198e-07,-2.118642669302062e-06,6.657962785538984e-07,0.0,0.0,5.0,0.26862218895624546,-1.1920928955078125e-07,2.384185791015625e-07,2.384185791015625e-07,5.960464477539062e-07,0.00968860276043415,5.377405807841569,False,False
610,12.200000000000001,-0.11089319735765457,0.15306155383586884,4.809126377105713,0.2890338897705078,3.796186547333491e-07,-1.75835765503507e-07,9.130839089266374e-07,1.6226525758611388e-06,8.94849727046676e-05,4.2610395212250296e-08,-8.428169167018496e-07,5.536178377951728e-07,0.0,0.0,5.0,0.26862218895624546,5.960464477539062e-07,2.384185791015625e-07,3.5762786865234375e-07,-2.980232238769531e-07,0.00968860276043415,5.387094410602003,False,False
611,12.22,-0.11089319735765457,0.15306155383586884,4.809126377105713,0.2890338897705078,3.5268482179162675e-07,-1.7941052021797077e-07,9.72690600065107e-07,1.6765407053753734e-06,8.94452168722637e-05,-4.0007728330238024e-07,-1.8505580783312325e-06,6.892475994391134e-07,0.0,0.0,5.0,0.26862218895624546,2.384185791015625e-07,2.384185791015625e-07,1.1920928955078125e-07,7.152557373046875e-07,0.00968860276043415,5.3967830133624375,False,False
612,12.24,-0.11089319735765457,0.15306155383586884,4.809126377105713,0.2890338897705078,3.216511288428592e-07,-1.81811202537574e-07,1.0261361467200913e-06,1.7295600400757394e-06,8.944463479565457e-05,1.600142667257387e-07,-1.2527963235697825e-06,6.406373813661048e-07,0.0,0.0,5.0,0.26862218895624546,3.5762786865234375e-07,4.76837158203125e-07,1.1920928955078125e-07,3.5762786865234375e-07,0.00968860276043415,5.406471616122872,False,False
613,12.26,-0.11089319735765457,0.15306155383586884,4.809126377105713,0.2890338897705078,2.9364736064962926e-07,-1.7590808454315265e-07,1.0743656275735702e-06,1.7806788719099131e-06,8.947018795879558e-05,4.30296779541095e-07,-1.5475671943931957e-06,6.16824991084286e-07,0.0,0.0,5.0,0.26862218895624546,0.0,7.152557373046875e-07,2.384185791015625e-07,5.960464477539062e-07,0.00968860276043415,5.416160218883306,False,False
614,12.280000000000001,-0.11089319735765457,0.15306155383586884,4.809126377105713,0.2890338897705078,2.626462958232878e-07,-1.6735175734083896e-07,1.1174130349900224e-06,1.8287182683707215e-06,8.952187636168674e-05,4.253350311955728e-07,-1.552528487991367e-06,5.197819064051146e-07,0.0,0.0,5.0,0.26862218895624546,1.1920928955078125e-07,3.5762786865234375e-07,2.384185791015625e-07,4.76837158203125e-07,0.00968860276043415,5.42584882164374,False,False
615,12.3,-0.11089319735765457,0.15306155383586884,4.809126377105713,0.2890338897705078,2.316614597930311e-07,-1.5915586004666693e-07,1.1551001080079004e-06,1.8734359628069797e-06,8.95212942850776e-05,3.942557782465883e-07,-1.5459373798876186e-06,4.717528838682483e-07,0.0,0.0,5.0,0.26862218895624546,1.1920928955078125e-07,2.384185791015625e-07,2.384185791015625e-07,5.960464477539062e-07,0.00968860276043415,5.435537424404174,False,False
616,12.32,-0.11089319735765457,0.15306155383586884,4.809126377105713,0.2890338897705078,2.067202160560555e-07,-1.456698157653591e-07,1.1878086070282734e-06,1.9147200873703696e-06,8.952071220846847e-05,9.543472287987242e-07,-9.481755682827497e-07,4.231428931689152e-07,0.0,0.0,5.0,0.26862218895624546,0.0,8.344650268554688e-07,3.5762786865234375e-07,1.1920928955078125e-07,0.00968860276043415,5.445226027164608,False,False
617,12.34,-0.11089319735765457,0.15306155383586884,4.809126377105713,0.2890338897705078,1.8492441711259744e-07,-1.354422636268282e-07,1.2171641401437228e-06,1.9520534806360956e-06,8.954626537160948e-05,6.840559763077181e-08,-1.2313939805608243e-06,3.999116700015293e-07,0.0,0.0,5.0,0.26862218895624546,3.5762786865234375e-07,1.1920928955078125e-07,3.5762786865234375e-07,2.384185791015625e-07,0.00968860276043415,5.454914629925042,False,False
618,12.36,-0.11089319735765457,0.15306155383586884,4.809126377105713,0.2890338897705078,1.6047785322825803e-07,-1.3426944178718259e-07,1.2423805628714035e-06,1.987163841477013e-06,8.954568329500034e-05,4.8878970204668803e-08,-1.2132504707551561e-06,4.4933020149073855e-07,0.0,0.0,5.0,0.26862218895624546,1.1920928955078125e-07,2.384185791015625e-07,2.384185791015625e-07,4.76837158203125e-07,0.00968860276043415,5.4646032326854765,False,False
619,12.38,-0.11089319735765457,0.15306155383586884,4.809126377105713,0.2890338897705078,1.3929228259712545e-07,-1.30589043578766e-07,1.2632787047550664e-06,2.0206232420605375e-06,8.951896597864106e-05,3.191614723618841e-07,-9.05297440567665e-07,4.2551781120891974e-07,0.0,0.0,5.0,0.26862218895624546,1.1920928955078125e-07,5.960464477539062e-07,2.384185791015625e-07,3.5762786865234375e-07,0.00968860276043415,5.474291835445911,False,False
620,12.4,-0.11089319735765457,0.15306155383586884,4.809126377105713,0.2890338897705078,1.1823852474890373e-07,-1.2715349839709233e-07,1.2806412996724248e-06,2.0521101760095917e-06,8.954451914178208e-05,2.4390656605532968e-08,-1.2000682545476593e-06,3.5327232694726263e-07,0.0,0.0,5.0,0.26862218895624546,3.5762786865234375e-07,-1.1920928955078125e-07,3.5762786865234375e-07,3.5762786865234375e-07,0.00968860276043415,5.483980438206345,False,False
621,12.42,-0.11089319735765457,0.15306155383586884,4.809126377105713,0.2890338897705078,1.0409726058924207e-07,-1.1642877950635011e-07,1.2944675518156146e-06,2.0816316919081146e-06,8.950476330937818e-05,1.0480774790266878e-06,-2.140513970516622e-07,4.4146170807835006e-07,0.0,0.0,5.0,0.26862218895624546,1.1920928955078125e-07,1.3113021850585938e-06,2.384185791015625e-07,2.384185791015625e-07,0.00968860276043415,5.493669040966779,False,False
622,12.44,-0.11089319735765457,0.15306155383586884,4.809126377105713,0.2890338897705078,8.417610075639459e-08,-1.1148401313221257e-07,1.3066447763776523e-06,2.1081041268189438e-06,8.95956254680641e-05,-5.535982836590847e-07,-1.7780567986847018e-06,3.0622894087173336e-07,0.0,0.0,5.0,0.26862218895624546,3.5762786865234375e-07,-5.960464477539062e-07,3.5762786865234375e-07,1.0728836059570312e-06,0.00968860276043415,5.503357643727213,False,False
623,12.46,-0.11089319735765457,0.15306155383586884,4.809126377105713,0.2890338897705078,7.015407277322083e-08,-1.0101675940177302e-07,1.3144809827281279e-06,2.1330399704311276e-06,8.962117863120511e-05,1.6003192513380782e-06,3.7586070789075166e-07,3.319878771890217e-07,0.0,0.0,5.0,0.26862218895624546,0.0,1.5497207641601562e-06,2.384185791015625e-07,-3.5762786865234375e-07,0.00968860276043415,5.513046246487647,False,False
624,12.48,-0.11089319735765457,0.15306155383586884,4.809126377105713,0.2890338897705078,6.142219177718289e-08,-8.525936578962501e-08,1.3223427686170908e-06,2.154097956008627e-06,8.964673179434612e-05,-2.458598125087974e-08,-1.2490445442381315e-06,2.5802299319366284e-07,0.0,0.0,5.0,0.26862218895624546,1.1920928955078125e-07,-5.960464477539063e-08,3.5762786865234375e-07,4.76837158203125e-07,0.00968860276043415,5.5227348492480814,False,False
625,12.5,-0.11089319735765457,0.15306155383586884,4.809126377105713,0.2890338897705078,4.253435292866925e-08,-8.606190249338397e-08,1.3273671584101976e-06,2.1731054857809795e-06,8.964614971773699e-05,-5.5665264397930514e-08,-6.397303309313429e-07,2.584272635886009e-07,0.0,0.0,5.0,0.26862218895624546,2.384185791015625e-07,0.0,2.384185791015625e-07,4.76837158203125e-07,0.00968860276043415,5.532423452008516,False,False
626,12.52,-0.11089319735765457,0.15306155383586884,4.809126377105713,0.2890338897705078,3.281923000031384e-08,-8.44723899717792e-08,1.3296732959133806e-06,2.191355406466755e-06,8.961943240137771e-05,2.146172164430027e-07,-3.317776702260744e-07,2.3461490172849153e-07,0.0,0.0,5.0,0.26862218895624546,3.5762786865234375e-07,1.1920928955078125e-07,2.384185791015625e-07,2.384185791015625e-07,0.00968860276043415,5.54211205476895,False,False
627,12.540000000000001,-0.11089319735765457,0.15306155383586884,4.809126377105713,0.2890338897705078,2.3351452327347033e-08,-7.736166907079678e-08,1.3305779020811315e-06,2.2083731892053038e-06,8.959271508501843e-05,4.964523441230995e-07,-6.149958267087641e-07,2.5981697149290994e-07,0.0,0.0,5.0,0.26862218895624546,0.0,4.76837158203125e-07,2.384185791015625e-07,4.76837158203125e-07,0.00968860276043415,5.551800657529384,False,False
628,12.56,-0.11089319735765457,0.15306155383586884,4.809126377105713,0.2890338897705078,1.1117391451875847e-08,-6.774340022275283e-08,1.3298727026267443e-06,2.2231267848837888e-06,8.959213300840929e-05,4.6537309117411496e-07,-6.084047186050157e-07,2.117881479080097e-07,0.0,0.0,5.0,0.26862218895624546,1.1920928955078125e-07,3.5762786865234375e-07,3.5762786865234375e-07,3.5762786865234375e-07,0.00968860276043415,5.561489260289818,False,False
629,12.58,-0.11089319735765457,0.15306155383586884,4.809126377105713,0.2890338897705078,2.028782919438754e-09,-6.138363062291319e-08,1.3275149512992357e-06,2.2356236968334997e-06,8.96176861715503e-05,1.7060222035070183e-07,-3.0045205789974716e-07,1.8797587131302862e-07,0.0,0.0,5.0,0.26862218895624546,4.76837158203125e-07,0.0,3.5762786865234375e-07,2.384185791015625e-07,0.00968860276043415,5.571177863050252,False,False
630,12.6,-0.11089319735765457,0.15306155383586884,4.809126377105713,0.2890338897705078,-3.798850567449108e-09,-5.816684378601167e-08,1.3240593261798494e-06,2.2468661882157903e-06,8.961710409494117e-05,1.510755964773125e-07,-2.82308548094079e-07,2.373944028022379e-07,0.0,0.0,5.0,0.26862218895624546,4.76837158203125e-07,2.384185791015625e-07,3.5762786865234375e-07,2.384185791015625e-07,0.00968860276043415,5.580866465810686,False,False
631,12.620000000000001,-0.11089319735765457,0.15306155383586884,4.809126377105713,0.2890338897705078,-9.263612099630336e-09,-5.5340589000252294e-08,1.3197078487792169e-06,2.2572185116587207e-06,8.961652201833203e-05,1.3154897260392318e-07,-2.6416503828841087e-07,2.8681293429144716e-07,0.0,0.0,5.0,0.26862218895624546,4.76837158203125e-07,3.5762786865234375e-07,3.5762786865234375e-07,4.76837158203125e-07,0.00968860276043415,5.5905550685711205,False,False
632,12.64,-0.11089319735765457,0.15306155383586884,4.809126377105713,0.2890338897705078,-1.4481027044155326e-08,-5.26436956249654e-08,1.3145050843377248e-06,2.2667595658276696e-06,8.96682104212232e-05,1.3813985333399614e-07,-2.575741575583379e-07,2.8721720468638523e-07,0.0,0.0,5.0,0.26862218895624546,2.384185791015625e-07,3.5762786865234375e-07,3.5762786865234375e-07,4.76837158203125e-07,0.00968860276043415,5.600243671331555,False,False
633,12.66,-0.11089319735765457,0.15306155383586884,4.809126377105713,0.2890338897705078,-1.655299364244911e-08,-5.282861081923329e-08,1.3085948467050912e-06,2.275695123898913e-06,8.96937635843642e-05,-1.5663094643514341e-07,5.03785031469306e-08,2.634048144045664e-07,0.0,0.0,5.0,0.26862218895624546,4.76837158203125e-07,1.1920928955078125e-07,1.1920928955078125e-07,3.5762786865234375e-07,0.00968860276043415,5.609932274091989,False,False
634,12.68,-0.11089319735765457,0.15306155383586884,4.809126377105713,0.2890338897705078,-1.547950922997643e-08,-5.024477900406055e-08,1.3026245824221405e-06,2.28469389185193e-06,8.969318150775507e-05,4.15013317933699e-07,5.6969440720422426e-08,2.638090847995045e-07,0.0,0.0,5.0,0.26862218895624546,3.5762786865234375e-07,5.960464477539062e-07,2.384185791015625e-07,2.384185791015625e-07,0.00968860276043415,5.619620876852423,False,False
635,12.700000000000001,-0.11089319735765457,0.15306155383586884,4.809126377105713,0.2890338897705078,-2.3199573817578312e-08,-4.4776680141467295e-08,1.296701611863682e-06,2.2926321889826795e-06,8.971873467089608e-05,1.3179510460759047e-07,-8.2897219044753e-07,2.405778616321186e-07,0.0,0.0,5.0,0.26862218895624546,0.0,2.384185791015625e-07,2.384185791015625e-07,7.152557373046875e-07,0.00968860276043415,5.629309479612857,False,False
636,12.72,-0.11089319735765457,0.15306155383586884,4.809126377105713,0.2890338897705078,-3.380144875109181e-08,-3.653984137486077e-08,1.2889281606476288e-06,2.2989363515080186e-06,8.971815259428695e-05,6.918866120031453e-07,-2.3121037884266116e-07,1.9196775724594772e-07,0.0,0.0,5.0,0.26862218895624546,0.0,5.960464477539062e-07,3.5762786865234375e-07,2.384185791015625e-07,0.00968860276043415,5.638998082373291,False,False
637,12.74,-0.11089319735765457,0.15306155383586884,4.809126377105713,0.2890338897705078,-4.125787000930359e-08,-3.156150896188592e-08,1.2802049695892492e-06,2.3030781903798925e-06,8.974370575742796e-05,-1.940550475865166e-07,-5.144285637470603e-07,1.6873664776539954e-07,0.0,0.0,5.0,0.26862218895624546,3.5762786865234375e-07,-1.1920928955078125e-07,3.5762786865234375e-07,7.152557373046875e-07,0.00968860276043415,5.648686685133725,False,False
638,12.76,-0.11089319735765457,0.15306155383586884,4.809126377105713,0.2890338897705078,-3.878817622648967e-08,-2.2307609981453425e-08,1.2705963854386937e-06,2.3062941636453616e-06,8.97300269571133e-05,1.1194409808013006e-06,7.613971320097335e-07,2.321282011052972e-07,0.0,0.0,5.0,0.26862218895624546,1.1920928955078125e-07,1.1920928955078125e-06,2.384185791015625e-07,-2.384185791015625e-07,0.00968860276043415,5.6583752878941596,False,False
639,12.780000000000001,-0.11089319735765457,0.15306155383586884,4.809126377105713,0.2890338897705078,-4.3431921170622445e-08,-1.979045194389073e-08,1.2625291674339678e-06,2.307568593096221e-06,8.972944488050416e-05,-8.677258733769122e-07,-1.2257697790118982e-06,1.8916060184892558e-07,0.0,0.0,5.0,0.26862218895624546,2.384185791015625e-07,-6.556510925292969e-07,3.5762786865234375e-07,1.0728836059570312e-06,0.00968860276043415,5.668063890654594,False,False
640,12.8,-0.11089319735765457,0.15306155383586884,4.809126377105713,0.2890338897705078,-4.339452175372571e-08,-1.861940646108451e-08,1.2523586292445543e-06,2.3091124603524804e-06,8.972886280389503e-05,9.848299669101834e-07,1.2295096212255885e-06,1.9070299117629474e-07,0.0,0.0,5.0,0.26862218895624546,2.384185791015625e-07,1.0728836059570312e-06,2.384185791015625e-07,-2.980232238769531e-07,0.00968860276043415,5.677752493415028,False,False
641,12.82,-0.11089319735765457,0.15306155383586884,4.809126377105713,0.2890338897705078,-3.867597442308579e-08,-1.8794469980321082e-08,1.2443358627933776e-06,2.3098866677173646e-06,8.972828072728589e-05,-1.0023369441114482e-06,-7.576572329526243e-07,1.4773539191992313e-07,0.0,0.0,5.0,0.26862218895624546,5.960464477539062e-07,-4.76837158203125e-07,2.384185791015625e-07,9.5367431640625e-07,0.00968860276043415,5.687441096175462,False,False
642,12.84,-0.11089319735765457,0.15306155383586884,4.809126377105713,0.2890338897705078,-5.0111765403926256e-08,-2.3446073527111366e-08,1.2347006759227952e-06,2.3118020635592984e-06,8.97538338904269e-05,5.371803695197741e-07,-3.859167065911606e-07,1.7782920735953667e-07,0.0,0.0,5.0,0.26862218895624546,0.0,4.76837158203125e-07,3.5762786865234375e-07,4.76837158203125e-07,0.00968860276043415,5.697129698935896,False,False
643,12.86,-0.11089319735765457,0.15306155383586884,4.809126377105713,0.2890338897705078,-5.4750593392327573e-08,-1.5650147844326057e-08,1.2237065902809263e-06,2.3125346615415765e-06,8.977938705356792e-05,2.4240947027465154e-07,-7.796404588589212e-08,1.5401693076455558e-07,0.0,0.0,5.0,0.26862218895624546,1.1920928955078125e-07,2.384185791015625e-07,3.5762786865234375e-07,3.5762786865234375e-07,0.00968860276043415,5.70681830169633,False,False
644,12.88,-0.11089319735765457,0.15306155383586884,4.809126377105713,0.2890338897705078,-5.0216709013284344e-08,-1.1112724074280322e-08,1.2128338084949064e-06,2.312088099643006e-06,8.977880497695878e-05,2.1133021732566704e-07,5.313503947945719e-07,1.5442120115949365e-07,0.0,0.0,5.0,0.26862218895624546,4.76837158203125e-07,4.76837158203125e-07,3.5762786865234375e-07,-5.960464477539063e-08,0.00968860276043415,5.7165069044567645,False,False
645,12.9,-0.11089319735765457,0.15306155383586884,4.809126377105713,0.2890338897705078,-4.2421849144602675e-08,-9.718286619886385e-09,1.2035574172841734e-06,2.311384378117509e-06,8.98043581400998e-05,-7.188795336787734e-08,2.4813215304675396e-07,1.7962318565878377e-07,0.0,0.0,5.0,0.26862218895624546,3.5762786865234375e-07,1.1920928955078125e-07,1.1920928955078125e-07,3.5762786865234375e-07,0.00968860276043415,5.726195507217199,False,False
646,12.92,-0.11089319735765457,0.15306155383586884,4.809126377105713,0.2890338897705078,-3.7393277807495906e-08,-5.4395790094474705e-09,1.1955000900343293e-06,2.310786612724769e-06,8.980377606349066e-05,4.997563110009651e-07,2.547230337768269e-07,1.8002745605372183e-07,0.0,0.0,5.0,0.26862218895624546,1.1920928955078125e-07,3.5762786865234375e-07,2.384185791015625e-07,2.384185791015625e-07,0.00968860276043415,5.735884109977633,False,False
647,12.94,-0.11089319735765457,0.15306155383586884,4.809126377105713,0.2890338897705078,-3.513098789653668e-08,1.3466950887774942e-09,1.1886328366017551e-06,2.309142473677639e-06,8.977705874713138e-05,1.788679071523802e-07,-2.8495131587646938e-08,1.5679634657317365e-07,0.0,0.0,5.0,0.26862218895624546,2.384185791015625e-07,1.1920928955078125e-07,4.76837158203125e-07,2.384185791015625e-07,0.00968860276043415,5.745572712738067,False,False
648,12.96,-0.11089319735765457,0.15306155383586884,4.809126377105713,0.2890338897705078,-3.250583091585213e-08,1.7151742248699975e-09,1.1822572787423269e-06,2.306830538145732e-06,8.97503414307721e-05,-1.4202048248534993e-07,2.9101019549671037e-07,1.8199833107246377e-07,0.0,0.0,5.0,0.26862218895624546,3.5762786865234375e-07,1.1920928955078125e-07,2.384185791015625e-07,3.5762786865234375e-07,0.00968860276043415,5.755261315498501,False,False
649,12.98,-0.11089319735765457,0.15306155383586884,4.809126377105713,0.2890338897705078,-2.661969134010178e-08,4.591227398265119e-09,1.1767402838813723e-06,2.3047732611303218e-06,8.974975935416296e-05,4.296237818834925e-07,2.9760107622678333e-07,1.8240260146740184e-07,0.0,0.0,5.0,0.26862218895624546,2.384185791015625e-07,7.152557373046875e-07,2.384185791015625e-07,2.384185791015625e-07,0.00968860276043415,5.764949918258935,False,False
650,13.0,-0.11089319735765457,0.15306155383586884,4.809126377105713,0.2890338897705078,-2.6513468753819325e-08,7.337915608474077e-09,1.1723008128683432e-06,2.302070924997679e-06,8.974917727755383e-05,-1.549561545743927e-07,-2.8697886023110186e-07,1.349549449969345e-07,0.0,0.0,5.0,0.26862218895624546,5.960464477539062e-07,0.0,4.76837158203125e-07,3.5762786865234375e-07,0.00968860276043415,5.774638521019369,False,False
651,13.02,-0.11089319735765457,0.15306155383586884,4.809126377105713,0.2890338897705078,-3.218716315700476e-08,9.955237523229243e-09,1.1672676691887318e-06,2.2990295747149503e-06,8.980086568044499e-05,4.166881240053044e-07,-2.803879795010289e-07,1.8379230937171087e-07,0.0,0.0,5.0,0.26862218895624546,1.1920928955078125e-07,4.76837158203125e-07,4.76837158203125e-07,3.5762786865234375e-07,0.00968860276043415,5.7843271237798035,False,False
652,13.040000000000001,-0.11089319735765457,0.15306155383586884,4.809126377105713,0.2890338897705078,-3.471540921395899e-08,1.534131222058477e-08,1.1616269830483361e-06,2.294733121743775e-06,8.9826418843586e-05,1.2191728160360071e-07,2.7564681204239605e-08,1.5998003277672979e-07,0.0,0.0,5.0,0.26862218895624546,3.5762786865234375e-07,2.384185791015625e-07,4.76837158203125e-07,2.384185791015625e-07,0.00968860276043415,5.794015726540238,False,False
653,13.06,-0.11089319735765457,0.15306155383586884,4.809126377105713,0.2890338897705078,-3.3982672675847425e-08,1.7584406819537435e-08,1.1560675829969114e-06,2.289732492499752e-06,8.982583676697686e-05,1.0239065773021139e-07,4.570824785332661e-08,2.0939856426593906e-07,0.0,0.0,5.0,0.26862218895624546,2.384185791015625e-07,3.5762786865234375e-07,2.384185791015625e-07,3.5762786865234375e-07,0.00968860276043415,5.803704329300672,False,False
654,13.08,-0.11089319735765457,0.15306155383586884,4.809126377105713,0.2890338897705078,-3.300261042227248e-08,1.9321435118513364e-08,1.1507842145874747e-06,2.2843960323370993e-06,8.982525469036773e-05,7.131140478122688e-08,5.229918542681844e-08,1.6136974068103882e-07,0.0,0.0,5.0,0.26862218895624546,3.5762786865234375e-07,3.5762786865234375e-07,4.76837158203125e-07,3.5762786865234375e-07,0.00968860276043415,5.813392932061106,False,False
655,13.1,-0.11089319735765457,0.15306155383586884,4.809126377105713,0.2890338897705078,-3.189071051679093e-08,2.0813580192680092e-08,1.145783471656614e-06,2.2788228761783103e-06,8.987694309325889e-05,7.790234235471871e-08,5.889012300031027e-08,1.617740110759769e-07,0.0,0.0,5.0,0.26862218895624546,2.384185791015625e-07,2.384185791015625e-07,4.76837158203125e-07,2.384185791015625e-07,0.00968860276043415,5.82308153482154,False,False
656,13.120000000000001,-0.11089319735765457,0.15306155383586884,4.809126377105713,0.2890338897705078,-2.751783512167094e-08,1.9162742503908703e-08,1.1412003004807048e-06,2.273239942951477e-06,8.98502257768996e-05,-2.429860330721567e-07,3.783954412028834e-07,1.86975995575267e-07,0.0,0.0,5.0,0.26862218895624546,3.5762786865234375e-07,1.1920928955078125e-07,2.384185791015625e-07,1.1920928955078125e-07,0.00968860276043415,5.832770137581974,False,False
657,13.14,-0.11089319735765457,0.15306155383586884,4.809126377105713,0.2890338897705078,-2.2782087327755107e-08,1.712137098763833e-08,1.1374979749234626e-06,2.2684939722239505e-06,8.982350846054032e-05,3.8849083949799024e-08,9.517724208762957e-08,2.1217798007455713e-07,0.0,0.0,5.0,0.26862218895624546,2.384185791015625e-07,3.5762786865234375e-07,3.5762786865234375e-07,2.384185791015625e-07,0.00968860276043415,5.842458740342408,False,False
658,13.16,-0.11089319735765457,0.15306155383586884,4.809126377105713,0.2890338897705078,-2.069709736929326e-08,1.2052533193696036e-08,1.1342665402480634e-06,2.264285740238847e-06,8.982292638393119e-05,-5.457309271150734e-07,1.1332080873671657e-07,2.131634175839281e-07,0.0,0.0,5.0,0.26862218895624546,4.76837158203125e-07,-1.7881393432617188e-07,2.384185791015625e-07,2.384185791015625e-07,0.00968860276043415,5.852147343102843,False,False
659,13.18,-0.11089319735765457,0.15306155383586884,4.809126377105713,0.2890338897705078,-1.4482195886955651e-08,1.1113610476343183e-08,1.1313231880194508e-06,2.2613623968936736e-06,8.9730900072027e-05,4.5183836050455284e-07,5.081666358819348e-07,2.9890691166656325e-07,0.0,0.0,5.0,0.26862218895624546,3.5762786865234375e-07,9.5367431640625e-07,2.384185791015625e-07,0.0,0.00968860276043415,5.861835945863277,False,False
660,13.200000000000001,-0.11089319735765457,0.15306155383586884,4.809126377105713,0.2890338897705078,-1.3178274471670193e-08,1.7318223299866986e-08,1.1297796618237044e-06,2.2579777123610256e-06,8.975645323516801e-05,1.6862011875673488e-07,-3.777750237077271e-07,2.7567568849917734e-07,0.0,0.0,5.0,0.26862218895624546,3.5762786865234375e-07,5.960464477539062e-07,4.76837158203125e-07,3.5762786865234375e-07,0.00968860276043415,5.871524548623711,False,False
661,13.22,-0.11089319735765457,0.15306155383586884,4.809126377105713,0.2890338897705078,-2.368153140253071e-08,1.774290403488976e-08,1.127534119405027e-06,2.2536280539497966e-06,8.98342186701484e-05,-1.2615068101240468e-07,-6.725458661094308e-07,2.5186329821735853e-07,0.0,0.0,5.0,0.26862218895624546,0.0,1.1920928955078125e-07,3.5762786865234375e-07,7.152557373046875e-07,0.00968860276043415,5.881213151384145,False,False
662,13.24,-0.11089319735765457,0.15306155383586884,4.809126377105713,0.2890338897705078,-2.8141231567246905e-08,1.780718150712346e-08,1.1234062640141929e-06,2.248850250907708e-06,8.985977183328941e-05,1.3257911746222817e-07,2.2657775389234303e-07,2.2746974082110683e-07,0.0,0.0,5.0,0.26862218895624546,1.1920928955078125e-07,2.384185791015625e-07,3.5762786865234375e-07,1.1920928955078125e-07,0.00968860276043415,5.890901754144579,False,False
663,13.26,-0.11089319735765457,0.15306155383586884,4.809126377105713,0.2890338897705078,-2.0414587353911884e-08,1.724988685225526e-08,1.1196628975085332e-06,2.2440344764618203e-06,8.983305451693013e-05,-1.8830927217550197e-07,5.46083128938335e-07,2.526717821638158e-07,0.0,0.0,5.0,0.26862218895624546,5.960464477539062e-07,2.384185791015625e-07,2.384185791015625e-07,-5.960464477539063e-08,0.00968860276043415,5.900590356905013,False,False
664,13.280000000000001,-0.11089319735765457,0.15306155383586884,4.809126377105713,0.2890338897705078,-1.533870097603085e-08,1.9315683275067386e-08,1.1173832490385394e-06,2.239836476292112e-06,8.9832472440321e-05,3.948876212689356e-07,-3.8496860810255384e-08,3.020903136530251e-07,0.0,0.0,5.0,0.26862218895624546,0.0,7.152557373046875e-07,4.76837158203125e-07,2.384185791015625e-07,0.00968860276043415,5.9102789596654475,False,False
665,13.3,-0.11089319735765457,0.15306155383586884,4.809126377105713,0.2890338897705078,-1.8940834678460305e-08,1.8354011643850754e-08,1.1154274943692144e-06,2.235089823443559e-06,8.985802560346201e-05,-4.910540383207262e-07,-3.2171504926736816e-07,2.7885909048563917e-07,0.0,0.0,5.0,0.26862218895624546,4.76837158203125e-07,0.0,3.5762786865234375e-07,4.76837158203125e-07,0.00968860276043415,5.919967562425882,False,False
666,13.32,-0.11089319735765457,0.15306155383586884,4.809126377105713,0.2890338897705078,-2.229562490185799e-08,1.1235723462732494e-08,1.1123220247100107e-06,2.2311376142170047e-06,8.988357876660302e-05,-2.2077151129451522e-07,-1.3762388562099659e-08,3.034800215573341e-07,0.0,0.0,5.0,0.26862218895624546,2.384185791015625e-07,1.1920928955078125e-07,2.384185791015625e-07,2.384185791015625e-07,0.00968860276043415,5.929656165186316,False,False
667,13.34,-0.11089319735765457,0.15306155383586884,4.809126377105713,0.2890338897705078,-2.2389437859260397e-08,6.625006321314686e-09,1.1086331141996197e-06,2.2281471956375754e-06,8.98307262104936e-05,-2.4029813516790455e-07,4.381186968771544e-09,3.044654590667051e-07,0.0,0.0,5.0,0.26862218895624546,2.384185791015625e-07,1.1920928955078125e-07,3.5762786865234375e-07,3.5762786865234375e-07,0.00968860276043415,5.93934476794675,False,False
668,13.36,-0.11089319735765457,0.15306155383586884,4.809126377105713,0.2890338897705078,-1.6208643316417692e-08,1.508236757707948e-09,1.1049911563532078e-06,2.226156084361719e-06,8.983014413388446e-05,-2.7137738811688905e-07,6.13695590345742e-07,3.0486972946164315e-07,0.0,0.0,5.0,0.26862218895624546,5.960464477539062e-07,2.384185791015625e-07,2.384185791015625e-07,0.0,0.00968860276043415,5.949033370707184,False,False
669,13.38,-0.11089319735765457,0.15306155383586884,4.809126377105713,0.2890338897705078,-9.78050085365112e-09,1.912668023962283e-09,1.1026928632418276e-06,2.2253236693359213e-06,8.982956205727533e-05,3.1181951953840326e-07,2.9115584609940015e-08,3.542882609508524e-07,0.0,0.0,5.0,0.26862218895624546,0.0,4.76837158203125e-07,2.384185791015625e-07,2.384185791015625e-07,0.00968860276043415,5.958721973467618,False,False
670,13.4,-0.11089319735765457,0.15306155383586884,4.809126377105713,0.2890338897705078,-1.2030381135730295e-08,4.9401847057595205e-09,1.1009661875505117e-06,2.2240396901906934e-06,8.980284474091604e-05,-9.068878981111084e-09,-2.541025878599612e-07,3.310570377834665e-07,0.0,0.0,5.0,0.26862218895624546,1.1920928955078125e-07,2.384185791015625e-07,3.5762786865234375e-07,4.76837158203125e-07,0.00968860276043415,5.968410576228052,False,False
671,13.42,-0.11089319735765457,0.15306155383586884,4.809126377105713,0.2890338897705078,-1.101928326363577e-08,4.448013513069782e-09,1.0988659369104425e-06,2.222437842647196e-06,8.980226266430691e-05,-4.014816212816186e-08,3.5521185282050283e-07,3.314613081784046e-07,0.0,0.0,5.0,0.26862218895624546,2.384185791015625e-07,3.5762786865234375e-07,2.384185791015625e-07,2.384185791015625e-07,0.00968860276043415,5.9780991789884865,False,False
672,13.44,-0.11089319735765457,0.15306155383586884,4.809126377105713,0.2890338897705078,-6.747208569635177e-09,4.361542238484617e-10,1.0974124506901717e-06,2.2213464490050683e-06,8.977554534794763e-05,-3.6103654110775096e-07,7.199365370524902e-08,3.0823008501101867e-07,0.0,0.0,5.0,0.26862218895624546,3.5762786865234375e-07,2.384185791015625e-07,2.384185791015625e-07,4.76837158203125e-07,0.00968860276043415,5.987787781748921,False,False
673,13.46,-0.11089319735765457,0.15306155383586884,4.809126377105713,0.2890338897705078,-5.241419742674225e-09,-1.068138577586808e-09,1.0962005490000593e-06,2.221223212472978e-06,8.977496327133849e-05,2.1060773747194617e-07,7.858459127874085e-08,3.0863435540595674e-07,0.0,0.0,5.0,0.26862218895624546,1.1920928955078125e-07,5.960464477539062e-07,3.5762786865234375e-07,3.5762786865234375e-07,0.00968860276043415,5.997476384509355,False,False
674,13.48,-0.11089319735765457,0.15306155383586884,4.809126377105713,0.2890338897705078,-3.6038121375980836e-09,-2.817315047920488e-09,1.0952996944979532e-06,2.221130444013397e-06,8.982665167422965e-05,-3.855247996398248e-07,8.517552885223267e-08,2.606055318210565e-07,0.0,0.0,5.0,0.26862218895624546,2.384185791015625e-07,-1.7881393432617188e-07,2.384185791015625e-07,2.384185791015625e-07,0.00968860276043415,6.007164987269789,False,False
675,13.5,-0.11089319735765457,0.15306155383586884,4.809126377105713,0.2890338897705078,5.061811414464046e-09,-3.5657294894519964e-09,1.0948806448141113e-06,2.2218832782527898e-06,8.970849012257531e-05,3.106826511611871e-07,7.813828801772615e-07,3.221323936486442e-07,0.0,0.0,5.0,0.26862218895624546,5.960464477539062e-07,8.344650268554688e-07,2.384185791015625e-07,0.0,0.00968860276043415,6.016853590030223,False,False
676,13.52,-0.11089319735765457,0.15306155383586884,4.809126377105713,0.2890338897705078,8.81645156880495e-09,2.8293909437593356e-09,1.0964631655951962e-06,2.2225171960599255e-06,8.976017852546647e-05,3.2882616096685524e-07,-4.05920502544177e-07,3.231178311580152e-07,0.0,0.0,5.0,0.26862218895624546,1.1920928955078125e-07,5.960464477539062e-07,4.76837158203125e-07,4.76837158203125e-07,0.00968860276043415,6.026542192790657,False,False
677,13.540000000000001,-0.11089319735765457,0.15306155383586884,4.809126377105713,0.2890338897705078,7.639143762006029e-10,3.4445808427818747e-09,1.0976846169796772e-06,2.222046077804407e-06,8.981186692835763e-05,-2.6730640456662513e-07,-3.9932962181410403e-07,2.7508900757311494e-07,0.0,0.0,5.0,0.26862218895624546,3.5762786865234375e-07,0.0,3.5762786865234375e-07,4.76837158203125e-07,0.00968860276043415,6.036230795551091,False,False
678,13.56,-0.11089319735765457,0.15306155383586884,4.809126377105713,0.2890338897705078,-4.143174248127934e-09,8.012609464813636e-10,1.0974326869472861e-06,2.2215938315639505e-06,8.983742009149864e-05,2.9760907072073906e-09,-9.137696110883553e-08,2.997099386448099e-07,0.0,0.0,5.0,0.26862218895624546,2.384185791015625e-07,2.384185791015625e-07,2.384185791015625e-07,3.5762786865234375e-07,0.00968860276043415,6.045919398311526,False,False
679,13.58,-0.11089319735765457,0.15306155383586884,4.809126377105713,0.2890338897705078,-2.8911810723286635e-09,3.5636207318390234e-09,1.096749087992066e-06,2.2210699626157293e-06,8.981070277513936e-05,2.7325859264237806e-07,2.1657569959643297e-07,2.758975483629911e-07,0.0,0.0,5.0,0.26862218895624546,2.384185791015625e-07,4.76837158203125e-07,3.5762786865234375e-07,2.384185791015625e-07,0.00968860276043415,6.05560800107196,False,False
680,13.6,-0.11089319735765457,0.15306155383586884,4.809126377105713,0.2890338897705078,1.6217898135550968e-09,3.182996977102448e-09,1.0968146852974314e-06,2.2201979845704045e-06,8.981012069853023e-05,-3.1132134381550713e-07,2.3471932308893884e-07,2.7688298587236204e-07,0.0,0.0,5.0,0.26862218895624546,4.76837158203125e-07,1.1920928955078125e-07,2.384185791015625e-07,2.384185791015625e-07,0.00968860276043415,6.065296603832394,False,False
681,13.620000000000001,-0.11089319735765457,0.15306155383586884,4.809126377105713,0.2890338897705078,3.4840033080740795e-09,-2.2509102914902712e-10,1.097429048968479e-06,2.2201288629730698e-06,8.978340338217095e-05,-2.948621080633984e-08,-4.8498844051891865e-08,3.020850840584899e-07,0.0,0.0,5.0,0.26862218895624546,3.5762786865234375e-07,2.384185791015625e-07,2.384185791015625e-07,3.5762786865234375e-07,0.00968860276043415,6.074985206592828,False,False
682,13.64,-0.11089319735765457,0.15306155383586884,4.809126377105713,0.2890338897705078,2.5799318237318403e-09,4.901647976396362e-09,1.09806819637015e-06,2.220097712779534e-06,8.978282130556181e-05,5.421580340225773e-07,-4.1907906478400037e-08,3.0248935445342795e-07,0.0,0.0,5.0,0.26862218895624546,1.1920928955078125e-07,7.152557373046875e-07,3.5762786865234375e-07,2.384185791015625e-07,0.00968860276043415,6.084673809353262,False,False
683,13.66,-0.11089319735765457,0.15306155383586884,4.809126377105713,0.2890338897705078,-1.090424861516226e-09,6.8853966972426406e-09,1.09874281406519e-06,2.2188201000972185e-06,8.980837446870282e-05,-3.4378365398879396e-07,-3.251261091463675e-07,2.7925813128604204e-07,0.0,0.0,5.0,0.26862218895624546,3.5762786865234375e-07,0.0,3.5762786865234375e-07,4.76837158203125e-07,0.00968860276043415,6.094362412113696,False,False
684,13.68,-0.11089319735765457,0.15306155383586884,4.809126377105713,0.2890338897705078,-4.513436291375683e-09,2.7125264256966375e-09,1.0984192613250343e-06,2.2177791834110394e-06,8.983392763184384e-05,-7.350114117343765e-08,-1.7173448441099026e-08,3.03879062357737e-07,0.0,0.0,5.0,0.26862218895624546,2.384185791015625e-07,2.384185791015625e-07,2.384185791015625e-07,3.5762786865234375e-07,0.00968860276043415,6.1040510148741305,False,False
685,13.700000000000001,-0.11089319735765457,0.15306155383586884,4.809126377105713,0.2890338897705078,-1.7773659211073323e-09,3.94533739012104e-09,1.0978576483466895e-06,2.2170374904817436e-06,8.980721031548455e-05,1.9678134322020924e-07,2.9077921226416947e-07,2.800666720759182e-07,0.0,0.0,5.0,0.26862218895624546,2.384185791015625e-07,5.960464477539062e-07,2.384185791015625e-07,1.1920928955078125e-07,0.00968860276043415,6.113739617634565,False,False
686,13.72,-0.11089319735765457,0.15306155383586884,4.809126377105713,0.2890338897705078,-1.8075811958340182e-09,2.035156487778522e-09,1.0979285889334278e-06,2.2162259938340867e-06,8.980662823887542e-05,-3.8779859323767596e-07,-2.938007241937157e-07,2.3261901560545084e-07,0.0,0.0,5.0,0.26862218895624546,3.5762786865234375e-07,-2.384185791015625e-07,4.76837158203125e-07,3.5762786865234375e-07,0.00968860276043415,6.123428220394999,False,False
687,13.74,-0.11089319735765457,0.15306155383586884,4.809126377105713,0.2890338897705078,2.17659001933157e-09,4.516068852211674e-09,1.0976926887451555e-06,2.215860831711325e-06,8.976687240647152e-05,6.358882842505409e-07,6.922160764588625e-07,3.2080839673653827e-07,0.0,0.0,5.0,0.26862218895624546,3.5762786865234375e-07,9.5367431640625e-07,3.5762786865234375e-07,-1.7881393432617188e-07,0.00968860276043415,6.133116823155433,False,False
688,13.76,-0.11089319735765457,0.15306155383586884,4.809126377105713,0.2890338897705078,2.9298863335469605e-09,4.142805654083759e-09,1.0989314205289702e-06,2.214898586316849e-06,8.975319360615686e-05,-6.732144584020716e-07,-6.1688666619375e-07,3.8378817635020823e-07,0.0,0.0,5.0,0.26862218895624546,1.1920928955078125e-07,0.0,2.384185791015625e-07,1.0728836059570312e-06,0.00968860276043415,6.142805425915867,False,False
689,13.780000000000001,-0.11089319735765457,0.15306155383586884,4.809126377105713,0.2890338897705078,3.09047831770215e-09,2.8001316820791544e-09,1.0991975614160765e-06,2.214657342847204e-06,8.980488200904801e-05,5.389476882555755e-07,6.3294584151663e-07,2.793831868075358e-07,0.0,0.0,5.0,0.26862218895624546,3.5762786865234375e-07,8.344650268554688e-07,3.5762786865234375e-07,-2.980232238769531e-07,0.00968860276043415,6.152494028676301,False,False
690,13.8,-0.11089319735765457,0.15306155383586884,4.809126377105713,0.2890338897705078,2.6583664158863485e-09,4.8804688068671e-10,1.1003671716025565e-06,2.214199867012212e-06,8.979120320873335e-05,-7.70155054397037e-07,-6.761569011359825e-07,3.423629664212058e-07,0.0,0.0,5.0,0.26862218895624546,1.1920928955078125e-07,-1.7881393432617188e-07,2.384185791015625e-07,9.5367431640625e-07,0.00968860276043415,6.162182631436735,False,False
691,13.82,-0.11089319735765457,0.15306155383586884,4.809126377105713,0.2890338897705078,1.8934818157845257e-09,-2.1568098418356385e-09,1.1002560995621025e-06,2.2147321487864247e-06,8.97253121365793e-05,5.056706413597567e-07,5.996687946208112e-07,3.542944000400894e-07,0.0,0.0,5.0,0.26862218895624546,2.384185791015625e-07,9.5367431640625e-07,2.384185791015625e-07,-5.960464477539063e-08,0.00968860276043415,6.1718712341971695,False,False
692,13.84,-0.11089319735765457,0.15306155383586884,4.809126377105713,0.2890338897705078,8.041086019261456e-09,2.110828845047763e-09,1.1013357834599447e-06,2.2149160940898582e-06,8.972473005997017e-05,-7.890933773069264e-08,1.5088803095864023e-08,3.0684674356962205e-07,0.0,0.0,5.0,0.26862218895624546,3.5762786865234375e-07,3.5762786865234375e-07,3.5762786865234375e-07,3.5762786865234375e-07,0.00968860276043415,6.181559836957604,False,False
693,13.86,-0.11089319735765457,0.15306155383586884,4.809126377105713,0.2890338897705078,8.408773233270495e-09,5.985452133927538e-10,1.1029566167053417e-06,2.215103677372099e-06,8.977641846286133e-05,-7.231840015720081e-08,2.167974066935585e-08,3.072510139645601e-07,0.0,0.0,5.0,0.26862218895624546,3.5762786865234375e-07,3.5762786865234375e-07,2.384185791015625e-07,3.5762786865234375e-07,0.00968860276043415,6.191248439718038,False,False
694,13.88,-0.11089319735765457,0.15306155383586884,4.809126377105713,0.2890338897705078,5.894647880921866e-09,1.8550042613085793e-09,1.1044616030631005e-06,2.2154072212288156e-06,8.980197162600234e-05,1.9796408423644607e-07,-2.7309107508699526e-07,2.834386236827413e-07,0.0,0.0,5.0,0.26862218895624546,2.384185791015625e-07,3.5762786865234375e-07,4.76837158203125e-07,1.1920928955078125e-07,0.00968860276043415,6.200937042478472,False,False
695,13.9,-0.11089319735765457,0.15306155383586884,4.809126377105713,0.2890338897705078,6.142372721562595e-10,-3.152812386164605e-11,1.1052410400225199e-06,2.215231916125049e-06,8.980138954939321e-05,-3.8661585222143913e-07,-2.549475652813271e-07,2.844240611921123e-07,0.0,0.0,5.0,0.26862218895624546,3.5762786865234375e-07,0.0,3.5762786865234375e-07,3.5762786865234375e-07,0.00968860276043415,6.210625645238906,False,False
696,13.92,-0.11089319735765457,0.15306155383586884,4.809126377105713,0.2890338897705078,-1.4051968477701848e-09,-5.061044916487845e-09,1.1049456816181191e-06,2.215691665696795e-06,8.982694271253422e-05,-1.1633333230065546e-07,5.3005095423941384e-08,3.090449922638072e-07,0.0,0.0,5.0,0.26862218895624546,2.384185791015625e-07,2.384185791015625e-07,2.384185791015625e-07,3.5762786865234375e-07,0.00968860276043415,6.22031424799934,False,False
697,13.94,-0.11089319735765457,0.15306155383586884,4.809126377105713,0.2890338897705078,2.7344506658977252e-09,-4.684879595373559e-09,1.1046282679672004e-06,2.2166902908793418e-06,8.980022539617494e-05,1.5394914498756407e-07,3.609577561292099e-07,2.852326019819884e-07,0.0,0.0,5.0,0.26862218895624546,2.384185791015625e-07,4.76837158203125e-07,2.384185791015625e-07,1.1920928955078125e-07,0.00968860276043415,6.2300028507597744,False,False
698,13.96,-0.11089319735765457,0.15306155383586884,4.809126377105713,0.2890338897705078,7.1214429908650345e-09,-4.814777021522332e-09,1.1053551816075924e-06,2.21776917896932e-06,8.977350807981566e-05,-1.6693924465016607e-07,7.773955701395607e-08,2.620013788146025e-07,0.0,0.0,5.0,0.26862218895624546,3.5762786865234375e-07,1.1920928955078125e-07,2.384185791015625e-07,1.1920928955078125e-07,0.00968860276043415,6.239691453520209,False,False
699,13.98,-0.11089319735765457,0.15306155383586884,4.809126377105713,0.2890338897705078,5.8440465799947106e-09,-5.335214048329817e-09,1.106368927139556e-06,2.2191977677721297e-06,8.974679076345637e-05,1.1489584750279391e-07,-2.054786136795883e-07,2.8720347700073035e-07,0.0,0.0,5.0,0.26862218895624546,2.384185791015625e-07,4.76837158203125e-07,3.5762786865234375e-07,3.5762786865234375e-07,0.00968860276043415,6.249380056280643,False,False
700,14.0,-0.11089319735765457,0.15306155383586884,4.809126377105713,0.2890338897705078,4.813996312691415e-09,-5.985009821074527e-09,1.1070010259572882e-06,2.2204369543032954e-06,8.977234392659739e-05,-1.79874959371773e-07,1.0247404702568019e-07,2.6339108671891154e-07,0.0,0.0,5.0,0.26862218895624546,3.5762786865234375e-07,1.1920928955078125e-07,2.384185791015625e-07,2.384185791015625e-07,0.00968860276043415,6.259068659041077,False,False
701,14.02,-0.11089319735765457,0.15306155383586884,4.809126377105713,0.2890338897705078,4.031291300776729e-09,-6.764162119310413e-09,1.107549564949295e-06,2.2219899165065726e-06,8.97456266102381e-05,1.0196013278118699e-07,-1.807441236678642e-07,2.885931849050394e-07,0.0,0.0,5.0,0.26862218895624546,3.5762786865234375e-07,3.5762786865234375e-07,3.5762786865234375e-07,3.5762786865234375e-07,0.00968860276043415,6.268757261801511,False,False
702,14.040000000000001,-0.11089319735765457,0.15306155383586884,4.809126377105713,0.2890338897705078,4.823014210231236e-10,-4.6590447055905315e-09,1.1076863302150741e-06,2.2232286482903874e-06,8.979731501312926e-05,1.0855107035467881e-07,-1.7415324293779122e-07,2.8899745529997745e-07,0.0,0.0,5.0,0.26862218895624546,2.384185791015625e-07,2.384185791015625e-07,3.5762786865234375e-07,2.384185791015625e-07,0.00968860276043415,6.278445864561945,False,False
703,14.06,-0.11089319735765457,0.15306155383586884,4.809126377105713,0.2890338897705078,1.9428883502037309e-10,-5.696912719344027e-09,1.1073983614551253e-06,2.2240822090680012e-06,8.977059769676998e-05,-2.1233731217762397e-07,1.4535211789734603e-07,3.141995534861053e-07,0.0,0.0,5.0,0.26862218895624546,4.76837158203125e-07,2.384185791015625e-07,2.384185791015625e-07,3.5762786865234375e-07,0.00968860276043415,6.288134467322379,False,False
704,14.08,-0.11089319735765457,0.15306155383586884,4.809126377105713,0.2890338897705078,3.1672537925686584e-09,-4.2272070288618124e-09,1.1073424275309662e-06,2.2252918370213592e-06,8.977001562016085e-05,3.5930696640207316e-07,1.51942998627419e-07,3.1460382388104335e-07,0.0,0.0,5.0,0.26862218895624546,1.1920928955078125e-07,5.960464477539062e-07,2.384185791015625e-07,2.384185791015625e-07,0.00968860276043415,6.2978230700828135,False,False
705,14.1,-0.11089319735765457,0.15306155383586884,4.809126377105713,0.2890338897705078,3.603016496267486e-10,-2.886864303164316e-09,1.1077376029788866e-06,2.2259582692640834e-06,8.976943354355171e-05,-2.2527298426666675e-07,-4.326369662521756e-07,2.67156167410576e-07,0.0,0.0,5.0,0.26862218895624546,3.5762786865234375e-07,1.1920928955078125e-07,3.5762786865234375e-07,5.960464477539062e-07,0.00968860276043415,6.307511672843248,False,False
706,14.120000000000001,-0.11089319735765457,0.15306155383586884,4.809126377105713,0.2890338897705078,-2.3148318817334257e-09,-1.7914069116997666e-09,1.1072146435253671e-06,2.226483957201708e-06,8.982112194644287e-05,3.348185941831616e-07,1.6512484535269323e-07,2.669792706910812e-07,0.0,0.0,5.0,0.26862218895624546,1.1920928955078125e-07,4.76837158203125e-07,3.5762786865234375e-07,1.1920928955078125e-07,0.00968860276043415,6.317200275603682,False,False
707,14.14,-0.11089319735765457,0.15306155383586884,4.809126377105713,0.2890338897705078,1.1691170254124472e-09,-9.408264167731772e-10,1.1070346772612538e-06,2.226524429715937e-06,8.982053986983374e-05,-2.497613422747236e-07,1.832684688451991e-07,2.6796470820045215e-07,0.0,0.0,5.0,0.26862218895624546,3.5762786865234375e-07,0.0,2.384185791015625e-07,2.384185791015625e-07,0.00968860276043415,6.326888878364116,False,False
708,14.16,-0.11089319735765457,0.15306155383586884,4.809126377105713,0.2890338897705078,2.0023087632381475e-09,-3.1177103121393657e-09,1.1072788765886799e-06,2.2270792214840185e-06,8.979382255347446e-05,3.2073774747232164e-08,-9.994970184834528e-08,2.9316680638658e-07,0.0,0.0,5.0,0.26862218895624546,2.384185791015625e-07,2.384185791015625e-07,3.5762786865234375e-07,2.384185791015625e-07,0.00968860276043415,6.33657748112455,False,False
709,14.18,-0.11089319735765457,0.15306155383586884,4.809126377105713,0.2890338897705078,3.1983735659935064e-09,-5.685128368071446e-09,1.1074475878558587e-06,2.2278898086369736e-06,8.976710523711517e-05,-2.8881461844321166e-07,2.1955563056508254e-07,3.1836890457270783e-07,0.0,0.0,5.0,0.26862218895624546,4.76837158203125e-07,2.384185791015625e-07,2.384185791015625e-07,4.76837158203125e-07,0.00968860276043415,6.346266083884984,False,False
710,14.200000000000001,-0.11089319735765457,0.15306155383586884,4.809126377105713,0.2890338897705078,7.65541496861033e-09,-5.744972497723211e-09,1.1080419426434673e-06,2.229427536803996e-06,8.976652316050604e-05,2.8282966013648547e-07,2.261465112951555e-07,3.187731749676459e-07,0.0,0.0,5.0,0.26862218895624546,2.384185791015625e-07,5.960464477539062e-07,2.384185791015625e-07,2.384185791015625e-07,0.00968860276043415,6.355954686645418,False,False
711,14.22,-0.11089319735765457,0.15306155383586884,4.809126377105713,0.2890338897705078,6.332538049491632e-09,-5.934181590561138e-09,1.1092809018009575e-06,2.230792460977682e-06,8.97659410838969e-05,-3.017502763213997e-07,-3.584334535844391e-07,2.7132551849717856e-07,0.0,0.0,5.0,0.26862218895624546,4.76837158203125e-07,1.1920928955078125e-07,3.5762786865234375e-07,4.76837158203125e-07,0.00968860276043415,6.365643289405853,False,False
712,14.24,-0.11089319735765457,0.15306155383586884,4.809126377105713,0.2890338897705078,2.243377261734736e-09,-9.2663832162998e-09,1.1096021808043588e-06,2.23249207920162e-06,8.979149424703792e-05,-3.146777416418445e-08,-5.048079287917062e-08,2.959464495688735e-07,0.0,0.0,5.0,0.26862218895624546,3.5762786865234375e-07,2.384185791015625e-07,3.5762786865234375e-07,3.5762786865234375e-07,0.00968860276043415,6.375331892166287,False,False
713,14.26,-0.11089319735765457,0.15306155383586884,4.809126377105713,0.2890338897705078,4.313297274904926e-09,-7.192904050157267e-09,1.109606955651543e-06,2.2342953798215603e-06,8.981704741017893e-05,2.3881472088760347e-07,2.574718678260979e-07,3.2056738064056844e-07,0.0,0.0,5.0,0.26862218895624546,2.384185791015625e-07,5.960464477539062e-07,2.384185791015625e-07,3.5762786865234375e-07,0.00968860276043415,6.385020494926721,False,False
714,14.280000000000001,-0.11089319735765457,0.15306155383586884,4.809126377105713,0.2890338897705078,6.5150378425471445e-09,-5.364305888377885e-09,1.1103599035777734e-06,2.23572897084523e-06,8.984260057331994e-05,-5.5956078881536087e-08,-3.7298928390328e-08,2.4832189637891133e-07,0.0,0.0,5.0,0.26862218895624546,2.384185791015625e-07,1.1920928955078125e-07,2.384185791015625e-07,2.384185791015625e-07,0.00968860276043415,6.394709097687155,False,False
715,14.3,-0.11089319735765457,0.15306155383586884,4.809126377105713,0.2890338897705078,5.950492543149721e-09,-6.678700703588447e-09,1.1112026641058037e-06,2.237188937215251e-06,8.978974801721051e-05,-7.548270986035277e-08,-1.9155359964884155e-08,2.493073338882823e-07,0.0,0.0,5.0,0.26862218895624546,3.5762786865234375e-07,1.1920928955078125e-07,2.384185791015625e-07,2.384185791015625e-07,0.00968860276043415,6.404397700447589,False,False
716,14.32,-0.11089319735765457,0.15306155383586884,4.809126377105713,0.2890338897705078,2.735189408298311e-09,-5.370002220672632e-09,1.1117773510704865e-06,2.23870438276208e-06,8.976303070085123e-05,2.0635241071431665e-07,-3.0237353598749905e-07,2.7450943207441014e-07,0.0,0.0,5.0,0.26862218895624546,2.384185791015625e-07,3.5762786865234375e-07,4.76837158203125e-07,3.5762786865234375e-07,0.00968860276043415,6.414086303208023,False,False
717,14.34,-0.11089319735765457,0.15306155383586884,4.809126377105713,0.2890338897705078,-2.3276812421979542e-10,-4.190660263247992e-09,1.111708115786314e-06,2.239578407170484e-06,8.978858386399224e-05,-8.841838905482291e-08,5.579125161858656e-09,2.5069704179259134e-07,0.0,0.0,5.0,0.26862218895624546,3.5762786865234375e-07,0.0,3.5762786865234375e-07,2.384185791015625e-07,0.00968860276043415,6.4237749059684575,False,False
718,14.36,-0.11089319735765457,0.15306155383586884,4.809126377105713,0.2890338897705078,6.025149823507547e-11,-6.154302845118309e-09,1.1114022981928429e-06,2.240514731965959e-06,8.978800178738311e-05,-1.0794501292821224e-07,2.372270024864065e-08,3.001155732818006e-07,0.0,0.0,5.0,0.26862218895624546,3.5762786865234375e-07,2.384185791015625e-07,2.384185791015625e-07,3.5762786865234375e-07,0.00968860276043415,6.433463508728892,False,False
719,14.38,-0.11089319735765457,0.15306155383586884,4.809126377105713,0.2890338897705078,6.006173891570654e-10,-2.596744153038344e-09,1.1111462754342938e-06,2.2415717921830947e-06,8.978741971077397e-05,4.636992514406302e-07,3.031363959848932e-08,3.005198436767387e-07,0.0,0.0,5.0,0.26862218895624546,1.1920928955078125e-07,7.152557373046875e-07,3.5762786865234375e-07,3.5762786865234375e-07,0.00968860276043415,6.443152111489326,False,False
720,14.4,-0.11089319735765457,0.15306155383586884,4.809126377105713,0.2890338897705078,1.2728024190167275e-09,7.159307591209085e-10,1.1113030495835119e-06,2.2416531919589033e-06,8.983910811366513e-05,-1.3243329988199548e-07,3.6904577171981146e-08,2.5249102009183844e-07,0.0,0.0,5.0,0.26862218895624546,2.384185791015625e-07,1.1920928955078125e-07,2.384185791015625e-07,2.384185791015625e-07,0.00968860276043415,6.45284071424976,False,False
721,14.42,-0.11089319735765457,0.15306155383586884,4.809126377105713,0.2890338897705078,2.1923338699991746e-09,-2.1280126549783063e-09,1.1115846518805483e-06,2.241838728878065e-06,8.97862555575557e-05,-1.519599237553848e-07,5.504814382106815e-08,2.534764576012094e-07,0.0,0.0,5.0,0.26862218895624546,4.76837158203125e-07,1.1920928955078125e-07,2.384185791015625e-07,2.384185791015625e-07,0.00968860276043415,6.462529317010194,False,False
722,14.44,-0.11089319735765457,0.15306155383586884,4.809126377105713,0.2890338897705078,4.6110712470515125e-10,-2.3488633260626557e-09,1.1117915619252017e-06,2.2424503640650073e-06,8.975953824119642e-05,1.2987517550300254e-07,-2.2817002331976255e-07,2.7867855578733725e-07,0.0,0.0,5.0,0.26862218895624546,2.384185791015625e-07,4.76837158203125e-07,3.5762786865234375e-07,3.5762786865234375e-07,0.00968860276043415,6.472217919770628,False,False
723,14.46,-0.11089319735765457,0.15306155383586884,4.809126377105713,0.2890338897705078,-1.022773643555297e-09,-2.6990709667273904e-09,1.1115482720924774e-06,2.2427911972044967e-06,8.978509140433744e-05,-1.6489562426613702e-07,7.978263738550595e-08,2.5486616550551844e-07,0.0,0.0,5.0,0.26862218895624546,3.5762786865234375e-07,1.1920928955078125e-07,2.384185791015625e-07,2.384185791015625e-07,0.00968860276043415,6.481906522531062,False,False
724,14.48,-0.11089319735765457,0.15306155383586884,4.809126377105713,0.2890338897705078,-2.259308518048897e-09,-3.1786362431063253e-09,1.111153096644557e-06,2.2433637241192628e-06,8.975837408797815e-05,1.1693948209767768e-07,-2.0343553330803843e-07,2.800682636916463e-07,0.0,0.0,5.0,0.26862218895624546,2.384185791015625e-07,4.76837158203125e-07,3.5762786865234375e-07,3.5762786865234375e-07,0.00968860276043415,6.4915951252914965,False,False
725,14.5,-0.11089319735765457,0.15306155383586884,4.809126377105713,0.2890338897705078,-3.2484970269308633e-09,-3.7875587111102504e-09,1.1103860515504493e-06,2.2437420739152003e-06,8.978392725111917e-05,-1.7783132477688923e-07,1.0451712739723007e-07,2.5625587340982747e-07,0.0,0.0,5.0,0.26862218895624546,3.5762786865234375e-07,1.1920928955078125e-07,2.384185791015625e-07,2.384185791015625e-07,0.00968860276043415,6.501283728051931,False,False
726,14.52,-0.11089319735765457,0.15306155383586884,4.809126377105713,0.2890338897705078,-3.990339614290406e-09,-4.525838370739166e-09,1.1095457921328489e-06,2.244428287667688e-06,8.975720993475989e-05,1.0400376737607075e-07,-1.787010432963143e-07,2.814579715959553e-07,0.0,0.0,5.0,0.26862218895624546,3.5762786865234375e-07,2.384185791015625e-07,3.5762786865234375e-07,3.5762786865234375e-07,0.00968860276043415,6.510972330812365,False,False
727,14.540000000000001,-0.11089319735765457,0.15306155383586884,4.809126377105713,0.2890338897705078,-4.484836058082919e-09,2.570824386705084e-10,1.1084988500442705e-06,2.2447056835517287e-06,8.97827630979009e-05,3.742862872968544e-07,1.292516174089542e-07,3.0607890266765025e-07,0.0,0.0,5.0,0.26862218895624546,1.1920928955078125e-07,7.152557373046875e-07,2.384185791015625e-07,3.5762786865234375e-07,0.00968860276043415,6.520660933572799,False,False
728,14.56,-0.11089319735765457,0.15306155383586884,4.809126377105713,0.2890338897705078,-4.847513945804849e-09,4.795118080380689e-09,1.1078687975896173e-06,2.243960352643626e-06,8.980831626104191e-05,7.951545910600544e-08,-1.6551918236018537e-07,2.3383341840599314e-07,0.0,0.0,5.0,0.26862218895624546,2.384185791015625e-07,2.384185791015625e-07,4.76837158203125e-07,2.384185791015625e-07,0.00968860276043415,6.530349536333233,False,False
729,14.58,-0.11089319735765457,0.15306155383586884,4.809126377105713,0.2890338897705078,-4.96284524587054e-09,3.1765365893221542e-09,1.1071070957768825e-06,2.242789832962444e-06,8.978159894468263e-05,-2.413729305317247e-07,1.5398617847495188e-07,2.5903548817041155e-07,0.0,0.0,5.0,0.26862218895624546,4.76837158203125e-07,1.1920928955078125e-07,2.384185791015625e-07,2.384185791015625e-07,0.00968860276043415,6.540038139093667,False,False
730,14.6,-0.11089319735765457,0.15306155383586884,4.809126377105713,0.2890338897705078,-4.715301482605128e-09,1.1674204936085175e-09,1.1063841611758107e-06,2.242198888779967e-06,8.975488162832335e-05,4.0462186490231034e-08,-1.292319922185925e-07,2.842375863565394e-07,0.0,0.0,5.0,0.26862218895624546,3.5762786865234375e-07,4.76837158203125e-07,3.5762786865234375e-07,3.5762786865234375e-07,0.00968860276043415,6.549726741854101,False,False
731,14.620000000000001,-0.11089319735765457,0.15306155383586884,4.809126377105713,0.2890338897705078,-7.234044474557777e-09,2.0425745539398577e-09,1.105374167309492e-06,2.2415833882405423e-06,8.98065700312145e-05,4.705312406372286e-08,-1.2264111148851953e-07,2.8464185675147746e-07,0.0,0.0,5.0,0.26862218895624546,2.384185791015625e-07,3.5762786865234375e-07,3.5762786865234375e-07,3.5762786865234375e-07,0.00968860276043415,6.559415344614536,False,False
732,14.64,-0.11089319735765457,0.15306155383586884,4.809126377105713,0.2890338897705078,-6.607336899833172e-09,3.592078370862062e-11,1.1040624485758599e-06,2.2408560198527994e-06,8.983212319435552e-05,-2.477176792581304e-07,1.8531154921674897e-07,2.6082946646965866e-07,0.0,0.0,5.0,0.26862218895624546,2.384185791015625e-07,1.1920928955078125e-07,2.384185791015625e-07,3.5762786865234375e-07,0.00968860276043415,6.56910394737497,False,False
733,14.66,-0.11089319735765457,0.15306155383586884,4.809126377105713,0.2890338897705078,1.7845191990772946e-10,-2.215609251621231e-09,1.1032053635062766e-06,2.2408862605516333e-06,8.980540587799624e-05,2.2564808688230187e-08,4.932642241328722e-07,2.3701709039869456e-07,0.0,0.0,5.0,0.26862218895624546,4.76837158203125e-07,2.384185791015625e-07,2.384185791015625e-07,-1.1920928955078125e-07,0.00968860276043415,6.578792550135404,False,False
734,14.68,-0.11089319735765457,0.15306155383586884,4.809126377105713,0.2890338897705078,-3.3673855370786043e-11,-6.191207546635269e-09,1.1033519058400998e-06,2.241590891571832e-06,8.971337956609204e-05,-4.2012288758996874e-07,-5.144767101228354e-07,3.242135448999761e-07,0.0,0.0,5.0,0.26862218895624546,3.5762786865234375e-07,0.0,2.384185791015625e-07,9.5367431640625e-07,0.00968860276043415,6.588481152895838,False,False
735,14.700000000000001,-0.11089319735765457,0.15306155383586884,4.809126377105713,0.2890338897705078,-7.359241216420287e-09,-5.9791385176311e-09,1.1022312946806778e-06,2.2427952899306547e-06,8.973893272923306e-05,4.4133045662420045e-07,-2.1807670691487147e-07,2.998199875037244e-07,0.0,0.0,5.0,0.26862218895624546,1.1920928955078125e-07,5.960464477539062e-07,3.5762786865234375e-07,4.76837158203125e-07,0.00968860276043415,6.598169755656272,False,False
736,14.72,-0.11089319735765457,0.15306155383586884,4.809126377105713,0.2890338897705078,-1.1654884168876833e-08,-3.1138480682812997e-09,1.1002822475347784e-06,2.2429828732128954e-06,8.979062113212422e-05,-1.5480210890927992e-07,-2.1148579776308907e-07,2.5179116391882417e-07,0.0,0.0,5.0,0.26862218895624546,2.384185791015625e-07,-5.960464477539063e-08,3.5762786865234375e-07,2.384185791015625e-07,0.00968860276043415,6.607858358416706,False,False
737,14.74,-0.11089319735765457,0.15306155383586884,4.809126377105713,0.2890338897705078,-1.268955251987336e-08,-9.418803514904539e-09,1.0976076509905397e-06,2.2432816422224278e-06,8.976390381576493e-05,-4.756905127578648e-07,1.0801953465033876e-07,2.76993262104952e-07,0.0,0.0,5.0,0.26862218895624546,4.76837158203125e-07,-5.960464477539063e-08,2.384185791015625e-07,5.960464477539062e-07,0.00968860276043415,6.6175469611771405,False,False
738,14.76,-0.11089319735765457,0.15306155383586884,4.809126377105713,0.2890338897705078,-7.56513873767517e-09,-1.0318077947601978e-08,1.0949237321256078e-06,2.244781171611976e-06,8.978945697890595e-05,3.8576288829972327e-07,4.044195804908668e-07,2.525997047087003e-07,0.0,0.0,5.0,0.26862218895624546,2.384185791015625e-07,5.960464477539062e-07,1.1920928955078125e-07,1.1920928955078125e-07,0.00968860276043415,6.627235563937575,False,False
739,14.780000000000001,-0.11089319735765457,0.15306155383586884,4.809126377105713,0.2890338897705078,-5.3225361895670176e-09,-8.448608923572465e-09,1.0933882776953396e-06,2.2460726540884934e-06,8.978887490229681e-05,-1.9881704815816192e-07,-1.801603559670184e-07,2.0515204823823296e-07,0.0,0.0,5.0,0.26862218895624546,4.76837158203125e-07,-1.7881393432617188e-07,3.5762786865234375e-07,2.384185791015625e-07,0.00968860276043415,6.636924166698009,False,False
740,14.8,-0.11089319735765457,0.15306155383586884,4.809126377105713,0.2890338897705078,-1.9636534620559587e-09,-5.086152388145138e-09,1.0919914075202541e-06,2.247332304250449e-06,8.972298383014277e-05,5.350606784304546e-07,5.16047066412284e-07,3.1813905820854416e-07,0.0,0.0,5.0,0.26862218895624546,2.384185791015625e-07,9.5367431640625e-07,2.384185791015625e-07,0.0,0.00968860276043415,6.646612769458443,False,False
741,14.82,-0.11089319735765457,0.15306155383586884,4.809126377105713,0.2890338897705078,2.511508334634982e-09,-2.3071261567864099e-10,1.0920587101281853e-06,2.2477620404970367e-06,8.972240175353363e-05,-4.9519311318135806e-08,-6.85329126781653e-08,2.706914017380768e-07,0.0,0.0,5.0,0.26862218895624546,4.76837158203125e-07,2.384185791015625e-07,3.5762786865234375e-07,3.5762786865234375e-07,0.00968860276043415,6.656301372218877,False,False
742,14.84,-0.11089319735765457,0.15306155383586884,4.809126377105713,0.2890338897705078,4.220384486330886e-09,1.4817354010432382e-09,1.0925809874606784e-06,2.2479021026811097e-06,8.974795491667464e-05,2.207631837336521e-07,2.394197338162485e-07,2.9531233280977176e-07,0.0,0.0,5.0,0.26862218895624546,3.5762786865234375e-07,5.960464477539062e-07,2.384185791015625e-07,2.384185791015625e-07,0.00968860276043415,6.665989974979311,False,False
743,14.86,-0.11089319735765457,0.15306155383586884,4.809126377105713,0.2890338897705078,1.4934378733677534e-10,3.064819509290828e-09,1.093460809897806e-06,2.2476235699286917e-06,8.977350807981566e-05,-6.245498695989227e-08,-6.465219257734134e-07,2.7208110964238585e-07,0.0,0.0,5.0,0.26862218895624546,1.1920928955078125e-07,1.1920928955078125e-07,2.384185791015625e-07,7.152557373046875e-07,0.00968860276043415,6.675678577739745,False,False
744,14.88,-0.11089319735765457,0.15306155383586884,4.809126377105713,0.2890338897705078,-6.8035084233031284e-09,7.416645519953136e-09,1.0929587688224274e-06,2.246645408376935e-06,8.977292600320652e-05,4.976365630682267e-07,-4.876011416854453e-08,2.2347107631048857e-07,0.0,0.0,5.0,0.26862218895624546,2.384185791015625e-07,4.76837158203125e-07,4.76837158203125e-07,1.1920928955078125e-07,0.00968860276043415,6.6853671805001795,False,False
745,14.9,-0.11089319735765457,0.15306155383586884,4.809126377105713,0.2890338897705078,-7.597278361970439e-09,1.1523593634876761e-08,1.092177285499929e-06,2.2443305169872474e-06,8.977234392659739e-05,-8.694341602222266e-08,-3.0616547519457527e-08,2.2445651381985954e-07,0.0,0.0,5.0,0.26862218895624546,4.76837158203125e-07,2.384185791015625e-07,3.5762786865234375e-07,1.1920928955078125e-07,0.00968860276043415,6.695055783260614,False,False
746,14.92,-0.11089319735765457,0.15306155383586884,4.809126377105713,0.2890338897705078,-8.028175457752695e-09,9.589448346503104e-09,1.0913065580098191e-06,2.241879656139645e-06,8.977176184998825e-05,-1.0647003989561199e-07,-1.2472977317656841e-08,2.738750595199235e-07,0.0,0.0,5.0,0.26862218895624546,3.5762786865234375e-07,2.384185791015625e-07,3.5762786865234375e-07,2.384185791015625e-07,0.00968860276043415,6.704744386021048,False,False
747,14.94,-0.11089319735765457,0.15306155383586884,4.809126377105713,0.2890338897705078,-8.096200154739108e-09,7.264773227433352e-09,1.0902667781920172e-06,2.2398091914510587e-06,8.977117977337912e-05,-1.2599666376900132e-07,5.670598213214362e-09,3.232935910091328e-07,0.0,0.0,5.0,0.26862218895624546,2.384185791015625e-07,3.5762786865234375e-07,2.384185791015625e-07,4.76837158203125e-07,0.00968860276043415,6.714432988781482,False,False
748,14.96,-0.11089319735765457,0.15306155383586884,4.809126377105713,0.2890338897705078,-7.916877819980073e-09,4.434035361100541e-09,1.0890967132581864e-06,2.2382173483492807e-06,8.977059769676998e-05,-1.5707591671798582e-07,1.226153667488461e-08,2.7526476742423256e-07,0.0,0.0,5.0,0.26862218895624546,3.5762786865234375e-07,1.1920928955078125e-07,3.5762786865234375e-07,3.5762786865234375e-07,0.00968860276043415,6.724121591541916,False,False
749,14.98,-0.11089319735765457,0.15306155383586884,4.809126377105713,0.2890338897705078,-4.592105806722202e-09,3.995343611506996e-09,1.087998725779471e-06,2.237113676528679e-06,8.9796150859911e-05,1.1320654635937899e-07,3.202141840574768e-07,2.998856984959275e-07,0.0,0.0,5.0,0.26862218895624546,2.384185791015625e-07,5.960464477539062e-07,2.384185791015625e-07,2.384185791015625e-07,0.00968860276043415,6.73381019430235,False,False
750,15.0,-0.11089319735765457,0.15306155383586884,4.809126377105713,0.2890338897705078,-4.0336187723255534e-09,4.1366024494671194e-10,1.0875509133256855e-06,2.236287173218443e-06,8.979556878330186e-05,-4.71373425625643e-07,-2.6436572397869895e-07,2.5243804202546016e-07,0.0,0.0,5.0,0.26862218895624546,4.76837158203125e-07,-2.384185791015625e-07,3.5762786865234375e-07,3.5762786865234375e-07,0.00968860276043415,6.743498797062784,False,False
751,15.02,-0.11089319735765457,0.15306155383586884,4.809126377105713,0.2890338897705078,5.392548629856719e-10,1.2230694235171313e-09,1.0868133131225477e-06,2.2362546587828547e-06,8.975581295089796e-05,5.523134518625739e-07,7.216510766738793e-07,3.406274231565476e-07,0.0,0.0,5.0,0.26862218895624546,3.5762786865234375e-07,1.0728836059570312e-06,2.384185791015625e-07,0.0,0.00968860276043415,6.753187399823219,False,False
752,15.040000000000001,-0.11089319735765457,0.15306155383586884,4.809126377105713,0.2890338897705078,-6.677841613011992e-10,2.6565218913532362e-09,1.0874897498069913e-06,2.235754209323204e-06,8.984667510958388e-05,-4.0896864561545954e-07,-8.42354438645998e-07,2.5988202878579614e-07,0.0,0.0,5.0,0.26862218895624546,1.1920928955078125e-07,-2.980232238769531e-07,2.384185791015625e-07,7.152557373046875e-07,0.00968860276043415,6.762876002583653,False,False
753,15.06,-0.11089319735765457,0.15306155383586884,4.809126377105713,0.2890338897705078,-4.756634641722712e-09,7.235420707019102e-09,1.0867777291423408e-06,2.235017063867417e-06,8.978078403742984e-05,8.668570785630436e-07,4.334712571107957e-07,2.7181346240467974e-07,0.0,0.0,5.0,0.26862218895624546,1.1920928955078125e-07,9.5367431640625e-07,3.5762786865234375e-07,0.0,0.00968860276043415,6.772564605344087,False,False
754,15.08,-0.11089319735765457,0.15306155383586884,4.809126377105713,0.2890338897705078,1.0806344707958715e-09,1.571319074855637e-08,1.0871439144466422e-06,2.232588485640008e-06,8.980633720057085e-05,-1.908456326304986e-08,1.5025302957383246e-07,2.4858223923729383e-07,0.0,0.0,5.0,0.26862218895624546,2.384185791015625e-07,3.5762786865234375e-07,3.5762786865234375e-07,1.1920928955078125e-07,0.00968860276043415,6.782253208104521,False,False
755,15.1,-0.11089319735765457,0.15306155383586884,4.809126377105713,0.2890338897705078,4.267145747860468e-09,9.485676244480601e-09,1.088383783098834e-06,2.2301023818727117e-06,8.980575512396172e-05,-6.036645459062129e-07,1.6839665306633833e-07,2.495676767466648e-07,0.0,0.0,5.0,0.26862218895624546,4.76837158203125e-07,-1.1920928955078125e-07,2.384185791015625e-07,2.384185791015625e-07,0.00968860276043415,6.791941810864955,False,False
756,15.120000000000001,-0.11089319735765457,0.15306155383586884,4.809126377105713,0.2890338897705078,1.1583569659023851e-08,7.388078593351111e-09,1.0900538427449646e-06,2.229180154245114e-06,8.971372881205752e-05,3.939047417134134e-07,5.632424517898471e-07,3.353111992510094e-07,0.0,0.0,5.0,0.26862218895624546,4.76837158203125e-07,1.0728836059570312e-06,3.5762786865234375e-07,-5.960464477539063e-08,0.00968860276043415,6.801630413625389,False,False
757,15.14,-0.11089319735765457,0.15306155383586884,4.809126377105713,0.2890338897705078,1.0221975266233585e-08,3.0164164499524304e-09,1.0929284144367557e-06,2.228502580692293e-06,8.98307262104936e-05,-8.310688599522109e-07,-6.99401368819963e-07,2.7878223818333936e-07,0.0,0.0,5.0,0.26862218895624546,2.384185791015625e-07,-5.364418029785156e-07,2.384185791015625e-07,7.152557373046875e-07,0.00968860276043415,6.8113190163858235,False,False
758,15.16,-0.11089319735765457,0.15306155383586884,4.809126377105713,0.2890338897705078,1.1252424769736535e-08,1.4135048687080598e-09,1.0944638688670238e-06,2.2289891603577416e-06,8.975173841463402e-05,6.707782631565351e-07,8.024458111322019e-07,3.1190307936412864e-07,0.0,0.0,5.0,0.26862218895624546,3.5762786865234375e-07,1.0728836059570312e-06,2.384185791015625e-07,-1.7881393432617188e-07,0.00968860276043415,6.821007619146258,False,False
759,15.18,-0.11089319735765457,0.15306155383586884,4.809126377105713,0.2890338897705078,4.416024879105862e-09,-2.0290031876868397e-09,1.0968730066451826e-06,2.2291583263722714e-06,8.977729157777503e-05,-1.015026668937935e-06,-1.4860827377560781e-06,2.931520270976762e-07,0.0,0.0,5.0,0.26862218895624546,2.384185791015625e-07,-6.556510925292969e-07,2.384185791015625e-07,1.3113021850585938e-06,0.00968860276043415,6.830696221906692,False,False
760,15.200000000000001,-0.11089319735765457,0.15306155383586884,4.809126377105713,0.2890338897705078,-1.4385931335070268e-10,2.8322704181960034e-09,1.0963267413899302e-06,2.229820893262513e-06,8.978974801721051e-05,1.501152496530267e-06,1.0300964277121238e-06,2.394806983829767e-07,0.0,0.0,5.0,0.26862218895624546,0.0,1.430511474609375e-06,3.5762786865234375e-07,-6.556510925292969e-07,0.00968860276043415,6.840384824667126,False,False
761,15.22,-0.11089319735765457,0.15306155383586884,4.809126377105713,0.2890338897705078,1.426461060383133e-09,8.173193677407653e-09,1.0975314808092662e-06,2.2282924874161836e-06,8.978916594060138e-05,-9.670626468505361e-07,-8.73065118867089e-07,2.3932790327307885e-07,0.0,0.0,5.0,0.26862218895624546,3.5762786865234375e-07,-6.556510925292969e-07,3.5762786865234375e-07,8.344650268554688e-07,0.00968860276043415,6.85007342742756,False,False
762,15.24,-0.11089319735765457,0.15306155383586884,4.809126377105713,0.2890338897705078,-1.0163822006248324e-09,3.850388452519837e-09,1.0973487860610476e-06,2.2274568891589297e-06,8.97624486242421e-05,5.34784419414791e-07,6.287819473982381e-07,3.2088183843370643e-07,0.0,0.0,5.0,0.26862218895624546,4.76837158203125e-07,9.5367431640625e-07,3.5762786865234375e-07,-1.1920928955078125e-07,0.00968860276043415,6.859762030187994,False,False
763,15.26,-0.11089319735765457,0.15306155383586884,4.809126377105713,0.2890338897705078,-1.5317730417407915e-09,1.4550385341038918e-09,1.0977961437674821e-06,2.226576725661289e-06,8.974876982392743e-05,-7.743183232378215e-07,-6.803207952543744e-07,3.838616180473764e-07,0.0,0.0,5.0,0.26862218895624546,2.384185791015625e-07,-1.1920928955078125e-07,2.384185791015625e-07,1.0728836059570312e-06,0.00968860276043415,6.869450632948428,False,False
764,15.280000000000001,-0.11089319735765457,0.15306155383586884,4.809126377105713,0.2890338897705078,4.140797038587607e-09,5.247656975626569e-09,1.0973773214573157e-06,2.2264621293288656e-06,8.973509102361277e-05,1.153577841250808e-06,1.247575369234255e-06,3.3999805282292073e-07,0.0,0.0,5.0,0.26862218895624546,3.5762786865234375e-07,1.5497207641601562e-06,2.384185791015625e-07,-4.172325134277344e-07,0.00968860276043415,6.8791392357088625,False,False
765,15.3,-0.11089319735765457,0.15306155383586884,4.809126377105713,0.2890338897705078,9.829660641003102e-09,1.5083829296713702e-08,1.0998739981005201e-06,2.224805484729586e-06,8.978677942650393e-05,-1.6996571616800793e-07,-6.786917197132425e-07,2.9024982950431877e-07,0.0,0.0,5.0,0.26862218895624546,1.1920928955078125e-07,2.384185791015625e-07,3.5762786865234375e-07,5.960464477539062e-07,0.00968860276043415,6.888827838469297,False,False
766,15.32,-0.11089319735765457,0.15306155383586884,4.809126377105713,0.2890338897705078,5.247040135714087e-09,1.4271803294718666e-08,1.1018680652341573e-06,2.2224705844564596e-06,8.981233258964494e-05,8.876407520119756e-08,2.2043184344511246e-07,2.6585627210806706e-07,0.0,0.0,5.0,0.26862218895624546,3.5762786865234375e-07,4.76837158203125e-07,3.5762786865234375e-07,1.1920928955078125e-07,0.00968860276043415,6.898516441229731,False,False
767,15.34,-0.11089319735765457,0.15306155383586884,4.809126377105713,0.2890338897705078,6.823503095887418e-09,1.3214901173341786e-08,1.103870090446435e-06,2.220144324383e-06,8.983788575278595e-05,-1.9445410259777418e-07,-6.278632724843192e-08,2.910583702941949e-07,0.0,0.0,5.0,0.26862218895624546,3.5762786865234375e-07,2.384185791015625e-07,2.384185791015625e-07,2.384185791015625e-07,0.00968860276043415,6.908205043990165,False,False
768,15.36,-0.11089319735765457,0.15306155383586884,4.809126377105713,0.2890338897705078,2.7355766540893e-09,1.214416034400756e-08,1.1055911954827025e-06,2.218142071797047e-06,8.981116843642667e-05,8.738099666061316e-08,-3.4600452636368573e-07,3.1626046848032274e-07,0.0,0.0,5.0,0.26862218895624546,2.384185791015625e-07,4.76837158203125e-07,4.76837158203125e-07,4.76837158203125e-07,0.00968860276043415,6.917893646750599,False,False
769,15.38,-0.11089319735765457,0.15306155383586884,4.809126377105713,0.2890338897705078,-1.1050049764094183e-09,1.0944063433271367e-08,1.106371428249986e-06,2.2158969841257203e-06,8.983672159956768e-05,-2.073898031085264e-07,-3.805186565841723e-08,2.9244807819850394e-07,0.0,0.0,5.0,0.26862218895624546,2.384185791015625e-07,2.384185791015625e-07,3.5762786865234375e-07,2.384185791015625e-07,0.00968860276043415,6.927582249511033,False,False
770,15.4,-0.11089319735765457,0.15306155383586884,4.809126377105713,0.2890338897705078,1.3290220035599987e-09,3.5873544135256452e-09,1.106726699617866e-06,2.214313781223609e-06,8.98100042832084e-05,-5.282782353788207e-07,2.814534525441559e-07,3.176501763846318e-07,0.0,0.0,5.0,0.26862218895624546,4.76837158203125e-07,1.1920928955078125e-07,1.1920928955078125e-07,3.5762786865234375e-07,0.00968860276043415,6.9372708522714674,False,False
771,15.42,-0.11089319735765457,0.15306155383586884,4.809126377105713,0.2890338897705078,7.024026249524695e-09,-1.261781790162786e-09,1.1074725989601575e-06,2.214427695435006e-06,8.980942220659927e-05,4.3366046753590126e-08,2.8804433327422885e-07,3.1805444677956984e-07,0.0,0.0,5.0,0.26862218895624546,2.384185791015625e-07,4.76837158203125e-07,2.384185791015625e-07,2.384185791015625e-07,0.00968860276043415,6.946959455031902,False,False
772,15.44,-0.11089319735765457,0.15306155383586884,4.809126377105713,0.2890338897705078,9.952743518226725e-09,-3.603351617087469e-09,1.109023401113518e-06,2.2152491965243826e-06,8.978270489023998e-05,-2.77522332225999e-07,4.826157695703159e-09,2.9482322361218394e-07,0.0,0.0,5.0,0.26862218895624546,3.5762786865234375e-07,2.384185791015625e-07,2.384185791015625e-07,3.5762786865234375e-07,0.00968860276043415,6.956648057792336,False,False
773,15.46,-0.11089319735765457,0.15306155383586884,4.809126377105713,0.2890338897705078,1.0115177140335163e-08,-3.4373546231591945e-09,1.110656512537389e-06,2.2166495909914374e-06,8.978212281363085e-05,2.9412194635369815e-07,1.1417095713284198e-08,2.95227494007122e-07,0.0,0.0,5.0,0.26862218895624546,2.384185791015625e-07,5.960464477539062e-07,3.5762786865234375e-07,1.1920928955078125e-07,0.00968860276043415,6.96633666055277,False,False
774,15.48,-0.11089319735765457,0.15306155383586884,4.809126377105713,0.2890338897705078,7.511325783582379e-09,-6.41434905190863e-09,1.1122482419523294e-06,2.217795326941996e-06,8.980767597677186e-05,-5.918196848142543e-07,-2.718010705393681e-07,2.719962708397361e-07,0.0,0.0,5.0,0.26862218895624546,3.5762786865234375e-07,-1.7881393432617188e-07,2.384185791015625e-07,3.5762786865234375e-07,0.00968860276043415,6.976025263313204,False,False
775,15.5,-0.11089319735765457,0.15306155383586884,4.809126377105713,0.2890338897705078,8.921858807298122e-09,-5.3769513286283654e-09,1.1131143082820927e-06,2.219705265815719e-06,8.974178490461782e-05,6.955588105483912e-07,4.1285386487288633e-07,3.329419655528909e-07,0.0,0.0,5.0,0.26862218895624546,0.0,1.1920928955078125e-06,2.384185791015625e-07,1.1920928955078125e-07,0.00968860276043415,6.985713866073638,False,False
776,15.52,-0.11089319735765457,0.15306155383586884,4.809126377105713,0.2890338897705078,4.552478394259651e-09,-4.09221367903001e-09,1.114668862101098e-06,2.220728674728889e-06,8.980651182355359e-05,-5.670850100614189e-07,-8.497899557369237e-07,2.2797989629452786e-07,0.0,0.0,5.0,0.26862218895624546,2.384185791015625e-07,-5.364418029785156e-07,3.5762786865234375e-07,5.960464477539062e-07,0.00968860276043415,6.995402468834072,False,False
777,15.540000000000001,-0.11089319735765457,0.15306155383586884,4.809126377105713,0.2890338897705078,5.5887725558534385e-09,-3.4290559280947264e-09,1.1147310488013318e-06,2.221928525614203e-06,8.975365926744416e-05,6.33400361493841e-07,9.534189757687273e-07,2.853173839412193e-07,0.0,0.0,5.0,0.26862218895624546,3.5762786865234375e-07,9.5367431640625e-07,3.5762786865234375e-07,-4.172325134277344e-07,0.00968860276043415,7.0050910715945065,False,False
778,15.56,-0.11089319735765457,0.15306155383586884,4.809126377105713,0.2890338897705078,1.5188783564212827e-08,-2.2943677513431737e-10,1.1168374385306379e-06,2.222652483396814e-06,8.976611570687965e-05,-3.1344100648311723e-07,6.5776046831445e-09,3.1729999250273977e-07,0.0,0.0,5.0,0.26862218895624546,4.76837158203125e-07,3.5762786865234375e-07,2.384185791015625e-07,3.5762786865234375e-07,0.00968860276043415,7.014779674354941,False,False
779,15.58,-0.11089319735765457,0.15306155383586884,4.809126377105713,0.2890338897705078,1.2372612268052308e-08,-3.795450176369286e-09,1.1194283615623135e-06,2.2238800738705322e-06,8.979166887002066e-05,-4.315850432590196e-08,-2.881932061882253e-07,2.9348760222092096e-07,0.0,0.0,5.0,0.26862218895624546,3.5762786865234375e-07,2.384185791015625e-07,3.5762786865234375e-07,3.5762786865234375e-07,0.00968860276043415,7.024468277115375,False,False
780,15.6,-0.11089319735765457,0.15306155383586884,4.809126377105713,0.2890338897705078,9.688261748408422e-09,-1.955791750773983e-09,1.1212472372790216e-06,2.225124035248882e-06,8.981722203316167e-05,2.2712399072588596e-07,1.9759454517043196e-08,3.181085332926159e-07,0.0,0.0,5.0,0.26862218895624546,1.1920928955078125e-07,5.960464477539062e-07,2.384185791015625e-07,2.384185791015625e-07,0.00968860276043415,7.034156879875809,False,False
781,15.620000000000001,-0.11089319735765457,0.15306155383586884,4.809126377105713,0.2890338897705078,4.2376266939925245e-09,-3.2591231935441556e-09,1.1227134564251173e-06,2.2258807348407572e-06,8.981663995655254e-05,-3.5745597415370867e-07,-5.648205387842609e-07,2.7066087682214857e-07,0.0,0.0,5.0,0.26862218895624546,2.384185791015625e-07,-5.960464477539063e-08,2.384185791015625e-07,7.152557373046875e-07,0.00968860276043415,7.043845482636243,False,False
782,15.64,-0.11089319735765457,0.15306155383586884,4.809126377105713,0.2890338897705078,-1.0811902484419988e-09,-4.8073407477033925e-09,1.122616822613054e-06,2.2268457087193383e-06,8.98160578799434e-05,2.0263557587441028e-07,3.294127282060799e-08,2.2205084349025128e-07,0.0,0.0,5.0,0.26862218895624546,1.1920928955078125e-07,2.384185791015625e-07,3.5762786865234375e-07,1.1920928955078125e-07,0.00968860276043415,7.053534085396677,False,False
783,15.66,-0.11089319735765457,0.15306155383586884,4.809126377105713,0.2890338897705078,2.772706508835654e-09,-3.963505079696006e-09,1.1224133231735323e-06,2.227586264780257e-06,8.978934056358412e-05,-1.1825281376331986e-07,3.524465910231811e-07,2.4725287062210555e-07,0.0,0.0,5.0,0.26862218895624546,3.5762786865234375e-07,2.384185791015625e-07,2.384185791015625e-07,0.0,0.00968860276043415,7.063222688157111,False,False
784,15.68,-0.11089319735765457,0.15306155383586884,4.809126377105713,0.2890338897705078,6.989475220819941e-09,-3.5102032391876037e-09,1.1231328471694724e-06,2.228665607617586e-06,8.976262324722484e-05,1.6358228549506748e-07,6.922839190792729e-08,2.724549688082334e-07,0.0,0.0,5.0,0.26862218895624546,2.384185791015625e-07,4.76837158203125e-07,3.5762786865234375e-07,2.384185791015625e-07,0.00968860276043415,7.072911290917546,False,False
785,15.700000000000001,-0.11089319735765457,0.15306155383586884,4.809126377105713,0.2890338897705078,8.55548609735024e-09,-6.084366344083492e-09,1.1243647577430238e-06,2.229784513474442e-06,8.97620411706157e-05,-4.209976509628177e-07,8.73719585570143e-08,2.7344040631760436e-07,0.0,0.0,5.0,0.26862218895624546,4.76837158203125e-07,-5.960464477539063e-08,2.384185791015625e-07,3.5762786865234375e-07,0.00968860276043415,7.08259989367798,False,False
786,15.72,-0.11089319735765457,0.15306155383586884,4.809126377105713,0.2890338897705078,1.0368842673358358e-08,-8.787886862648975e-09,1.1256621519351029e-06,2.231849748568493e-06,8.976145909400657e-05,1.5064662761687941e-07,9.396289613050612e-08,2.738446767125424e-07,0.0,0.0,5.0,0.26862218895624546,3.5762786865234375e-07,3.5762786865234375e-07,2.384185791015625e-07,1.1920928955078125e-07,0.00968860276043415,7.092288496438414,False,False
787,15.74,-0.11089319735765457,0.15306155383586884,4.809126377105713,0.2890338897705078,6.402282703987794e-09,-5.970213212691533e-09,1.127045266002824e-06,2.2338008420774713e-06,8.976087701739743e-05,1.311200037434901e-07,-4.906170829599432e-07,2.748301142219134e-07,0.0,0.0,5.0,0.26862218895624546,1.1920928955078125e-07,3.5762786865234375e-07,3.5762786865234375e-07,5.960464477539062e-07,0.00968860276043415,7.101977099198848,False,False
788,15.76,-0.11089319735765457,0.15306155383586884,4.809126377105713,0.2890338897705078,2.5675421788662334e-09,-3.397424341855526e-09,1.127478981288732e-06,2.234919975308003e-06,8.981256542028859e-05,1.2615825539796788e-07,1.0714472864492564e-07,2.262200808900161e-07,0.0,0.0,5.0,0.26862218895624546,2.384185791015625e-07,2.384185791015625e-07,3.5762786865234375e-07,1.1920928955078125e-07,0.00968860276043415,7.111665701959282,False,False
789,15.780000000000001,-0.11089319735765457,0.15306155383586884,4.809126377105713,0.2890338897705078,7.90551446527843e-09,-4.083139604205144e-09,1.1281251772743417e-06,2.235761257907143e-06,8.978584810392931e-05,-1.9473013423976226e-07,4.266500184257893e-07,2.514221364435798e-07,0.0,0.0,5.0,0.26862218895624546,4.76837158203125e-07,2.384185791015625e-07,2.384185791015625e-07,0.0,0.00968860276043415,7.121354304719716,False,False
790,15.8,-0.11089319735765457,0.15306155383586884,4.809126377105713,0.2890338897705078,1.3606358706397259e-08,-5.1593898042767705e-09,1.1298877780063776e-06,2.2373119463736657e-06,8.975913078757003e-05,8.710496501862508e-08,1.4343179088882607e-07,2.7662423462970764e-07,0.0,0.0,5.0,0.26862218895624546,3.5762786865234375e-07,3.5762786865234375e-07,3.5762786865234375e-07,2.384185791015625e-07,0.00968860276043415,7.1310429074801505,False,False
791,15.82,-0.11089319735765457,0.15306155383586884,4.809126377105713,0.2890338897705078,1.3642813101455431e-08,-6.249476491859696e-09,1.132247689383803e-06,2.2390725007426227e-06,8.978468395071104e-05,-1.961132056749193e-07,-1.397863798047183e-07,3.018263328158355e-07,0.0,0.0,5.0,0.26862218895624546,3.5762786865234375e-07,2.384185791015625e-07,2.384185791015625e-07,3.5762786865234375e-07,0.00968860276043415,7.140731510240585,False,False
792,15.84,-0.11089319735765457,0.15306155383586884,4.809126377105713,0.2890338897705078,1.0912982517652381e-08,-4.455293023397644e-09,1.134228682531102e-06,2.240972207800951e-06,8.978410187410191e-05,3.7553107290477783e-07,-1.3319549907464534e-07,3.0223060321077355e-07,0.0,0.0,5.0,0.26862218895624546,1.1920928955078125e-07,7.152557373046875e-07,2.384185791015625e-07,2.384185791015625e-07,0.00968860276043415,7.150420113001019,False,False
793,15.860000000000001,-0.11089319735765457,0.15306155383586884,4.809126377105713,0.2890338897705078,2.4032340562030186e-09,-2.7904736299433353e-09,1.1356064533174504e-06,2.2419483229896287e-06,8.978351979749277e-05,-2.0904884934225265e-07,-7.177754923759494e-07,2.547829467403062e-07,0.0,0.0,5.0,0.26862218895624546,1.1920928955078125e-07,0.0,2.384185791015625e-07,5.960464477539062e-07,0.00968860276043415,7.160108715761453,False,False
794,15.88,-0.11089319735765457,0.15306155383586884,4.809126377105713,0.2890338897705078,-5.97469540508655e-09,-1.3705391266327638e-09,1.135011984843004e-06,2.2424032977141906e-06,8.978293772088364e-05,3.510427291075757e-07,-1.2001368077108054e-07,2.0617287077584479e-07,0.0,0.0,5.0,0.26862218895624546,2.384185791015625e-07,3.5762786865234375e-07,3.5762786865234375e-07,0.0,0.00968860276043415,7.169797318521887,False,False
795,15.9,-0.11089319735765457,0.15306155383586884,4.809126377105713,0.2890338897705078,-8.193542733181403e-09,-1.954819361937865e-10,1.133705950451258e-06,2.2419937977247173e-06,8.97823556442745e-05,-2.335372215611642e-07,-1.0187011412199354e-07,2.0715830828521575e-07,0.0,0.0,5.0,0.26862218895624546,3.5762786865234375e-07,0.0,2.384185791015625e-07,1.1920928955078125e-07,0.00968860276043415,7.179485921282321,False,False
796,15.92,-0.11089319735765457,0.15306155383586884,4.809126377105713,0.2890338897705078,-1.3063148784908662e-08,-2.0478891915587383e-09,1.1317696362311835e-06,2.241718675577431e-06,8.975563832791522e-05,4.8297881249936836e-08,-3.8508832744810206e-07,2.3236029278450587e-07,0.0,0.0,5.0,0.26862218895624546,1.1920928955078125e-07,1.1920928955078125e-07,4.76837158203125e-07,3.5762786865234375e-07,0.00968860276043415,7.189174524042755,False,False
797,15.94,-0.11089319735765457,0.15306155383586884,4.809126377105713,0.2890338897705078,-1.4671780235175902e-08,-1.3927237141331261e-09,1.128896883528796e-06,2.2412145881389733e-06,8.975505625130609e-05,1.7218596326529223e-08,2.2422611323236197e-07,2.3276456317944394e-07,0.0,0.0,5.0,0.26862218895624546,3.5762786865234375e-07,1.1920928955078125e-07,3.5762786865234375e-07,1.1920928955078125e-07,0.00968860276043415,7.1988631268031895,False,False
798,15.96,-0.11089319735765457,0.15306155383586884,4.809126377105713,0.2890338897705078,-1.0005800632484352e-08,-1.243611991164073e-09,1.1264435215707636e-06,2.2407502910937183e-06,8.975447417469695e-05,-2.308048863142176e-09,2.423697083031584e-07,2.821830946686532e-07,0.0,0.0,5.0,0.26862218895624546,3.5762786865234375e-07,2.384185791015625e-07,3.5762786865234375e-07,3.5762786865234375e-07,0.00968860276043415,7.208551729563624,False,False
799,15.98,-0.11089319735765457,0.15306155383586884,4.809126377105713,0.2890338897705078,-2.078843541752917e-09,1.4130732139960855e-09,1.1250897387071745e-06,2.240455160062993e-06,8.978002733783796e-05,2.679744568467868e-07,5.503223974301363e-07,3.0680402574034815e-07,0.0,0.0,5.0,0.26862218895624546,4.76837158203125e-07,7.152557373046875e-07,3.5762786865234375e-07,0.0,0.00968860276043415,7.218240332324058,False,False
800,16.0,-0.11089319735765457,0.15306155383586884,4.809126377105713,0.2890338897705078,3.0818279039834806e-09,9.267671630119878e-10,1.1254245464442647e-06,2.2401127353077754e-06,8.983171574072912e-05,-3.1660550803280785e-07,-3.4257592318454044e-08,3.077894632497191e-07,0.0,0.0,5.0,0.26862218895624546,3.5762786865234375e-07,2.384185791015625e-07,2.384185791015625e-07,3.5762786865234375e-07,0.00968860276043415,7.227928935084492,False,False
801,16.02,-0.11089319735765457,0.15306155383586884,4.809126377105713,0.2890338897705078,2.4625825822965908e-09,3.1109634313075674e-10,1.125935341406148e-06,2.2403221464628587e-06,8.983113366411999e-05,2.550387705468893e-07,-2.7666654744962216e-08,3.081937336446572e-07,0.0,0.0,5.0,0.26862218895624546,1.1920928955078125e-07,5.960464477539062e-07,2.384185791015625e-07,2.384185791015625e-07,0.00968860276043415,7.237617537844926,False,False
802,16.04,-0.11089319735765457,0.15306155383586884,4.809126377105713,0.2890338897705078,-3.9365799509027966e-09,-4.339385795137929e-10,1.126105189541704e-06,2.2401793557946803e-06,8.983055158751085e-05,-3.2954119433270535e-07,-6.1224665159898e-07,2.6074607717418985e-07,0.0,0.0,5.0,0.26862218895624546,0.0,0.0,2.384185791015625e-07,5.960464477539062e-07,0.00968860276043415,7.24730614060536,False,False
803,16.06,-0.11089319735765457,0.15306155383586884,4.809126377105713,0.2890338897705078,-1.02039239280316e-08,-1.4238594747695288e-09,1.1245648465774138e-06,2.240086814708775e-06,8.982996951090172e-05,2.305503556954136e-07,-1.4484840882289518e-08,2.1213601542058313e-07,0.0,0.0,5.0,0.26862218895624546,2.384185791015625e-07,2.384185791015625e-07,3.5762786865234375e-07,1.1920928955078125e-07,0.00968860276043415,7.256994743365794,False,False
804,16.080000000000002,-0.11089319735765457,0.15306155383586884,4.809126377105713,0.2890338897705078,-7.298554205448227e-09,-2.1726394988652586e-11,1.1227705272176536e-06,2.2396116037270986e-06,8.980325219454244e-05,-9.033803394231654e-08,3.05020478208462e-07,2.3733799991987325e-07,0.0,0.0,5.0,0.26862218895624546,3.5762786865234375e-07,2.384185791015625e-07,2.384185791015625e-07,1.1920928955078125e-07,0.00968860276043415,7.266683346126229,False,False
805,16.1,-0.11089319735765457,0.15306155383586884,4.809126377105713,0.2890338897705078,-4.0303116399798e-09,9.898719621759255e-10,1.1217517794648302e-06,2.239317382191075e-06,8.977653487818316e-05,1.914970653160708e-07,2.180230218584711e-08,2.625400838951464e-07,0.0,0.0,5.0,0.26862218895624546,2.384185791015625e-07,5.960464477539062e-07,3.5762786865234375e-07,2.384185791015625e-07,0.00968860276043415,7.276371948886663,False,False
806,16.12,-0.11089319735765457,0.15306155383586884,4.809126377105713,0.2890338897705078,-6.4264584764828214e-09,-4.0396281875132445e-09,1.1208976502530277e-06,2.2390138383343583e-06,8.980208804132417e-05,-6.944445658518816e-07,-2.6141586317862675e-07,2.393088607277605e-07,0.0,0.0,5.0,0.26862218895624546,4.76837158203125e-07,-2.384185791015625e-07,2.384185791015625e-07,4.76837158203125e-07,0.00968860276043415,7.286060551647097,False,False
807,16.14,-0.11089319735765457,0.15306155383586884,4.809126377105713,0.2890338897705078,-4.808220932517315e-09,-5.054737073351134e-09,1.1192422562089632e-06,2.2398717192118056e-06,8.973619696917012e-05,5.929339295107638e-07,4.2323907223362767e-07,3.002545554409153e-07,0.0,0.0,5.0,0.26862218895624546,2.384185791015625e-07,1.0728836059570312e-06,2.384185791015625e-07,1.1920928955078125e-07,0.00968860276043415,7.295749154407531,False,False
808,16.16,-0.11089319735765457,0.15306155383586884,4.809126377105713,0.2890338897705078,-8.969895937127603e-09,-5.8225051446925136e-09,1.1181995205333806e-06,2.2402409740607254e-06,8.98009238881059e-05,-6.697098910990462e-07,-8.39404719954473e-07,1.9529248618255224e-07,0.0,0.0,5.0,0.26862218895624546,3.5762786865234375e-07,-5.364418029785156e-07,3.5762786865234375e-07,8.344650268554688e-07,0.00968860276043415,7.305437757167965,False,False
809,16.18,-0.11089319735765457,0.15306155383586884,4.809126377105713,0.2890338897705078,-1.0739525713177045e-08,-4.198226211116207e-09,1.115479904001404e-06,2.240983121737372e-06,8.977420657174662e-05,8.321372888531187e-07,6.62442403154273e-07,2.7684643555403454e-07,0.0,0.0,5.0,0.26862218895624546,3.5762786865234375e-07,9.5367431640625e-07,3.5762786865234375e-07,-1.1920928955078125e-07,0.00968860276043415,7.315126359928399,False,False
810,16.2,-0.11089319735765457,0.15306155383586884,4.809126377105713,0.2890338897705078,-1.058170351342369e-08,-6.46492082090333e-10,1.113849293687963e-06,2.2406002244679257e-06,8.976052777143195e-05,-4.769654537994938e-07,-6.466603394983395e-07,3.398262151677045e-07,0.0,0.0,5.0,0.26862218895624546,2.384185791015625e-07,0.0,2.384185791015625e-07,9.5367431640625e-07,0.00968860276043415,7.3248149626888335,False,False
811,16.22,-0.11089319735765457,0.15306155383586884,4.809126377105713,0.2890338897705078,-1.7537322705152292e-08,-4.584911561522631e-09,1.1109187880720128e-06,2.2404021819966147e-06,8.975994569482282e-05,8.312606070148831e-08,-4.88985278934706e-08,2.9121622446837137e-07,0.0,0.0,5.0,0.26862218895624546,3.5762786865234375e-07,2.384185791015625e-07,3.5762786865234375e-07,3.5762786865234375e-07,0.00968860276043415,7.334503565449268,False,False
812,16.240000000000002,-0.11089319735765457,0.15306155383586884,4.809126377105713,0.2890338897705078,-1.543575933737884e-08,-2.1954391082879e-10,1.107524212784483e-06,2.2400311081582913e-06,8.978549885796383e-05,3.53408580622272e-07,2.590541328117979e-07,3.158371555400663e-07,0.0,0.0,5.0,0.26862218895624546,2.384185791015625e-07,7.152557373046875e-07,2.384185791015625e-07,3.5762786865234375e-07,0.00968860276043415,7.344192168209702,False,False
813,16.26,-0.11089319735765457,0.15306155383586884,4.809126377105713,0.2890338897705078,-1.3202374304910336e-08,3.900940903633909e-09,1.1050116199839977e-06,2.2388610432244604e-06,8.981105202110484e-05,5.863774887870932e-08,-3.571666340462798e-08,2.435916712784092e-07,0.0,0.0,5.0,0.26862218895624546,2.384185791015625e-07,2.384185791015625e-07,3.5762786865234375e-07,2.384185791015625e-07,0.00968860276043415,7.353880770970136,False,False
814,16.28,-0.11089319735765457,0.15306155383586884,4.809126377105713,0.2890338897705078,-1.0721642240696383e-08,1.8648054211922727e-09,1.1028322433048743e-06,2.2374892978405114e-06,8.978433470474556e-05,-2.6225063720630715e-07,2.8378866545608616e-07,2.6879376946453704e-07,0.0,0.0,5.0,0.26862218895624546,4.76837158203125e-07,2.384185791015625e-07,1.1920928955078125e-07,2.384185791015625e-07,0.00968860276043415,7.36356937373057,False,False
815,16.3,-0.11089319735765457,0.15306155383586884,4.809126377105713,0.2890338897705078,-7.878037777686586e-09,-5.618630005699288e-10,1.1011564993168577e-06,2.236921091025579e-06,8.975761738838628e-05,1.958448869743279e-08,5.704897110270224e-10,2.939958676506649e-07,0.0,0.0,5.0,0.26862218895624546,3.5762786865234375e-07,2.384185791015625e-07,2.384185791015625e-07,3.5762786865234375e-07,0.00968860276043415,7.373257976491004,False,False
816,16.32,-0.11089319735765457,0.15306155383586884,4.809126377105713,0.2890338897705078,-7.800718293538011e-09,5.54629542293128e-09,1.0997448498528684e-06,2.236261479993118e-06,8.975703531177714e-05,5.912287406317773e-07,7.161427451052305e-09,2.9440013804560294e-07,0.0,0.0,5.0,0.26862218895624546,2.384185791015625e-07,8.344650268554688e-07,3.5762786865234375e-07,1.1920928955078125e-07,0.00968860276043415,7.382946579251438,False,False
817,16.34,-0.11089319735765457,0.15306155383586884,4.809126377105713,0.2890338897705078,-1.0489684676429079e-08,8.511462645799384e-09,1.09860809516249e-06,2.2342251213558484e-06,8.978258847491816e-05,-2.9471291895788454e-07,-2.760567667792202e-07,2.7116891487821704e-07,0.0,0.0,5.0,0.26862218895624546,3.5762786865234375e-07,0.0,3.5762786865234375e-07,3.5762786865234375e-07,0.00968860276043415,7.3926351820118725,False,False
818,16.36,-0.11089319735765457,0.15306155383586884,4.809126377105713,0.2890338897705078,-1.2931305803931537e-08,5.32001243058744e-09,1.0967124808303197e-06,2.2322958557197126e-06,8.980814163805917e-05,-2.4430416800669263e-08,3.18958939260483e-08,2.95789845949912e-07,0.0,0.0,5.0,0.26862218895624546,3.5762786865234375e-07,2.384185791015625e-07,3.5762786865234375e-07,3.5762786865234375e-07,0.00968860276043415,7.402323784772307,False,False
819,16.38,-0.11089319735765457,0.15306155383586884,4.809126377105713,0.2890338897705078,-9.21384302188244e-09,7.534242563167481e-09,1.0948183444270398e-06,2.2305357560981065e-06,8.983369480120018e-05,2.4585207825111866e-07,3.398485546313168e-07,3.204107770216069e-07,0.0,0.0,5.0,0.26862218895624546,1.1920928955078125e-07,5.960464477539062e-07,2.384185791015625e-07,1.1920928955078125e-07,0.00968860276043415,7.412012387532741,False,False
820,16.4,-0.11089319735765457,0.15306155383586884,4.809126377105713,0.2890338897705078,-8.262666995051404e-09,6.605481051025208e-09,1.093796527129598e-06,2.228576477136812e-06,8.983311272459105e-05,-3.3872788662847597e-07,-2.447313818265684e-07,2.729631205511396e-07,0.0,0.0,5.0,0.26862218895624546,2.384185791015625e-07,-5.960464477539063e-08,3.5762786865234375e-07,3.5762786865234375e-07,0.00968860276043415,7.421700990293175,False,False
821,16.42,-0.11089319735765457,0.15306155383586884,4.809126377105713,0.2890338897705078,-7.06414438056413e-09,-4.798979547082638e-10,1.0923521358563448e-06,2.2274186903814552e-06,8.983253064798191e-05,-3.698071395774605e-07,3.6458305885389564e-07,2.7336739094607765e-07,0.0,0.0,5.0,0.26862218895624546,3.5762786865234375e-07,1.1920928955078125e-07,1.1920928955078125e-07,2.384185791015625e-07,0.00968860276043415,7.431389593053609,False,False
822,16.44,-0.11089319735765457,0.15306155383586884,4.809126377105713,0.2890338897705078,-2.6046449441707864e-09,-5.057703589272933e-09,1.0913132655332447e-06,2.227712457170128e-06,8.980581333162263e-05,-8.797199058108163e-08,8.136485973864183e-08,2.985694891322055e-07,0.0,0.0,5.0,0.26862218895624546,2.384185791015625e-07,2.384185791015625e-07,2.384185791015625e-07,3.5762786865234375e-07,0.00968860276043415,7.441078195814043,False,False
823,16.46,-0.11089319735765457,0.15306155383586884,4.809126377105713,0.2890338897705078,2.1022004137449812e-09,-4.11430889357689e-09,1.0908311196544673e-06,2.228610810561804e-06,8.977909601526335e-05,1.823104867071379e-07,3.8931753465476504e-07,2.747570988503867e-07,0.0,0.0,5.0,0.26862218895624546,2.384185791015625e-07,5.960464477539062e-07,2.384185791015625e-07,2.384185791015625e-07,0.00968860276043415,7.450766798574477,False,False
824,16.48,-0.11089319735765457,0.15306155383586884,4.809126377105713,0.2890338897705078,4.0427616809779465e-09,-6.313906286692372e-09,1.0913362302744645e-06,2.2296037514024647e-06,8.977851393865421e-05,-4.022694497507473e-07,-1.9526240180312016e-07,2.2730944237991935e-07,0.0,0.0,5.0,0.26862218895624546,4.76837158203125e-07,-3.5762786865234375e-07,3.5762786865234375e-07,2.384185791015625e-07,0.00968860276043415,7.460455401334912,False,False
825,16.5,-0.11089319735765457,0.15306155383586884,4.809126377105713,0.2890338897705078,4.085971561096358e-09,-1.0787560178471267e-08,1.0914831136688008e-06,2.2314602574624587e-06,8.975179662229493e-05,-4.5093951683838895e-08,1.9958339692038862e-07,3.06998686028237e-07,0.0,0.0,5.0,0.26862218895624546,4.76837158203125e-07,3.5762786865234375e-07,2.384185791015625e-07,3.5762786865234375e-07,0.00968860276043415,7.470144004095346,False,False
826,16.52,-0.11089319735765457,0.15306155383586884,4.809126377105713,0.2890338897705078,5.129936475611885e-09,-8.986605237737422e-09,1.0918445241259178e-06,2.233705345133785e-06,8.977734978543594e-05,2.251885291570943e-07,-9.518740284875093e-08,2.831862957464182e-07,0.0,0.0,5.0,0.26862218895624546,2.384185791015625e-07,4.76837158203125e-07,3.5762786865234375e-07,3.5762786865234375e-07,0.00968860276043415,7.47983260685578,False,False
827,16.54,-0.11089319735765457,0.15306155383586884,4.809126377105713,0.2890338897705078,6.305720390287206e-09,-7.430533521812777e-09,1.0923735089818365e-06,2.235463853139663e-06,8.980290294857696e-05,-6.958227061204525e-08,2.1276525785651756e-07,2.593739054645994e-07,0.0,0.0,5.0,0.26862218895624546,3.5762786865234375e-07,2.384185791015625e-07,2.384185791015625e-07,2.384185791015625e-07,0.00968860276043415,7.489521209616214,False,False
828,16.56,-0.11089319735765457,0.15306155383586884,4.809126377105713,0.2890338897705078,7.728851336707976e-09,-6.003820551825356e-09,1.0933573548754794e-06,2.237244416392059e-06,8.977618563221768e-05,2.122528428571968e-07,-7.045291283702682e-08,2.845760036507272e-07,0.0,0.0,5.0,0.26862218895624546,2.384185791015625e-07,4.76837158203125e-07,2.384185791015625e-07,2.384185791015625e-07,0.00968860276043415,7.499209812376648,False,False
829,16.580000000000002,-0.11089319735765457,0.15306155383586884,4.809126377105713,0.2890338897705078,3.487591104800458e-09,-4.967647626585858e-09,1.0942683275061427e-06,2.2385436295735417e-06,8.97494683158584e-05,-1.0863554678053333e-07,-3.536711119522806e-07,2.613447804833413e-07,0.0,0.0,5.0,0.26862218895624546,4.76837158203125e-07,2.384185791015625e-07,3.5762786865234375e-07,4.76837158203125e-07,0.00968860276043415,7.508898415137082,False,False
830,16.6,-0.11089319735765457,0.15306155383586884,4.809126377105713,0.2890338897705078,-5.063227059842745e-10,-4.437536560430999e-09,1.094211029339931e-06,2.2395868199964752e-06,8.97750214789994e-05,1.6164693761311355e-07,-4.5718451247012126e-08,2.8596571155503625e-07,0.0,0.0,5.0,0.26862218895624546,2.384185791015625e-07,4.76837158203125e-07,3.5762786865234375e-07,3.5762786865234375e-07,0.00968860276043415,7.5185870178975165,False,False
831,16.62,-0.11089319735765457,0.15306155383586884,4.809126377105713,0.2890338897705078,1.6588449502918934e-09,-4.1523020577471925e-09,1.0939846788460272e-06,2.2403035018214723e-06,8.980057464214042e-05,-1.33123862156026e-07,2.6223420945825637e-07,2.6215332127321744e-07,0.0,0.0,5.0,0.26862218895624546,3.5762786865234375e-07,1.1920928955078125e-07,2.384185791015625e-07,1.1920928955078125e-07,0.00968860276043415,7.528275620657951,False,False
832,16.64,-0.11089319735765457,0.15306155383586884,4.809126377105713,0.2890338897705078,4.0713583615570315e-09,-3.996424524643771e-09,1.094328240469622e-06,2.2413362330553355e-06,8.977385732578114e-05,1.4871123710236134e-07,-2.098395590621749e-08,2.873554194593453e-07,0.0,0.0,5.0,0.26862218895624546,2.384185791015625e-07,4.76837158203125e-07,2.384185791015625e-07,3.5762786865234375e-07,0.00968860276043415,7.537964223418385,False,False
833,16.66,-0.11089319735765457,0.15306155383586884,4.809126377105713,0.2890338897705078,3.7175875711170647e-09,-1.3329809478435095e-09,1.0949072475341382e-06,2.242077243863605e-06,8.9773275249172e-05,1.1763198415337683e-07,-1.439301744454724e-08,2.3932659587444505e-07,0.0,0.0,5.0,0.26862218895624546,3.5762786865234375e-07,3.5762786865234375e-07,3.5762786865234375e-07,2.384185791015625e-07,0.00968860276043415,7.547652826178819,False,False
834,16.68,-0.11089319735765457,0.15306155383586884,4.809126377105713,0.2890338897705078,5.975313022155149e-10,-1.8125287937209578e-09,1.0953768878607661e-06,2.2424376311391825e-06,8.979882841231301e-05,-1.6558618654016755e-07,-2.9761119435534056e-07,2.645286940605729e-07,0.0,0.0,5.0,0.26862218895624546,3.5762786865234375e-07,0.0,3.5762786865234375e-07,3.5762786865234375e-07,0.00968860276043415,7.557341428939253,False,False
835,16.7,-0.11089319735765457,0.15306155383586884,4.809126377105713,0.2890338897705078,-2.2751793782305185e-09,-2.421433720201094e-09,1.0950168416457018e-06,2.2428469037549803e-06,8.982438157545403e-05,1.0469629074805198e-07,1.0341466349927941e-08,2.8914962513226783e-07,0.0,0.0,5.0,0.26862218895624546,2.384185791015625e-07,3.5762786865234375e-07,2.384185791015625e-07,3.5762786865234375e-07,0.00968860276043415,7.567030031699687,False,False
836,16.72,-0.11089319735765457,0.15306155383586884,4.809126377105713,0.2890338897705078,-2.0024393254658435e-09,-6.382924189196615e-10,1.0945204849122092e-06,2.243024709969177e-06,8.982379949884489e-05,7.361703779906748e-08,1.693240392341977e-08,2.411208015473676e-07,0.0,0.0,5.0,0.26862218895624546,3.5762786865234375e-07,1.1920928955078125e-07,3.5762786865234375e-07,1.1920928955078125e-07,0.00968860276043415,7.576718634460121,False,False
837,16.740000000000002,-0.11089319735765457,0.15306155383586884,4.809126377105713,0.2890338897705078,-1.4823533511787446e-09,6.387881335001566e-10,1.0941782875306671e-06,2.242932851004298e-06,8.982321742223576e-05,5.4090399714823434e-08,3.5075970572506776e-08,2.9053933303657686e-07,0.0,0.0,5.0,0.26862218895624546,3.5762786865234375e-07,3.5762786865234375e-07,2.384185791015625e-07,3.5762786865234375e-07,0.00968860276043415,7.5864072372205555,False,False
838,16.76,-0.11089319735765457,0.15306155383586884,4.809126377105713,0.2890338897705078,-3.728552133708263e-09,4.42343539575063e-09,1.09390919078578e-06,2.242473783553578e-06,8.984877058537677e-05,3.243729054247524e-07,-2.596948434074875e-07,2.6672694275475806e-07,0.0,0.0,5.0,0.26862218895624546,1.1920928955078125e-07,3.5762786865234375e-07,3.5762786865234375e-07,2.384185791015625e-07,0.00968860276043415,7.59609583998099,False,False
839,16.78,-0.11089319735765457,0.15306155383586884,4.809126377105713,0.2890338897705078,-8.741037227366633e-09,5.065090125100369e-09,1.093106789085141e-06,2.2410756628232775e-06,8.984818850876763e-05,-2.602070026114234e-07,-2.4155133360181935e-07,2.67712380264129e-07,0.0,0.0,5.0,0.26862218895624546,3.5762786865234375e-07,0.0,3.5762786865234375e-07,3.5762786865234375e-07,0.00968860276043415,7.605784442741424,False,False
840,16.8,-0.11089319735765457,0.15306155383586884,4.809126377105713,0.2890338897705078,-1.0492544610940513e-08,2.5637625356011995e-09,1.091420926968567e-06,2.239852392449393e-06,8.987374167190865e-05,1.0075492440364542e-08,6.640132710344915e-08,2.9233331133582396e-07,0.0,0.0,5.0,0.26862218895624546,1.1920928955078125e-07,2.384185791015625e-07,2.384185791015625e-07,3.5762786865234375e-07,0.00968860276043415,7.615473045501858,False,False
841,16.82,-0.11089319735765457,0.15306155383586884,4.809126377105713,0.2890338897705078,-6.084971637676517e-09,5.468114405715596e-09,1.0899049129875493e-06,2.238707338619861e-06,8.984702435554937e-05,2.803579945975798e-07,3.7435398780871765e-07,2.6852092105400516e-07,0.0,0.0,5.0,0.26862218895624546,2.384185791015625e-07,5.960464477539062e-07,2.384185791015625e-07,1.1920928955078125e-07,0.00968860276043415,7.625161648262292,False,False
842,16.84,-0.11089319735765457,0.15306155383586884,4.809126377105713,0.2890338897705078,-4.443684531452163e-09,5.229476407464517e-09,1.0894294746321975e-06,2.2372719286067877e-06,8.984644227894023e-05,-3.042219418603054e-07,-2.1022596286002226e-07,2.2107326458353782e-07,0.0,0.0,5.0,0.26862218895624546,3.5762786865234375e-07,-1.7881393432617188e-07,3.5762786865234375e-07,2.384185791015625e-07,0.00968860276043415,7.634850251022726,False,False
843,16.86,-0.11089319735765457,0.15306155383586884,4.809126377105713,0.2890338897705078,-1.6861166907133907e-09,6.483824588343623e-09,1.0888617225646158e-06,2.2361668925441336e-06,8.978055120678619e-05,4.296557847283111e-07,4.859814453084255e-07,3.34060274553849e-07,0.0,0.0,5.0,0.26862218895624546,2.384185791015625e-07,9.5367431640625e-07,2.384185791015625e-07,1.1920928955078125e-07,0.00968860276043415,7.6445388537831604,False,False
844,16.88,-0.11089319735765457,0.15306155383586884,4.809126377105713,0.2890338897705078,2.187729775116054e-09,9.231158948352913e-09,1.0895272453126381e-06,2.2345950583257945e-06,8.977996913017705e-05,-1.5492415172957408e-07,-9.859853378202388e-08,2.866126180833817e-07,0.0,0.0,5.0,0.26862218895624546,4.76837158203125e-07,2.384185791015625e-07,2.384185791015625e-07,3.5762786865234375e-07,0.00968860276043415,7.654227456543595,False,False
845,16.9,-0.11089319735765457,0.15306155383586884,4.809126377105713,0.2890338897705078,2.816596123000892e-10,1.1849127012908411e-08,1.090307705453597e-06,2.23289475798083e-06,8.977938705356792e-05,4.1672012685012305e-07,-9.200759620853205e-08,2.8701688847831974e-07,0.0,0.0,5.0,0.26862218895624546,1.1920928955078125e-07,7.152557373046875e-07,3.5762786865234375e-07,2.384185791015625e-07,0.00968860276043415,7.663916059304029,False,False
846,16.92,-0.11089319735765457,0.15306155383586884,4.809126377105713,0.2890338897705078,-4.390694918754434e-09,1.1324103432741595e-08,1.0907947398663964e-06,2.2303638615994714e-06,8.980494021670893e-05,-4.692215327395388e-07,-3.7522579532378586e-07,2.6378566531093384e-07,0.0,0.0,5.0,0.26862218895624546,3.5762786865234375e-07,0.0,3.5762786865234375e-07,5.960464477539062e-07,0.00968860276043415,7.673604662064463,False,False
847,16.94,-0.11089319735765457,0.15306155383586884,4.809126377105713,0.2890338897705078,-5.917600187643757e-09,7.540571722586265e-09,1.0901482028202736e-06,2.2283807084022556e-06,8.985662861960009e-05,9.087001018315277e-08,2.22536016281083e-07,2.63608768591439e-07,0.0,0.0,5.0,0.26862218895624546,2.384185791015625e-07,3.5762786865234375e-07,2.384185791015625e-07,1.1920928955078125e-07,0.00968860276043415,7.683293264824897,False,False
848,16.96,-0.11089319735765457,0.15306155383586884,4.809126377105713,0.2890338897705078,-4.299054001677405e-09,6.149084352813361e-09,1.0896729918385972e-06,2.226712695119204e-06,8.98299113032408e-05,-2.3001837234915e-07,-6.068215441246139e-08,2.403775454240531e-07,0.0,0.0,5.0,0.26862218895624546,3.5762786865234375e-07,0.0,3.5762786865234375e-07,2.384185791015625e-07,0.00968860276043415,7.692981867585331,False,False
849,16.98,-0.11089319735765457,0.15306155383586884,4.809126377105713,0.2890338897705078,-5.33126565116504e-09,1.3534282583549384e-09,1.0890023531828774e-06,2.2256772354012355e-06,8.982932922663167e-05,-2.4954499622253934e-07,-4.253858776337438e-08,2.8979607691326237e-07,0.0,0.0,5.0,0.26862218895624546,3.5762786865234375e-07,1.1920928955078125e-07,2.384185791015625e-07,3.5762786865234375e-07,0.00968860276043415,7.702670470345765,False,False
850,17.0,-0.11089319735765457,0.15306155383586884,4.809126377105713,0.2890338897705078,-6.116131601174857e-09,2.0789732158021934e-09,1.0879741694225231e-06,2.225221351181972e-06,8.982874715002254e-05,3.220992823571578e-07,-3.594765018988255e-08,2.9020034730820043e-07,0.0,0.0,5.0,0.26862218895624546,1.1920928955078125e-07,4.76837158203125e-07,3.5762786865234375e-07,2.384185791015625e-07,0.00968860276043415,7.7123590731061995,False,False
851,17.02,-0.11089319735765457,0.15306155383586884,4.809126377105713,0.2890338897705078,-6.653650963528435e-09,2.675161203669063e-09,1.086958604901156e-06,2.224244099124917e-06,8.98281650734134e-05,-2.62480625679018e-07,-1.7804081764438706e-08,2.911857848175714e-07,0.0,0.0,5.0,0.26862218895624546,3.5762786865234375e-07,1.1920928955078125e-07,2.384185791015625e-07,4.76837158203125e-07,0.00968860276043415,7.722047675866634,False,False
852,17.04,-0.11089319735765457,0.15306155383586884,4.809126377105713,0.2890338897705078,-6.943824626404194e-09,3.141992888089362e-09,1.0857900178962154e-06,2.2234989955904894e-06,8.982758299680427e-05,3.0916365290067915e-07,-1.1213143302768458e-08,2.9159005521250947e-07,0.0,0.0,5.0,0.26862218895624546,1.1920928955078125e-07,4.76837158203125e-07,3.5762786865234375e-07,2.384185791015625e-07,0.00968860276043415,7.731736278627068,False,False
853,17.06,-0.11089319735765457,0.15306155383586884,4.809126377105713,0.2890338897705078,-6.986651701623714e-09,3.479467602929276e-09,1.0847126077351277e-06,2.222308694399544e-06,8.982700092019513e-05,-2.7541628355720604e-07,6.930432228102745e-09,2.9257549272188044e-07,0.0,0.0,5.0,0.26862218895624546,3.5762786865234375e-07,1.1920928955078125e-07,2.384185791015625e-07,4.76837158203125e-07,0.00968860276043415,7.741424881387502,False,False
854,17.080000000000002,-0.11089319735765457,0.15306155383586884,4.809126377105713,0.2890338897705078,-6.782133077365415e-09,3.687586014322619e-09,1.0835607326953323e-06,2.2214271666598506e-06,8.9826418843586e-05,2.962279950224911e-07,1.3521370689772994e-08,2.929797631168185e-07,0.0,0.0,5.0,0.26862218895624546,2.384185791015625e-07,4.76837158203125e-07,3.5762786865234375e-07,2.384185791015625e-07,0.00968860276043415,7.751113484147936,False,False
855,17.1,-0.11089319735765457,0.15306155383586884,4.809126377105713,0.2890338897705078,-6.330267421361668e-09,3.766348122269392e-09,1.0825785921042552e-06,2.2201768388185883e-06,8.982583676697686e-05,-2.883519414353941e-07,3.166493911521684e-08,2.9396520062618947e-07,0.0,0.0,5.0,0.26862218895624546,3.5762786865234375e-07,1.1920928955078125e-07,2.384185791015625e-07,4.76837158203125e-07,0.00968860276043415,7.76080208690837,False,False
856,17.12,-0.11089319735765457,0.15306155383586884,4.809126377105713,0.2890338897705078,-5.631056509969312e-09,3.715752816546569e-09,1.0816004305524984e-06,2.219311681983527e-06,8.982525469036773e-05,2.83292337144303e-07,3.825587668870867e-08,2.9436947102112754e-07,0.0,0.0,5.0,0.26862218895624546,2.384185791015625e-07,4.76837158203125e-07,3.5762786865234375e-07,2.384185791015625e-07,0.00968860276043415,7.770490689668804,False,False
857,17.14,-0.11089319735765457,0.15306155383586884,4.809126377105713,0.2890338897705078,-4.684499010920717e-09,3.535801207377176e-09,1.080870788428001e-06,2.2181541226018453e-06,8.98246726137586e-05,-3.012875993135822e-07,5.6399443337795674e-08,2.953549085304985e-07,0.0,0.0,5.0,0.26862218895624546,3.5762786865234375e-07,1.1920928955078125e-07,2.384185791015625e-07,4.76837158203125e-07,0.00968860276043415,7.780179292429239,False,False
858,17.16,-0.11089319735765457,0.15306155383586884,4.809126377105713,0.2890338897705078,-3.490595590349699e-09,3.226491962493583e-09,1.0802236829476897e-06,2.217457222286612e-06,8.982409053714946e-05,2.7035667926611495e-07,6.29903809112875e-08,2.9575917892543657e-07,0.0,0.0,5.0,0.26862218895624546,2.384185791015625e-07,4.76837158203125e-07,3.5762786865234375e-07,2.384185791015625e-07,0.00968860276043415,7.789867895189673,False,False
859,17.18,-0.11089319735765457,0.15306155383586884,4.809126377105713,0.2890338897705078,-2.0493451380332317e-09,2.7878253039403944e-09,1.0799036544995033e-06,2.2165445443533827e-06,8.982350846054032e-05,-3.1422325719177024e-07,8.113394756037451e-08,2.9674461643480754e-07,0.0,0.0,5.0,0.26862218895624546,3.5762786865234375e-07,1.1920928955078125e-07,3.5762786865234375e-07,3.5762786865234375e-07,0.00968860276043415,7.799556497950107,False,False
860,17.2,-0.11089319735765457,0.15306155383586884,4.809126377105713,0.2890338897705078,2.6528814700554904e-09,-7.938246726624243e-10,1.0798536322909058e-06,2.216370376117993e-06,8.984906162368134e-05,-4.394075503455497e-08,3.89086608265643e-07,3.213655475065025e-07,0.0,0.0,5.0,0.26862218895624546,1.1920928955078125e-07,2.384185791015625e-07,1.1920928955078125e-07,2.384185791015625e-07,0.00968860276043415,7.809245100710541,False,False
861,17.22,-0.11089319735765457,0.15306155383586884,4.809126377105713,0.2890338897705078,1.0616084900050282e-08,-1.8679005009403227e-09,1.080933316188748e-06,2.2169435851537855e-06,8.979620906757191e-05,-6.346740377694005e-08,4.0723011807131115e-07,3.2235098501587345e-07,0.0,0.0,5.0,0.26862218895624546,3.5762786865234375e-07,4.76837158203125e-07,2.384185791015625e-07,2.384185791015625e-07,0.00968860276043415,7.818933703470975,False,False
862,17.240000000000002,-0.11089319735765457,0.15306155383586884,4.809126377105713,0.2890338897705078,1.2914898483984416e-08,-3.3325189274791e-09,1.0831607824002276e-06,2.2181127405929146e-06,8.979562699096277e-05,-8.299402765032937e-08,-1.7734984680828347e-07,3.233364225252444e-07,0.0,0.0,5.0,0.26862218895624546,3.5762786865234375e-07,3.5762786865234375e-07,2.384185791015625e-07,3.5762786865234375e-07,0.00968860276043415,7.828622306231409,False,False
863,17.26,-0.11089319735765457,0.15306155383586884,4.809126377105713,0.2890338897705078,6.4201644001116165e-09,-2.289577860636882e-09,1.0849605587281985e-06,2.2193273707671324e-06,8.982118015410379e-05,1.8728846384874487e-07,-4.721207176316966e-07,2.995240322434256e-07,0.0,0.0,5.0,0.26862218895624546,0.0,3.5762786865234375e-07,3.5762786865234375e-07,4.76837158203125e-07,0.00968860276043415,7.8383109089918435,False,False
864,17.28,-0.11089319735765457,0.15306155383586884,4.809126377105713,0.2890338897705078,5.724748800006729e-11,-1.4915210178045868e-09,1.0854680567717878e-06,2.219776661149808e-06,8.98467333172448e-05,-1.0748233592039469e-07,-1.641680569264281e-07,2.757116419616068e-07,0.0,0.0,5.0,0.26862218895624546,2.384185791015625e-07,1.1920928955078125e-07,3.5762786865234375e-07,3.5762786865234375e-07,0.00968860276043415,7.847999511752278,False,False
865,17.3,-0.11089319735765457,0.15306155383586884,4.809126377105713,0.2890338897705078,2.867043935594893e-09,-3.951967642024101e-09,1.0853812000277685e-06,2.220265969299362e-06,8.984615124063566e-05,-1.385615888693792e-07,4.451463837540359e-07,2.7611591235654487e-07,0.0,0.0,5.0,0.26862218895624546,3.5762786865234375e-07,2.384185791015625e-07,2.384185791015625e-07,1.1920928955078125e-07,0.00968860276043415,7.857688114512712,False,False
866,17.32,-0.11089319735765457,0.15306155383586884,4.809126377105713,0.2890338897705078,8.937817597143294e-09,-3.9048413391640224e-09,1.0862615908990847e-06,2.2214271666598506e-06,8.981943392427638e-05,1.4327351038900815e-07,1.6192815621707268e-07,3.013180105426727e-07,0.0,0.0,5.0,0.26862218895624546,1.1920928955078125e-07,3.5762786865234375e-07,2.384185791015625e-07,4.76837158203125e-07,0.00968860276043415,7.867376717273146,False,False
867,17.34,-0.11089319735765457,0.15306155383586884,4.809126377105713,0.2890338897705078,1.2242304947562843e-08,-1.3501487705624982e-09,1.0880593208639766e-06,2.2225217435334343e-06,8.981885184766725e-05,1.1219425744002365e-07,1.6851903694714565e-07,2.5328918695777247e-07,0.0,0.0,5.0,0.26862218895624546,3.5762786865234375e-07,1.1920928955078125e-07,3.5762786865234375e-07,1.1920928955078125e-07,0.00968860276043415,7.87706532003358,False,False
868,17.36,-0.11089319735765457,0.15306155383586884,4.809126377105713,0.2890338897705078,1.5794137553371e-08,6.984831601997143e-10,1.0906245506703272e-06,2.223370529463864e-06,8.981826977105811e-05,9.266763356663432e-08,1.8666266043965152e-07,3.0270771844698174e-07,0.0,0.0,5.0,0.26862218895624546,2.384185791015625e-07,3.5762786865234375e-07,2.384185791015625e-07,2.384185791015625e-07,0.00968860276043415,7.886753922794014,False,False
869,17.38,-0.11089319735765457,0.15306155383586884,4.809126377105713,0.2890338897705078,1.6695214100082012e-08,-6.570528010563237e-10,1.0937917522824137e-06,2.224182708232547e-06,8.979155245469883e-05,-2.2822075607109582e-07,-9.655551025389286e-08,2.7947649527959584e-07,0.0,0.0,5.0,0.26862218895624546,5.960464477539062e-07,1.1920928955078125e-07,3.5762786865234375e-07,2.384185791015625e-07,0.00968860276043415,7.896442525554448,False,False
870,17.400000000000002,-0.11089319735765457,0.15306155383586884,4.809126377105713,0.2890338897705078,1.1931900800732365e-08,-2.4031299172833087e-09,1.0965217143166228e-06,2.2253800580074312e-06,8.981710561783984e-05,5.361436095085992e-08,-3.797737235800014e-07,3.53111687445562e-07,0.0,0.0,5.0,0.26862218895624546,2.384185791015625e-07,3.5762786865234375e-07,3.5762786865234375e-07,4.76837158203125e-07,0.00968860276043415,7.9061311283148825,False,False
871,17.42,-0.11089319735765457,0.15306155383586884,4.809126377105713,0.2890338897705078,7.415932312682116e-09,-4.278564613713343e-09,1.0981458444803138e-06,2.2264237031777157e-06,8.984265878098086e-05,-2.411564423709933e-07,-7.182106287473289e-08,3.292992971637432e-07,0.0,0.0,5.0,0.26862218895624546,3.5762786865234375e-07,2.384185791015625e-07,2.384185791015625e-07,4.76837158203125e-07,0.00968860276043415,7.915819731075317,False,False
872,17.44,-0.11089319735765457,0.15306155383586884,4.809126377105713,0.2890338897705078,6.045413503130703e-09,-3.3852476377660423e-09,1.0991559520334704e-06,2.227711547675426e-06,8.984207670437172e-05,3.304878362087038e-07,-6.523012530124106e-08,3.2970356755868124e-07,0.0,0.0,5.0,0.26862218895624546,1.1920928955078125e-07,5.960464477539062e-07,2.384185791015625e-07,2.384185791015625e-07,0.00968860276043415,7.925508333835751,False,False
873,17.46,-0.11089319735765457,0.15306155383586884,4.809126377105713,0.2890338897705078,-1.1050214077101828e-09,-2.6212956250049047e-09,1.0997679282809258e-06,2.2283218186203158e-06,8.984149462776259e-05,-2.5409207182747195e-07,-6.498101470242545e-07,2.822559110882139e-07,0.0,0.0,5.0,0.26862218895624546,1.1920928955078125e-07,0.0,2.384185791015625e-07,7.152557373046875e-07,0.00968860276043415,7.935196936596185,False,False
874,17.48,-0.11089319735765457,0.15306155383586884,4.809126377105713,0.2890338897705078,-8.123638650658904e-09,-2.102228169320597e-09,1.098612983696512e-06,2.2286567400442436e-06,8.984091255115345e-05,3.059994924115017e-07,-5.2048335419385694e-08,2.3364590617802605e-07,0.0,0.0,5.0,0.26862218895624546,1.1920928955078125e-07,2.384185791015625e-07,3.5762786865234375e-07,1.1920928955078125e-07,0.00968860276043415,7.944885539356619,False,False
875,17.5,-0.11089319735765457,0.15306155383586884,4.809126377105713,0.2890338897705078,-5.96954174980624e-09,8.088932301753005e-10,1.0971469919240917e-06,2.2282827103481395e-06,8.981419523479417e-05,-1.4888906108012634e-08,2.674569827831874e-07,2.588479901532992e-07,0.0,0.0,5.0,0.26862218895624546,3.5762786865234375e-07,2.384185791015625e-07,2.384185791015625e-07,1.1920928955078125e-07,0.00968860276043415,7.954574142117053,False,False
876,17.52,-0.11089319735765457,0.15306155383586884,4.809126377105713,0.2890338897705078,-3.4525724501577315e-09,3.329480025016096e-09,1.0963997283397475e-06,2.227763843620778e-06,8.978747791843489e-05,2.669462162430136e-07,-1.5761182581286448e-08,2.84050088339427e-07,0.0,0.0,5.0,0.26862218895624546,2.384185791015625e-07,4.76837158203125e-07,3.5762786865234375e-07,2.384185791015625e-07,0.00968860276043415,7.964262744877487,False,False
877,17.54,-0.11089319735765457,0.15306155383586884,4.809126377105713,0.2890338897705078,-3.586360319829396e-09,2.8226021520083577e-09,1.0959612382066553e-06,2.226800916105276e-06,8.978689584182575e-05,-3.17633748636581e-07,2.382392949584755e-09,2.85035525848798e-07,0.0,0.0,5.0,0.26862218895624546,4.76837158203125e-07,1.1920928955078125e-07,2.384185791015625e-07,3.5762786865234375e-07,0.00968860276043415,7.973951347637922,False,False
878,17.56,-0.11089319735765457,0.15306155383586884,4.809126377105713,0.2890338897705078,-3.4728024900232413e-09,2.1863666432864193e-09,1.0953840501315426e-06,2.2263004666456254e-06,8.978631376521662e-05,2.540105299431161e-07,8.973330523076584e-09,2.8543979624373605e-07,0.0,0.0,5.0,0.26862218895624546,2.384185791015625e-07,4.76837158203125e-07,3.5762786865234375e-07,3.5762786865234375e-07,0.00968860276043415,7.983639950398356,False,False
879,17.580000000000002,-0.11089319735765457,0.15306155383586884,4.809126377105713,0.2890338897705078,-2.1379456538461739e-10,4.31888347307563e-09,1.0951055173791246e-06,2.2254796476772754e-06,8.981186692835763e-05,-4.076026627330975e-08,3.169259912283451e-07,2.6162740596191725e-07,0.0,0.0,5.0,0.26862218895624546,3.5762786865234375e-07,2.384185791015625e-07,2.384185791015625e-07,1.1920928955078125e-07,0.00968860276043415,7.99332855315879,False,False
880,17.6,-0.11089319735765457,0.15306155383586884,4.809126377105713,0.2890338897705078,3.2925595583321865e-09,6.322041556927616e-09,1.0957058975691325e-06,2.2246892967814347e-06,8.978514961199835e-05,2.4107484364321863e-07,3.370780632394599e-08,2.868295041480451e-07,0.0,0.0,5.0,0.26862218895624546,2.384185791015625e-07,4.76837158203125e-07,3.5762786865234375e-07,2.384185791015625e-07,0.00968860276043415,8.003017155919224,False,False
881,17.62,-0.11089319735765457,0.15306155383586884,4.809126377105713,0.2890338897705078,4.1481555967948225e-09,5.297734695375311e-09,1.096771939046448e-06,2.2236074528336758e-06,8.978456753538921e-05,-3.43505121236376e-07,5.1851372973032994e-08,2.8781494165741606e-07,0.0,0.0,5.0,0.26862218895624546,4.76837158203125e-07,1.1920928955078125e-07,2.384185791015625e-07,3.5762786865234375e-07,0.00968860276043415,8.012705758679658,False,False
882,17.64,-0.11089319735765457,0.15306155383586884,4.809126377105713,0.2890338897705078,5.2510968906460675e-09,4.1440713083318315e-09,1.0978562841046369e-06,2.2231408820516663e-06,8.978398545878008e-05,2.2813915734332113e-07,5.844231054652482e-08,2.882192120523541e-07,0.0,0.0,5.0,0.26862218895624546,2.384185791015625e-07,4.76837158203125e-07,3.5762786865234375e-07,2.384185791015625e-07,0.00968860276043415,8.022394361440092,False,False
883,17.66,-0.11089319735765457,0.15306155383586884,4.809126377105713,0.2890338897705078,6.601385216242761e-09,2.8610511737525712e-09,1.0992032457579626e-06,2.22261178350891e-06,8.978340338217095e-05,-3.564408075362735e-07,7.658587719561183e-08,2.892046495617251e-07,0.0,0.0,5.0,0.26862218895624546,4.76837158203125e-07,1.1920928955078125e-07,2.384185791015625e-07,2.384185791015625e-07,0.00968860276043415,8.032082964200526,False,False
884,17.68,-0.11089319735765457,0.15306155383586884,4.809126377105713,0.2890338897705078,5.300915706385467e-09,-1.4494336841863742e-09,1.1004538009729004e-06,2.2228787202038802e-06,8.975668606581166e-05,-7.4605665645322e-08,-2.0663229349793255e-07,3.1440674774785293e-07,0.0,0.0,5.0,0.26862218895624546,3.5762786865234375e-07,2.384185791015625e-07,3.5762786865234375e-07,3.5762786865234375e-07,0.00968860276043415,8.04177156696096,False,False
885,17.7,-0.11089319735765457,0.15306155383586884,4.809126377105713,0.2890338897705078,4.2477914519167825e-09,-2.387182951313349e-10,1.1011928791049286e-06,2.2233773506741272e-06,8.978223922895268e-05,1.9567681874832488e-07,1.0132036720733595e-07,3.3902767881954787e-07,0.0,0.0,5.0,0.26862218895624546,1.1920928955078125e-07,5.960464477539062e-07,2.384185791015625e-07,3.5762786865234375e-07,0.00968860276043415,8.051460169721395,False,False
886,17.72,-0.11089319735765457,0.15306155383586884,4.809126377105713,0.2890338897705078,3.326485531474077e-09,7.271129809360843e-10,1.1020442798326258e-06,2.2234939933696296e-06,8.980779239209369e-05,-9.909398102081468e-08,-1.934504325618036e-07,2.6678219455789076e-07,0.0,0.0,5.0,0.26862218895624546,3.5762786865234375e-07,1.1920928955078125e-07,3.5762786865234375e-07,2.384185791015625e-07,0.00968860276043415,8.061148772481829,False,False
887,17.740000000000002,-0.11089319735765457,0.15306155383586884,4.809126377105713,0.2890338897705078,-3.6110370249531343e-10,-1.4500470824074796e-09,1.1023499837392592e-06,2.223624505859334e-06,8.980721031548455e-05,-1.1862060489420401e-07,-1.7530680906929774e-07,3.1620072604710003e-07,0.0,0.0,5.0,0.26862218895624546,2.384185791015625e-07,2.384185791015625e-07,3.5762786865234375e-07,3.5762786865234375e-07,0.00968860276043415,8.070837375242263,False,False
888,17.76,-0.11089319735765457,0.15306155383586884,4.809126377105713,0.2890338897705078,2.225916562181851e-09,-4.1332604006072415e-09,1.1021630825780449e-06,2.2240951693675015e-06,8.980662823887542e-05,-1.496998578431885e-07,4.340076316111663e-07,3.166049964420381e-07,0.0,0.0,5.0,0.26862218895624546,3.5762786865234375e-07,3.5762786865234375e-07,1.1920928955078125e-07,1.1920928955078125e-07,0.00968860276043415,8.080525978002697,False,False
889,17.78,-0.11089319735765457,0.15306155383586884,4.809126377105713,0.2890338897705078,5.060281971225322e-09,-7.3225336905125005e-09,1.1026878610209678e-06,2.2253761926549487e-06,8.980604616226628e-05,-1.6922648171657784e-07,-1.5057233326842834e-07,3.1759043395140907e-07,0.0,0.0,5.0,0.26862218895624546,3.5762786865234375e-07,2.384185791015625e-07,2.384185791015625e-07,3.5762786865234375e-07,0.00968860276043415,8.090214580763131,False,False
890,17.8,-0.11089319735765457,0.15306155383586884,4.809126377105713,0.2890338897705078,2.1147303908009008e-09,-4.990614144162464e-09,1.1029901543224696e-06,2.2269480268732877e-06,8.980546408565715e-05,4.024177826522646e-07,-1.4398145253835537e-07,3.1799470434634713e-07,0.0,0.0,5.0,0.26862218895624546,1.1920928955078125e-07,5.960464477539062e-07,2.384185791015625e-07,2.384185791015625e-07,0.00968860276043415,8.099903183523566,False,False
891,17.82,-0.11089319735765457,0.15306155383586884,4.809126377105713,0.2890338897705078,-6.610738179091413e-09,-2.7880593389539854e-09,1.1026786523871124e-06,2.227483264505281e-06,8.980488200904801e-05,-1.8216215380562062e-07,-7.285614742613689e-07,2.705470478758798e-07,0.0,0.0,5.0,0.26862218895624546,0.0,0.0,3.5762786865234375e-07,7.152557373046875e-07,0.00968860276043415,8.109591786284,False,False
892,17.84,-0.11089319735765457,0.15306155383586884,4.809126377105713,0.2890338897705078,-1.2190757736618707e-08,-3.844016216447699e-09,1.100493591366103e-06,2.227585810032906e-06,8.983043517218903e-05,7.656763756358487e-08,1.7056211731869553e-07,2.461534904796281e-07,0.0,0.0,5.0,0.26862218895624546,2.384185791015625e-07,1.1920928955078125e-07,2.384185791015625e-07,1.1920928955078125e-07,0.00968860276043415,8.119280389044434,False,False
893,17.86,-0.11089319735765457,0.15306155383586884,4.809126377105713,0.2890338897705078,-8.598062706255405e-09,-2.5079194276855787e-09,1.0983104630213347e-06,2.227597178716678e-06,8.97775826160796e-05,5.7041003032054505e-08,1.887057408112014e-07,2.4713892798899906e-07,0.0,0.0,5.0,0.26862218895624546,3.5762786865234375e-07,1.1920928955078125e-07,3.5762786865234375e-07,2.384185791015625e-07,0.00968860276043415,8.128968991804868,False,False
894,17.88,-0.11089319735765457,0.15306155383586884,4.809126377105713,0.2890338897705078,-4.64249305665021e-09,-1.562356910511653e-09,1.0968980177494814e-06,2.227599225079757e-06,8.977700053947046e-05,3.751434718424207e-08,2.0684936430370726e-07,2.9655745947820833e-07,0.0,0.0,5.0,0.26862218895624546,3.5762786865234375e-07,3.5762786865234375e-07,2.384185791015625e-07,3.5762786865234375e-07,0.00968860276043415,8.138657594565302,False,False
895,17.900000000000002,-0.11089319735765457,0.15306155383586884,4.809126377105713,0.2890338897705078,-3.4532090520400516e-09,1.8907715393368107e-09,1.0961861107716686e-06,2.2274887214734918e-06,8.980255370261148e-05,3.07796852894171e-07,-8.79214354654323e-08,2.727450691963895e-07,0.0,0.0,5.0,0.26862218895624546,2.384185791015625e-07,4.76837158203125e-07,3.5762786865234375e-07,2.384185791015625e-07,0.00968860276043415,8.148346197325736,False,False
896,17.92,-0.11089319735765457,0.15306155383586884,4.809126377105713,0.2890338897705078,-5.030208694023486e-09,2.2009087885521694e-09,1.0955683364954893e-06,2.2266940504778177e-06,8.980197162600234e-05,-2.7678308356371417e-07,-6.977786881634529e-08,2.737305067057605e-07,0.0,0.0,5.0,0.26862218895624546,3.5762786865234375e-07,0.0,3.5762786865234375e-07,2.384185791015625e-07,0.00968860276043415,8.15803480008617,False,False
897,17.94,-0.11089319735765457,0.15306155383586884,4.809126377105713,0.2890338897705078,-6.244335715166471e-09,-3.5300453671283094e-09,1.0945014992103097e-06,2.226433025498409e-06,8.980138954939321e-05,-2.963097074371035e-07,-5.1634302167258284e-08,3.2314903819496976e-07,0.0,0.0,5.0,0.26862218895624546,3.5762786865234375e-07,2.384185791015625e-07,2.384185791015625e-07,4.76837158203125e-07,0.00968860276043415,8.167723402846605,False,False
898,17.96,-0.11089319735765457,0.15306155383586884,4.809126377105713,0.2890338897705078,-7.211116592742428e-09,-3.7397991370369255e-09,1.0929906011369894e-06,2.2269166493060766e-06,8.980080747278407e-05,2.7533457114259363e-07,-4.5043364593766455e-08,3.2355330858990783e-07,0.0,0.0,5.0,0.26862218895624546,1.1920928955078125e-07,5.960464477539062e-07,3.5762786865234375e-07,4.76837158203125e-07,0.00968860276043415,8.177412005607039,False,False
899,17.98,-0.11089319735765457,0.15306155383586884,4.809126377105713,0.2890338897705078,-8.04607935833701e-09,-4.194436797888557e-09,1.091398075914185e-06,2.2270489807851845e-06,8.985249587567523e-05,-3.2079799439088674e-07,-3.8452427020274627e-08,2.755244850050076e-07,0.0,0.0,5.0,0.26862218895624546,3.5762786865234375e-07,-1.1920928955078125e-07,2.384185791015625e-07,3.5762786865234375e-07,0.00968860276043415,8.187100608367473,False,False
900,18.0,-0.11089319735765457,0.15306155383586884,4.809126377105713,0.2890338897705078,-1.9685499896837655e-09,2.2634238927565775e-09,1.0899790368057438e-06,2.227339564342401e-06,8.978660480352119e-05,9.665805009717587e-07,6.462025226028345e-07,3.364701797181624e-07,0.0,0.0,5.0,0.26862218895624546,1.1920928955078125e-07,1.3113021850585938e-06,3.5762786865234375e-07,-1.1920928955078125e-07,0.00968860276043415,8.196789211127907,False,False
901,18.02,-0.11089319735765457,0.15306155383586884,4.809126377105713,0.2890338897705078,-8.916198446229373e-09,-4.680607901264011e-09,1.0898480695686885e-06,2.2265764982876135e-06,8.983829320641235e-05,-1.6609799331490649e-06,-1.3409643315753783e-06,2.8744841529260157e-07,0.0,0.0,5.0,0.26862218895624546,4.76837158203125e-07,-1.3113021850585938e-06,2.384185791015625e-07,1.3113021850585938e-06,0.00968860276043415,8.206477813888341,False,False
902,18.04,-0.11089319735765457,0.15306155383586884,4.809126377105713,0.2890338897705078,-3.793031666532443e-09,-3.072183618613167e-10,1.0871077620322467e-06,2.2275905848800903e-06,8.978544065030292e-05,2.0983165995858144e-06,1.8532787180447485e-06,3.3669755339360563e-07,0.0,0.0,5.0,0.26862218895624546,0.0,2.1457672119140625e-06,3.5762786865234375e-07,-8.940696716308594e-07,0.00968860276043415,8.216166416648775,False,False
903,18.06,-0.11089319735765457,0.15306155383586884,4.809126377105713,0.2890338897705078,5.953525228363787e-09,8.312865062976016e-09,1.0885388519454864e-06,2.2261870071815792e-06,8.986320608528331e-05,-1.2363133237158763e-06,-8.786274747762945e-07,2.6389523100078804e-07,0.0,0.0,5.0,0.26862218895624546,3.5762786865234375e-07,-7.748603820800781e-07,2.384185791015625e-07,8.344650268554688e-07,0.00968860276043415,8.22585501940921,False,False
904,18.080000000000002,-0.11089319735765457,0.15306155383586884,4.809126377105713,0.2890338897705078,3.858044161919594e-10,1.6186516571536913e-09,1.0889656323342933e-06,2.225817524958984e-06,8.981035352917388e-05,5.668956077897747e-07,3.2185789677896537e-07,3.212327328583342e-07,0.0,0.0,5.0,0.26862218895624546,0.0,9.5367431640625e-07,2.384185791015625e-07,1.1920928955078125e-07,0.00968860276043415,8.235543622169644,False,False
905,18.1,-0.11089319735765457,0.15306155383586884,4.809126377105713,0.2890338897705078,9.77165570681393e-10,7.110788402542312e-09,1.0895454352066736e-06,2.224970558017958e-06,8.980977145256475e-05,-1.768438373517256e-08,-2.6272203967891983e-07,2.7378507638786687e-07,0.0,0.0,5.0,0.26862218895624546,2.384185791015625e-07,1.1920928955078125e-07,4.76837158203125e-07,2.384185791015625e-07,0.00968860276043415,8.245232224930078,False,False
906,18.12,-0.11089319735765457,0.15306155383586884,4.809126377105713,0.2890338897705078,-1.0822316376390972e-09,3.5481988458485603e-09,1.0898011169047095e-06,2.223802539447206e-06,8.978305413620546e-05,-3.385727609384048e-07,5.678328562908064e-08,2.989871745739947e-07,0.0,0.0,5.0,0.26862218895624546,3.5762786865234375e-07,1.1920928955078125e-07,2.384185791015625e-07,3.5762786865234375e-07,0.00968860276043415,8.254920827690512,False,False
907,18.14,-0.11089319735765457,0.15306155383586884,4.809126377105713,0.2890338897705078,1.1934898902499214e-10,2.493182993390519e-09,1.0898146456383984e-06,2.223366891485057e-06,8.978247205959633e-05,2.330715176412923e-07,6.337422320257247e-08,2.993914449689328e-07,0.0,0.0,5.0,0.26862218895624546,2.384185791015625e-07,5.960464477539062e-07,3.5762786865234375e-07,3.5762786865234375e-07,0.00968860276043415,8.264609430450946,False,False
908,18.16,-0.11089319735765457,0.15306155383586884,4.809126377105713,0.2890338897705078,1.4527486991156024e-09,1.1932836940786729e-09,1.0901070481850184e-06,2.222860075562494e-06,8.983416046248749e-05,-3.6306101947047864e-07,6.99651607760643e-08,2.5136262138403254e-07,0.0,0.0,5.0,0.26862218895624546,3.5762786865234375e-07,-5.960464477539063e-08,2.384185791015625e-07,2.384185791015625e-07,0.00968860276043415,8.27429803321138,False,False
909,18.18,-0.11089319735765457,0.15306155383586884,4.809126377105713,0.2890338897705078,1.986351187699409e-11,-3.249606139732464e-09,1.090282012228272e-06,2.22316066356143e-06,8.980744314612821e-05,-8.122587757952715e-08,-2.1325301702290744e-07,2.765647195701604e-07,0.0,0.0,5.0,0.26862218895624546,2.384185791015625e-07,1.1920928955078125e-07,3.5762786865234375e-07,3.5762786865234375e-07,0.00968860276043415,8.283986635971814,False,False
910,18.2,-0.11089319735765457,0.15306155383586884,4.809126377105713,0.2890338897705078,1.8479557883921416e-09,-5.18492182521868e-09,1.0900218967435649e-06,2.223911678811419e-06,8.980686106951907e-05,-1.1230513052851165e-07,3.9606140944670187e-07,2.7696898996509844e-07,0.0,0.0,5.0,0.26862218895624546,3.5762786865234375e-07,2.384185791015625e-07,2.384185791015625e-07,2.384185791015625e-07,0.00968860276043415,8.293675238732249,False,False
911,18.22,-0.11089319735765457,0.15306155383586884,4.809126377105713,0.2890338897705078,6.937025176512179e-09,-4.612664916692211e-09,1.0905736189670279e-06,2.2251801965467166e-06,8.978014375315979e-05,1.695299829407304e-07,1.1284319612059335e-07,3.021710881512263e-07,0.0,0.0,5.0,0.26862218895624546,2.384185791015625e-07,4.76837158203125e-07,2.384185791015625e-07,3.5762786865234375e-07,0.00968860276043415,8.303363841492683,False,False
912,18.240000000000002,-0.11089319735765457,0.15306155383586884,4.809126377105713,0.2890338897705078,9.25980714328034e-09,-1.5328418534465982e-09,1.0918874977505766e-06,2.2262290713115362e-06,8.977956167655066e-05,1.384507299917459e-07,1.1943413369408518e-07,2.5414226456632605e-07,0.0,0.0,5.0,0.26862218895624546,2.384185791015625e-07,3.5762786865234375e-07,3.5762786865234375e-07,1.1920928955078125e-07,0.00968860276043415,8.313052444253117,False,False
913,18.26,-0.11089319735765457,0.15306155383586884,4.809126377105713,0.2890338897705078,1.182993791815079e-08,-4.609635784191823e-09,1.0937272918454255e-06,2.2271690340858186e-06,8.977897959994152e-05,-4.461292064661393e-07,1.3757775718659104e-07,2.55127702075697e-07,0.0,0.0,5.0,0.26862218895624546,4.76837158203125e-07,-1.7881393432617188e-07,2.384185791015625e-07,1.1920928955078125e-07,0.00968860276043415,8.322741047013551,False,False
914,18.28,-0.11089319735765457,0.15306155383586884,4.809126377105713,0.2890338897705078,1.852998288143226e-08,-3.556513972213793e-09,1.0960578720187186e-06,2.229046231150278e-06,8.968695328803733e-05,5.514401095751964e-07,5.324235416992451e-07,3.408712245800416e-07,0.0,0.0,5.0,0.26862218895624546,4.76837158203125e-07,1.0728836059570312e-06,2.384185791015625e-07,-1.1920928955078125e-07,0.00968860276043415,8.332429649773985,False,False
915,18.3,-0.11089319735765457,0.15306155383586884,4.809126377105713,0.2890338897705078,6.293112253530353e-09,-9.385801469363741e-09,1.0990551118084113e-06,2.230621248600073e-06,8.971250645117834e-05,-1.1343648793626926e-06,-1.7561051208758727e-06,3.2212017231358914e-07,0.0,0.0,5.0,0.26862218895624546,3.5762786865234375e-07,-7.152557373046875e-07,3.5762786865234375e-07,1.5497207641601562e-06,0.00968860276043415,8.34211825253442,False,False
916,18.32,-0.11089319735765457,0.15306155383586884,4.809126377105713,0.2890338897705078,-7.289878034555386e-09,-1.0533947047974834e-08,1.0977057627314935e-06,2.232967517556972e-06,8.973805961431935e-05,1.0195526556344703e-06,3.9781238569958077e-07,3.4787910863087745e-07,0.0,0.0,5.0,0.26862218895624546,0.0,1.0728836059570312e-06,2.384185791015625e-07,1.1920928955078125e-07,0.00968860276043415,8.351806855294853,False,False
917,18.34,-0.11089319735765457,0.15306155383586884,4.809126377105713,0.2890338897705078,-1.1960090695595227e-08,-2.7693050075328074e-09,1.0960569625240169e-06,2.233513896499062e-06,8.980278653325513e-05,-2.430911649753398e-07,-8.648314064885199e-07,2.429170535833691e-07,0.0,0.0,5.0,0.26862218895624546,0.0,-2.384185791015625e-07,3.5762786865234375e-07,7.152557373046875e-07,0.00968860276043415,8.361495458055288,False,False
918,18.36,-0.11089319735765457,0.15306155383586884,4.809126377105713,0.2890338897705078,-1.3484848793154924e-08,2.4902353512601394e-09,1.0930767757599824e-06,2.233063469248009e-06,8.976303070085123e-05,7.69043026593863e-07,7.123562113520165e-07,2.820919462465099e-07,0.0,0.0,5.0,0.26862218895624546,3.5762786865234375e-07,9.5367431640625e-07,3.5762786865234375e-07,-1.7881393432617188e-07,0.00968860276043415,8.371184060815722,False,False
919,18.38,-0.11089319735765457,0.15306155383586884,4.809126377105713,0.2890338897705078,-1.2328749576795417e-08,4.7800798874675365e-09,1.0913551022895263e-06,2.231397274954361e-06,8.974935190053657e-05,-5.400597160587495e-07,-5.96746531300596e-07,3.4507172586017987e-07,0.0,0.0,5.0,0.26862218895624546,2.384185791015625e-07,0.0,2.384185791015625e-07,9.5367431640625e-07,0.00968860276043415,8.380872663576156,False,False
920,18.400000000000002,-0.11089319735765457,0.15306155383586884,4.809126377105713,0.2890338897705078,-1.8286089087382607e-08,-4.2022918478323845e-10,1.0884506309594144e-06,2.2302090201264946e-06,8.974876982392743e-05,2.003178600773481e-08,1.0152790830275649e-09,2.9646173516084673e-07,0.0,0.0,5.0,0.26862218895624546,3.5762786865234375e-07,2.384185791015625e-07,3.5762786865234375e-07,3.5762786865234375e-07,0.00968860276043415,8.39056126633659,False,False
921,18.42,-0.11089319735765457,0.15306155383586884,4.809126377105713,0.2890338897705078,-1.5186243373932484e-08,2.6832482902250376e-09,1.085199301087414e-06,2.229141273346613e-06,8.977432298706844e-05,2.903142899413069e-07,3.089679410095414e-07,3.2108266623254167e-07,0.0,0.0,5.0,0.26862218895624546,1.1920928955078125e-07,5.960464477539062e-07,2.384185791015625e-07,2.384185791015625e-07,0.00968860276043415,8.400249869097024,False,False
922,18.44,-0.11089319735765457,0.15306155383586884,4.809126377105713,0.2890338897705078,-1.4852684415700423e-08,2.6437345646002086e-09,1.0827540108948597e-06,2.22767243940325e-06,8.977374091045931e-05,-2.9426564651657827e-07,-2.756119954483438e-07,2.7363500976207433e-07,0.0,0.0,5.0,0.26862218895624546,3.5762786865234375e-07,-5.960464477539063e-08,4.76837158203125e-07,4.76837158203125e-07,0.00968860276043415,8.409938471857458,False,False
923,18.46,-0.11089319735765457,0.15306155383586884,4.809126377105713,0.2890338897705078,-1.7285408659972745e-08,-5.387703061465743e-10,1.079710614249052e-06,2.226601964139263e-06,8.979929407360032e-05,-2.3983144359362996e-08,3.2340665256924694e-08,2.9825594083376927e-07,0.0,0.0,5.0,0.26862218895624546,2.384185791015625e-07,2.384185791015625e-07,3.5762786865234375e-07,3.5762786865234375e-07,0.00968860276043415,8.419627074617893,False,False
924,18.48,-0.11089319735765457,0.15306155383586884,4.809126377105713,0.2890338897705078,-1.054542053680052e-08,-1.3292211775706164e-09,1.0767798812594265e-06,2.2259007437241962e-06,8.979871199699119e-05,-5.506242928277061e-08,6.416550490939699e-07,2.9866021122870734e-07,0.0,0.0,5.0,0.26862218895624546,4.76837158203125e-07,3.5762786865234375e-07,2.384185791015625e-07,1.1920928955078125e-07,0.00968860276043415,8.429315677378327,False,False
925,18.5,-0.11089319735765457,0.15306155383586884,4.809126377105713,0.2890338897705078,-3.5580884905073162e-09,-2.6257334084789363e-09,1.0754476988950046e-06,2.225886191808968e-06,8.979812992038205e-05,-7.458906026158729e-08,5.707504513452477e-08,2.996456487380783e-07,0.0,0.0,5.0,0.26862218895624546,2.384185791015625e-07,2.384185791015625e-07,2.384185791015625e-07,4.76837158203125e-07,0.00968860276043415,8.43900428013876,False,False
926,18.52,-0.11089319735765457,0.15306155383586884,4.809126377105713,0.2890338897705078,6.629584659023635e-10,-1.4146795956904157e-09,1.0748889280876028e-06,2.226239757874282e-06,8.977141260402277e-05,1.9569341702663223e-07,3.650277164979343e-07,2.758332584562595e-07,0.0,0.0,5.0,0.26862218895624546,2.384185791015625e-07,5.960464477539062e-07,2.384185791015625e-07,2.384185791015625e-07,0.00968860276043415,8.448692882899195,False,False
927,18.54,-0.11089319735765457,0.15306155383586884,4.809126377105713,0.2890338897705078,2.1177202214062163e-09,-3.34661742762421e-09,1.075240902537189e-06,2.2266108317126054e-06,8.977083052741364e-05,-3.8888651943125296e-07,-2.1955220574909617e-07,2.2838560198579216e-07,0.0,0.0,5.0,0.26862218895624546,3.5762786865234375e-07,-5.960464477539063e-08,3.5762786865234375e-07,3.5762786865234375e-07,0.00968860276043415,8.458381485659629,False,False
928,18.56,-0.11089319735765457,0.15306155383586884,4.809126377105713,0.2890338897705078,8.061969425376958e-10,-8.421547015302622e-09,1.0751000445452519e-06,2.2277990865404718e-06,8.979638369055465e-05,-1.186039995104693e-07,8.840045495617233e-08,2.5300647621406824e-07,0.0,0.0,5.0,0.26862218895624546,3.5762786865234375e-07,0.0,2.384185791015625e-07,2.384185791015625e-07,0.00968860276043415,8.468070088420063,False,False
929,18.580000000000002,-0.11089319735765457,0.15306155383586884,4.809126377105713,0.2890338897705078,-2.579805258307033e-10,-7.975276439253776e-09,1.0747655778686749e-06,2.22947824113362e-06,8.976966637419537e-05,1.632311068533454e-07,-1.9481771573737205e-07,2.782085744001961e-07,0.0,0.0,5.0,0.26862218895624546,2.384185791015625e-07,3.5762786865234375e-07,3.5762786865234375e-07,3.5762786865234375e-07,0.00968860276043415,8.477758691180497,False,False
930,18.6,-0.11089319735765457,0.15306155383586884,4.809126377105713,0.2890338897705078,-1.07481168409862e-09,-7.658361944606895e-09,1.0741437108663376e-06,2.2307983726932434e-06,8.979521953733638e-05,-1.3153969291579415e-07,1.1313494496789644e-07,2.543961841183773e-07,0.0,0.0,5.0,0.26862218895624546,2.384185791015625e-07,0.0,2.384185791015625e-07,2.384185791015625e-07,0.00968860276043415,8.487447293940932,False,False
931,18.62,-0.11089319735765457,0.15306155383586884,4.809126377105713,0.2890338897705078,1.3693345346510455e-09,-1.0484431989254972e-08,1.0736414424172835e-06,2.2324629753711633e-06,8.974236698122695e-05,-1.5106631678918347e-07,1.312785542495476e-07,2.5538162162774825e-07,0.0,0.0,5.0,0.26862218895624546,3.5762786865234375e-07,1.1920928955078125e-07,2.384185791015625e-07,3.5762786865234375e-07,0.00968860276043415,8.497135896701366,False,False
932,18.64,-0.11089319735765457,0.15306155383586884,4.809126377105713,0.2890338897705078,4.060826785945437e-09,-7.789298983595927e-09,1.0735456044130842e-06,2.2345313936966704e-06,8.974178490461782e-05,4.2057794757965894e-07,1.3786943497962056e-07,2.557858920226863e-07,0.0,0.0,5.0,0.26862218895624546,1.1920928955078125e-07,4.76837158203125e-07,2.384185791015625e-07,1.1920928955078125e-07,0.00968860276043415,8.5068244994618,False,False
933,18.66,-0.11089319735765457,0.15306155383586884,4.809126377105713,0.2890338897705078,3.98603283713328e-09,-2.5866013775299734e-09,1.0741117648649379e-06,2.235720330645563e-06,8.971506758825853e-05,9.968954373107408e-08,-1.4534873571392382e-07,2.3255471148786455e-07,0.0,0.0,5.0,0.26862218895624546,3.5762786865234375e-07,2.384185791015625e-07,3.5762786865234375e-07,2.384185791015625e-07,0.00968860276043415,8.516513102222234,False,False
934,18.68,-0.11089319735765457,0.15306155383586884,4.809126377105713,0.2890338897705078,1.2604816079786474e-09,-7.880723851272364e-10,1.0745326335381833e-06,2.2362073650583625e-06,8.97144855116494e-05,8.016291985768476e-08,-1.2720511222141795e-07,2.8197325718792854e-07,0.0,0.0,5.0,0.26862218895624546,3.5762786865234375e-07,4.76837158203125e-07,3.5762786865234375e-07,4.76837158203125e-07,0.00968860276043415,8.526201704982668,False,False
935,18.7,-0.11089319735765457,0.15306155383586884,4.809126377105713,0.2890338897705078,-1.2177231445420489e-09,8.810998042285689e-10,1.0745599183792365e-06,2.236229647678556e-06,8.976617391454056e-05,8.675385743117658e-08,-1.2061423149134498e-07,2.823775275828666e-07,0.0,0.0,5.0,0.26862218895624546,2.384185791015625e-07,4.76837158203125e-07,3.5762786865234375e-07,4.76837158203125e-07,0.00968860276043415,8.535890307743102,False,False
936,18.72,-0.11089319735765457,0.15306155383586884,4.809126377105713,0.2890338897705078,-5.504780520304564e-10,-3.3153566003640833e-10,1.0743373195509776e-06,2.235992724308744e-06,8.979172707768157e-05,-2.0801694233796297e-07,1.8733842921392352e-07,2.585651373010478e-07,0.0,0.0,5.0,0.26862218895624546,3.5762786865234375e-07,0.0,2.384185791015625e-07,2.384185791015625e-07,0.00968860276043415,8.545578910503536,False,False
937,18.740000000000002,-0.11089319735765457,0.15306155383586884,4.809126377105713,0.2890338897705078,3.64113100781438e-10,-1.6735282049040734e-09,1.074319129656942e-06,2.2362698928191094e-06,8.976500976132229e-05,7.381815692042437e-08,-9.587974147962086e-08,2.8376723548717564e-07,0.0,0.0,5.0,0.26862218895624546,3.5762786865234375e-07,4.76837158203125e-07,3.5762786865234375e-07,3.5762786865234375e-07,0.00968860276043415,8.55526751326397,False,False
938,18.76,-0.11089319735765457,0.15306155383586884,4.809126377105713,0.2890338897705078,-1.4875807252678896e-09,-1.3125135700509105e-10,1.0741765663624392e-06,2.2364340566127794e-06,8.981669816421345e-05,8.04090944939162e-08,-8.928880390612903e-08,2.841715058821137e-07,0.0,0.0,5.0,0.26862218895624546,2.384185791015625e-07,3.5762786865234375e-07,3.5762786865234375e-07,3.5762786865234375e-07,0.00968860276043415,8.564956116024405,False,False
939,18.78,-0.11089319735765457,0.15306155383586884,4.809126377105713,0.2890338897705078,-1.9382434546244554e-10,-1.470781829659984e-09,1.0738951914390782e-06,2.236398358945735e-06,8.984225132735446e-05,-2.1436170527522336e-07,2.1866385679913947e-07,2.603591156002949e-07,0.0,0.0,5.0,0.26862218895624546,3.5762786865234375e-07,0.0,2.384185791015625e-07,3.5762786865234375e-07,0.00968860276043415,8.574644718784839,False,False
940,18.8,-0.11089319735765457,0.15306155383586884,4.809126377105713,0.2890338897705078,4.245381823864136e-09,-4.1561608321583066e-11,1.0741221103671705e-06,2.2368310510501033e-06,8.984166925074533e-05,3.5728257330447377e-07,2.2525475174006715e-07,2.6076338599523297e-07,0.0,0.0,5.0,0.26862218895624546,1.1920928955078125e-07,4.76837158203125e-07,2.384185791015625e-07,1.1920928955078125e-07,0.00968860276043415,8.584333321545273,False,False
941,18.82,-0.11089319735765457,0.15306155383586884,4.809126377105713,0.2890338897705078,5.918303180862949e-09,3.895225031413929e-09,1.0752687558124308e-06,2.2367203200701624e-06,8.981495193438604e-05,3.639417300860259e-08,-5.796341540076355e-08,2.3753217703870178e-07,0.0,0.0,5.0,0.26862218895624546,2.384185791015625e-07,1.1920928955078125e-07,3.5762786865234375e-07,2.384185791015625e-07,0.00968860276043415,8.594021924305707,False,False
942,18.84,-0.11089319735765457,0.15306155383586884,4.809126377105713,0.2890338897705078,7.954096936657606e-09,1.4142161885999371e-09,1.0766370905912481e-06,2.236444061054499e-06,8.978823461802676e-05,-2.844942059709865e-07,2.615419134599506e-07,2.627342610139749e-07,0.0,0.0,5.0,0.26862218895624546,3.5762786865234375e-07,1.1920928955078125e-07,2.384185791015625e-07,2.384185791015625e-07,0.00968860276043415,8.603710527066141,False,False
943,18.86,-0.11089319735765457,0.15306155383586884,4.809126377105713,0.2890338897705078,1.0352763979426527e-08,-1.457326148646132e-09,1.0784007145048236e-06,2.2370306851371424e-06,8.976151730166748e-05,-2.6590805113357874e-09,-2.167625190452327e-08,2.8793635920010274e-07,0.0,0.0,5.0,0.26862218895624546,3.5762786865234375e-07,2.384185791015625e-07,2.384185791015625e-07,3.5762786865234375e-07,0.00968860276043415,8.613399129826576,False,False
944,18.88,-0.11089319735765457,0.15306155383586884,4.809126377105713,0.2890338897705078,9.985146931512645e-09,4.2059586924381165e-09,1.0803200893860776e-06,2.237584567410522e-06,8.976093522505835e-05,5.68985171867098e-07,-1.508531433103144e-08,2.883406295950408e-07,0.0,0.0,5.0,0.26862218895624546,1.1920928955078125e-07,8.344650268554688e-07,2.384185791015625e-07,2.384185791015625e-07,0.00968860276043415,8.62308773258701,False,False
945,18.900000000000002,-0.11089319735765457,0.15306155383586884,4.809126377105713,0.2890338897705078,3.83761378230929e-09,9.739877349090875e-09,1.0822966487467056e-06,2.236619593531941e-06,8.976035314844921e-05,-1.5594819657849257e-08,-5.996652703288419e-07,2.4089297312457347e-07,0.0,0.0,5.0,0.26862218895624546,0.0,1.1920928955078125e-07,4.76837158203125e-07,5.960464477539062e-07,0.00968860276043415,8.632776335347444,False,False
946,18.92,-0.11089319735765457,0.15306155383586884,4.809126377105713,0.2890338897705078,8.355303116047708e-10,1.2015286543487491e-08,1.0830705150510767e-06,2.23473898586235e-06,8.978590631159022e-05,2.4313499125128146e-07,2.994582928295131e-07,2.1649941572832176e-07,0.0,0.0,5.0,0.26862218895624546,2.384185791015625e-07,3.5762786865234375e-07,2.384185791015625e-07,0.0,0.00968860276043415,8.642464938107878,False,False
947,18.94,-0.11089319735765457,0.15306155383586884,4.809126377105713,0.2890338897705078,3.992528530005757e-09,1.3669112064462752e-08,1.0843166364793433e-06,2.2323938537738286e-06,8.975918899523094e-05,-7.775339838644868e-08,1.6240116806898186e-08,1.9326830624777358e-07,0.0,0.0,5.0,0.26862218895624546,4.76837158203125e-07,1.1920928955078125e-07,4.76837158203125e-07,1.1920928955078125e-07,0.00968860276043415,8.652153540868312,False,False
948,18.96,-0.11089319735765457,0.15306155383586884,4.809126377105713,0.2890338897705078,4.498768912952755e-09,1.1918771747332357e-08,1.085826966118475e-06,2.2301951503322925e-06,8.975860691862181e-05,-9.7280022259838e-08,3.438368523234203e-08,2.4268683773698285e-07,0.0,0.0,5.0,0.26862218895624546,4.76837158203125e-07,1.1920928955078125e-07,3.5762786865234375e-07,1.1920928955078125e-07,0.00968860276043415,8.661842143628746,False,False
949,18.98,-0.11089319735765457,0.15306155383586884,4.809126377105713,0.2890338897705078,5.3678821387848075e-09,9.777896714524559e-09,1.087354689843778e-06,2.228394805570133e-06,8.975802484201267e-05,-1.1680664613322733e-07,5.252725188142904e-08,2.921053692261921e-07,0.0,0.0,5.0,0.26862218895624546,4.76837158203125e-07,2.384185791015625e-07,3.5762786865234375e-07,2.384185791015625e-07,0.00968860276043415,8.67153074638918,False,False
950,19.0,-0.11089319735765457,0.15306155383586884,4.809126377105713,0.2890338897705078,6.599868651591123e-09,7.246487410128566e-09,1.088946532945556e-06,2.2270864974416327e-06,8.975744276540354e-05,-1.3633327000661666e-07,7.067082208322972e-08,3.415239007154014e-07,0.0,0.0,5.0,0.26862218895624546,3.5762786865234375e-07,4.76837158203125e-07,2.384185791015625e-07,3.5762786865234375e-07,0.00968860276043415,8.681219349149615,False,False
951,19.02,-0.11089319735765457,0.15306155383586884,4.809126377105713,0.2890338897705078,5.065568853268587e-09,7.222644704540926e-09,1.090532350644935e-06,2.226167907792842e-06,8.978299592854455e-05,1.339492001761755e-07,-2.2409997768590983e-07,3.177115104335826e-07,0.0,0.0,5.0,0.26862218895624546,2.384185791015625e-07,4.76837158203125e-07,3.5762786865234375e-07,3.5762786865234375e-07,0.00968860276043415,8.690907951910049,False,False
952,19.04,-0.11089319735765457,0.15306155383586884,4.809126377105713,0.2890338897705078,3.663089387373475e-09,6.953917441876456e-09,1.0916988912867964e-06,2.2249614630709402e-06,8.980854909168556e-05,-1.6082159959296405e-07,8.385268301935866e-08,2.938991201517638e-07,0.0,0.0,5.0,0.26862218895624546,3.5762786865234375e-07,2.384185791015625e-07,3.5762786865234375e-07,3.5762786865234375e-07,0.00968860276043415,8.700596554670483,False,False
953,19.06,-0.11089319735765457,0.15306155383586884,4.809126377105713,0.2890338897705078,8.419691610583868e-09,6.440314503919353e-09,1.0930355074378895e-06,2.2240726593736326e-06,8.983410225482658e-05,1.0946087769525548e-07,3.9180534372462716e-07,3.185200512234587e-07,0.0,0.0,5.0,0.26862218895624546,2.384185791015625e-07,5.960464477539062e-07,2.384185791015625e-07,1.1920928955078125e-07,0.00968860276043415,8.710285157430917,False,False
954,19.080000000000002,-0.11089319735765457,0.15306155383586884,4.809126377105713,0.2890338897705078,1.04100070785762e-08,2.783718366927701e-09,1.0952874163194792e-06,2.2235549295146484e-06,8.983352017821744e-05,-4.7511912271147594e-07,-1.9277459273325803e-07,2.710723947529914e-07,0.0,0.0,5.0,0.26862218895624546,4.76837158203125e-07,-1.1920928955078125e-07,3.5762786865234375e-07,2.384185791015625e-07,0.00968860276043415,8.719973760191351,False,False
955,19.1,-0.11089319735765457,0.15306155383586884,4.809126377105713,0.2890338897705078,1.3516603836194463e-08,6.201074653766625e-10,1.0973216149068321e-06,2.2240301404963247e-06,8.97676291060634e-05,2.5875860387714056e-07,5.034328296460444e-07,3.8405937630159315e-07,0.0,0.0,5.0,0.26862218895624546,2.384185791015625e-07,8.344650268554688e-07,2.384185791015625e-07,1.1920928955078125e-07,0.00968860276043415,8.729662362951785,False,False
956,19.12,-0.11089319735765457,0.15306155383586884,4.809126377105713,0.2890338897705078,1.773947744254656e-08,-5.05175901110988e-11,1.1004634643541067e-06,2.2247011202125577e-06,8.976704702945426e-05,-3.2582136100245407e-07,-8.114714944440493e-08,3.366117198311258e-07,0.0,0.0,5.0,0.26862218895624546,3.5762786865234375e-07,2.384185791015625e-07,2.384185791015625e-07,3.5762786865234375e-07,0.00968860276043415,8.73935096571222,False,False
957,19.14,-0.11089319735765457,0.15306155383586884,4.809126377105713,0.2890338897705078,1.618243850032286e-08,-8.505078308296277e-10,1.1035945135517977e-06,2.225906200692407e-06,8.976646495284513e-05,2.4582291757724306e-07,-7.45562118709131e-08,3.370159902260639e-07,0.0,0.0,5.0,0.26862218895624546,2.384185791015625e-07,5.960464477539062e-07,2.384185791015625e-07,2.384185791015625e-07,0.00968860276043415,8.749039568472654,False,False
958,19.16,-0.11089319735765457,0.15306155383586884,4.809126377105713,0.2890338897705078,8.84547901591759e-09,-1.7798614804220847e-09,1.106197828448785e-06,2.22674134420231e-06,8.976588287623599e-05,-3.3875704730235157e-07,-6.591362193830719e-07,2.8956833375559654e-07,0.0,0.0,5.0,0.26862218895624546,1.1920928955078125e-07,1.1920928955078125e-07,2.384185791015625e-07,7.152557373046875e-07,0.00968860276043415,8.758728171233088,False,False
959,19.18,-0.11089319735765457,0.15306155383586884,4.809126377105713,0.2890338897705078,1.6403398639397437e-09,-2.9541016299816647e-09,1.1069043921452248e-06,2.2276092295214767e-06,8.976530079962686e-05,2.2133450272576738e-07,-6.137440777820302e-08,2.409583430562634e-07,0.0,0.0,5.0,0.26862218895624546,2.384185791015625e-07,3.5762786865234375e-07,3.5762786865234375e-07,1.1920928955078125e-07,0.00968860276043415,8.768416773993522,False,False
960,19.2,-0.11089319735765457,0.15306155383586884,4.809126377105713,0.2890338897705078,5.942827896454617e-10,-4.373218676079205e-09,1.1069748779846122e-06,2.228165385531611e-06,8.976471872301772e-05,-3.632454195212631e-07,-4.3230841129116016e-08,2.4194378056563437e-07,0.0,0.0,5.0,0.26862218895624546,4.76837158203125e-07,0.0,3.5762786865234375e-07,2.384185791015625e-07,0.00968860276043415,8.778105376753956,False,False
961,19.22,-0.11089319735765457,0.15306155383586884,4.809126377105713,0.2890338897705078,-8.890153196938755e-11,-1.1833427571161792e-08,1.1065994840464555e-06,2.229610117865377e-06,8.976413664640859e-05,-3.8277204339465243e-07,-2.508727270367217e-08,2.9136231205484364e-07,0.0,0.0,5.0,0.26862218895624546,5.960464477539062e-07,0.0,2.384185791015625e-07,3.5762786865234375e-07,0.00968860276043415,8.78779397951439,False,False
962,19.240000000000002,-0.11089319735765457,0.15306155383586884,4.809126377105713,0.2890338897705078,-3.5383704855007636e-09,-1.0758807178490315e-08,1.1056744142479147e-06,2.2319541130855214e-06,8.97896898095496e-05,4.902338446299837e-07,-3.198580884600233e-07,3.159832431265386e-07,0.0,0.0,5.0,0.26862218895624546,1.1920928955078125e-07,5.960464477539062e-07,3.5762786865234375e-07,4.76837158203125e-07,0.00968860276043415,8.797482582274824,False,False
963,19.26,-0.11089319735765457,0.15306155383586884,4.809126377105713,0.2890338897705078,-9.86965265070694e-09,-6.915446437716355e-09,1.1040331173717277e-06,2.2331244053930277e-06,8.984137821244076e-05,-1.0589867827093258e-07,-3.132672077299503e-07,2.6795441954163834e-07,0.0,0.0,5.0,0.26862218895624546,3.5762786865234375e-07,1.1920928955078125e-07,3.5762786865234375e-07,4.76837158203125e-07,0.00968860276043415,8.807171185035259,False,False
964,19.28,-0.11089319735765457,0.15306155383586884,4.809126377105713,0.2890338897705078,-1.305548558150349e-08,-6.330596491466167e-09,1.101422640203964e-06,2.233802206319524e-06,8.986693137558177e-05,1.643838061227143e-07,-5.314546580592605e-09,2.925753506133333e-07,0.0,0.0,5.0,0.26862218895624546,2.384185791015625e-07,2.384185791015625e-07,3.5762786865234375e-07,3.5762786865234375e-07,0.00968860276043415,8.816859787795693,False,False
965,19.3,-0.11089319735765457,0.15306155383586884,4.809126377105713,0.2890338897705078,-7.068605700766284e-09,-3.353692878960146e-09,1.0989934935423662e-06,2.2340984742186265e-06,8.986634929897264e-05,1.333045531737298e-07,6.039999220774916e-07,2.9297962100827135e-07,0.0,0.0,5.0,0.26862218895624546,4.76837158203125e-07,3.5762786865234375e-07,2.384185791015625e-07,-5.960464477539063e-08,0.00968860276043415,8.826548390556127,False,False
966,19.32,-0.11089319735765457,0.15306155383586884,4.809126377105713,0.2890338897705078,-8.343787327724783e-10,-8.828494602042269e-10,1.0982322464769823e-06,2.2343303953675786e-06,8.98657672223635e-05,1.1377792930034047e-07,1.9419916341689714e-08,2.939650585176423e-07,0.0,0.0,5.0,0.26862218895624546,2.384185791015625e-07,2.384185791015625e-07,2.384185791015625e-07,2.384185791015625e-07,0.00968860276043415,8.836236993316561,False,False
967,19.34,-0.11089319735765457,0.15306155383586884,4.809126377105713,0.2890338897705078,-2.645421381952673e-10,1.1974524705138379e-09,1.0981199238813133e-06,2.23428492063249e-06,8.981291466625407e-05,9.425130542695115e-08,3.756348476713356e-08,2.949504960270133e-07,0.0,0.0,5.0,0.26862218895624546,2.384185791015625e-07,4.76837158203125e-07,2.384185791015625e-07,3.5762786865234375e-07,0.00968860276043415,8.845925596076995,False,False
968,19.36,-0.11089319735765457,0.15306155383586884,4.809126377105713,0.2890338897705078,5.526407664824262e-10,2.771693763392591e-09,1.0982436151607544e-06,2.2339249881042633e-06,8.981233258964494e-05,6.317205247796664e-08,4.415442234062539e-08,2.4692167244211305e-07,0.0,0.0,5.0,0.26862218895624546,2.384185791015625e-07,3.5762786865234375e-07,3.5762786865234375e-07,2.384185791015625e-07,0.00968860276043415,8.85561419883743,False,False
969,19.38,-0.11089319735765457,0.15306155383586884,4.809126377105713,0.2890338897705078,1.6171697314604216e-09,-1.8106830479425184e-09,1.0985261269524926e-06,2.233655550298863e-06,8.98117505130358e-05,-5.21407912401628e-07,6.229799254242607e-08,2.47907109951484e-07,0.0,0.0,5.0,0.26862218895624546,4.76837158203125e-07,-2.384185791015625e-07,2.384185791015625e-07,2.384185791015625e-07,0.00968860276043415,8.865302801597863,False,False
970,19.400000000000002,-0.11089319735765457,0.15306155383586884,4.809126377105713,0.2890338897705078,6.811611275026053e-09,-2.263143672465162e-09,1.0989319889631588e-06,2.2345222987496527e-06,8.971972420113161e-05,4.761613752179983e-07,4.571437841605075e-07,3.336506324558286e-07,0.0,0.0,5.0,0.26862218895624546,3.5762786865234375e-07,1.0728836059570312e-06,2.384185791015625e-07,0.0,0.00968860276043415,8.874991404358298,False,False
971,19.42,-0.11089319735765457,0.15306155383586884,4.809126377105713,0.2890338897705078,3.1440183789754883e-10,-2.35274577597977e-09,1.1001203574778629e-06,2.235024112451356e-06,8.981058635981753e-05,-4.851207222600351e-07,-1.1068617595810792e-06,2.5290523808507714e-07,0.0,0.0,5.0,0.26862218895624546,2.384185791015625e-07,-3.5762786865234375e-07,3.5762786865234375e-07,8.344650268554688e-07,0.00968860276043415,8.884680007118732,False,False
972,19.44,-0.11089319735765457,0.15306155383586884,4.809126377105713,0.2890338897705078,-9.064620165588622e-09,-5.700865113311693e-09,1.0987424730046769e-06,2.2356091449182713e-06,8.98100042832084e-05,1.5031137934329308e-07,1.6896392196485976e-07,2.587823928479338e-07,0.0,0.0,5.0,0.26862218895624546,2.384185791015625e-07,3.5762786865234375e-07,2.384185791015625e-07,2.384185791015625e-07,0.00968860276043415,8.894368609879166,False,False
973,19.46,-0.11089319735765457,0.15306155383586884,4.809126377105713,0.2890338897705078,-8.517520022621738e-09,-5.9035221156023e-09,1.096875735129288e-06,2.2361314222507644e-06,8.978328696684912e-05,-1.7057701029443706e-07,-1.1425424872868462e-07,2.3555118389140262e-07,0.0,0.0,5.0,0.26862218895624546,3.5762786865234375e-07,-5.960464477539063e-08,3.5762786865234375e-07,2.384185791015625e-07,0.00968860276043415,8.9040572126396,False,False
974,19.48,-0.11089319735765457,0.15306155383586884,4.809126377105713,0.2890338897705078,-1.0621179491465682e-08,-9.510345400087772e-09,1.09467862330348e-06,2.237002718175063e-06,8.978270489023998e-05,-1.9010363416782639e-07,-9.611068207959761e-08,2.849697295914666e-07,0.0,0.0,5.0,0.26862218895624546,3.5762786865234375e-07,1.1920928955078125e-07,2.384185791015625e-07,3.5762786865234375e-07,0.00968860276043415,8.913745815400034,False,False
975,19.5,-0.11089319735765457,0.15306155383586884,4.809126377105713,0.2890338897705078,-1.2477492816742597e-08,-7.59597007515822e-09,1.091989020096662e-06,2.238169827251113e-06,8.978212281363085e-05,3.8154064441187074e-07,-8.951974450610578e-08,2.8537399998640467e-07,0.0,0.0,5.0,0.26862218895624546,1.1920928955078125e-07,4.76837158203125e-07,3.5762786865234375e-07,3.5762786865234375e-07,0.00968860276043415,8.923434418160468,False,False
976,19.52,-0.11089319735765457,0.15306155383586884,4.809126377105713,0.2890338897705078,-1.1188354243074627e-08,-2.9128439660297545e-09,1.0893702437897446e-06,2.23842744162539e-06,8.980767597677186e-05,8.676981622102176e-08,2.1843291619916272e-07,2.6156160970458586e-07,0.0,0.0,5.0,0.26862218895624546,2.384185791015625e-07,1.1920928955078125e-07,2.384185791015625e-07,2.384185791015625e-07,0.00968860276043415,8.933123020920902,False,False
977,19.54,-0.11089319735765457,0.15306155383586884,4.809126377105713,0.2890338897705078,-6.638239735679008e-09,-1.3727016190401287e-09,1.0875115776798339e-06,2.2383264877134934e-06,8.975482342066243e-05,6.724319234763243e-08,2.3657653969166859e-07,2.6254704721395683e-07,0.0,0.0,5.0,0.26862218895624546,2.384185791015625e-07,3.5762786865234375e-07,3.5762786865234375e-07,2.384185791015625e-07,0.00968860276043415,8.942811623681337,False,False
978,19.56,-0.11089319735765457,0.15306155383586884,4.809126377105713,0.2890338897705078,-1.7252512751753102e-09,-5.8736504549017354e-09,1.0865286412808928e-06,2.2385220290743746e-06,8.97542413440533e-05,-5.173367867428169e-07,2.5472004949733673e-07,2.635324847233278e-07,0.0,0.0,5.0,0.26862218895624546,5.960464477539062e-07,-1.1920928955078125e-07,2.384185791015625e-07,3.5762786865234375e-07,0.00968860276043415,8.95250022644177,False,False
979,19.580000000000002,-0.11089319735765457,0.15306155383586884,4.809126377105713,0.2890338897705078,7.202121565796915e-09,-3.3295002865862955e-10,1.0864816886169137e-06,2.239747800558689e-06,8.97144855116494e-05,1.071403289643058e-06,6.380131480909768e-07,3.486948401132395e-07,0.0,0.0,5.0,0.26862218895624546,2.384185791015625e-07,1.430511474609375e-06,3.5762786865234375e-07,-1.1920928955078125e-07,0.00968860276043415,8.962188829202205,False,False
980,19.6,-0.11089319735765457,0.15306155383586884,4.809126377105713,0.2890338897705078,3.1043165815702878e-09,-1.413479222556191e-09,1.0881805110329879e-06,2.239662080683047e-06,8.974003867479041e-05,-1.1794552392530022e-06,-1.0477917840034934e-06,3.29943787846787e-07,0.0,0.0,5.0,0.26862218895624546,5.960464477539062e-07,-4.76837158203125e-07,2.384185791015625e-07,1.1920928955078125e-06,0.00968860276043415,8.971877431962639,False,False
981,19.62,-0.11089319735765457,0.15306155383586884,4.809126377105713,0.2890338897705078,-7.613458308242116e-09,-3.086726207968127e-09,1.0872455504795653e-06,2.2405590698326705e-06,8.98178041097708e-05,1.0121325431100558e-06,-2.3980806673762345e-08,3.042426044430613e-07,0.0,0.0,5.0,0.26862218895624546,-2.384185791015625e-07,9.5367431640625e-07,3.5762786865234375e-07,2.384185791015625e-07,0.00968860276043415,8.981566034723073,False,False
982,19.64,-0.11089319735765457,0.15306155383586884,4.809126377105713,0.2890338897705078,-3.3911919938844903e-09,1.1391904086721638e-09,1.086094016500283e-06,2.239931973235798e-06,8.97780482773669e-05,-5.895432195757166e-07,4.462054903342505e-07,2.174429454271376e-07,0.0,0.0,5.0,0.26862218895624546,5.960464477539062e-07,-1.7881393432617188e-07,2.384185791015625e-07,1.1920928955078125e-07,0.00968860276043415,8.991254637483507,False,False
983,19.66,-0.11089319735765457,0.15306155383586884,4.809126377105713,0.2890338897705078,6.467803626009072e-09,2.33765451440604e-09,1.086212478185189e-06,2.240062713099178e-06,8.971215720521286e-05,7.09387904862524e-07,5.396896085585468e-07,3.2740291544541833e-07,0.0,0.0,5.0,0.26862218895624546,2.384185791015625e-07,9.5367431640625e-07,2.384185791015625e-07,-1.1920928955078125e-07,0.00968860276043415,9.000943240243942,False,False
984,19.68,-0.11089319735765457,0.15306155383586884,4.809126377105713,0.2890338897705078,4.170556344718079e-09,3.434387885192791e-09,1.0879213050429826e-06,2.239554305560887e-06,8.964626613305882e-05,-5.997148377900885e-07,-7.694131340940658e-07,3.4194960107925e-07,0.0,0.0,5.0,0.26862218895624546,3.5762786865234375e-07,0.0,2.384185791015625e-07,1.0728836059570312e-06,0.00968860276043415,9.010631843004376,False,False
985,19.7,-0.11089319735765457,0.15306155383586884,4.809126377105713,0.2890338897705078,-1.7330287205297168e-09,6.575336719549796e-09,1.0880573881877353e-06,2.239118430225062e-06,8.972403156803921e-05,9.138090035776258e-07,1.7905736626744329e-07,2.61761044839659e-07,0.0,0.0,5.0,0.26862218895624546,-5.960464477539063e-08,9.5367431640625e-07,3.5762786865234375e-07,1.1920928955078125e-07,0.00968860276043415,9.02032044576481,False,False
986,19.72,-0.11089319735765457,0.15306155383586884,4.809126377105713,0.2890338897705078,-9.840593895305005e-10,1.599214272118843e-08,1.0885597703236272e-06,2.236781256215181e-06,8.974958473118022e-05,2.7867375962387086e-08,-1.041608044261011e-07,2.385298216722731e-07,0.0,0.0,5.0,0.26862218895624546,3.5762786865234375e-07,2.384185791015625e-07,3.5762786865234375e-07,1.1920928955078125e-07,0.00968860276043415,9.030009048525244,False,False
987,19.740000000000002,-0.11089319735765457,0.15306155383586884,4.809126377105713,0.2890338897705078,-2.885848449096784e-09,1.63542228648339e-08,1.0891176316363271e-06,2.2336348592943978e-06,8.974900265457109e-05,8.340736101786206e-09,-8.601723777701409e-08,2.8794835316148237e-07,0.0,0.0,5.0,0.26862218895624546,4.76837158203125e-07,4.76837158203125e-07,3.5762786865234375e-07,2.384185791015625e-07,0.00968860276043415,9.039697651285678,False,False
988,19.76,-0.11089319735765457,0.15306155383586884,4.809126377105713,0.2890338897705078,-7.438396121273172e-09,1.368884117169955e-08,1.089162992684578e-06,2.2304445792542538e-06,8.97745558177121e-05,-2.7487746478982444e-07,-3.692354368922679e-07,3.131504513476102e-07,0.0,0.0,5.0,0.26862218895624546,4.76837158203125e-07,2.384185791015625e-07,3.5762786865234375e-07,5.960464477539062e-07,0.00968860276043415,9.049386254046112,False,False
989,19.78,-0.11089319735765457,0.15306155383586884,4.809126377105713,0.2890338897705078,-8.845492338593886e-09,1.3792204711648992e-08,1.0881805110329879e-06,2.227529421361396e-06,8.982624422060326e-05,2.852140994491492e-07,2.2852637471260095e-07,3.129735546281154e-07,0.0,0.0,5.0,0.26862218895624546,2.384185791015625e-07,7.152557373046875e-07,3.5762786865234375e-07,2.384185791015625e-07,0.00968860276043415,9.059074856806546,False,False
990,19.8,-0.11089319735765457,0.15306155383586884,4.809126377105713,0.2890338897705078,-7.107139321504974e-09,1.063706012160992e-08,1.0875226053030929e-06,2.2244958017836325e-06,8.985179738374427e-05,-6.007275601405127e-07,-5.4691792428229746e-08,2.897423314607295e-07,0.0,0.0,5.0,0.26862218895624546,3.5762786865234375e-07,-1.7881393432617188e-07,2.384185791015625e-07,3.5762786865234375e-07,0.00968860276043415,9.06876345956698,False,False
991,19.82,-0.11089319735765457,0.15306155383586884,4.809126377105713,0.2890338897705078,-1.3543991483899731e-09,1.1496303464753055e-08,1.0869457582884934e-06,2.2225021893973462e-06,8.978590631159022e-05,6.866509352221328e-07,6.299631536421657e-07,3.506880261738843e-07,0.0,0.0,5.0,0.26862218895624546,2.384185791015625e-07,1.0728836059570312e-06,3.5762786865234375e-07,-5.960464477539063e-08,0.00968860276043415,9.078452062327415,False,False
992,19.84,-0.11089319735765457,0.15306155383586884,4.809126377105713,0.2890338897705078,1.6320569340422253e-09,9.965964054003962e-09,1.0879788305828697e-06,2.220080659753876e-06,8.987676847027615e-05,-8.396845601055247e-07,-3.3131891541415825e-07,2.699426318031328e-07,0.0,0.0,5.0,0.26862218895624546,4.76837158203125e-07,-4.172325134277344e-07,2.384185791015625e-07,4.76837158203125e-07,0.00968860276043415,9.088140665087849,False,False
993,19.86,-0.11089319735765457,0.15306155383586884,4.809126377105713,0.2890338897705078,-1.1614029737927467e-09,2.6557043231179023e-09,1.0882291689995327e-06,2.219088173660566e-06,8.985005115391687e-05,1.0866197897030361e-07,5.197421870661856e-08,3.0061761435717926e-07,0.0,0.0,5.0,0.26862218895624546,1.1920928955078125e-07,3.5762786865234375e-07,2.384185791015625e-07,2.384185791015625e-07,0.00968860276043415,9.097829267848283,False,False
994,19.88,-0.11089319735765457,0.15306155383586884,4.809126377105713,0.2890338897705078,-2.9541085133644174e-09,1.6200535357668855e-09,1.0881032039833372e-06,2.2184922272572294e-06,8.982333383755758e-05,-2.1222641066742653e-07,-2.3124395909235318e-07,2.7738639118979336e-07,0.0,0.0,5.0,0.26862218895624546,2.384185791015625e-07,-5.960464477539063e-08,3.5762786865234375e-07,3.5762786865234375e-07,0.00968860276043415,9.107517870608717,False,False
995,19.900000000000002,-0.11089319735765457,0.15306155383586884,4.809126377105713,0.2890338897705078,-1.4858362318292961e-09,-2.9352851260711077e-09,1.0874625786527758e-06,2.218367853856762e-06,8.982275176094845e-05,-2.4330566361641104e-07,3.7807049579896557e-07,2.777906615847314e-07,0.0,0.0,5.0,0.26862218895624546,3.5762786865234375e-07,1.1920928955078125e-07,2.384185791015625e-07,2.384185791015625e-07,0.00968860276043415,9.117206473369151,False,False
996,19.92,-0.11089319735765457,0.15306155383586884,4.809126377105713,0.2890338897705078,3.2434130936564998e-09,-4.983050416740298e-09,1.0874194913412794e-06,2.2192341475602007e-06,8.979603444458917e-05,3.85294534055447e-08,9.485229668371176e-08,3.0299275977085927e-07,0.0,0.0,5.0,0.26862218895624546,1.1920928955078125e-07,2.384185791015625e-07,2.384185791015625e-07,3.5762786865234375e-07,0.00968860276043415,9.126895076129586,False,False
997,19.94,-0.11089319735765457,0.15306155383586884,4.809126377105713,0.2890338897705078,8.220008673731627e-09,-1.5096162098160448e-09,1.0881254866035306e-06,2.2202436866791686e-06,8.976931712822989e-05,3.0881196266818733e-07,4.0280494317812554e-07,2.7918036948904046e-07,0.0,0.0,5.0,0.26862218895624546,2.384185791015625e-07,5.960464477539062e-07,2.384185791015625e-07,0.0,0.00968860276043415,9.13658367889002,False,False
998,19.96,-0.11089319735765457,0.15306155383586884,4.809126377105713,0.2890338897705078,1.0430318830856322e-08,-1.1791718712572674e-09,1.0900108691203059e-06,2.2208878363016993e-06,8.976873505162075e-05,-2.7576797378969786e-07,-1.8177499327975966e-07,2.3173271301857312e-07,0.0,0.0,5.0,0.26862218895624546,3.5762786865234375e-07,-1.1920928955078125e-07,3.5762786865234375e-07,1.1920928955078125e-07,0.00968860276043415,9.146272281650454,False,False
999,19.98,-0.11089319735765457,0.15306155383586884,4.809126377105713,0.2890338897705078,1.3756908501250109e-08,6.442582023424848e-10,1.0919426358668716e-06,2.221786871814402e-06,8.97028439794667e-05,4.5810975279891863e-07,5.144324290995428e-07,3.447196945671749e-07,0.0,0.0,5.0,0.26862218895624546,4.76837158203125e-07,9.5367431640625e-07,2.384185791015625e-07,-1.1920928955078125e-07,0.00968860276043415,9.155960884410888,False,True
